0 verbose cli /usr/local/bin/node /usr/local/bin/npm
1 info using npm@11.11.0
2 info using node@v24.14.1
3 silly config load:file:/usr/local/lib/node_modules/npm/npmrc
4 silly config load:file:/Users/leonvesterlund/Documents/GitHub/sports-injury-indicator/frontendUpdatedSoccer2/.npmrc
5 silly config load:file:/Users/leonvesterlund/.npmrc
6 silly config load:file:/Users/leonvesterlund/Documents/GitHub/sports-injury-indicator/frontendUpdatedSoccer2/etc/npmrc
7 verbose title npm install
8 verbose argv "install" "--prefix" "frontendUpdatedSoccer2" "--cache" "/Users/leonvesterlund/Documents/GitHub/sports-injury-indicator/.npm-cache"
9 verbose logfile logs-max:10 dir:/Users/leonvesterlund/Documents/GitHub/sports-injury-indicator/.npm-cache/_logs/2026-04-29T13_13_15_619Z-
10 verbose logfile /Users/leonvesterlund/Documents/GitHub/sports-injury-indicator/.npm-cache/_logs/2026-04-29T13_13_15_619Z-debug-0.log
11 silly logfile done cleaning log files
12 silly packumentCache heap:4496293888 maxSize:1124073472 maxEntrySize:562036736
13 silly idealTree buildDeps
14 silly reify moves {}
15 silly audit bulk request {
15 silly audit   '@babel/code-frame': [ '7.29.0' ],
15 silly audit   '@babel/compat-data': [ '7.29.0' ],
15 silly audit   '@babel/core': [ '7.29.0' ],
15 silly audit   'convert-source-map': [ '2.0.0', '1.9.0' ],
15 silly audit   '@babel/generator': [ '7.29.1' ],
15 silly audit   '@babel/helper-compilation-targets': [ '7.28.6' ],
15 silly audit   '@babel/helper-globals': [ '7.28.0' ],
15 silly audit   '@babel/helper-module-imports': [ '7.28.6' ],
15 silly audit   '@babel/helper-module-transforms': [ '7.28.6' ],
15 silly audit   '@babel/helper-plugin-utils': [ '7.28.6' ],
15 silly audit   '@babel/helper-string-parser': [ '7.27.1' ],
15 silly audit   '@babel/helper-validator-identifier': [ '7.28.5' ],
15 silly audit   '@babel/helper-validator-option': [ '7.27.1' ],
15 silly audit   '@babel/helpers': [ '7.29.2' ],
15 silly audit   '@babel/parser': [ '7.29.2' ],
15 silly audit   '@babel/plugin-transform-react-jsx-self': [ '7.27.1' ],
15 silly audit   '@babel/plugin-transform-react-jsx-source': [ '7.27.1' ],
15 silly audit   '@babel/runtime': [ '7.29.2' ],
15 silly audit   '@babel/template': [ '7.28.6' ],
15 silly audit   '@babel/traverse': [ '7.29.0' ],
15 silly audit   '@babel/types': [ '7.29.0' ],
15 silly audit   '@emotion/babel-plugin': [ '11.13.5' ],
15 silly audit   '@emotion/cache': [ '11.14.0' ],
15 silly audit   '@emotion/hash': [ '0.9.2' ],
15 silly audit   '@emotion/is-prop-valid': [ '1.4.0' ],
15 silly audit   '@emotion/memoize': [ '0.9.0' ],
15 silly audit   '@emotion/react': [ '11.14.0' ],
15 silly audit   '@emotion/serialize': [ '1.3.3' ],
15 silly audit   '@emotion/sheet': [ '1.4.0' ],
15 silly audit   '@emotion/styled': [ '11.14.1' ],
15 silly audit   '@emotion/unitless': [ '0.10.0' ],
15 silly audit   '@emotion/use-insertion-effect-with-fallbacks': [ '1.2.0' ],
15 silly audit   '@emotion/utils': [ '1.4.2' ],
15 silly audit   '@emotion/weak-memoize': [ '0.4.0' ],
15 silly audit   '@esbuild/aix-ppc64': [ '0.25.12' ],
15 silly audit   '@esbuild/android-arm': [ '0.25.12' ],
15 silly audit   '@esbuild/android-arm64': [ '0.25.12' ],
15 silly audit   '@esbuild/android-x64': [ '0.25.12' ],
15 silly audit   '@esbuild/darwin-arm64': [ '0.25.12' ],
15 silly audit   '@esbuild/darwin-x64': [ '0.25.12' ],
15 silly audit   '@esbuild/freebsd-arm64': [ '0.25.12' ],
15 silly audit   '@esbuild/freebsd-x64': [ '0.25.12' ],
15 silly audit   '@esbuild/linux-arm': [ '0.25.12' ],
15 silly audit   '@esbuild/linux-arm64': [ '0.25.12' ],
15 silly audit   '@esbuild/linux-ia32': [ '0.25.12' ],
15 silly audit   '@esbuild/linux-loong64': [ '0.25.12' ],
15 silly audit   '@esbuild/linux-mips64el': [ '0.25.12' ],
15 silly audit   '@esbuild/linux-ppc64': [ '0.25.12' ],
15 silly audit   '@esbuild/linux-riscv64': [ '0.25.12' ],
15 silly audit   '@esbuild/linux-s390x': [ '0.25.12' ],
15 silly audit   '@esbuild/linux-x64': [ '0.25.12' ],
15 silly audit   '@esbuild/netbsd-arm64': [ '0.25.12' ],
15 silly audit   '@esbuild/netbsd-x64': [ '0.25.12' ],
15 silly audit   '@esbuild/openbsd-arm64': [ '0.25.12' ],
15 silly audit   '@esbuild/openbsd-x64': [ '0.25.12' ],
15 silly audit   '@esbuild/openharmony-arm64': [ '0.25.12' ],
15 silly audit   '@esbuild/sunos-x64': [ '0.25.12' ],
15 silly audit   '@esbuild/win32-arm64': [ '0.25.12' ],
15 silly audit   '@esbuild/win32-ia32': [ '0.25.12' ],
15 silly audit   '@esbuild/win32-x64': [ '0.25.12' ],
15 silly audit   '@floating-ui/core': [ '1.7.5' ],
15 silly audit   '@floating-ui/dom': [ '1.7.6' ],
15 silly audit   '@floating-ui/react-dom': [ '2.1.8' ],
15 silly audit   '@floating-ui/utils': [ '0.2.11' ],
15 silly audit   '@isaacs/fs-minipass': [ '4.0.1' ],
15 silly audit   '@jridgewell/gen-mapping': [ '0.3.13' ],
15 silly audit   '@jridgewell/remapping': [ '2.3.5' ],
15 silly audit   '@jridgewell/resolve-uri': [ '3.1.2' ],
15 silly audit   '@jridgewell/sourcemap-codec': [ '1.5.5' ],
15 silly audit   '@jridgewell/trace-mapping': [ '0.3.31' ],
15 silly audit   '@mui/core-downloads-tracker': [ '7.3.10' ],
15 silly audit   '@mui/icons-material': [ '7.3.5' ],
15 silly audit   '@mui/material': [ '7.3.5' ],
15 silly audit   '@mui/private-theming': [ '7.3.10' ],
15 silly audit   '@mui/styled-engine': [ '7.3.10' ],
15 silly audit   '@mui/system': [ '7.3.10' ],
15 silly audit   '@mui/types': [ '7.4.12' ],
15 silly audit   '@mui/utils': [ '7.3.10' ],
15 silly audit   '@popperjs/core': [ '2.11.8' ],
15 silly audit   '@radix-ui/number': [ '1.1.0' ],
15 silly audit   '@radix-ui/primitive': [ '1.1.1' ],
15 silly audit   '@radix-ui/react-accordion': [ '1.2.3' ],
15 silly audit   '@radix-ui/react-alert-dialog': [ '1.1.6' ],
15 silly audit   '@radix-ui/react-arrow': [ '1.1.2' ],
15 silly audit   '@radix-ui/react-aspect-ratio': [ '1.1.2' ],
15 silly audit   '@radix-ui/react-avatar': [ '1.1.3' ],
15 silly audit   '@radix-ui/react-checkbox': [ '1.1.4' ],
15 silly audit   '@radix-ui/react-collapsible': [ '1.1.3' ],
15 silly audit   '@radix-ui/react-collection': [ '1.1.2' ],
15 silly audit   '@radix-ui/react-compose-refs': [ '1.1.1' ],
15 silly audit   '@radix-ui/react-context': [ '1.1.1' ],
15 silly audit   '@radix-ui/react-context-menu': [ '2.2.6' ],
15 silly audit   '@radix-ui/react-dialog': [ '1.1.6' ],
15 silly audit   '@radix-ui/react-direction': [ '1.1.0' ],
15 silly audit   '@radix-ui/react-dismissable-layer': [ '1.1.5' ],
15 silly audit   '@radix-ui/react-dropdown-menu': [ '2.1.6' ],
15 silly audit   '@radix-ui/react-focus-guards': [ '1.1.1' ],
15 silly audit   '@radix-ui/react-focus-scope': [ '1.1.2' ],
15 silly audit   '@radix-ui/react-hover-card': [ '1.1.6' ],
15 silly audit   '@radix-ui/react-id': [ '1.1.0' ],
15 silly audit   '@radix-ui/react-label': [ '2.1.2' ],
15 silly audit   '@radix-ui/react-menu': [ '2.1.6' ],
15 silly audit   '@radix-ui/react-menubar': [ '1.1.6' ],
15 silly audit   '@radix-ui/react-navigation-menu': [ '1.2.5' ],
15 silly audit   '@radix-ui/react-popover': [ '1.1.6' ],
15 silly audit   '@radix-ui/react-popper': [ '1.2.2' ],
15 silly audit   '@radix-ui/react-portal': [ '1.1.4' ],
15 silly audit   '@radix-ui/react-presence': [ '1.1.2' ],
15 silly audit   '@radix-ui/react-primitive': [ '2.0.2' ],
15 silly audit   '@radix-ui/react-progress': [ '1.1.2' ],
15 silly audit   '@radix-ui/react-radio-group': [ '1.2.3' ],
15 silly audit   '@radix-ui/react-roving-focus': [ '1.1.2' ],
15 silly audit   '@radix-ui/react-scroll-area': [ '1.2.3' ],
15 silly audit   '@radix-ui/react-select': [ '2.1.6' ],
15 silly audit   '@radix-ui/react-separator': [ '1.1.2' ],
15 silly audit   '@radix-ui/react-slider': [ '1.2.3' ],
15 silly audit   '@radix-ui/react-slot': [ '1.1.2' ],
15 silly audit   '@radix-ui/react-switch': [ '1.1.3' ],
15 silly audit   '@radix-ui/react-tabs': [ '1.1.3' ],
15 silly audit   '@radix-ui/react-toggle': [ '1.1.2' ],
15 silly audit   '@radix-ui/react-toggle-group': [ '1.1.2' ],
15 silly audit   '@radix-ui/react-tooltip': [ '1.1.8' ],
15 silly audit   '@radix-ui/react-use-callback-ref': [ '1.1.0' ],
15 silly audit   '@radix-ui/react-use-controllable-state': [ '1.1.0' ],
15 silly audit   '@radix-ui/react-use-escape-keydown': [ '1.1.0' ],
15 silly audit   '@radix-ui/react-use-layout-effect': [ '1.1.0' ],
15 silly audit   '@radix-ui/react-use-previous': [ '1.1.0' ],
15 silly audit   '@radix-ui/react-use-rect': [ '1.1.0' ],
15 silly audit   '@radix-ui/react-use-size': [ '1.1.0' ],
15 silly audit   '@radix-ui/react-visually-hidden': [ '1.1.2' ],
15 silly audit   '@radix-ui/rect': [ '1.1.0' ],
15 silly audit   '@react-dnd/asap': [ '5.0.2' ],
15 silly audit   '@react-dnd/invariant': [ '4.0.2' ],
15 silly audit   '@react-dnd/shallowequal': [ '4.0.2' ],
15 silly audit   '@rolldown/pluginutils': [ '1.0.0-beta.27' ],
15 silly audit   '@rollup/rollup-android-arm-eabi': [ '4.60.2' ],
15 silly audit   '@rollup/rollup-android-arm64': [ '4.60.2' ],
15 silly audit   '@rollup/rollup-darwin-arm64': [ '4.60.2' ],
15 silly audit   '@rollup/rollup-darwin-x64': [ '4.60.2' ],
15 silly audit   '@rollup/rollup-freebsd-arm64': [ '4.60.2' ],
15 silly audit   '@rollup/rollup-freebsd-x64': [ '4.60.2' ],
15 silly audit   '@rollup/rollup-linux-arm-gnueabihf': [ '4.60.2' ],
15 silly audit   '@rollup/rollup-linux-arm-musleabihf': [ '4.60.2' ],
15 silly audit   '@rollup/rollup-linux-arm64-gnu': [ '4.60.2' ],
15 silly audit   '@rollup/rollup-linux-arm64-musl': [ '4.60.2' ],
15 silly audit   '@rollup/rollup-linux-loong64-gnu': [ '4.60.2' ],
15 silly audit   '@rollup/rollup-linux-loong64-musl': [ '4.60.2' ],
15 silly audit   '@rollup/rollup-linux-ppc64-gnu': [ '4.60.2' ],
15 silly audit   '@rollup/rollup-linux-ppc64-musl': [ '4.60.2' ],
15 silly audit   '@rollup/rollup-linux-riscv64-gnu': [ '4.60.2' ],
15 silly audit   '@rollup/rollup-linux-riscv64-musl': [ '4.60.2' ],
15 silly audit   '@rollup/rollup-linux-s390x-gnu': [ '4.60.2' ],
15 silly audit   '@rollup/rollup-linux-x64-gnu': [ '4.60.2' ],
15 silly audit   '@rollup/rollup-linux-x64-musl': [ '4.60.2' ],
15 silly audit   '@rollup/rollup-openbsd-x64': [ '4.60.2' ],
15 silly audit   '@rollup/rollup-openharmony-arm64': [ '4.60.2' ],
15 silly audit   '@rollup/rollup-win32-arm64-msvc': [ '4.60.2' ],
15 silly audit   '@rollup/rollup-win32-ia32-msvc': [ '4.60.2' ],
15 silly audit   '@rollup/rollup-win32-x64-gnu': [ '4.60.2' ],
15 silly audit   '@rollup/rollup-win32-x64-msvc': [ '4.60.2' ],
15 silly audit   '@tailwindcss/node': [ '4.1.12' ],
15 silly audit   '@tailwindcss/oxide': [ '4.1.12' ],
15 silly audit   '@tailwindcss/oxide-android-arm64': [ '4.1.12' ],
15 silly audit   '@tailwindcss/oxide-darwin-arm64': [ '4.1.12' ],
15 silly audit   '@tailwindcss/oxide-darwin-x64': [ '4.1.12' ],
15 silly audit   '@tailwindcss/oxide-freebsd-x64': [ '4.1.12' ],
15 silly audit   '@tailwindcss/oxide-linux-arm-gnueabihf': [ '4.1.12' ],
15 silly audit   '@tailwindcss/oxide-linux-arm64-gnu': [ '4.1.12' ],
15 silly audit   '@tailwindcss/oxide-linux-arm64-musl': [ '4.1.12' ],
15 silly audit   '@tailwindcss/oxide-linux-x64-gnu': [ '4.1.12' ],
15 silly audit   '@tailwindcss/oxide-linux-x64-musl': [ '4.1.12' ],
15 silly audit   '@tailwindcss/oxide-wasm32-wasi': [ '4.1.12' ],
15 silly audit   '@tailwindcss/oxide-win32-arm64-msvc': [ '4.1.12' ],
15 silly audit   '@tailwindcss/oxide-win32-x64-msvc': [ '4.1.12' ],
15 silly audit   '@tailwindcss/vite': [ '4.1.12' ],
15 silly audit   '@types/babel__core': [ '7.20.5' ],
15 silly audit   '@types/babel__generator': [ '7.27.0' ],
15 silly audit   '@types/babel__template': [ '7.4.4' ],
15 silly audit   '@types/babel__traverse': [ '7.28.0' ],
15 silly audit   '@types/d3-array': [ '3.2.2' ],
15 silly audit   '@types/d3-color': [ '3.1.3' ],
15 silly audit   '@types/d3-ease': [ '3.0.2' ],
15 silly audit   '@types/d3-interpolate': [ '3.0.4' ],
15 silly audit   '@types/d3-path': [ '3.1.1' ],
15 silly audit   '@types/d3-scale': [ '4.0.9' ],
15 silly audit   '@types/d3-shape': [ '3.1.8' ],
15 silly audit   '@types/d3-time': [ '3.0.4' ],
15 silly audit   '@types/d3-timer': [ '3.0.2' ],
15 silly audit   '@types/estree': [ '1.0.8' ],
15 silly audit   '@types/parse-json': [ '4.0.2' ],
15 silly audit   '@types/prop-types': [ '15.7.15' ],
15 silly audit   '@types/react': [ '19.2.14' ],
15 silly audit   '@types/react-transition-group': [ '4.4.12' ],
15 silly audit   '@vitejs/plugin-react': [ '4.7.0' ],
15 silly audit   'aria-hidden': [ '1.2.6' ],
15 silly audit   'babel-plugin-macros': [ '3.1.0' ],
15 silly audit   'baseline-browser-mapping': [ '2.10.20' ],
15 silly audit   browserslist: [ '4.28.2' ],
15 silly audit   callsites: [ '3.1.0' ],
15 silly audit   'caniuse-lite': [ '1.0.30001790' ],
15 silly audit   'canvas-confetti': [ '1.9.4' ],
15 silly audit   chownr: [ '3.0.0' ],
15 silly audit   'class-variance-authority': [ '0.7.1' ],
15 silly audit   classnames: [ '2.5.1' ],
15 silly audit   clsx: [ '2.1.1' ],
15 silly audit   cmdk: [ '1.1.1' ],
15 silly audit   cookie: [ '1.1.1' ],
15 silly audit   cosmiconfig: [ '7.1.0' ],
15 silly audit   yaml: [ '1.10.3' ],
15 silly audit   csstype: [ '3.2.3' ],
15 silly audit   'd3-array': [ '3.2.4' ],
15 silly audit   'd3-color': [ '3.1.0' ],
15 silly audit   'd3-ease': [ '3.0.1' ],
15 silly audit   'd3-format': [ '3.1.2' ],
15 silly audit   'd3-interpolate': [ '3.0.1' ],
15 silly audit   'd3-path': [ '3.1.0' ],
15 silly audit   'd3-scale': [ '4.0.2' ],
15 silly audit   'd3-shape': [ '3.2.0' ],
15 silly audit   'd3-time': [ '3.1.0' ],
15 silly audit   'd3-time-format': [ '4.1.0' ],
15 silly audit   'd3-timer': [ '3.0.1' ],
15 silly audit   'date-fns': [ '3.6.0' ],
15 silly audit   debug: [ '4.4.3' ],
15 silly audit   'decimal.js-light': [ '2.5.1' ],
15 silly audit   'detect-libc': [ '2.1.2' ],
15 silly audit   'detect-node-es': [ '1.1.0' ],
15 silly audit   'dnd-core': [ '16.0.1' ],
15 silly audit   'dom-helpers': [ '5.2.1' ],
15 silly audit   'electron-to-chromium': [ '1.5.343' ],
15 silly audit   'embla-carousel': [ '8.6.0' ],
15 silly audit   'embla-carousel-react': [ '8.6.0' ],
15 silly audit   'embla-carousel-reactive-utils': [ '8.6.0' ],
15 silly audit   'enhanced-resolve': [ '5.20.1' ],
15 silly audit   'error-ex': [ '1.3.4' ],
15 silly audit   'es-errors': [ '1.3.0' ],
15 silly audit   esbuild: [ '0.25.12' ],
15 silly audit   escalade: [ '3.2.0' ],
15 silly audit   'escape-string-regexp': [ '4.0.0' ],
15 silly audit   eventemitter3: [ '4.0.7' ],
15 silly audit   'fast-deep-equal': [ '3.1.3' ],
15 silly audit   'fast-equals': [ '5.4.0' ],
15 silly audit   fdir: [ '6.5.0' ],
15 silly audit   'find-root': [ '1.1.0' ],
15 silly audit   'framer-motion': [ '12.38.0' ],
15 silly audit   fsevents: [ '2.3.3' ],
15 silly audit   'function-bind': [ '1.1.2' ],
15 silly audit   gensync: [ '1.0.0-beta.2' ],
15 silly audit   'get-nonce': [ '1.0.1' ],
15 silly audit   'graceful-fs': [ '4.2.11' ],
15 silly audit   hasown: [ '2.0.3' ],
15 silly audit   'hoist-non-react-statics': [ '3.3.2' ],
15 silly audit   'react-is': [ '16.13.1', '19.2.5', '18.3.1' ],
15 silly audit   'import-fresh': [ '3.3.1' ],
15 silly audit   'input-otp': [ '1.4.2' ],
15 silly audit   internmap: [ '2.0.3' ],
15 silly audit   'is-arrayish': [ '0.2.1' ],
15 silly audit   'is-core-module': [ '2.16.1' ],
15 silly audit   jiti: [ '2.6.1' ],
15 silly audit   'js-tokens': [ '4.0.0' ],
15 silly audit   jsesc: [ '3.1.0' ],
15 silly audit   'json-parse-even-better-errors': [ '2.3.1' ],
15 silly audit   json2mq: [ '0.2.0' ],
15 silly audit   json5: [ '2.2.3' ],
15 silly audit   lightningcss: [ '1.30.1' ],
15 silly audit   'lightningcss-darwin-arm64': [ '1.30.1' ],
15 silly audit   'lightningcss-darwin-x64': [ '1.30.1' ],
15 silly audit   'lightningcss-freebsd-x64': [ '1.30.1' ],
15 silly audit   'lightningcss-linux-arm-gnueabihf': [ '1.30.1' ],
15 silly audit   'lightningcss-linux-arm64-gnu': [ '1.30.1' ],
15 silly audit   'lightningcss-linux-arm64-musl': [ '1.30.1' ],
15 silly audit   'lightningcss-linux-x64-gnu': [ '1.30.1' ],
15 silly audit   'lightningcss-linux-x64-musl': [ '1.30.1' ],
15 silly audit   'lightningcss-win32-arm64-msvc': [ '1.30.1' ],
15 silly audit   'lightningcss-win32-x64-msvc': [ '1.30.1' ],
15 silly audit   'lines-and-columns': [ '1.2.4' ],
15 silly audit   lodash: [ '4.18.1' ],
15 silly audit   'lodash.debounce': [ '4.0.8' ],
15 silly audit   'loose-envify': [ '1.4.0' ],
15 silly audit   'lru-cache': [ '5.1.1' ],
15 silly audit   'lucide-react': [ '0.487.0' ],
15 silly audit   'magic-string': [ '0.30.21' ],
15 silly audit   minipass: [ '7.1.3' ],
15 silly audit   minizlib: [ '3.1.0' ],
15 silly audit   motion: [ '12.23.24' ],
15 silly audit   'motion-dom': [ '12.38.0' ],
15 silly audit   'motion-utils': [ '12.36.0' ],
15 silly audit   ms: [ '2.1.3' ],
15 silly audit   nanoid: [ '3.3.11' ],
15 silly audit   'next-themes': [ '0.4.6' ],
15 silly audit   'node-releases': [ '2.0.38' ],
15 silly audit   'object-assign': [ '4.1.1' ],
15 silly audit   'parent-module': [ '1.0.1' ],
15 silly audit   'parse-json': [ '5.2.0' ],
15 silly audit   'path-parse': [ '1.0.7' ],
15 silly audit   'path-type': [ '4.0.0' ],
15 silly audit   picocolors: [ '1.1.1' ],
15 silly audit   picomatch: [ '4.0.4' ],
15 silly audit   postcss: [ '8.5.10' ],
15 silly audit   'prop-types': [ '15.8.1' ],
15 silly audit   react: [ '18.3.1' ],
15 silly audit   'react-day-picker': [ '8.10.1' ],
15 silly audit   'react-dnd': [ '16.0.1' ],
15 silly audit   'react-dnd-html5-backend': [ '16.0.1' ],
15 silly audit   'react-dom': [ '18.3.1' ],
15 silly audit   'react-fast-compare': [ '3.2.2' ],
15 silly audit   'react-hook-form': [ '7.55.0' ],
15 silly audit   'react-popper': [ '2.3.0' ],
15 silly audit   'react-refresh': [ '0.17.0' ],
15 silly audit   'react-remove-scroll': [ '2.7.2' ],
15 silly audit   'react-remove-scroll-bar': [ '2.3.8' ],
15 silly audit   'react-resizable-panels': [ '2.1.7' ],
15 silly audit   'react-responsive-masonry': [ '2.7.1' ],
15 silly audit   'react-router': [ '7.13.0' ],
15 silly audit   'react-slick': [ '0.31.0' ],
15 silly audit   'react-smooth': [ '4.0.4' ],
15 silly audit   'react-style-singleton': [ '2.2.3' ],
15 silly audit   'react-transition-group': [ '4.4.5' ],
15 silly audit   recharts: [ '2.15.2' ],
15 silly audit   'recharts-scale': [ '0.4.5' ],
15 silly audit   redux: [ '4.2.1' ],
15 silly audit   'resize-observer-polyfill': [ '1.5.1' ],
15 silly audit   resolve: [ '1.22.12' ],
15 silly audit   'resolve-from': [ '4.0.0' ],
15 silly audit   rollup: [ '4.60.2' ],
15 silly audit   scheduler: [ '0.23.2' ],
15 silly audit   semver: [ '6.3.1' ],
15 silly audit   'set-cookie-parser': [ '2.7.2' ],
15 silly audit   sonner: [ '2.0.3' ],
15 silly audit   'source-map': [ '0.5.7' ],
15 silly audit   'source-map-js': [ '1.2.1' ],
15 silly audit   'string-convert': [ '0.2.1' ],
15 silly audit   stylis: [ '4.2.0' ],
15 silly audit   'supports-preserve-symlinks-flag': [ '1.0.0' ],
15 silly audit   'tailwind-merge': [ '3.2.0' ],
15 silly audit   tailwindcss: [ '4.1.12' ],
15 silly audit   tapable: [ '2.3.3' ],
15 silly audit   tar: [ '7.5.13' ],
15 silly audit   yallist: [ '5.0.0', '3.1.1' ],
15 silly audit   'tiny-invariant': [ '1.3.3' ],
15 silly audit   tinyglobby: [ '0.2.16' ],
15 silly audit   tslib: [ '2.8.1' ],
15 silly audit   'tw-animate-css': [ '1.3.8' ],
15 silly audit   'update-browserslist-db': [ '1.2.3' ],
15 silly audit   'use-callback-ref': [ '1.3.3' ],
15 silly audit   'use-sidecar': [ '1.1.3' ],
15 silly audit   vaul: [ '1.1.2' ],
15 silly audit   'victory-vendor': [ '36.9.2' ],
15 silly audit   vite: [ '6.3.5' ],
15 silly audit   warning: [ '4.0.3' ]
15 silly audit }
16 http cache yallist@https://registry.npmjs.org/yallist/-/yallist-3.1.1.tgz 1ms (cache hit)
17 http cache warning@https://registry.npmjs.org/warning/-/warning-4.0.3.tgz 0ms (cache hit)
18 http cache vite@https://registry.npmjs.org/vite/-/vite-6.3.5.tgz 0ms (cache hit)
19 http cache vaul@https://registry.npmjs.org/vaul/-/vaul-1.1.2.tgz 0ms (cache hit)
20 http cache use-callback-ref@https://registry.npmjs.org/use-callback-ref/-/use-callback-ref-1.3.3.tgz 0ms (cache hit)
21 http cache victory-vendor@https://registry.npmjs.org/victory-vendor/-/victory-vendor-36.9.2.tgz 0ms (cache hit)
22 http cache tslib@https://registry.npmjs.org/tslib/-/tslib-2.8.1.tgz 0ms (cache hit)
23 http cache update-browserslist-db@https://registry.npmjs.org/update-browserslist-db/-/update-browserslist-db-1.2.3.tgz 0ms (cache hit)
24 http cache tapable@https://registry.npmjs.org/tapable/-/tapable-2.3.3.tgz 1ms (cache hit)
25 http cache tiny-invariant@https://registry.npmjs.org/tiny-invariant/-/tiny-invariant-1.3.3.tgz 0ms (cache hit)
26 http cache tinyglobby@https://registry.npmjs.org/tinyglobby/-/tinyglobby-0.2.16.tgz 0ms (cache hit)
27 http cache tailwindcss@https://registry.npmjs.org/tailwindcss/-/tailwindcss-4.1.12.tgz 0ms (cache hit)
28 http cache tw-animate-css@https://registry.npmjs.org/tw-animate-css/-/tw-animate-css-1.3.8.tgz 0ms (cache hit)
29 http cache tailwind-merge@https://registry.npmjs.org/tailwind-merge/-/tailwind-merge-3.2.0.tgz 0ms (cache hit)
30 http cache tar@https://registry.npmjs.org/tar/-/tar-7.5.13.tgz 0ms (cache hit)
31 http cache supports-preserve-symlinks-flag@https://registry.npmjs.org/supports-preserve-symlinks-flag/-/supports-preserve-symlinks-flag-1.0.0.tgz 0ms (cache hit)
32 http cache stylis@https://registry.npmjs.org/stylis/-/stylis-4.2.0.tgz 0ms (cache hit)
33 http cache use-sidecar@https://registry.npmjs.org/use-sidecar/-/use-sidecar-1.1.3.tgz 0ms (cache hit)
34 http cache string-convert@https://registry.npmjs.org/string-convert/-/string-convert-0.2.1.tgz 0ms (cache hit)
35 http cache source-map@https://registry.npmjs.org/source-map/-/source-map-0.5.7.tgz 0ms (cache hit)
36 http cache source-map-js@https://registry.npmjs.org/source-map-js/-/source-map-js-1.2.1.tgz 0ms (cache hit)
37 http cache sonner@https://registry.npmjs.org/sonner/-/sonner-2.0.3.tgz 0ms (cache hit)
38 http cache semver@https://registry.npmjs.org/semver/-/semver-6.3.1.tgz 0ms (cache hit)
39 http cache scheduler@https://registry.npmjs.org/scheduler/-/scheduler-0.23.2.tgz 0ms (cache hit)
40 http cache rollup@https://registry.npmjs.org/rollup/-/rollup-4.60.2.tgz 0ms (cache hit)
41 http cache resize-observer-polyfill@https://registry.npmjs.org/resize-observer-polyfill/-/resize-observer-polyfill-1.5.1.tgz 0ms (cache hit)
42 http cache resolve-from@https://registry.npmjs.org/resolve-from/-/resolve-from-4.0.0.tgz 0ms (cache hit)
43 http cache resolve@https://registry.npmjs.org/resolve/-/resolve-1.22.12.tgz 0ms (cache hit)
44 http cache redux@https://registry.npmjs.org/redux/-/redux-4.2.1.tgz 0ms (cache hit)
45 http cache recharts-scale@https://registry.npmjs.org/recharts-scale/-/recharts-scale-0.4.5.tgz 0ms (cache hit)
46 http cache recharts@https://registry.npmjs.org/recharts/-/recharts-2.15.2.tgz 0ms (cache hit)
47 http cache react-transition-group@https://registry.npmjs.org/react-transition-group/-/react-transition-group-4.4.5.tgz 0ms (cache hit)
48 http cache react-style-singleton@https://registry.npmjs.org/react-style-singleton/-/react-style-singleton-2.2.3.tgz 0ms (cache hit)
49 http cache react-smooth@https://registry.npmjs.org/react-smooth/-/react-smooth-4.0.4.tgz 0ms (cache hit)
50 http cache react-router@https://registry.npmjs.org/react-router/-/react-router-7.13.0.tgz 0ms (cache hit)
51 http cache react-slick@https://registry.npmjs.org/react-slick/-/react-slick-0.31.0.tgz 0ms (cache hit)
52 http cache react-responsive-masonry@https://registry.npmjs.org/react-responsive-masonry/-/react-responsive-masonry-2.7.1.tgz 0ms (cache hit)
53 http cache react-remove-scroll-bar@https://registry.npmjs.org/react-remove-scroll-bar/-/react-remove-scroll-bar-2.3.8.tgz 0ms (cache hit)
54 http cache react-remove-scroll@https://registry.npmjs.org/react-remove-scroll/-/react-remove-scroll-2.7.2.tgz 0ms (cache hit)
55 http cache react-resizable-panels@https://registry.npmjs.org/react-resizable-panels/-/react-resizable-panels-2.1.7.tgz 0ms (cache hit)
56 http cache react-refresh@https://registry.npmjs.org/react-refresh/-/react-refresh-0.17.0.tgz 0ms (cache hit)
57 http cache react-popper@https://registry.npmjs.org/react-popper/-/react-popper-2.3.0.tgz 0ms (cache hit)
58 http cache react-is@https://registry.npmjs.org/react-is/-/react-is-19.2.5.tgz 0ms (cache hit)
59 http cache set-cookie-parser@https://registry.npmjs.org/set-cookie-parser/-/set-cookie-parser-2.7.2.tgz 0ms (cache hit)
60 http cache react-hook-form@https://registry.npmjs.org/react-hook-form/-/react-hook-form-7.55.0.tgz 0ms (cache hit)
61 http cache react-dom@https://registry.npmjs.org/react-dom/-/react-dom-18.3.1.tgz 0ms (cache hit)
62 http cache react-fast-compare@https://registry.npmjs.org/react-fast-compare/-/react-fast-compare-3.2.2.tgz 0ms (cache hit)
63 http cache react-dnd-html5-backend@https://registry.npmjs.org/react-dnd-html5-backend/-/react-dnd-html5-backend-16.0.1.tgz 0ms (cache hit)
64 http cache react-dnd@https://registry.npmjs.org/react-dnd/-/react-dnd-16.0.1.tgz 0ms (cache hit)
65 http cache react-day-picker@https://registry.npmjs.org/react-day-picker/-/react-day-picker-8.10.1.tgz 0ms (cache hit)
66 http cache react@https://registry.npmjs.org/react/-/react-18.3.1.tgz 0ms (cache hit)
67 http cache prop-types@https://registry.npmjs.org/prop-types/-/prop-types-15.8.1.tgz 0ms (cache hit)
68 http cache picocolors@https://registry.npmjs.org/picocolors/-/picocolors-1.1.1.tgz 0ms (cache hit)
69 http cache path-type@https://registry.npmjs.org/path-type/-/path-type-4.0.0.tgz 0ms (cache hit)
70 http cache picomatch@https://registry.npmjs.org/picomatch/-/picomatch-4.0.4.tgz 0ms (cache hit)
71 http cache path-parse@https://registry.npmjs.org/path-parse/-/path-parse-1.0.7.tgz 0ms (cache hit)
72 http cache parse-json@https://registry.npmjs.org/parse-json/-/parse-json-5.2.0.tgz 0ms (cache hit)
73 http cache node-releases@https://registry.npmjs.org/node-releases/-/node-releases-2.0.38.tgz 0ms (cache hit)
74 http cache parent-module@https://registry.npmjs.org/parent-module/-/parent-module-1.0.1.tgz 0ms (cache hit)
75 http cache nanoid@https://registry.npmjs.org/nanoid/-/nanoid-3.3.11.tgz 0ms (cache hit)
76 http cache ms@https://registry.npmjs.org/ms/-/ms-2.1.3.tgz 0ms (cache hit)
77 http cache motion-utils@https://registry.npmjs.org/motion-utils/-/motion-utils-12.36.0.tgz 0ms (cache hit)
78 http cache minizlib@https://registry.npmjs.org/minizlib/-/minizlib-3.1.0.tgz 0ms (cache hit)
79 http cache object-assign@https://registry.npmjs.org/object-assign/-/object-assign-4.1.1.tgz 0ms (cache hit)
80 http cache motion-dom@https://registry.npmjs.org/motion-dom/-/motion-dom-12.38.0.tgz 0ms (cache hit)
81 http cache next-themes@https://registry.npmjs.org/next-themes/-/next-themes-0.4.6.tgz 0ms (cache hit)
82 http cache motion@https://registry.npmjs.org/motion/-/motion-12.23.24.tgz 0ms (cache hit)
83 http cache minipass@https://registry.npmjs.org/minipass/-/minipass-7.1.3.tgz 0ms (cache hit)
84 http cache lucide-react@https://registry.npmjs.org/lucide-react/-/lucide-react-0.487.0.tgz 0ms (cache hit)
85 http cache loose-envify@https://registry.npmjs.org/loose-envify/-/loose-envify-1.4.0.tgz 0ms (cache hit)
86 http cache magic-string@https://registry.npmjs.org/magic-string/-/magic-string-0.30.21.tgz 0ms (cache hit)
87 http cache lodash.debounce@https://registry.npmjs.org/lodash.debounce/-/lodash.debounce-4.0.8.tgz 0ms (cache hit)
88 http cache postcss@https://registry.npmjs.org/postcss/-/postcss-8.5.10.tgz 0ms (cache hit)
89 http cache lodash@https://registry.npmjs.org/lodash/-/lodash-4.18.1.tgz 0ms (cache hit)
90 http cache lines-and-columns@https://registry.npmjs.org/lines-and-columns/-/lines-and-columns-1.2.4.tgz 0ms (cache hit)
91 http cache lightningcss@https://registry.npmjs.org/lightningcss/-/lightningcss-1.30.1.tgz 0ms (cache hit)
92 http cache lightningcss-darwin-arm64@https://registry.npmjs.org/lightningcss-darwin-arm64/-/lightningcss-darwin-arm64-1.30.1.tgz 0ms (cache hit)
93 http cache lru-cache@https://registry.npmjs.org/lru-cache/-/lru-cache-5.1.1.tgz 0ms (cache hit)
94 http cache jsesc@https://registry.npmjs.org/jsesc/-/jsesc-3.1.0.tgz 0ms (cache hit)
95 http cache json-parse-even-better-errors@https://registry.npmjs.org/json-parse-even-better-errors/-/json-parse-even-better-errors-2.3.1.tgz 0ms (cache hit)
96 http cache jiti@https://registry.npmjs.org/jiti/-/jiti-2.6.1.tgz 0ms (cache hit)
97 http cache json2mq@https://registry.npmjs.org/json2mq/-/json2mq-0.2.0.tgz 0ms (cache hit)
98 http cache js-tokens@https://registry.npmjs.org/js-tokens/-/js-tokens-4.0.0.tgz 0ms (cache hit)
99 http cache is-core-module@https://registry.npmjs.org/is-core-module/-/is-core-module-2.16.1.tgz 0ms (cache hit)
100 http cache is-arrayish@https://registry.npmjs.org/is-arrayish/-/is-arrayish-0.2.1.tgz 0ms (cache hit)
101 http cache input-otp@https://registry.npmjs.org/input-otp/-/input-otp-1.4.2.tgz 0ms (cache hit)
102 http cache import-fresh@https://registry.npmjs.org/import-fresh/-/import-fresh-3.3.1.tgz 0ms (cache hit)
103 http cache hoist-non-react-statics@https://registry.npmjs.org/hoist-non-react-statics/-/hoist-non-react-statics-3.3.2.tgz 0ms (cache hit)
104 http cache hasown@https://registry.npmjs.org/hasown/-/hasown-2.0.3.tgz 0ms (cache hit)
105 http cache internmap@https://registry.npmjs.org/internmap/-/internmap-2.0.3.tgz 0ms (cache hit)
106 http cache graceful-fs@https://registry.npmjs.org/graceful-fs/-/graceful-fs-4.2.11.tgz 0ms (cache hit)
107 http cache json5@https://registry.npmjs.org/json5/-/json5-2.2.3.tgz 0ms (cache hit)
108 http cache get-nonce@https://registry.npmjs.org/get-nonce/-/get-nonce-1.0.1.tgz 0ms (cache hit)
109 http cache function-bind@https://registry.npmjs.org/function-bind/-/function-bind-1.1.2.tgz 0ms (cache hit)
110 http cache fsevents@https://registry.npmjs.org/fsevents/-/fsevents-2.3.3.tgz 0ms (cache hit)
111 http cache framer-motion@https://registry.npmjs.org/framer-motion/-/framer-motion-12.38.0.tgz 0ms (cache hit)
112 http cache find-root@https://registry.npmjs.org/find-root/-/find-root-1.1.0.tgz 0ms (cache hit)
113 http cache fdir@https://registry.npmjs.org/fdir/-/fdir-6.5.0.tgz 0ms (cache hit)
114 http cache fast-equals@https://registry.npmjs.org/fast-equals/-/fast-equals-5.4.0.tgz 0ms (cache hit)
115 http cache fast-deep-equal@https://registry.npmjs.org/fast-deep-equal/-/fast-deep-equal-3.1.3.tgz 0ms (cache hit)
116 http cache eventemitter3@https://registry.npmjs.org/eventemitter3/-/eventemitter3-4.0.7.tgz 0ms (cache hit)
117 http cache escape-string-regexp@https://registry.npmjs.org/escape-string-regexp/-/escape-string-regexp-4.0.0.tgz 0ms (cache hit)
118 http cache escalade@https://registry.npmjs.org/escalade/-/escalade-3.2.0.tgz 0ms (cache hit)
119 http cache es-errors@https://registry.npmjs.org/es-errors/-/es-errors-1.3.0.tgz 0ms (cache hit)
120 http cache esbuild@https://registry.npmjs.org/esbuild/-/esbuild-0.25.12.tgz 0ms (cache hit)
121 http cache gensync@https://registry.npmjs.org/gensync/-/gensync-1.0.0-beta.2.tgz 0ms (cache hit)
122 http cache error-ex@https://registry.npmjs.org/error-ex/-/error-ex-1.3.4.tgz 0ms (cache hit)
123 http cache enhanced-resolve@https://registry.npmjs.org/enhanced-resolve/-/enhanced-resolve-5.20.1.tgz 0ms (cache hit)
124 http cache embla-carousel-react@https://registry.npmjs.org/embla-carousel-react/-/embla-carousel-react-8.6.0.tgz 0ms (cache hit)
125 http cache embla-carousel@https://registry.npmjs.org/embla-carousel/-/embla-carousel-8.6.0.tgz 0ms (cache hit)
126 http cache electron-to-chromium@https://registry.npmjs.org/electron-to-chromium/-/electron-to-chromium-1.5.343.tgz 0ms (cache hit)
127 http cache dnd-core@https://registry.npmjs.org/dnd-core/-/dnd-core-16.0.1.tgz 0ms (cache hit)
128 http cache dom-helpers@https://registry.npmjs.org/dom-helpers/-/dom-helpers-5.2.1.tgz 0ms (cache hit)
129 http cache detect-libc@https://registry.npmjs.org/detect-libc/-/detect-libc-2.1.2.tgz 0ms (cache hit)
130 http cache embla-carousel-reactive-utils@https://registry.npmjs.org/embla-carousel-reactive-utils/-/embla-carousel-reactive-utils-8.6.0.tgz 0ms (cache hit)
131 http cache detect-node-es@https://registry.npmjs.org/detect-node-es/-/detect-node-es-1.1.0.tgz 0ms (cache hit)
132 http cache decimal.js-light@https://registry.npmjs.org/decimal.js-light/-/decimal.js-light-2.5.1.tgz 0ms (cache hit)
133 http cache debug@https://registry.npmjs.org/debug/-/debug-4.4.3.tgz 0ms (cache hit)
134 http cache d3-time@https://registry.npmjs.org/d3-time/-/d3-time-3.1.0.tgz 0ms (cache hit)
135 http cache date-fns@https://registry.npmjs.org/date-fns/-/date-fns-3.6.0.tgz 0ms (cache hit)
136 http cache d3-path@https://registry.npmjs.org/d3-path/-/d3-path-3.1.0.tgz 0ms (cache hit)
137 http cache d3-timer@https://registry.npmjs.org/d3-timer/-/d3-timer-3.0.1.tgz 0ms (cache hit)
138 http cache d3-scale@https://registry.npmjs.org/d3-scale/-/d3-scale-4.0.2.tgz 0ms (cache hit)
139 http cache d3-shape@https://registry.npmjs.org/d3-shape/-/d3-shape-3.2.0.tgz 0ms (cache hit)
140 http cache d3-interpolate@https://registry.npmjs.org/d3-interpolate/-/d3-interpolate-3.0.1.tgz 0ms (cache hit)
141 http cache d3-color@https://registry.npmjs.org/d3-color/-/d3-color-3.1.0.tgz 0ms (cache hit)
142 http cache d3-ease@https://registry.npmjs.org/d3-ease/-/d3-ease-3.0.1.tgz 0ms (cache hit)
143 http cache d3-format@https://registry.npmjs.org/d3-format/-/d3-format-3.1.2.tgz 0ms (cache hit)
144 http cache csstype@https://registry.npmjs.org/csstype/-/csstype-3.2.3.tgz 0ms (cache hit)
145 http cache cookie@https://registry.npmjs.org/cookie/-/cookie-1.1.1.tgz 0ms (cache hit)
146 http cache cosmiconfig@https://registry.npmjs.org/cosmiconfig/-/cosmiconfig-7.1.0.tgz 0ms (cache hit)
147 http cache d3-time-format@https://registry.npmjs.org/d3-time-format/-/d3-time-format-4.1.0.tgz 0ms (cache hit)
148 http cache d3-array@https://registry.npmjs.org/d3-array/-/d3-array-3.2.4.tgz 0ms (cache hit)
149 http cache cmdk@https://registry.npmjs.org/cmdk/-/cmdk-1.1.1.tgz 0ms (cache hit)
150 http cache clsx@https://registry.npmjs.org/clsx/-/clsx-2.1.1.tgz 0ms (cache hit)
151 http cache classnames@https://registry.npmjs.org/classnames/-/classnames-2.5.1.tgz 0ms (cache hit)
152 http cache class-variance-authority@https://registry.npmjs.org/class-variance-authority/-/class-variance-authority-0.7.1.tgz 0ms (cache hit)
153 http cache canvas-confetti@https://registry.npmjs.org/canvas-confetti/-/canvas-confetti-1.9.4.tgz 0ms (cache hit)
154 http cache browserslist@https://registry.npmjs.org/browserslist/-/browserslist-4.28.2.tgz 0ms (cache hit)
155 http cache callsites@https://registry.npmjs.org/callsites/-/callsites-3.1.0.tgz 0ms (cache hit)
156 http cache chownr@https://registry.npmjs.org/chownr/-/chownr-3.0.0.tgz 0ms (cache hit)
157 http cache baseline-browser-mapping@https://registry.npmjs.org/baseline-browser-mapping/-/baseline-browser-mapping-2.10.20.tgz 0ms (cache hit)
158 http cache caniuse-lite@https://registry.npmjs.org/caniuse-lite/-/caniuse-lite-1.0.30001790.tgz 0ms (cache hit)
159 http cache @vitejs/plugin-react@https://registry.npmjs.org/@vitejs/plugin-react/-/plugin-react-4.7.0.tgz 0ms (cache hit)
160 http cache babel-plugin-macros@https://registry.npmjs.org/babel-plugin-macros/-/babel-plugin-macros-3.1.0.tgz 0ms (cache hit)
161 http cache convert-source-map@https://registry.npmjs.org/convert-source-map/-/convert-source-map-1.9.0.tgz 0ms (cache hit)
162 http cache @types/react-transition-group@https://registry.npmjs.org/@types/react-transition-group/-/react-transition-group-4.4.12.tgz 0ms (cache hit)
163 http cache @types/prop-types@https://registry.npmjs.org/@types/prop-types/-/prop-types-15.7.15.tgz 0ms (cache hit)
164 http cache @types/parse-json@https://registry.npmjs.org/@types/parse-json/-/parse-json-4.0.2.tgz 0ms (cache hit)
165 http cache @types/d3-time@https://registry.npmjs.org/@types/d3-time/-/d3-time-3.0.4.tgz 0ms (cache hit)
166 http cache aria-hidden@https://registry.npmjs.org/aria-hidden/-/aria-hidden-1.2.6.tgz 0ms (cache hit)
167 http cache @types/d3-shape@https://registry.npmjs.org/@types/d3-shape/-/d3-shape-3.1.8.tgz 0ms (cache hit)
168 http cache @types/d3-timer@https://registry.npmjs.org/@types/d3-timer/-/d3-timer-3.0.2.tgz 0ms (cache hit)
169 http cache @types/estree@https://registry.npmjs.org/@types/estree/-/estree-1.0.8.tgz 0ms (cache hit)
170 http cache @types/d3-path@https://registry.npmjs.org/@types/d3-path/-/d3-path-3.1.1.tgz 0ms (cache hit)
171 http cache @types/react@https://registry.npmjs.org/@types/react/-/react-19.2.14.tgz 0ms (cache hit)
172 http cache @types/d3-scale@https://registry.npmjs.org/@types/d3-scale/-/d3-scale-4.0.9.tgz 0ms (cache hit)
173 http cache @types/d3-interpolate@https://registry.npmjs.org/@types/d3-interpolate/-/d3-interpolate-3.0.4.tgz 0ms (cache hit)
174 http cache @types/d3-color@https://registry.npmjs.org/@types/d3-color/-/d3-color-3.1.3.tgz 0ms (cache hit)
175 http cache @types/babel__template@https://registry.npmjs.org/@types/babel__template/-/babel__template-7.4.4.tgz 0ms (cache hit)
176 http cache @types/d3-array@https://registry.npmjs.org/@types/d3-array/-/d3-array-3.2.2.tgz 0ms (cache hit)
177 http cache @types/d3-ease@https://registry.npmjs.org/@types/d3-ease/-/d3-ease-3.0.2.tgz 0ms (cache hit)
178 http cache @tailwindcss/vite@https://registry.npmjs.org/@tailwindcss/vite/-/vite-4.1.12.tgz 0ms (cache hit)
179 http cache @types/babel__core@https://registry.npmjs.org/@types/babel__core/-/babel__core-7.20.5.tgz 0ms (cache hit)
180 http cache @types/babel__traverse@https://registry.npmjs.org/@types/babel__traverse/-/babel__traverse-7.28.0.tgz 0ms (cache hit)
181 http cache @types/babel__generator@https://registry.npmjs.org/@types/babel__generator/-/babel__generator-7.27.0.tgz 0ms (cache hit)
182 http cache @rollup/rollup-darwin-arm64@https://registry.npmjs.org/@rollup/rollup-darwin-arm64/-/rollup-darwin-arm64-4.60.2.tgz 0ms (cache hit)
183 http cache @tailwindcss/oxide-darwin-arm64@https://registry.npmjs.org/@tailwindcss/oxide-darwin-arm64/-/oxide-darwin-arm64-4.1.12.tgz 0ms (cache hit)
184 http cache @tailwindcss/oxide@https://registry.npmjs.org/@tailwindcss/oxide/-/oxide-4.1.12.tgz 0ms (cache hit)
185 http cache @tailwindcss/node@https://registry.npmjs.org/@tailwindcss/node/-/node-4.1.12.tgz 0ms (cache hit)
186 http cache @rolldown/pluginutils@https://registry.npmjs.org/@rolldown/pluginutils/-/pluginutils-1.0.0-beta.27.tgz 0ms (cache hit)
187 http cache @react-dnd/asap@https://registry.npmjs.org/@react-dnd/asap/-/asap-5.0.2.tgz 0ms (cache hit)
188 http cache @react-dnd/shallowequal@https://registry.npmjs.org/@react-dnd/shallowequal/-/shallowequal-4.0.2.tgz 0ms (cache hit)
189 http cache @react-dnd/invariant@https://registry.npmjs.org/@react-dnd/invariant/-/invariant-4.0.2.tgz 0ms (cache hit)
190 http cache @radix-ui/react-visually-hidden@https://registry.npmjs.org/@radix-ui/react-visually-hidden/-/react-visually-hidden-1.1.2.tgz 0ms (cache hit)
191 http cache @radix-ui/react-use-size@https://registry.npmjs.org/@radix-ui/react-use-size/-/react-use-size-1.1.0.tgz 0ms (cache hit)
192 http cache @radix-ui/react-use-rect@https://registry.npmjs.org/@radix-ui/react-use-rect/-/react-use-rect-1.1.0.tgz 0ms (cache hit)
193 http cache @radix-ui/react-use-previous@https://registry.npmjs.org/@radix-ui/react-use-previous/-/react-use-previous-1.1.0.tgz 0ms (cache hit)
194 http cache @radix-ui/react-use-controllable-state@https://registry.npmjs.org/@radix-ui/react-use-controllable-state/-/react-use-controllable-state-1.1.0.tgz 0ms (cache hit)
195 http cache @radix-ui/react-use-escape-keydown@https://registry.npmjs.org/@radix-ui/react-use-escape-keydown/-/react-use-escape-keydown-1.1.0.tgz 0ms (cache hit)
196 http cache @radix-ui/react-use-layout-effect@https://registry.npmjs.org/@radix-ui/react-use-layout-effect/-/react-use-layout-effect-1.1.0.tgz 0ms (cache hit)
197 http cache @radix-ui/react-tooltip@https://registry.npmjs.org/@radix-ui/react-tooltip/-/react-tooltip-1.1.8.tgz 0ms (cache hit)
198 http cache @radix-ui/rect@https://registry.npmjs.org/@radix-ui/rect/-/rect-1.1.0.tgz 0ms (cache hit)
199 http cache @radix-ui/react-toggle@https://registry.npmjs.org/@radix-ui/react-toggle/-/react-toggle-1.1.2.tgz 0ms (cache hit)
200 http cache @radix-ui/react-tabs@https://registry.npmjs.org/@radix-ui/react-tabs/-/react-tabs-1.1.3.tgz 0ms (cache hit)
201 http cache @radix-ui/react-toggle-group@https://registry.npmjs.org/@radix-ui/react-toggle-group/-/react-toggle-group-1.1.2.tgz 0ms (cache hit)
202 http cache @radix-ui/react-use-callback-ref@https://registry.npmjs.org/@radix-ui/react-use-callback-ref/-/react-use-callback-ref-1.1.0.tgz 0ms (cache hit)
203 http cache @radix-ui/react-slot@https://registry.npmjs.org/@radix-ui/react-slot/-/react-slot-1.1.2.tgz 0ms (cache hit)
204 http cache @radix-ui/react-separator@https://registry.npmjs.org/@radix-ui/react-separator/-/react-separator-1.1.2.tgz 0ms (cache hit)
205 http cache @radix-ui/react-switch@https://registry.npmjs.org/@radix-ui/react-switch/-/react-switch-1.1.3.tgz 0ms (cache hit)
206 http cache @radix-ui/react-scroll-area@https://registry.npmjs.org/@radix-ui/react-scroll-area/-/react-scroll-area-1.2.3.tgz 0ms (cache hit)
207 http cache @radix-ui/react-select@https://registry.npmjs.org/@radix-ui/react-select/-/react-select-2.1.6.tgz 0ms (cache hit)
208 http cache @radix-ui/react-roving-focus@https://registry.npmjs.org/@radix-ui/react-roving-focus/-/react-roving-focus-1.1.2.tgz 0ms (cache hit)
209 http cache @radix-ui/react-radio-group@https://registry.npmjs.org/@radix-ui/react-radio-group/-/react-radio-group-1.2.3.tgz 0ms (cache hit)
210 http cache @radix-ui/react-progress@https://registry.npmjs.org/@radix-ui/react-progress/-/react-progress-1.1.2.tgz 0ms (cache hit)
211 http cache @radix-ui/react-presence@https://registry.npmjs.org/@radix-ui/react-presence/-/react-presence-1.1.2.tgz 0ms (cache hit)
212 http cache @radix-ui/react-primitive@https://registry.npmjs.org/@radix-ui/react-primitive/-/react-primitive-2.0.2.tgz 0ms (cache hit)
213 http cache @radix-ui/react-popper@https://registry.npmjs.org/@radix-ui/react-popper/-/react-popper-1.2.2.tgz 0ms (cache hit)
214 http cache @radix-ui/react-popover@https://registry.npmjs.org/@radix-ui/react-popover/-/react-popover-1.1.6.tgz 0ms (cache hit)
215 http cache @radix-ui/react-portal@https://registry.npmjs.org/@radix-ui/react-portal/-/react-portal-1.1.4.tgz 0ms (cache hit)
216 http cache @radix-ui/react-slider@https://registry.npmjs.org/@radix-ui/react-slider/-/react-slider-1.2.3.tgz 0ms (cache hit)
217 http cache @radix-ui/react-menubar@https://registry.npmjs.org/@radix-ui/react-menubar/-/react-menubar-1.1.6.tgz 0ms (cache hit)
218 http cache @radix-ui/react-navigation-menu@https://registry.npmjs.org/@radix-ui/react-navigation-menu/-/react-navigation-menu-1.2.5.tgz 0ms (cache hit)
219 http cache @radix-ui/react-menu@https://registry.npmjs.org/@radix-ui/react-menu/-/react-menu-2.1.6.tgz 0ms (cache hit)
220 http cache @radix-ui/react-focus-scope@https://registry.npmjs.org/@radix-ui/react-focus-scope/-/react-focus-scope-1.1.2.tgz 0ms (cache hit)
221 http cache @radix-ui/react-hover-card@https://registry.npmjs.org/@radix-ui/react-hover-card/-/react-hover-card-1.1.6.tgz 0ms (cache hit)
222 http cache @radix-ui/react-id@https://registry.npmjs.org/@radix-ui/react-id/-/react-id-1.1.0.tgz 0ms (cache hit)
223 http cache @radix-ui/react-label@https://registry.npmjs.org/@radix-ui/react-label/-/react-label-2.1.2.tgz 0ms (cache hit)
224 http cache @radix-ui/react-focus-guards@https://registry.npmjs.org/@radix-ui/react-focus-guards/-/react-focus-guards-1.1.1.tgz 0ms (cache hit)
225 http cache @radix-ui/react-direction@https://registry.npmjs.org/@radix-ui/react-direction/-/react-direction-1.1.0.tgz 0ms (cache hit)
226 http cache @radix-ui/react-dropdown-menu@https://registry.npmjs.org/@radix-ui/react-dropdown-menu/-/react-dropdown-menu-2.1.6.tgz 0ms (cache hit)
227 http cache @radix-ui/react-dialog@https://registry.npmjs.org/@radix-ui/react-dialog/-/react-dialog-1.1.6.tgz 0ms (cache hit)
228 http cache @radix-ui/react-context@https://registry.npmjs.org/@radix-ui/react-context/-/react-context-1.1.1.tgz 0ms (cache hit)
229 http cache @radix-ui/react-context-menu@https://registry.npmjs.org/@radix-ui/react-context-menu/-/react-context-menu-2.2.6.tgz 0ms (cache hit)
230 http cache @radix-ui/react-dismissable-layer@https://registry.npmjs.org/@radix-ui/react-dismissable-layer/-/react-dismissable-layer-1.1.5.tgz 0ms (cache hit)
231 http cache @radix-ui/react-collapsible@https://registry.npmjs.org/@radix-ui/react-collapsible/-/react-collapsible-1.1.3.tgz 0ms (cache hit)
232 http cache @radix-ui/react-checkbox@https://registry.npmjs.org/@radix-ui/react-checkbox/-/react-checkbox-1.1.4.tgz 0ms (cache hit)
233 http cache @radix-ui/react-compose-refs@https://registry.npmjs.org/@radix-ui/react-compose-refs/-/react-compose-refs-1.1.1.tgz 0ms (cache hit)
234 http cache @radix-ui/react-arrow@https://registry.npmjs.org/@radix-ui/react-arrow/-/react-arrow-1.1.2.tgz 0ms (cache hit)
235 http cache @radix-ui/react-aspect-ratio@https://registry.npmjs.org/@radix-ui/react-aspect-ratio/-/react-aspect-ratio-1.1.2.tgz 0ms (cache hit)
236 http cache @radix-ui/react-avatar@https://registry.npmjs.org/@radix-ui/react-avatar/-/react-avatar-1.1.3.tgz 0ms (cache hit)
237 http cache @radix-ui/react-collection@https://registry.npmjs.org/@radix-ui/react-collection/-/react-collection-1.1.2.tgz 0ms (cache hit)
238 http cache @radix-ui/primitive@https://registry.npmjs.org/@radix-ui/primitive/-/primitive-1.1.1.tgz 0ms (cache hit)
239 http cache @radix-ui/react-alert-dialog@https://registry.npmjs.org/@radix-ui/react-alert-dialog/-/react-alert-dialog-1.1.6.tgz 0ms (cache hit)
240 http cache @radix-ui/number@https://registry.npmjs.org/@radix-ui/number/-/number-1.1.0.tgz 0ms (cache hit)
241 http cache @popperjs/core@https://registry.npmjs.org/@popperjs/core/-/core-2.11.8.tgz 0ms (cache hit)
242 http cache @mui/types@https://registry.npmjs.org/@mui/types/-/types-7.4.12.tgz 0ms (cache hit)
243 http cache @mui/utils@https://registry.npmjs.org/@mui/utils/-/utils-7.3.10.tgz 0ms (cache hit)
244 http cache @mui/system@https://registry.npmjs.org/@mui/system/-/system-7.3.10.tgz 0ms (cache hit)
245 http cache @mui/styled-engine@https://registry.npmjs.org/@mui/styled-engine/-/styled-engine-7.3.10.tgz 0ms (cache hit)
246 http cache @mui/private-theming@https://registry.npmjs.org/@mui/private-theming/-/private-theming-7.3.10.tgz 0ms (cache hit)
247 http cache @radix-ui/react-accordion@https://registry.npmjs.org/@radix-ui/react-accordion/-/react-accordion-1.2.3.tgz 0ms (cache hit)
248 http cache @mui/core-downloads-tracker@https://registry.npmjs.org/@mui/core-downloads-tracker/-/core-downloads-tracker-7.3.10.tgz 0ms (cache hit)
249 http cache @jridgewell/trace-mapping@https://registry.npmjs.org/@jridgewell/trace-mapping/-/trace-mapping-0.3.31.tgz 0ms (cache hit)
250 http cache @jridgewell/resolve-uri@https://registry.npmjs.org/@jridgewell/resolve-uri/-/resolve-uri-3.1.2.tgz 0ms (cache hit)
251 http cache @mui/material@https://registry.npmjs.org/@mui/material/-/material-7.3.5.tgz 0ms (cache hit)
252 http cache @jridgewell/sourcemap-codec@https://registry.npmjs.org/@jridgewell/sourcemap-codec/-/sourcemap-codec-1.5.5.tgz 0ms (cache hit)
253 http cache @mui/icons-material@https://registry.npmjs.org/@mui/icons-material/-/icons-material-7.3.5.tgz 0ms (cache hit)
254 http cache @isaacs/fs-minipass@https://registry.npmjs.org/@isaacs/fs-minipass/-/fs-minipass-4.0.1.tgz 0ms (cache hit)
255 http cache @jridgewell/remapping@https://registry.npmjs.org/@jridgewell/remapping/-/remapping-2.3.5.tgz 0ms (cache hit)
256 http cache @floating-ui/core@https://registry.npmjs.org/@floating-ui/core/-/core-1.7.5.tgz 0ms (cache hit)
257 http cache @floating-ui/react-dom@https://registry.npmjs.org/@floating-ui/react-dom/-/react-dom-2.1.8.tgz 0ms (cache hit)
258 http cache @floating-ui/utils@https://registry.npmjs.org/@floating-ui/utils/-/utils-0.2.11.tgz 0ms (cache hit)
259 http cache @jridgewell/gen-mapping@https://registry.npmjs.org/@jridgewell/gen-mapping/-/gen-mapping-0.3.13.tgz 0ms (cache hit)
260 http cache @floating-ui/dom@https://registry.npmjs.org/@floating-ui/dom/-/dom-1.7.6.tgz 0ms (cache hit)
261 http cache @esbuild/darwin-arm64@https://registry.npmjs.org/@esbuild/darwin-arm64/-/darwin-arm64-0.25.12.tgz 0ms (cache hit)
262 http cache @emotion/weak-memoize@https://registry.npmjs.org/@emotion/weak-memoize/-/weak-memoize-0.4.0.tgz 0ms (cache hit)
263 http cache @emotion/utils@https://registry.npmjs.org/@emotion/utils/-/utils-1.4.2.tgz 0ms (cache hit)
264 http cache @emotion/unitless@https://registry.npmjs.org/@emotion/unitless/-/unitless-0.10.0.tgz 0ms (cache hit)
265 http cache @emotion/styled@https://registry.npmjs.org/@emotion/styled/-/styled-11.14.1.tgz 0ms (cache hit)
266 http cache @emotion/react@https://registry.npmjs.org/@emotion/react/-/react-11.14.0.tgz 0ms (cache hit)
267 http cache @emotion/sheet@https://registry.npmjs.org/@emotion/sheet/-/sheet-1.4.0.tgz 0ms (cache hit)
268 http cache @emotion/use-insertion-effect-with-fallbacks@https://registry.npmjs.org/@emotion/use-insertion-effect-with-fallbacks/-/use-insertion-effect-with-fallbacks-1.2.0.tgz 0ms (cache hit)
269 http cache @emotion/serialize@https://registry.npmjs.org/@emotion/serialize/-/serialize-1.3.3.tgz 0ms (cache hit)
270 http cache @emotion/memoize@https://registry.npmjs.org/@emotion/memoize/-/memoize-0.9.0.tgz 0ms (cache hit)
271 http cache @emotion/hash@https://registry.npmjs.org/@emotion/hash/-/hash-0.9.2.tgz 0ms (cache hit)
272 http cache @babel/types@https://registry.npmjs.org/@babel/types/-/types-7.29.0.tgz 0ms (cache hit)
273 http cache @babel/traverse@https://registry.npmjs.org/@babel/traverse/-/traverse-7.29.0.tgz 0ms (cache hit)
274 http cache @emotion/babel-plugin@https://registry.npmjs.org/@emotion/babel-plugin/-/babel-plugin-11.13.5.tgz 0ms (cache hit)
275 http cache @emotion/cache@https://registry.npmjs.org/@emotion/cache/-/cache-11.14.0.tgz 0ms (cache hit)
276 http cache @babel/template@https://registry.npmjs.org/@babel/template/-/template-7.28.6.tgz 0ms (cache hit)
277 http cache @emotion/is-prop-valid@https://registry.npmjs.org/@emotion/is-prop-valid/-/is-prop-valid-1.4.0.tgz 0ms (cache hit)
278 http cache @babel/runtime@https://registry.npmjs.org/@babel/runtime/-/runtime-7.29.2.tgz 0ms (cache hit)
279 http cache @babel/plugin-transform-react-jsx-source@https://registry.npmjs.org/@babel/plugin-transform-react-jsx-source/-/plugin-transform-react-jsx-source-7.27.1.tgz 0ms (cache hit)
280 http cache @babel/helpers@https://registry.npmjs.org/@babel/helpers/-/helpers-7.29.2.tgz 0ms (cache hit)
281 http cache @babel/parser@https://registry.npmjs.org/@babel/parser/-/parser-7.29.2.tgz 0ms (cache hit)
282 http cache @babel/helper-validator-option@https://registry.npmjs.org/@babel/helper-validator-option/-/helper-validator-option-7.27.1.tgz 0ms (cache hit)
283 http cache @babel/helper-string-parser@https://registry.npmjs.org/@babel/helper-string-parser/-/helper-string-parser-7.27.1.tgz 0ms (cache hit)
284 http cache @babel/helper-validator-identifier@https://registry.npmjs.org/@babel/helper-validator-identifier/-/helper-validator-identifier-7.28.5.tgz 0ms (cache hit)
285 http cache @babel/helper-plugin-utils@https://registry.npmjs.org/@babel/helper-plugin-utils/-/helper-plugin-utils-7.28.6.tgz 0ms (cache hit)
286 http cache @babel/helper-module-transforms@https://registry.npmjs.org/@babel/helper-module-transforms/-/helper-module-transforms-7.28.6.tgz 0ms (cache hit)
287 http cache @babel/plugin-transform-react-jsx-self@https://registry.npmjs.org/@babel/plugin-transform-react-jsx-self/-/plugin-transform-react-jsx-self-7.27.1.tgz 0ms (cache hit)
288 http cache @babel/helper-globals@https://registry.npmjs.org/@babel/helper-globals/-/helper-globals-7.28.0.tgz 0ms (cache hit)
289 http cache @babel/helper-module-imports@https://registry.npmjs.org/@babel/helper-module-imports/-/helper-module-imports-7.28.6.tgz 0ms (cache hit)
290 http cache @babel/helper-compilation-targets@https://registry.npmjs.org/@babel/helper-compilation-targets/-/helper-compilation-targets-7.28.6.tgz 0ms (cache hit)
291 http cache @babel/compat-data@https://registry.npmjs.org/@babel/compat-data/-/compat-data-7.29.0.tgz 0ms (cache hit)
292 http cache @babel/core@https://registry.npmjs.org/@babel/core/-/core-7.29.0.tgz 0ms (cache hit)
293 http cache @babel/code-frame@https://registry.npmjs.org/@babel/code-frame/-/code-frame-7.29.0.tgz 0ms (cache hit)
294 http cache @babel/generator@https://registry.npmjs.org/@babel/generator/-/generator-7.29.1.tgz 0ms (cache hit)
295 http cache yallist@https://registry.npmjs.org/yallist/-/yallist-5.0.0.tgz 0ms (cache hit)
296 http cache convert-source-map@https://registry.npmjs.org/convert-source-map/-/convert-source-map-2.0.0.tgz 0ms (cache hit)
297 http cache react-is@https://registry.npmjs.org/react-is/-/react-is-18.3.1.tgz 0ms (cache hit)
298 http cache react-is@https://registry.npmjs.org/react-is/-/react-is-16.13.1.tgz 0ms (cache hit)
299 http cache react-is@https://registry.npmjs.org/react-is/-/react-is-16.13.1.tgz 0ms (cache hit)
300 http cache yaml@https://registry.npmjs.org/yaml/-/yaml-1.10.3.tgz 0ms (cache hit)
301 silly tarball no local data for yallist@https://registry.npmjs.org/yallist/-/yallist-3.1.1.tgz. Extracting by manifest.
302 silly tarball no local data for warning@https://registry.npmjs.org/warning/-/warning-4.0.3.tgz. Extracting by manifest.
303 silly tarball no local data for vite@https://registry.npmjs.org/vite/-/vite-6.3.5.tgz. Extracting by manifest.
304 silly tarball no local data for vaul@https://registry.npmjs.org/vaul/-/vaul-1.1.2.tgz. Extracting by manifest.
305 silly tarball no local data for use-callback-ref@https://registry.npmjs.org/use-callback-ref/-/use-callback-ref-1.3.3.tgz. Extracting by manifest.
306 silly tarball no local data for victory-vendor@https://registry.npmjs.org/victory-vendor/-/victory-vendor-36.9.2.tgz. Extracting by manifest.
307 silly tarball no local data for tslib@https://registry.npmjs.org/tslib/-/tslib-2.8.1.tgz. Extracting by manifest.
308 silly tarball no local data for update-browserslist-db@https://registry.npmjs.org/update-browserslist-db/-/update-browserslist-db-1.2.3.tgz. Extracting by manifest.
309 silly tarball no local data for tapable@https://registry.npmjs.org/tapable/-/tapable-2.3.3.tgz. Extracting by manifest.
310 silly tarball no local data for tiny-invariant@https://registry.npmjs.org/tiny-invariant/-/tiny-invariant-1.3.3.tgz. Extracting by manifest.
311 silly tarball no local data for tinyglobby@https://registry.npmjs.org/tinyglobby/-/tinyglobby-0.2.16.tgz. Extracting by manifest.
312 silly tarball no local data for tailwindcss@https://registry.npmjs.org/tailwindcss/-/tailwindcss-4.1.12.tgz. Extracting by manifest.
313 silly tarball no local data for tw-animate-css@https://registry.npmjs.org/tw-animate-css/-/tw-animate-css-1.3.8.tgz. Extracting by manifest.
314 silly tarball no local data for tailwind-merge@https://registry.npmjs.org/tailwind-merge/-/tailwind-merge-3.2.0.tgz. Extracting by manifest.
315 silly tarball no local data for tar@https://registry.npmjs.org/tar/-/tar-7.5.13.tgz. Extracting by manifest.
316 silly tarball no local data for supports-preserve-symlinks-flag@https://registry.npmjs.org/supports-preserve-symlinks-flag/-/supports-preserve-symlinks-flag-1.0.0.tgz. Extracting by manifest.
317 silly tarball no local data for stylis@https://registry.npmjs.org/stylis/-/stylis-4.2.0.tgz. Extracting by manifest.
318 silly tarball no local data for use-sidecar@https://registry.npmjs.org/use-sidecar/-/use-sidecar-1.1.3.tgz. Extracting by manifest.
319 silly tarball no local data for string-convert@https://registry.npmjs.org/string-convert/-/string-convert-0.2.1.tgz. Extracting by manifest.
320 silly tarball no local data for source-map@https://registry.npmjs.org/source-map/-/source-map-0.5.7.tgz. Extracting by manifest.
321 silly tarball no local data for source-map-js@https://registry.npmjs.org/source-map-js/-/source-map-js-1.2.1.tgz. Extracting by manifest.
322 silly tarball no local data for sonner@https://registry.npmjs.org/sonner/-/sonner-2.0.3.tgz. Extracting by manifest.
323 silly tarball no local data for semver@https://registry.npmjs.org/semver/-/semver-6.3.1.tgz. Extracting by manifest.
324 silly tarball no local data for scheduler@https://registry.npmjs.org/scheduler/-/scheduler-0.23.2.tgz. Extracting by manifest.
325 silly tarball no local data for rollup@https://registry.npmjs.org/rollup/-/rollup-4.60.2.tgz. Extracting by manifest.
326 silly tarball no local data for resize-observer-polyfill@https://registry.npmjs.org/resize-observer-polyfill/-/resize-observer-polyfill-1.5.1.tgz. Extracting by manifest.
327 silly tarball no local data for resolve-from@https://registry.npmjs.org/resolve-from/-/resolve-from-4.0.0.tgz. Extracting by manifest.
328 silly tarball no local data for resolve@https://registry.npmjs.org/resolve/-/resolve-1.22.12.tgz. Extracting by manifest.
329 silly tarball no local data for redux@https://registry.npmjs.org/redux/-/redux-4.2.1.tgz. Extracting by manifest.
330 silly tarball no local data for recharts-scale@https://registry.npmjs.org/recharts-scale/-/recharts-scale-0.4.5.tgz. Extracting by manifest.
331 silly tarball no local data for recharts@https://registry.npmjs.org/recharts/-/recharts-2.15.2.tgz. Extracting by manifest.
332 silly tarball no local data for react-transition-group@https://registry.npmjs.org/react-transition-group/-/react-transition-group-4.4.5.tgz. Extracting by manifest.
333 silly tarball no local data for react-style-singleton@https://registry.npmjs.org/react-style-singleton/-/react-style-singleton-2.2.3.tgz. Extracting by manifest.
334 silly tarball no local data for react-smooth@https://registry.npmjs.org/react-smooth/-/react-smooth-4.0.4.tgz. Extracting by manifest.
335 silly tarball no local data for react-router@https://registry.npmjs.org/react-router/-/react-router-7.13.0.tgz. Extracting by manifest.
336 silly tarball no local data for react-slick@https://registry.npmjs.org/react-slick/-/react-slick-0.31.0.tgz. Extracting by manifest.
337 silly tarball no local data for react-responsive-masonry@https://registry.npmjs.org/react-responsive-masonry/-/react-responsive-masonry-2.7.1.tgz. Extracting by manifest.
338 silly tarball no local data for react-remove-scroll-bar@https://registry.npmjs.org/react-remove-scroll-bar/-/react-remove-scroll-bar-2.3.8.tgz. Extracting by manifest.
339 silly tarball no local data for react-remove-scroll@https://registry.npmjs.org/react-remove-scroll/-/react-remove-scroll-2.7.2.tgz. Extracting by manifest.
340 silly tarball no local data for react-resizable-panels@https://registry.npmjs.org/react-resizable-panels/-/react-resizable-panels-2.1.7.tgz. Extracting by manifest.
341 silly tarball no local data for react-refresh@https://registry.npmjs.org/react-refresh/-/react-refresh-0.17.0.tgz. Extracting by manifest.
342 silly tarball no local data for react-popper@https://registry.npmjs.org/react-popper/-/react-popper-2.3.0.tgz. Extracting by manifest.
343 silly tarball no local data for react-is@https://registry.npmjs.org/react-is/-/react-is-19.2.5.tgz. Extracting by manifest.
344 silly tarball no local data for set-cookie-parser@https://registry.npmjs.org/set-cookie-parser/-/set-cookie-parser-2.7.2.tgz. Extracting by manifest.
345 silly tarball no local data for react-hook-form@https://registry.npmjs.org/react-hook-form/-/react-hook-form-7.55.0.tgz. Extracting by manifest.
346 silly tarball no local data for react-dom@https://registry.npmjs.org/react-dom/-/react-dom-18.3.1.tgz. Extracting by manifest.
347 silly tarball no local data for react-fast-compare@https://registry.npmjs.org/react-fast-compare/-/react-fast-compare-3.2.2.tgz. Extracting by manifest.
348 silly tarball no local data for react-dnd-html5-backend@https://registry.npmjs.org/react-dnd-html5-backend/-/react-dnd-html5-backend-16.0.1.tgz. Extracting by manifest.
349 silly tarball no local data for react-dnd@https://registry.npmjs.org/react-dnd/-/react-dnd-16.0.1.tgz. Extracting by manifest.
350 silly tarball no local data for react-day-picker@https://registry.npmjs.org/react-day-picker/-/react-day-picker-8.10.1.tgz. Extracting by manifest.
351 silly tarball no local data for react@https://registry.npmjs.org/react/-/react-18.3.1.tgz. Extracting by manifest.
352 silly tarball no local data for prop-types@https://registry.npmjs.org/prop-types/-/prop-types-15.8.1.tgz. Extracting by manifest.
353 silly tarball no local data for picocolors@https://registry.npmjs.org/picocolors/-/picocolors-1.1.1.tgz. Extracting by manifest.
354 silly tarball no local data for path-type@https://registry.npmjs.org/path-type/-/path-type-4.0.0.tgz. Extracting by manifest.
355 silly tarball no local data for picomatch@https://registry.npmjs.org/picomatch/-/picomatch-4.0.4.tgz. Extracting by manifest.
356 silly tarball no local data for path-parse@https://registry.npmjs.org/path-parse/-/path-parse-1.0.7.tgz. Extracting by manifest.
357 silly tarball no local data for parse-json@https://registry.npmjs.org/parse-json/-/parse-json-5.2.0.tgz. Extracting by manifest.
358 silly tarball no local data for node-releases@https://registry.npmjs.org/node-releases/-/node-releases-2.0.38.tgz. Extracting by manifest.
359 silly tarball no local data for parent-module@https://registry.npmjs.org/parent-module/-/parent-module-1.0.1.tgz. Extracting by manifest.
360 silly tarball no local data for nanoid@https://registry.npmjs.org/nanoid/-/nanoid-3.3.11.tgz. Extracting by manifest.
361 silly tarball no local data for ms@https://registry.npmjs.org/ms/-/ms-2.1.3.tgz. Extracting by manifest.
362 silly tarball no local data for motion-utils@https://registry.npmjs.org/motion-utils/-/motion-utils-12.36.0.tgz. Extracting by manifest.
363 silly tarball no local data for minizlib@https://registry.npmjs.org/minizlib/-/minizlib-3.1.0.tgz. Extracting by manifest.
364 silly tarball no local data for object-assign@https://registry.npmjs.org/object-assign/-/object-assign-4.1.1.tgz. Extracting by manifest.
365 silly tarball no local data for motion-dom@https://registry.npmjs.org/motion-dom/-/motion-dom-12.38.0.tgz. Extracting by manifest.
366 silly tarball no local data for next-themes@https://registry.npmjs.org/next-themes/-/next-themes-0.4.6.tgz. Extracting by manifest.
367 silly tarball no local data for motion@https://registry.npmjs.org/motion/-/motion-12.23.24.tgz. Extracting by manifest.
368 silly tarball no local data for minipass@https://registry.npmjs.org/minipass/-/minipass-7.1.3.tgz. Extracting by manifest.
369 silly tarball no local data for lucide-react@https://registry.npmjs.org/lucide-react/-/lucide-react-0.487.0.tgz. Extracting by manifest.
370 silly tarball no local data for loose-envify@https://registry.npmjs.org/loose-envify/-/loose-envify-1.4.0.tgz. Extracting by manifest.
371 silly tarball no local data for magic-string@https://registry.npmjs.org/magic-string/-/magic-string-0.30.21.tgz. Extracting by manifest.
372 silly tarball no local data for lodash.debounce@https://registry.npmjs.org/lodash.debounce/-/lodash.debounce-4.0.8.tgz. Extracting by manifest.
373 silly tarball no local data for postcss@https://registry.npmjs.org/postcss/-/postcss-8.5.10.tgz. Extracting by manifest.
374 silly tarball no local data for lodash@https://registry.npmjs.org/lodash/-/lodash-4.18.1.tgz. Extracting by manifest.
375 silly tarball no local data for lines-and-columns@https://registry.npmjs.org/lines-and-columns/-/lines-and-columns-1.2.4.tgz. Extracting by manifest.
376 silly tarball no local data for lightningcss@https://registry.npmjs.org/lightningcss/-/lightningcss-1.30.1.tgz. Extracting by manifest.
377 silly tarball no local data for lightningcss-darwin-arm64@https://registry.npmjs.org/lightningcss-darwin-arm64/-/lightningcss-darwin-arm64-1.30.1.tgz. Extracting by manifest.
378 silly tarball no local data for lru-cache@https://registry.npmjs.org/lru-cache/-/lru-cache-5.1.1.tgz. Extracting by manifest.
379 silly tarball no local data for jsesc@https://registry.npmjs.org/jsesc/-/jsesc-3.1.0.tgz. Extracting by manifest.
380 silly tarball no local data for json-parse-even-better-errors@https://registry.npmjs.org/json-parse-even-better-errors/-/json-parse-even-better-errors-2.3.1.tgz. Extracting by manifest.
381 silly tarball no local data for jiti@https://registry.npmjs.org/jiti/-/jiti-2.6.1.tgz. Extracting by manifest.
382 silly tarball no local data for json2mq@https://registry.npmjs.org/json2mq/-/json2mq-0.2.0.tgz. Extracting by manifest.
383 silly tarball no local data for js-tokens@https://registry.npmjs.org/js-tokens/-/js-tokens-4.0.0.tgz. Extracting by manifest.
384 silly tarball no local data for is-core-module@https://registry.npmjs.org/is-core-module/-/is-core-module-2.16.1.tgz. Extracting by manifest.
385 silly tarball no local data for is-arrayish@https://registry.npmjs.org/is-arrayish/-/is-arrayish-0.2.1.tgz. Extracting by manifest.
386 silly tarball no local data for input-otp@https://registry.npmjs.org/input-otp/-/input-otp-1.4.2.tgz. Extracting by manifest.
387 silly tarball no local data for import-fresh@https://registry.npmjs.org/import-fresh/-/import-fresh-3.3.1.tgz. Extracting by manifest.
388 silly tarball no local data for hoist-non-react-statics@https://registry.npmjs.org/hoist-non-react-statics/-/hoist-non-react-statics-3.3.2.tgz. Extracting by manifest.
389 silly tarball no local data for hasown@https://registry.npmjs.org/hasown/-/hasown-2.0.3.tgz. Extracting by manifest.
390 silly tarball no local data for internmap@https://registry.npmjs.org/internmap/-/internmap-2.0.3.tgz. Extracting by manifest.
391 silly tarball no local data for graceful-fs@https://registry.npmjs.org/graceful-fs/-/graceful-fs-4.2.11.tgz. Extracting by manifest.
392 silly tarball no local data for json5@https://registry.npmjs.org/json5/-/json5-2.2.3.tgz. Extracting by manifest.
393 silly tarball no local data for get-nonce@https://registry.npmjs.org/get-nonce/-/get-nonce-1.0.1.tgz. Extracting by manifest.
394 silly tarball no local data for function-bind@https://registry.npmjs.org/function-bind/-/function-bind-1.1.2.tgz. Extracting by manifest.
395 silly tarball no local data for fsevents@https://registry.npmjs.org/fsevents/-/fsevents-2.3.3.tgz. Extracting by manifest.
396 silly tarball no local data for framer-motion@https://registry.npmjs.org/framer-motion/-/framer-motion-12.38.0.tgz. Extracting by manifest.
397 silly tarball no local data for find-root@https://registry.npmjs.org/find-root/-/find-root-1.1.0.tgz. Extracting by manifest.
398 silly tarball no local data for fdir@https://registry.npmjs.org/fdir/-/fdir-6.5.0.tgz. Extracting by manifest.
399 silly tarball no local data for fast-equals@https://registry.npmjs.org/fast-equals/-/fast-equals-5.4.0.tgz. Extracting by manifest.
400 silly tarball no local data for fast-deep-equal@https://registry.npmjs.org/fast-deep-equal/-/fast-deep-equal-3.1.3.tgz. Extracting by manifest.
401 silly tarball no local data for eventemitter3@https://registry.npmjs.org/eventemitter3/-/eventemitter3-4.0.7.tgz. Extracting by manifest.
402 silly tarball no local data for escape-string-regexp@https://registry.npmjs.org/escape-string-regexp/-/escape-string-regexp-4.0.0.tgz. Extracting by manifest.
403 silly tarball no local data for escalade@https://registry.npmjs.org/escalade/-/escalade-3.2.0.tgz. Extracting by manifest.
404 silly tarball no local data for es-errors@https://registry.npmjs.org/es-errors/-/es-errors-1.3.0.tgz. Extracting by manifest.
405 silly tarball no local data for esbuild@https://registry.npmjs.org/esbuild/-/esbuild-0.25.12.tgz. Extracting by manifest.
406 silly tarball no local data for gensync@https://registry.npmjs.org/gensync/-/gensync-1.0.0-beta.2.tgz. Extracting by manifest.
407 silly tarball no local data for error-ex@https://registry.npmjs.org/error-ex/-/error-ex-1.3.4.tgz. Extracting by manifest.
408 silly tarball no local data for enhanced-resolve@https://registry.npmjs.org/enhanced-resolve/-/enhanced-resolve-5.20.1.tgz. Extracting by manifest.
409 silly tarball no local data for embla-carousel-react@https://registry.npmjs.org/embla-carousel-react/-/embla-carousel-react-8.6.0.tgz. Extracting by manifest.
410 silly tarball no local data for embla-carousel@https://registry.npmjs.org/embla-carousel/-/embla-carousel-8.6.0.tgz. Extracting by manifest.
411 silly tarball no local data for electron-to-chromium@https://registry.npmjs.org/electron-to-chromium/-/electron-to-chromium-1.5.343.tgz. Extracting by manifest.
412 silly tarball no local data for dnd-core@https://registry.npmjs.org/dnd-core/-/dnd-core-16.0.1.tgz. Extracting by manifest.
413 silly tarball no local data for dom-helpers@https://registry.npmjs.org/dom-helpers/-/dom-helpers-5.2.1.tgz. Extracting by manifest.
414 silly tarball no local data for detect-libc@https://registry.npmjs.org/detect-libc/-/detect-libc-2.1.2.tgz. Extracting by manifest.
415 silly tarball no local data for embla-carousel-reactive-utils@https://registry.npmjs.org/embla-carousel-reactive-utils/-/embla-carousel-reactive-utils-8.6.0.tgz. Extracting by manifest.
416 silly tarball no local data for detect-node-es@https://registry.npmjs.org/detect-node-es/-/detect-node-es-1.1.0.tgz. Extracting by manifest.
417 silly tarball no local data for decimal.js-light@https://registry.npmjs.org/decimal.js-light/-/decimal.js-light-2.5.1.tgz. Extracting by manifest.
418 silly tarball no local data for debug@https://registry.npmjs.org/debug/-/debug-4.4.3.tgz. Extracting by manifest.
419 silly tarball no local data for d3-time@https://registry.npmjs.org/d3-time/-/d3-time-3.1.0.tgz. Extracting by manifest.
420 silly tarball no local data for date-fns@https://registry.npmjs.org/date-fns/-/date-fns-3.6.0.tgz. Extracting by manifest.
421 silly tarball no local data for d3-path@https://registry.npmjs.org/d3-path/-/d3-path-3.1.0.tgz. Extracting by manifest.
422 silly tarball no local data for d3-timer@https://registry.npmjs.org/d3-timer/-/d3-timer-3.0.1.tgz. Extracting by manifest.
423 silly tarball no local data for d3-scale@https://registry.npmjs.org/d3-scale/-/d3-scale-4.0.2.tgz. Extracting by manifest.
424 silly tarball no local data for d3-shape@https://registry.npmjs.org/d3-shape/-/d3-shape-3.2.0.tgz. Extracting by manifest.
425 silly tarball no local data for d3-interpolate@https://registry.npmjs.org/d3-interpolate/-/d3-interpolate-3.0.1.tgz. Extracting by manifest.
426 silly tarball no local data for d3-color@https://registry.npmjs.org/d3-color/-/d3-color-3.1.0.tgz. Extracting by manifest.
427 silly tarball no local data for d3-ease@https://registry.npmjs.org/d3-ease/-/d3-ease-3.0.1.tgz. Extracting by manifest.
428 silly tarball no local data for d3-format@https://registry.npmjs.org/d3-format/-/d3-format-3.1.2.tgz. Extracting by manifest.
429 silly tarball no local data for csstype@https://registry.npmjs.org/csstype/-/csstype-3.2.3.tgz. Extracting by manifest.
430 silly tarball no local data for cookie@https://registry.npmjs.org/cookie/-/cookie-1.1.1.tgz. Extracting by manifest.
431 silly tarball no local data for cosmiconfig@https://registry.npmjs.org/cosmiconfig/-/cosmiconfig-7.1.0.tgz. Extracting by manifest.
432 silly tarball no local data for d3-time-format@https://registry.npmjs.org/d3-time-format/-/d3-time-format-4.1.0.tgz. Extracting by manifest.
433 silly tarball no local data for d3-array@https://registry.npmjs.org/d3-array/-/d3-array-3.2.4.tgz. Extracting by manifest.
434 silly tarball no local data for cmdk@https://registry.npmjs.org/cmdk/-/cmdk-1.1.1.tgz. Extracting by manifest.
435 silly tarball no local data for clsx@https://registry.npmjs.org/clsx/-/clsx-2.1.1.tgz. Extracting by manifest.
436 silly tarball no local data for classnames@https://registry.npmjs.org/classnames/-/classnames-2.5.1.tgz. Extracting by manifest.
437 silly tarball no local data for class-variance-authority@https://registry.npmjs.org/class-variance-authority/-/class-variance-authority-0.7.1.tgz. Extracting by manifest.
438 silly tarball no local data for canvas-confetti@https://registry.npmjs.org/canvas-confetti/-/canvas-confetti-1.9.4.tgz. Extracting by manifest.
439 silly tarball no local data for browserslist@https://registry.npmjs.org/browserslist/-/browserslist-4.28.2.tgz. Extracting by manifest.
440 silly tarball no local data for callsites@https://registry.npmjs.org/callsites/-/callsites-3.1.0.tgz. Extracting by manifest.
441 silly tarball no local data for chownr@https://registry.npmjs.org/chownr/-/chownr-3.0.0.tgz. Extracting by manifest.
442 silly tarball no local data for baseline-browser-mapping@https://registry.npmjs.org/baseline-browser-mapping/-/baseline-browser-mapping-2.10.20.tgz. Extracting by manifest.
443 silly tarball no local data for caniuse-lite@https://registry.npmjs.org/caniuse-lite/-/caniuse-lite-1.0.30001790.tgz. Extracting by manifest.
444 silly tarball no local data for @vitejs/plugin-react@https://registry.npmjs.org/@vitejs/plugin-react/-/plugin-react-4.7.0.tgz. Extracting by manifest.
445 silly tarball no local data for babel-plugin-macros@https://registry.npmjs.org/babel-plugin-macros/-/babel-plugin-macros-3.1.0.tgz. Extracting by manifest.
446 silly tarball no local data for convert-source-map@https://registry.npmjs.org/convert-source-map/-/convert-source-map-1.9.0.tgz. Extracting by manifest.
447 silly tarball no local data for @types/react-transition-group@https://registry.npmjs.org/@types/react-transition-group/-/react-transition-group-4.4.12.tgz. Extracting by manifest.
448 silly tarball no local data for @types/prop-types@https://registry.npmjs.org/@types/prop-types/-/prop-types-15.7.15.tgz. Extracting by manifest.
449 silly tarball no local data for @types/parse-json@https://registry.npmjs.org/@types/parse-json/-/parse-json-4.0.2.tgz. Extracting by manifest.
450 silly tarball no local data for @types/d3-time@https://registry.npmjs.org/@types/d3-time/-/d3-time-3.0.4.tgz. Extracting by manifest.
451 silly tarball no local data for aria-hidden@https://registry.npmjs.org/aria-hidden/-/aria-hidden-1.2.6.tgz. Extracting by manifest.
452 silly tarball no local data for @types/d3-shape@https://registry.npmjs.org/@types/d3-shape/-/d3-shape-3.1.8.tgz. Extracting by manifest.
453 silly tarball no local data for @types/d3-timer@https://registry.npmjs.org/@types/d3-timer/-/d3-timer-3.0.2.tgz. Extracting by manifest.
454 silly tarball no local data for @types/estree@https://registry.npmjs.org/@types/estree/-/estree-1.0.8.tgz. Extracting by manifest.
455 silly tarball no local data for @types/d3-path@https://registry.npmjs.org/@types/d3-path/-/d3-path-3.1.1.tgz. Extracting by manifest.
456 silly tarball no local data for @types/react@https://registry.npmjs.org/@types/react/-/react-19.2.14.tgz. Extracting by manifest.
457 silly tarball no local data for @types/d3-scale@https://registry.npmjs.org/@types/d3-scale/-/d3-scale-4.0.9.tgz. Extracting by manifest.
458 silly tarball no local data for @types/d3-interpolate@https://registry.npmjs.org/@types/d3-interpolate/-/d3-interpolate-3.0.4.tgz. Extracting by manifest.
459 silly tarball no local data for @types/d3-color@https://registry.npmjs.org/@types/d3-color/-/d3-color-3.1.3.tgz. Extracting by manifest.
460 silly tarball no local data for @types/babel__template@https://registry.npmjs.org/@types/babel__template/-/babel__template-7.4.4.tgz. Extracting by manifest.
461 silly tarball no local data for @types/d3-array@https://registry.npmjs.org/@types/d3-array/-/d3-array-3.2.2.tgz. Extracting by manifest.
462 silly tarball no local data for @types/d3-ease@https://registry.npmjs.org/@types/d3-ease/-/d3-ease-3.0.2.tgz. Extracting by manifest.
463 silly tarball no local data for @tailwindcss/vite@https://registry.npmjs.org/@tailwindcss/vite/-/vite-4.1.12.tgz. Extracting by manifest.
464 silly tarball no local data for @types/babel__core@https://registry.npmjs.org/@types/babel__core/-/babel__core-7.20.5.tgz. Extracting by manifest.
465 silly tarball no local data for @types/babel__traverse@https://registry.npmjs.org/@types/babel__traverse/-/babel__traverse-7.28.0.tgz. Extracting by manifest.
466 silly tarball no local data for @types/babel__generator@https://registry.npmjs.org/@types/babel__generator/-/babel__generator-7.27.0.tgz. Extracting by manifest.
467 silly tarball no local data for @rollup/rollup-darwin-arm64@https://registry.npmjs.org/@rollup/rollup-darwin-arm64/-/rollup-darwin-arm64-4.60.2.tgz. Extracting by manifest.
468 silly tarball no local data for @tailwindcss/oxide-darwin-arm64@https://registry.npmjs.org/@tailwindcss/oxide-darwin-arm64/-/oxide-darwin-arm64-4.1.12.tgz. Extracting by manifest.
469 silly tarball no local data for @tailwindcss/oxide@https://registry.npmjs.org/@tailwindcss/oxide/-/oxide-4.1.12.tgz. Extracting by manifest.
470 silly tarball no local data for @tailwindcss/node@https://registry.npmjs.org/@tailwindcss/node/-/node-4.1.12.tgz. Extracting by manifest.
471 silly tarball no local data for @rolldown/pluginutils@https://registry.npmjs.org/@rolldown/pluginutils/-/pluginutils-1.0.0-beta.27.tgz. Extracting by manifest.
472 silly tarball no local data for @react-dnd/asap@https://registry.npmjs.org/@react-dnd/asap/-/asap-5.0.2.tgz. Extracting by manifest.
473 silly tarball no local data for @react-dnd/shallowequal@https://registry.npmjs.org/@react-dnd/shallowequal/-/shallowequal-4.0.2.tgz. Extracting by manifest.
474 silly tarball no local data for @react-dnd/invariant@https://registry.npmjs.org/@react-dnd/invariant/-/invariant-4.0.2.tgz. Extracting by manifest.
475 silly tarball no local data for @radix-ui/react-visually-hidden@https://registry.npmjs.org/@radix-ui/react-visually-hidden/-/react-visually-hidden-1.1.2.tgz. Extracting by manifest.
476 silly tarball no local data for @radix-ui/react-use-size@https://registry.npmjs.org/@radix-ui/react-use-size/-/react-use-size-1.1.0.tgz. Extracting by manifest.
477 silly tarball no local data for @radix-ui/react-use-rect@https://registry.npmjs.org/@radix-ui/react-use-rect/-/react-use-rect-1.1.0.tgz. Extracting by manifest.
478 silly tarball no local data for @radix-ui/react-use-previous@https://registry.npmjs.org/@radix-ui/react-use-previous/-/react-use-previous-1.1.0.tgz. Extracting by manifest.
479 silly tarball no local data for @radix-ui/react-use-controllable-state@https://registry.npmjs.org/@radix-ui/react-use-controllable-state/-/react-use-controllable-state-1.1.0.tgz. Extracting by manifest.
480 silly tarball no local data for @radix-ui/react-use-escape-keydown@https://registry.npmjs.org/@radix-ui/react-use-escape-keydown/-/react-use-escape-keydown-1.1.0.tgz. Extracting by manifest.
481 silly tarball no local data for @radix-ui/react-use-layout-effect@https://registry.npmjs.org/@radix-ui/react-use-layout-effect/-/react-use-layout-effect-1.1.0.tgz. Extracting by manifest.
482 silly tarball no local data for @radix-ui/react-tooltip@https://registry.npmjs.org/@radix-ui/react-tooltip/-/react-tooltip-1.1.8.tgz. Extracting by manifest.
483 silly tarball no local data for @radix-ui/rect@https://registry.npmjs.org/@radix-ui/rect/-/rect-1.1.0.tgz. Extracting by manifest.
484 silly tarball no local data for @radix-ui/react-toggle@https://registry.npmjs.org/@radix-ui/react-toggle/-/react-toggle-1.1.2.tgz. Extracting by manifest.
485 silly tarball no local data for @radix-ui/react-tabs@https://registry.npmjs.org/@radix-ui/react-tabs/-/react-tabs-1.1.3.tgz. Extracting by manifest.
486 silly tarball no local data for @radix-ui/react-toggle-group@https://registry.npmjs.org/@radix-ui/react-toggle-group/-/react-toggle-group-1.1.2.tgz. Extracting by manifest.
487 silly tarball no local data for @radix-ui/react-use-callback-ref@https://registry.npmjs.org/@radix-ui/react-use-callback-ref/-/react-use-callback-ref-1.1.0.tgz. Extracting by manifest.
488 silly tarball no local data for @radix-ui/react-slot@https://registry.npmjs.org/@radix-ui/react-slot/-/react-slot-1.1.2.tgz. Extracting by manifest.
489 silly tarball no local data for @radix-ui/react-separator@https://registry.npmjs.org/@radix-ui/react-separator/-/react-separator-1.1.2.tgz. Extracting by manifest.
490 silly tarball no local data for @radix-ui/react-switch@https://registry.npmjs.org/@radix-ui/react-switch/-/react-switch-1.1.3.tgz. Extracting by manifest.
491 silly tarball no local data for @radix-ui/react-scroll-area@https://registry.npmjs.org/@radix-ui/react-scroll-area/-/react-scroll-area-1.2.3.tgz. Extracting by manifest.
492 silly tarball no local data for @radix-ui/react-select@https://registry.npmjs.org/@radix-ui/react-select/-/react-select-2.1.6.tgz. Extracting by manifest.
493 silly tarball no local data for @radix-ui/react-roving-focus@https://registry.npmjs.org/@radix-ui/react-roving-focus/-/react-roving-focus-1.1.2.tgz. Extracting by manifest.
494 silly tarball no local data for @radix-ui/react-radio-group@https://registry.npmjs.org/@radix-ui/react-radio-group/-/react-radio-group-1.2.3.tgz. Extracting by manifest.
495 silly tarball no local data for @radix-ui/react-progress@https://registry.npmjs.org/@radix-ui/react-progress/-/react-progress-1.1.2.tgz. Extracting by manifest.
496 silly tarball no local data for @radix-ui/react-presence@https://registry.npmjs.org/@radix-ui/react-presence/-/react-presence-1.1.2.tgz. Extracting by manifest.
497 silly tarball no local data for @radix-ui/react-primitive@https://registry.npmjs.org/@radix-ui/react-primitive/-/react-primitive-2.0.2.tgz. Extracting by manifest.
498 silly tarball no local data for @radix-ui/react-popper@https://registry.npmjs.org/@radix-ui/react-popper/-/react-popper-1.2.2.tgz. Extracting by manifest.
499 silly tarball no local data for @radix-ui/react-popover@https://registry.npmjs.org/@radix-ui/react-popover/-/react-popover-1.1.6.tgz. Extracting by manifest.
500 silly tarball no local data for @radix-ui/react-portal@https://registry.npmjs.org/@radix-ui/react-portal/-/react-portal-1.1.4.tgz. Extracting by manifest.
501 silly tarball no local data for @radix-ui/react-slider@https://registry.npmjs.org/@radix-ui/react-slider/-/react-slider-1.2.3.tgz. Extracting by manifest.
502 silly tarball no local data for @radix-ui/react-menubar@https://registry.npmjs.org/@radix-ui/react-menubar/-/react-menubar-1.1.6.tgz. Extracting by manifest.
503 silly tarball no local data for @radix-ui/react-navigation-menu@https://registry.npmjs.org/@radix-ui/react-navigation-menu/-/react-navigation-menu-1.2.5.tgz. Extracting by manifest.
504 silly tarball no local data for @radix-ui/react-menu@https://registry.npmjs.org/@radix-ui/react-menu/-/react-menu-2.1.6.tgz. Extracting by manifest.
505 silly tarball no local data for @radix-ui/react-focus-scope@https://registry.npmjs.org/@radix-ui/react-focus-scope/-/react-focus-scope-1.1.2.tgz. Extracting by manifest.
506 silly tarball no local data for @radix-ui/react-hover-card@https://registry.npmjs.org/@radix-ui/react-hover-card/-/react-hover-card-1.1.6.tgz. Extracting by manifest.
507 silly tarball no local data for @radix-ui/react-id@https://registry.npmjs.org/@radix-ui/react-id/-/react-id-1.1.0.tgz. Extracting by manifest.
508 silly tarball no local data for @radix-ui/react-label@https://registry.npmjs.org/@radix-ui/react-label/-/react-label-2.1.2.tgz. Extracting by manifest.
509 silly tarball no local data for @radix-ui/react-focus-guards@https://registry.npmjs.org/@radix-ui/react-focus-guards/-/react-focus-guards-1.1.1.tgz. Extracting by manifest.
510 silly tarball no local data for @radix-ui/react-direction@https://registry.npmjs.org/@radix-ui/react-direction/-/react-direction-1.1.0.tgz. Extracting by manifest.
511 silly tarball no local data for @radix-ui/react-dropdown-menu@https://registry.npmjs.org/@radix-ui/react-dropdown-menu/-/react-dropdown-menu-2.1.6.tgz. Extracting by manifest.
512 silly tarball no local data for @radix-ui/react-dialog@https://registry.npmjs.org/@radix-ui/react-dialog/-/react-dialog-1.1.6.tgz. Extracting by manifest.
513 silly tarball no local data for @radix-ui/react-context@https://registry.npmjs.org/@radix-ui/react-context/-/react-context-1.1.1.tgz. Extracting by manifest.
514 silly tarball no local data for @radix-ui/react-context-menu@https://registry.npmjs.org/@radix-ui/react-context-menu/-/react-context-menu-2.2.6.tgz. Extracting by manifest.
515 silly tarball no local data for @radix-ui/react-dismissable-layer@https://registry.npmjs.org/@radix-ui/react-dismissable-layer/-/react-dismissable-layer-1.1.5.tgz. Extracting by manifest.
516 silly tarball no local data for @radix-ui/react-collapsible@https://registry.npmjs.org/@radix-ui/react-collapsible/-/react-collapsible-1.1.3.tgz. Extracting by manifest.
517 silly tarball no local data for @radix-ui/react-checkbox@https://registry.npmjs.org/@radix-ui/react-checkbox/-/react-checkbox-1.1.4.tgz. Extracting by manifest.
518 silly tarball no local data for @radix-ui/react-compose-refs@https://registry.npmjs.org/@radix-ui/react-compose-refs/-/react-compose-refs-1.1.1.tgz. Extracting by manifest.
519 silly tarball no local data for @radix-ui/react-arrow@https://registry.npmjs.org/@radix-ui/react-arrow/-/react-arrow-1.1.2.tgz. Extracting by manifest.
520 silly tarball no local data for @radix-ui/react-aspect-ratio@https://registry.npmjs.org/@radix-ui/react-aspect-ratio/-/react-aspect-ratio-1.1.2.tgz. Extracting by manifest.
521 silly tarball no local data for @radix-ui/react-avatar@https://registry.npmjs.org/@radix-ui/react-avatar/-/react-avatar-1.1.3.tgz. Extracting by manifest.
522 silly tarball no local data for @radix-ui/react-collection@https://registry.npmjs.org/@radix-ui/react-collection/-/react-collection-1.1.2.tgz. Extracting by manifest.
523 silly tarball no local data for @radix-ui/primitive@https://registry.npmjs.org/@radix-ui/primitive/-/primitive-1.1.1.tgz. Extracting by manifest.
524 silly tarball no local data for @radix-ui/react-alert-dialog@https://registry.npmjs.org/@radix-ui/react-alert-dialog/-/react-alert-dialog-1.1.6.tgz. Extracting by manifest.
525 silly tarball no local data for @radix-ui/number@https://registry.npmjs.org/@radix-ui/number/-/number-1.1.0.tgz. Extracting by manifest.
526 silly tarball no local data for @popperjs/core@https://registry.npmjs.org/@popperjs/core/-/core-2.11.8.tgz. Extracting by manifest.
527 silly tarball no local data for @mui/types@https://registry.npmjs.org/@mui/types/-/types-7.4.12.tgz. Extracting by manifest.
528 silly tarball no local data for @mui/utils@https://registry.npmjs.org/@mui/utils/-/utils-7.3.10.tgz. Extracting by manifest.
529 silly tarball no local data for @mui/system@https://registry.npmjs.org/@mui/system/-/system-7.3.10.tgz. Extracting by manifest.
530 silly tarball no local data for @mui/styled-engine@https://registry.npmjs.org/@mui/styled-engine/-/styled-engine-7.3.10.tgz. Extracting by manifest.
531 silly tarball no local data for @mui/private-theming@https://registry.npmjs.org/@mui/private-theming/-/private-theming-7.3.10.tgz. Extracting by manifest.
532 silly tarball no local data for @radix-ui/react-accordion@https://registry.npmjs.org/@radix-ui/react-accordion/-/react-accordion-1.2.3.tgz. Extracting by manifest.
533 silly tarball no local data for @mui/core-downloads-tracker@https://registry.npmjs.org/@mui/core-downloads-tracker/-/core-downloads-tracker-7.3.10.tgz. Extracting by manifest.
534 silly tarball no local data for @jridgewell/trace-mapping@https://registry.npmjs.org/@jridgewell/trace-mapping/-/trace-mapping-0.3.31.tgz. Extracting by manifest.
535 silly tarball no local data for @jridgewell/resolve-uri@https://registry.npmjs.org/@jridgewell/resolve-uri/-/resolve-uri-3.1.2.tgz. Extracting by manifest.
536 silly tarball no local data for @mui/material@https://registry.npmjs.org/@mui/material/-/material-7.3.5.tgz. Extracting by manifest.
537 silly tarball no local data for @jridgewell/sourcemap-codec@https://registry.npmjs.org/@jridgewell/sourcemap-codec/-/sourcemap-codec-1.5.5.tgz. Extracting by manifest.
538 silly tarball no local data for @mui/icons-material@https://registry.npmjs.org/@mui/icons-material/-/icons-material-7.3.5.tgz. Extracting by manifest.
539 silly tarball no local data for @isaacs/fs-minipass@https://registry.npmjs.org/@isaacs/fs-minipass/-/fs-minipass-4.0.1.tgz. Extracting by manifest.
540 silly tarball no local data for @jridgewell/remapping@https://registry.npmjs.org/@jridgewell/remapping/-/remapping-2.3.5.tgz. Extracting by manifest.
541 silly tarball no local data for @floating-ui/core@https://registry.npmjs.org/@floating-ui/core/-/core-1.7.5.tgz. Extracting by manifest.
542 silly tarball no local data for @floating-ui/react-dom@https://registry.npmjs.org/@floating-ui/react-dom/-/react-dom-2.1.8.tgz. Extracting by manifest.
543 silly tarball no local data for @floating-ui/utils@https://registry.npmjs.org/@floating-ui/utils/-/utils-0.2.11.tgz. Extracting by manifest.
544 silly tarball no local data for @jridgewell/gen-mapping@https://registry.npmjs.org/@jridgewell/gen-mapping/-/gen-mapping-0.3.13.tgz. Extracting by manifest.
545 silly tarball no local data for @floating-ui/dom@https://registry.npmjs.org/@floating-ui/dom/-/dom-1.7.6.tgz. Extracting by manifest.
546 silly tarball no local data for @esbuild/darwin-arm64@https://registry.npmjs.org/@esbuild/darwin-arm64/-/darwin-arm64-0.25.12.tgz. Extracting by manifest.
547 silly tarball no local data for @emotion/weak-memoize@https://registry.npmjs.org/@emotion/weak-memoize/-/weak-memoize-0.4.0.tgz. Extracting by manifest.
548 silly tarball no local data for @emotion/utils@https://registry.npmjs.org/@emotion/utils/-/utils-1.4.2.tgz. Extracting by manifest.
549 silly tarball no local data for @emotion/unitless@https://registry.npmjs.org/@emotion/unitless/-/unitless-0.10.0.tgz. Extracting by manifest.
550 silly tarball no local data for @emotion/styled@https://registry.npmjs.org/@emotion/styled/-/styled-11.14.1.tgz. Extracting by manifest.
551 silly tarball no local data for @emotion/react@https://registry.npmjs.org/@emotion/react/-/react-11.14.0.tgz. Extracting by manifest.
552 silly tarball no local data for @emotion/sheet@https://registry.npmjs.org/@emotion/sheet/-/sheet-1.4.0.tgz. Extracting by manifest.
553 silly tarball no local data for @emotion/use-insertion-effect-with-fallbacks@https://registry.npmjs.org/@emotion/use-insertion-effect-with-fallbacks/-/use-insertion-effect-with-fallbacks-1.2.0.tgz. Extracting by manifest.
554 silly tarball no local data for @emotion/serialize@https://registry.npmjs.org/@emotion/serialize/-/serialize-1.3.3.tgz. Extracting by manifest.
555 silly tarball no local data for @emotion/memoize@https://registry.npmjs.org/@emotion/memoize/-/memoize-0.9.0.tgz. Extracting by manifest.
556 silly tarball no local data for @emotion/hash@https://registry.npmjs.org/@emotion/hash/-/hash-0.9.2.tgz. Extracting by manifest.
557 silly tarball no local data for @babel/types@https://registry.npmjs.org/@babel/types/-/types-7.29.0.tgz. Extracting by manifest.
558 silly tarball no local data for @babel/traverse@https://registry.npmjs.org/@babel/traverse/-/traverse-7.29.0.tgz. Extracting by manifest.
559 silly tarball no local data for @emotion/babel-plugin@https://registry.npmjs.org/@emotion/babel-plugin/-/babel-plugin-11.13.5.tgz. Extracting by manifest.
560 silly tarball no local data for @emotion/cache@https://registry.npmjs.org/@emotion/cache/-/cache-11.14.0.tgz. Extracting by manifest.
561 silly tarball no local data for @babel/template@https://registry.npmjs.org/@babel/template/-/template-7.28.6.tgz. Extracting by manifest.
562 silly tarball no local data for @emotion/is-prop-valid@https://registry.npmjs.org/@emotion/is-prop-valid/-/is-prop-valid-1.4.0.tgz. Extracting by manifest.
563 silly tarball no local data for @babel/runtime@https://registry.npmjs.org/@babel/runtime/-/runtime-7.29.2.tgz. Extracting by manifest.
564 silly tarball no local data for @babel/plugin-transform-react-jsx-source@https://registry.npmjs.org/@babel/plugin-transform-react-jsx-source/-/plugin-transform-react-jsx-source-7.27.1.tgz. Extracting by manifest.
565 silly tarball no local data for @babel/helpers@https://registry.npmjs.org/@babel/helpers/-/helpers-7.29.2.tgz. Extracting by manifest.
566 silly tarball no local data for @babel/parser@https://registry.npmjs.org/@babel/parser/-/parser-7.29.2.tgz. Extracting by manifest.
567 silly tarball no local data for @babel/helper-validator-option@https://registry.npmjs.org/@babel/helper-validator-option/-/helper-validator-option-7.27.1.tgz. Extracting by manifest.
568 silly tarball no local data for @babel/helper-string-parser@https://registry.npmjs.org/@babel/helper-string-parser/-/helper-string-parser-7.27.1.tgz. Extracting by manifest.
569 silly tarball no local data for @babel/helper-validator-identifier@https://registry.npmjs.org/@babel/helper-validator-identifier/-/helper-validator-identifier-7.28.5.tgz. Extracting by manifest.
570 silly tarball no local data for @babel/helper-plugin-utils@https://registry.npmjs.org/@babel/helper-plugin-utils/-/helper-plugin-utils-7.28.6.tgz. Extracting by manifest.
571 silly tarball no local data for @babel/helper-module-transforms@https://registry.npmjs.org/@babel/helper-module-transforms/-/helper-module-transforms-7.28.6.tgz. Extracting by manifest.
572 silly tarball no local data for @babel/plugin-transform-react-jsx-self@https://registry.npmjs.org/@babel/plugin-transform-react-jsx-self/-/plugin-transform-react-jsx-self-7.27.1.tgz. Extracting by manifest.
573 silly tarball no local data for @babel/helper-globals@https://registry.npmjs.org/@babel/helper-globals/-/helper-globals-7.28.0.tgz. Extracting by manifest.
574 silly tarball no local data for @babel/helper-module-imports@https://registry.npmjs.org/@babel/helper-module-imports/-/helper-module-imports-7.28.6.tgz. Extracting by manifest.
575 silly tarball no local data for @babel/helper-compilation-targets@https://registry.npmjs.org/@babel/helper-compilation-targets/-/helper-compilation-targets-7.28.6.tgz. Extracting by manifest.
576 silly tarball no local data for @babel/compat-data@https://registry.npmjs.org/@babel/compat-data/-/compat-data-7.29.0.tgz. Extracting by manifest.
577 silly tarball no local data for @babel/core@https://registry.npmjs.org/@babel/core/-/core-7.29.0.tgz. Extracting by manifest.
578 silly tarball no local data for @babel/code-frame@https://registry.npmjs.org/@babel/code-frame/-/code-frame-7.29.0.tgz. Extracting by manifest.
579 silly tarball no local data for @babel/generator@https://registry.npmjs.org/@babel/generator/-/generator-7.29.1.tgz. Extracting by manifest.
580 silly tarball no local data for yallist@https://registry.npmjs.org/yallist/-/yallist-5.0.0.tgz. Extracting by manifest.
581 silly tarball no local data for convert-source-map@https://registry.npmjs.org/convert-source-map/-/convert-source-map-2.0.0.tgz. Extracting by manifest.
582 silly tarball no local data for react-is@https://registry.npmjs.org/react-is/-/react-is-18.3.1.tgz. Extracting by manifest.
583 silly tarball no local data for react-is@https://registry.npmjs.org/react-is/-/react-is-16.13.1.tgz. Extracting by manifest.
584 silly tarball no local data for react-is@https://registry.npmjs.org/react-is/-/react-is-16.13.1.tgz. Extracting by manifest.
585 silly tarball no local data for yaml@https://registry.npmjs.org/yaml/-/yaml-1.10.3.tgz. Extracting by manifest.
586 http fetch GET 200 https://registry.npmjs.org/npm 193ms
587 http fetch GET 200 https://registry.npmjs.org/tailwind-merge/-/tailwind-merge-3.2.0.tgz 108ms (cache miss)
588 http fetch GET 200 https://registry.npmjs.org/yallist/-/yallist-3.1.1.tgz 117ms (cache miss)
589 http fetch GET 200 https://registry.npmjs.org/tinyglobby/-/tinyglobby-0.2.16.tgz 117ms (cache miss)
590 http fetch GET 200 https://registry.npmjs.org/update-browserslist-db/-/update-browserslist-db-1.2.3.tgz 120ms (cache miss)
591 http fetch GET 200 https://registry.npmjs.org/vaul/-/vaul-1.1.2.tgz 123ms (cache miss)
592 http fetch GET 200 https://registry.npmjs.org/tapable/-/tapable-2.3.3.tgz 123ms (cache miss)
593 http fetch GET 200 https://registry.npmjs.org/tslib/-/tslib-2.8.1.tgz 124ms (cache miss)
594 http fetch GET 200 https://registry.npmjs.org/tiny-invariant/-/tiny-invariant-1.3.3.tgz 125ms (cache miss)
595 http fetch GET 200 https://registry.npmjs.org/tw-animate-css/-/tw-animate-css-1.3.8.tgz 127ms (cache miss)
596 http fetch GET 200 https://registry.npmjs.org/warning/-/warning-4.0.3.tgz 131ms (cache miss)
597 http fetch GET 200 https://registry.npmjs.org/use-callback-ref/-/use-callback-ref-1.3.3.tgz 136ms (cache miss)
598 http fetch GET 200 https://registry.npmjs.org/supports-preserve-symlinks-flag/-/supports-preserve-symlinks-flag-1.0.0.tgz 151ms (cache miss)
599 http fetch GET 200 https://registry.npmjs.org/string-convert/-/string-convert-0.2.1.tgz 163ms (cache miss)
600 http fetch GET 200 https://registry.npmjs.org/use-sidecar/-/use-sidecar-1.1.3.tgz 170ms (cache miss)
601 http fetch GET 200 https://registry.npmjs.org/stylis/-/stylis-4.2.0.tgz 177ms (cache miss)
602 http fetch GET 200 https://registry.npmjs.org/victory-vendor/-/victory-vendor-36.9.2.tgz 184ms (cache miss)
603 http fetch GET 200 https://registry.npmjs.org/source-map-js/-/source-map-js-1.2.1.tgz 187ms (cache miss)
604 http fetch GET 200 https://registry.npmjs.org/tailwindcss/-/tailwindcss-4.1.12.tgz 193ms (cache miss)
605 http fetch GET 200 https://registry.npmjs.org/semver/-/semver-6.3.1.tgz 193ms (cache miss)
606 http fetch GET 200 https://registry.npmjs.org/sonner/-/sonner-2.0.3.tgz 196ms (cache miss)
607 http fetch GET 200 https://registry.npmjs.org/scheduler/-/scheduler-0.23.2.tgz 199ms (cache miss)
608 http fetch GET 200 https://registry.npmjs.org/resolve-from/-/resolve-from-4.0.0.tgz 208ms (cache miss)
609 http fetch GET 200 https://registry.npmjs.org/resize-observer-polyfill/-/resize-observer-polyfill-1.5.1.tgz 212ms (cache miss)
610 http fetch GET 200 https://registry.npmjs.org/redux/-/redux-4.2.1.tgz 230ms (cache miss)
611 http fetch GET 200 https://registry.npmjs.org/recharts-scale/-/recharts-scale-0.4.5.tgz 235ms (cache miss)
612 http fetch GET 200 https://registry.npmjs.org/tar/-/tar-7.5.13.tgz 241ms (cache miss)
613 http fetch GET 200 https://registry.npmjs.org/react-transition-group/-/react-transition-group-4.4.5.tgz 241ms (cache miss)
614 http fetch GET 200 https://registry.npmjs.org/react-style-singleton/-/react-style-singleton-2.2.3.tgz 248ms (cache miss)
615 http fetch GET 200 https://registry.npmjs.org/resolve/-/resolve-1.22.12.tgz 250ms (cache miss)
616 http fetch GET 200 https://registry.npmjs.org/react-smooth/-/react-smooth-4.0.4.tgz 254ms (cache miss)
617 http fetch GET 200 https://registry.npmjs.org/source-map/-/source-map-0.5.7.tgz 261ms (cache miss)
618 http fetch GET 200 https://registry.npmjs.org/react-responsive-masonry/-/react-responsive-masonry-2.7.1.tgz 260ms (cache miss)
619 http fetch POST 200 https://registry.npmjs.org/-/npm/v1/security/advisories/bulk 294ms
620 silly audit report {
620 silly audit report   vite: [
620 silly audit report     {
620 silly audit report       id: 1107324,
620 silly audit report       url: 'https://github.com/advisories/GHSA-g4jq-h2w9-997c',
620 silly audit report       title: 'Vite middleware may serve files starting with the same name with the public directory',
620 silly audit report       severity: 'low',
620 silly audit report       vulnerable_versions: '>=6.0.0 <=6.3.5',
620 silly audit report       cwe: [Array],
620 silly audit report       cvss: [Object]
620 silly audit report     },
620 silly audit report     {
620 silly audit report       id: 1107328,
620 silly audit report       url: 'https://github.com/advisories/GHSA-jqfw-vq24-v9c3',
620 silly audit report       title: "Vite's `server.fs` settings were not applied to HTML files",
620 silly audit report       severity: 'low',
620 silly audit report       vulnerable_versions: '>=6.0.0 <=6.3.5',
620 silly audit report       cwe: [Array],
620 silly audit report       cvss: [Object]
620 silly audit report     },
620 silly audit report     {
620 silly audit report       id: 1109135,
620 silly audit report       url: 'https://github.com/advisories/GHSA-93m4-6634-74q7',
620 silly audit report       title: 'vite allows server.fs.deny bypass via backslash on Windows',
620 silly audit report       severity: 'moderate',
620 silly audit report       vulnerable_versions: '>=6.0.0 <=6.4.0',
620 silly audit report       cwe: [Array],
620 silly audit report       cvss: [Object]
620 silly audit report     },
620 silly audit report     {
620 silly audit report       id: 1116229,
620 silly audit report       url: 'https://github.com/advisories/GHSA-4w7w-66w2-5vf9',
620 silly audit report       title: 'Vite Vulnerable to Path Traversal in Optimized Deps `.map` Handling',
620 silly audit report       severity: 'moderate',
620 silly audit report       vulnerable_versions: '<=6.4.1',
620 silly audit report       cwe: [Array],
620 silly audit report       cvss: [Object]
620 silly audit report     },
620 silly audit report     {
620 silly audit report       id: 1116234,
620 silly audit report       url: 'https://github.com/advisories/GHSA-p9ff-h696-f583',
620 silly audit report       title: 'Vite Vulnerable to Arbitrary File Read via Vite Dev Server WebSocket',
620 silly audit report       severity: 'high',
620 silly audit report       vulnerable_versions: '>=6.0.0 <=6.4.1',
620 silly audit report       cwe: [Array],
620 silly audit report       cvss: [Object]
620 silly audit report     }
620 silly audit report   ]
620 silly audit report }
621 silly packumentCache corgi:https://registry.npmjs.org/vite cache-miss
622 http fetch GET 200 https://registry.npmjs.org/react-remove-scroll-bar/-/react-remove-scroll-bar-2.3.8.tgz 269ms (cache miss)
623 http fetch GET 200 https://registry.npmjs.org/react-remove-scroll/-/react-remove-scroll-2.7.2.tgz 278ms (cache miss)
624 http fetch GET 200 https://registry.npmjs.org/react-refresh/-/react-refresh-0.17.0.tgz 284ms (cache miss)
625 http fetch GET 200 https://registry.npmjs.org/react-popper/-/react-popper-2.3.0.tgz 289ms (cache miss)
626 http fetch GET 200 https://registry.npmjs.org/react-is/-/react-is-19.2.5.tgz 292ms (cache miss)
627 http fetch GET 200 https://registry.npmjs.org/set-cookie-parser/-/set-cookie-parser-2.7.2.tgz 301ms (cache miss)
628 http fetch GET 200 https://registry.npmjs.org/react-fast-compare/-/react-fast-compare-3.2.2.tgz 312ms (cache miss)
629 http fetch GET 200 https://registry.npmjs.org/react-dnd-html5-backend/-/react-dnd-html5-backend-16.0.1.tgz 329ms (cache miss)
630 http fetch GET 200 https://registry.npmjs.org/react-dnd/-/react-dnd-16.0.1.tgz 337ms (cache miss)
631 http fetch GET 200 https://registry.npmjs.org/react-slick/-/react-slick-0.31.0.tgz 343ms (cache miss)
632 http fetch GET 200 https://registry.npmjs.org/prop-types/-/prop-types-15.8.1.tgz 387ms (cache miss)
633 http fetch GET 200 https://registry.npmjs.org/picocolors/-/picocolors-1.1.1.tgz 396ms (cache miss)
634 http fetch GET 200 https://registry.npmjs.org/react/-/react-18.3.1.tgz 397ms (cache miss)
635 http fetch GET 200 https://registry.npmjs.org/vite/-/vite-6.3.5.tgz 416ms (cache miss)
636 http fetch GET 200 https://registry.npmjs.org/path-type/-/path-type-4.0.0.tgz 436ms (cache miss)
637 http fetch GET 200 https://registry.npmjs.org/path-parse/-/path-parse-1.0.7.tgz 436ms (cache miss)
638 http fetch GET 200 https://registry.npmjs.org/picomatch/-/picomatch-4.0.4.tgz 437ms (cache miss)
639 http fetch GET 200 https://registry.npmjs.org/parse-json/-/parse-json-5.2.0.tgz 440ms (cache miss)
640 http fetch GET 200 https://registry.npmjs.org/react-resizable-panels/-/react-resizable-panels-2.1.7.tgz 448ms (cache miss)
641 http fetch GET 200 https://registry.npmjs.org/node-releases/-/node-releases-2.0.38.tgz 475ms (cache miss)
642 http fetch GET 200 https://registry.npmjs.org/nanoid/-/nanoid-3.3.11.tgz 476ms (cache miss)
643 http fetch GET 200 https://registry.npmjs.org/parent-module/-/parent-module-1.0.1.tgz 488ms (cache miss)
644 http fetch GET 200 https://registry.npmjs.org/ms/-/ms-2.1.3.tgz 488ms (cache miss)
645 http fetch GET 200 https://registry.npmjs.org/minizlib/-/minizlib-3.1.0.tgz 512ms (cache miss)
646 http fetch GET 200 https://registry.npmjs.org/object-assign/-/object-assign-4.1.1.tgz 513ms (cache miss)
647 http fetch GET 200 https://registry.npmjs.org/motion-utils/-/motion-utils-12.36.0.tgz 516ms (cache miss)
648 http fetch GET 200 https://registry.npmjs.org/next-themes/-/next-themes-0.4.6.tgz 518ms (cache miss)
649 http fetch GET 200 https://registry.npmjs.org/react-hook-form/-/react-hook-form-7.55.0.tgz 541ms (cache miss)
650 http fetch GET 200 https://registry.npmjs.org/react-day-picker/-/react-day-picker-8.10.1.tgz 553ms (cache miss)
651 http fetch GET 200 https://registry.npmjs.org/loose-envify/-/loose-envify-1.4.0.tgz 558ms (cache miss)
652 http fetch GET 200 https://registry.npmjs.org/lodash.debounce/-/lodash.debounce-4.0.8.tgz 588ms (cache miss)
653 http fetch GET 200 https://registry.npmjs.org/magic-string/-/magic-string-0.30.21.tgz 618ms (cache miss)
654 http fetch GET 200 https://registry.npmjs.org/postcss/-/postcss-8.5.10.tgz 628ms (cache miss)
655 http fetch GET 200 https://registry.npmjs.org/minipass/-/minipass-7.1.3.tgz 649ms (cache miss)
656 http fetch GET 200 https://registry.npmjs.org/lines-and-columns/-/lines-and-columns-1.2.4.tgz 649ms (cache miss)
657 http fetch GET 200 https://registry.npmjs.org/motion/-/motion-12.23.24.tgz 652ms (cache miss)
658 http fetch GET 200 https://registry.npmjs.org/rollup/-/rollup-4.60.2.tgz 668ms (cache miss)
659 http fetch GET 200 https://registry.npmjs.org/lru-cache/-/lru-cache-5.1.1.tgz 699ms (cache miss)
660 http fetch GET 200 https://registry.npmjs.org/jsesc/-/jsesc-3.1.0.tgz 707ms (cache miss)
661 http fetch GET 200 https://registry.npmjs.org/json-parse-even-better-errors/-/json-parse-even-better-errors-2.3.1.tgz 706ms (cache miss)
662 http fetch GET 200 https://registry.npmjs.org/js-tokens/-/js-tokens-4.0.0.tgz 715ms (cache miss)
663 http fetch GET 200 https://registry.npmjs.org/json2mq/-/json2mq-0.2.0.tgz 720ms (cache miss)
664 http fetch GET 200 https://registry.npmjs.org/lightningcss/-/lightningcss-1.30.1.tgz 728ms (cache miss)
665 http fetch GET 200 https://registry.npmjs.org/is-core-module/-/is-core-module-2.16.1.tgz 745ms (cache miss)
666 http fetch GET 200 https://registry.npmjs.org/input-otp/-/input-otp-1.4.2.tgz 786ms (cache miss)
667 http fetch GET 200 https://registry.npmjs.org/is-arrayish/-/is-arrayish-0.2.1.tgz 786ms (cache miss)
668 http fetch GET 200 https://registry.npmjs.org/import-fresh/-/import-fresh-3.3.1.tgz 787ms (cache miss)
669 http fetch GET 200 https://registry.npmjs.org/hoist-non-react-statics/-/hoist-non-react-statics-3.3.2.tgz 790ms (cache miss)
670 http fetch GET 200 https://registry.npmjs.org/internmap/-/internmap-2.0.3.tgz 814ms (cache miss)
671 http fetch GET 200 https://registry.npmjs.org/hasown/-/hasown-2.0.3.tgz 817ms (cache miss)
672 http fetch GET 200 https://registry.npmjs.org/graceful-fs/-/graceful-fs-4.2.11.tgz 819ms (cache miss)
673 http fetch GET 200 https://registry.npmjs.org/get-nonce/-/get-nonce-1.0.1.tgz 846ms (cache miss)
674 http fetch GET 200 https://registry.npmjs.org/function-bind/-/function-bind-1.1.2.tgz 852ms (cache miss)
675 http fetch GET 200 https://registry.npmjs.org/json5/-/json5-2.2.3.tgz 853ms (cache miss)
676 http fetch GET 200 https://registry.npmjs.org/fsevents/-/fsevents-2.3.3.tgz 855ms (cache miss)
677 http fetch GET 200 https://registry.npmjs.org/lodash/-/lodash-4.18.1.tgz 900ms (cache miss)
678 http fetch GET 200 https://registry.npmjs.org/fast-deep-equal/-/fast-deep-equal-3.1.3.tgz 908ms (cache miss)
679 http fetch GET 200 https://registry.npmjs.org/eventemitter3/-/eventemitter3-4.0.7.tgz 909ms (cache miss)
680 http fetch GET 200 https://registry.npmjs.org/fdir/-/fdir-6.5.0.tgz 909ms (cache miss)
681 http fetch GET 200 https://registry.npmjs.org/escape-string-regexp/-/escape-string-regexp-4.0.0.tgz 911ms (cache miss)
682 http fetch GET 200 https://registry.npmjs.org/find-root/-/find-root-1.1.0.tgz 913ms (cache miss)
683 http fetch GET 200 https://registry.npmjs.org/fast-equals/-/fast-equals-5.4.0.tgz 921ms (cache miss)
684 http fetch GET 200 https://registry.npmjs.org/escalade/-/escalade-3.2.0.tgz 939ms (cache miss)
685 http fetch GET 200 https://registry.npmjs.org/motion-dom/-/motion-dom-12.38.0.tgz 950ms (cache miss)
686 http fetch GET 200 https://registry.npmjs.org/es-errors/-/es-errors-1.3.0.tgz 950ms (cache miss)
687 http fetch GET 200 https://registry.npmjs.org/esbuild/-/esbuild-0.25.12.tgz 960ms (cache miss)
688 http fetch GET 200 https://registry.npmjs.org/embla-carousel-react/-/embla-carousel-react-8.6.0.tgz 972ms (cache miss)
689 http fetch GET 200 https://registry.npmjs.org/error-ex/-/error-ex-1.3.4.tgz 975ms (cache miss)
690 http fetch GET 200 https://registry.npmjs.org/jiti/-/jiti-2.6.1.tgz 981ms (cache miss)
691 http fetch GET 200 https://registry.npmjs.org/gensync/-/gensync-1.0.0-beta.2.tgz 981ms (cache miss)
692 http fetch GET 200 https://registry.npmjs.org/recharts/-/recharts-2.15.2.tgz 992ms (cache miss)
693 http fetch GET 200 https://registry.npmjs.org/enhanced-resolve/-/enhanced-resolve-5.20.1.tgz 991ms (cache miss)
694 http fetch GET 200 https://registry.npmjs.org/electron-to-chromium/-/electron-to-chromium-1.5.343.tgz 1006ms (cache miss)
695 http fetch GET 200 https://registry.npmjs.org/detect-libc/-/detect-libc-2.1.2.tgz 1032ms (cache miss)
696 http fetch GET 200 https://registry.npmjs.org/detect-node-es/-/detect-node-es-1.1.0.tgz 1032ms (cache miss)
697 http fetch GET 200 https://registry.npmjs.org/dnd-core/-/dnd-core-16.0.1.tgz 1033ms (cache miss)
698 http fetch GET 200 https://registry.npmjs.org/embla-carousel-reactive-utils/-/embla-carousel-reactive-utils-8.6.0.tgz 1033ms (cache miss)
699 http fetch GET 200 https://registry.npmjs.org/react-router/-/react-router-7.13.0.tgz 1045ms (cache miss)
700 http fetch GET 200 https://registry.npmjs.org/debug/-/debug-4.4.3.tgz 1039ms (cache miss)
701 http fetch GET 200 https://registry.npmjs.org/embla-carousel/-/embla-carousel-8.6.0.tgz 1047ms (cache miss)
702 http fetch GET 200 https://registry.npmjs.org/d3-time/-/d3-time-3.1.0.tgz 1048ms (cache miss)
703 http fetch GET 200 https://registry.npmjs.org/decimal.js-light/-/decimal.js-light-2.5.1.tgz 1053ms (cache miss)
704 http fetch GET 200 https://registry.npmjs.org/d3-path/-/d3-path-3.1.0.tgz 1055ms (cache miss)
705 http fetch GET 200 https://registry.npmjs.org/dom-helpers/-/dom-helpers-5.2.1.tgz 1067ms (cache miss)
706 http fetch GET 200 https://registry.npmjs.org/d3-timer/-/d3-timer-3.0.1.tgz 1095ms (cache miss)
707 http fetch GET 200 https://registry.npmjs.org/cosmiconfig/-/cosmiconfig-7.1.0.tgz 1100ms (cache miss)
708 http fetch GET 200 https://registry.npmjs.org/d3-scale/-/d3-scale-4.0.2.tgz 1104ms (cache miss)
709 http fetch GET 200 https://registry.npmjs.org/d3-interpolate/-/d3-interpolate-3.0.1.tgz 1104ms (cache miss)
710 http fetch GET 200 https://registry.npmjs.org/d3-ease/-/d3-ease-3.0.1.tgz 1111ms (cache miss)
711 http fetch GET 200 https://registry.npmjs.org/d3-shape/-/d3-shape-3.2.0.tgz 1113ms (cache miss)
712 http fetch GET 200 https://registry.npmjs.org/cookie/-/cookie-1.1.1.tgz 1115ms (cache miss)
713 http fetch GET 200 https://registry.npmjs.org/d3-format/-/d3-format-3.1.2.tgz 1118ms (cache miss)
714 http fetch GET 200 https://registry.npmjs.org/d3-color/-/d3-color-3.1.0.tgz 1119ms (cache miss)
715 http fetch GET 200 https://registry.npmjs.org/cmdk/-/cmdk-1.1.1.tgz 1161ms (cache miss)
716 http fetch GET 200 https://registry.npmjs.org/clsx/-/clsx-2.1.1.tgz 1162ms (cache miss)
717 http fetch GET 200 https://registry.npmjs.org/d3-array/-/d3-array-3.2.4.tgz 1163ms (cache miss)
718 http fetch GET 200 https://registry.npmjs.org/classnames/-/classnames-2.5.1.tgz 1179ms (cache miss)
719 http fetch GET 200 https://registry.npmjs.org/callsites/-/callsites-3.1.0.tgz 1188ms (cache miss)
720 http fetch GET 200 https://registry.npmjs.org/class-variance-authority/-/class-variance-authority-0.7.1.tgz 1188ms (cache miss)
721 http fetch GET 200 https://registry.npmjs.org/browserslist/-/browserslist-4.28.2.tgz 1188ms (cache miss)
722 http fetch GET 200 https://registry.npmjs.org/canvas-confetti/-/canvas-confetti-1.9.4.tgz 1188ms (cache miss)
723 http fetch GET 200 https://registry.npmjs.org/react-dom/-/react-dom-18.3.1.tgz 1201ms (cache miss)
724 http fetch GET 200 https://registry.npmjs.org/csstype/-/csstype-3.2.3.tgz 1206ms (cache miss)
725 http fetch GET 200 https://registry.npmjs.org/chownr/-/chownr-3.0.0.tgz 1207ms (cache miss)
726 http fetch GET 200 https://registry.npmjs.org/d3-time-format/-/d3-time-format-4.1.0.tgz 1210ms (cache miss)
727 http fetch GET 200 https://registry.npmjs.org/baseline-browser-mapping/-/baseline-browser-mapping-2.10.20.tgz 1225ms (cache miss)
728 http fetch GET 200 https://registry.npmjs.org/convert-source-map/-/convert-source-map-1.9.0.tgz 1237ms (cache miss)
729 http fetch GET 200 https://registry.npmjs.org/babel-plugin-macros/-/babel-plugin-macros-3.1.0.tgz 1245ms (cache miss)
730 http fetch GET 200 https://registry.npmjs.org/@types/parse-json/-/parse-json-4.0.2.tgz 1248ms (cache miss)
731 http fetch GET 200 https://registry.npmjs.org/aria-hidden/-/aria-hidden-1.2.6.tgz 1252ms (cache miss)
732 http fetch GET 200 https://registry.npmjs.org/@types/react-transition-group/-/react-transition-group-4.4.12.tgz 1252ms (cache miss)
733 http fetch GET 200 https://registry.npmjs.org/@types/prop-types/-/prop-types-15.7.15.tgz 1252ms (cache miss)
734 http fetch GET 200 https://registry.npmjs.org/@types/d3-time/-/d3-time-3.0.4.tgz 1255ms (cache miss)
735 http fetch GET 200 https://registry.npmjs.org/@vitejs/plugin-react/-/plugin-react-4.7.0.tgz 1259ms (cache miss)
736 http fetch GET 200 https://registry.npmjs.org/@types/d3-shape/-/d3-shape-3.1.8.tgz 1260ms (cache miss)
737 http fetch GET 200 https://registry.npmjs.org/@types/d3-timer/-/d3-timer-3.0.2.tgz 1273ms (cache miss)
738 http fetch GET 200 https://registry.npmjs.org/@types/estree/-/estree-1.0.8.tgz 1284ms (cache miss)
739 http fetch GET 200 https://registry.npmjs.org/@types/d3-path/-/d3-path-3.1.1.tgz 1292ms (cache miss)
740 http fetch GET 200 https://registry.npmjs.org/@types/d3-color/-/d3-color-3.1.3.tgz 1295ms (cache miss)
741 http fetch GET 200 https://registry.npmjs.org/@types/d3-ease/-/d3-ease-3.0.2.tgz 1299ms (cache miss)
742 http fetch GET 200 https://registry.npmjs.org/@types/babel__template/-/babel__template-7.4.4.tgz 1309ms (cache miss)
743 http fetch GET 200 https://registry.npmjs.org/@types/d3-scale/-/d3-scale-4.0.9.tgz 1310ms (cache miss)
744 http fetch GET 200 https://registry.npmjs.org/@types/d3-interpolate/-/d3-interpolate-3.0.4.tgz 1312ms (cache miss)
745 http fetch GET 200 https://registry.npmjs.org/@types/d3-array/-/d3-array-3.2.2.tgz 1322ms (cache miss)
746 http fetch GET 200 https://registry.npmjs.org/@tailwindcss/vite/-/vite-4.1.12.tgz 1335ms (cache miss)
747 http fetch GET 200 https://registry.npmjs.org/@types/babel__core/-/babel__core-7.20.5.tgz 1344ms (cache miss)
748 http fetch GET 200 https://registry.npmjs.org/@types/react/-/react-19.2.14.tgz 1348ms (cache miss)
749 http fetch GET 200 https://registry.npmjs.org/caniuse-lite/-/caniuse-lite-1.0.30001790.tgz 1371ms (cache miss)
750 http fetch GET 200 https://registry.npmjs.org/@types/babel__generator/-/babel__generator-7.27.0.tgz 1377ms (cache miss)
751 http fetch GET 200 https://registry.npmjs.org/@rolldown/pluginutils/-/pluginutils-1.0.0-beta.27.tgz 1389ms (cache miss)
752 http fetch GET 200 https://registry.npmjs.org/@tailwindcss/oxide/-/oxide-4.1.12.tgz 1394ms (cache miss)
753 http fetch GET 200 https://registry.npmjs.org/@types/babel__traverse/-/babel__traverse-7.28.0.tgz 1404ms (cache miss)
754 http fetch GET 200 https://registry.npmjs.org/@react-dnd/asap/-/asap-5.0.2.tgz 1406ms (cache miss)
755 http fetch GET 200 https://registry.npmjs.org/@react-dnd/invariant/-/invariant-4.0.2.tgz 1409ms (cache miss)
756 http fetch GET 200 https://registry.npmjs.org/@tailwindcss/node/-/node-4.1.12.tgz 1409ms (cache miss)
757 http fetch GET 200 https://registry.npmjs.org/@react-dnd/shallowequal/-/shallowequal-4.0.2.tgz 1414ms (cache miss)
758 http fetch GET 200 https://registry.npmjs.org/@radix-ui/react-use-size/-/react-use-size-1.1.0.tgz 1458ms (cache miss)
759 http fetch GET 200 https://registry.npmjs.org/@radix-ui/react-use-previous/-/react-use-previous-1.1.0.tgz 1466ms (cache miss)
760 http fetch GET 200 https://registry.npmjs.org/@radix-ui/react-use-rect/-/react-use-rect-1.1.0.tgz 1478ms (cache miss)
761 http fetch GET 200 https://registry.npmjs.org/@radix-ui/react-use-escape-keydown/-/react-use-escape-keydown-1.1.0.tgz 1482ms (cache miss)
762 http fetch GET 200 https://registry.npmjs.org/@radix-ui/react-use-layout-effect/-/react-use-layout-effect-1.1.0.tgz 1483ms (cache miss)
763 http fetch GET 200 https://registry.npmjs.org/@radix-ui/react-use-controllable-state/-/react-use-controllable-state-1.1.0.tgz 1484ms (cache miss)
764 http fetch GET 200 https://registry.npmjs.org/@radix-ui/react-tooltip/-/react-tooltip-1.1.8.tgz 1492ms (cache miss)
765 http fetch GET 200 https://registry.npmjs.org/@radix-ui/rect/-/rect-1.1.0.tgz 1496ms (cache miss)
766 http fetch GET 200 https://registry.npmjs.org/@radix-ui/react-toggle/-/react-toggle-1.1.2.tgz 1524ms (cache miss)
767 http fetch GET 200 https://registry.npmjs.org/@radix-ui/react-use-callback-ref/-/react-use-callback-ref-1.1.0.tgz 1539ms (cache miss)
768 http fetch GET 200 https://registry.npmjs.org/@radix-ui/react-slot/-/react-slot-1.1.2.tgz 1558ms (cache miss)
769 http fetch GET 200 https://registry.npmjs.org/@radix-ui/react-switch/-/react-switch-1.1.3.tgz 1567ms (cache miss)
770 http fetch GET 200 https://registry.npmjs.org/@radix-ui/react-visually-hidden/-/react-visually-hidden-1.1.2.tgz 1607ms (cache miss)
771 http fetch GET 200 https://registry.npmjs.org/framer-motion/-/framer-motion-12.38.0.tgz 1619ms (cache miss)
772 http fetch GET 200 https://registry.npmjs.org/@radix-ui/react-progress/-/react-progress-1.1.2.tgz 1644ms (cache miss)
773 http fetch GET 200 https://registry.npmjs.org/@rollup/rollup-darwin-arm64/-/rollup-darwin-arm64-4.60.2.tgz 1674ms (cache miss)
774 http fetch GET 200 https://registry.npmjs.org/@radix-ui/react-presence/-/react-presence-1.1.2.tgz 1696ms (cache miss)
775 http fetch GET 200 https://registry.npmjs.org/@radix-ui/react-tabs/-/react-tabs-1.1.3.tgz 1697ms (cache miss)
776 http fetch GET 200 https://registry.npmjs.org/@radix-ui/react-primitive/-/react-primitive-2.0.2.tgz 1725ms (cache miss)
777 http fetch GET 200 https://registry.npmjs.org/@radix-ui/react-scroll-area/-/react-scroll-area-1.2.3.tgz 1739ms (cache miss)
778 http fetch GET 200 https://registry.npmjs.org/@radix-ui/react-toggle-group/-/react-toggle-group-1.1.2.tgz 1739ms (cache miss)
779 http fetch GET 200 https://registry.npmjs.org/@radix-ui/react-popper/-/react-popper-1.2.2.tgz 1742ms (cache miss)
780 http fetch GET 200 https://registry.npmjs.org/@radix-ui/react-popover/-/react-popover-1.1.6.tgz 1747ms (cache miss)
781 http fetch GET 200 https://registry.npmjs.org/@radix-ui/react-slider/-/react-slider-1.2.3.tgz 1779ms (cache miss)
782 http fetch GET 200 https://registry.npmjs.org/@tailwindcss/oxide-darwin-arm64/-/oxide-darwin-arm64-4.1.12.tgz 1787ms (cache miss)
783 http fetch GET 200 https://registry.npmjs.org/@radix-ui/react-roving-focus/-/react-roving-focus-1.1.2.tgz 1794ms (cache miss)
784 http fetch GET 200 https://registry.npmjs.org/@radix-ui/react-radio-group/-/react-radio-group-1.2.3.tgz 1811ms (cache miss)
785 http fetch GET 200 https://registry.npmjs.org/@radix-ui/react-menu/-/react-menu-2.1.6.tgz 1818ms (cache miss)
786 http fetch GET 200 https://registry.npmjs.org/@radix-ui/react-label/-/react-label-2.1.2.tgz 1839ms (cache miss)
787 http fetch GET 200 https://registry.npmjs.org/@radix-ui/react-select/-/react-select-2.1.6.tgz 1842ms (cache miss)
788 http fetch GET 200 https://registry.npmjs.org/@radix-ui/react-focus-guards/-/react-focus-guards-1.1.1.tgz 1846ms (cache miss)
789 http fetch GET 200 https://registry.npmjs.org/@radix-ui/react-id/-/react-id-1.1.0.tgz 1846ms (cache miss)
790 http fetch GET 200 https://registry.npmjs.org/@radix-ui/react-direction/-/react-direction-1.1.0.tgz 1870ms (cache miss)
791 http fetch GET 200 https://registry.npmjs.org/@radix-ui/react-dialog/-/react-dialog-1.1.6.tgz 1884ms (cache miss)
792 http fetch GET 200 https://registry.npmjs.org/@radix-ui/react-context/-/react-context-1.1.1.tgz 1888ms (cache miss)
793 http fetch GET 200 https://registry.npmjs.org/@radix-ui/react-dismissable-layer/-/react-dismissable-layer-1.1.5.tgz 1892ms (cache miss)
794 http fetch GET 200 https://registry.npmjs.org/lucide-react/-/lucide-react-0.487.0.tgz 1916ms (cache miss)
795 http fetch GET 200 https://registry.npmjs.org/@radix-ui/react-portal/-/react-portal-1.1.4.tgz 1902ms (cache miss)
796 http fetch GET 200 https://registry.npmjs.org/@radix-ui/react-collapsible/-/react-collapsible-1.1.3.tgz 1911ms (cache miss)
797 http fetch GET 200 https://registry.npmjs.org/lightningcss-darwin-arm64/-/lightningcss-darwin-arm64-1.30.1.tgz 1939ms (cache miss)
798 http fetch GET 200 https://registry.npmjs.org/@radix-ui/react-checkbox/-/react-checkbox-1.1.4.tgz 1925ms (cache miss)
799 http fetch GET 200 https://registry.npmjs.org/@radix-ui/react-compose-refs/-/react-compose-refs-1.1.1.tgz 1927ms (cache miss)
800 http fetch GET 200 https://registry.npmjs.org/@radix-ui/react-arrow/-/react-arrow-1.1.2.tgz 1928ms (cache miss)
801 http fetch GET 200 https://registry.npmjs.org/@radix-ui/react-avatar/-/react-avatar-1.1.3.tgz 1936ms (cache miss)
802 http fetch GET 200 https://registry.npmjs.org/@radix-ui/react-aspect-ratio/-/react-aspect-ratio-1.1.2.tgz 1942ms (cache miss)
803 http fetch GET 200 https://registry.npmjs.org/@radix-ui/react-collection/-/react-collection-1.1.2.tgz 1958ms (cache miss)
804 http fetch GET 200 https://registry.npmjs.org/@radix-ui/react-focus-scope/-/react-focus-scope-1.1.2.tgz 1963ms (cache miss)
805 http fetch GET 200 https://registry.npmjs.org/@radix-ui/primitive/-/primitive-1.1.1.tgz 1966ms (cache miss)
806 http fetch GET 200 https://registry.npmjs.org/@radix-ui/react-navigation-menu/-/react-navigation-menu-1.2.5.tgz 1969ms (cache miss)
807 http fetch GET 200 https://registry.npmjs.org/@radix-ui/number/-/number-1.1.0.tgz 1968ms (cache miss)
808 http fetch GET 200 https://registry.npmjs.org/@radix-ui/react-hover-card/-/react-hover-card-1.1.6.tgz 1976ms (cache miss)
809 http fetch GET 200 https://registry.npmjs.org/@radix-ui/react-alert-dialog/-/react-alert-dialog-1.1.6.tgz 1975ms (cache miss)
810 http fetch GET 200 https://registry.npmjs.org/@mui/types/-/types-7.4.12.tgz 1995ms (cache miss)
811 http fetch GET 200 https://registry.npmjs.org/@mui/core-downloads-tracker/-/core-downloads-tracker-7.3.10.tgz 2012ms (cache miss)
812 http fetch GET 200 https://registry.npmjs.org/@jridgewell/resolve-uri/-/resolve-uri-3.1.2.tgz 2023ms (cache miss)
813 http fetch GET 200 https://registry.npmjs.org/@mui/styled-engine/-/styled-engine-7.3.10.tgz 2028ms (cache miss)
814 http fetch GET 200 https://registry.npmjs.org/@mui/private-theming/-/private-theming-7.3.10.tgz 2028ms (cache miss)
815 http fetch GET 200 https://registry.npmjs.org/@jridgewell/trace-mapping/-/trace-mapping-0.3.31.tgz 2035ms (cache miss)
816 http fetch GET 200 https://registry.npmjs.org/@radix-ui/react-separator/-/react-separator-1.1.2.tgz 2051ms (cache miss)
817 http fetch GET 200 https://registry.npmjs.org/@radix-ui/react-context-menu/-/react-context-menu-2.2.6.tgz 2055ms (cache miss)
818 http fetch GET 200 https://registry.npmjs.org/@jridgewell/sourcemap-codec/-/sourcemap-codec-1.5.5.tgz 2062ms (cache miss)
819 http fetch GET 200 https://registry.npmjs.org/@radix-ui/react-dropdown-menu/-/react-dropdown-menu-2.1.6.tgz 2072ms (cache miss)
820 http fetch GET 200 https://registry.npmjs.org/@isaacs/fs-minipass/-/fs-minipass-4.0.1.tgz 2069ms (cache miss)
821 http fetch GET 200 https://registry.npmjs.org/@floating-ui/react-dom/-/react-dom-2.1.8.tgz 2071ms (cache miss)
822 http fetch GET 200 https://registry.npmjs.org/@floating-ui/core/-/core-1.7.5.tgz 2075ms (cache miss)
823 http fetch GET 200 https://registry.npmjs.org/@jridgewell/remapping/-/remapping-2.3.5.tgz 2077ms (cache miss)
824 http fetch GET 200 https://registry.npmjs.org/@mui/utils/-/utils-7.3.10.tgz 2095ms (cache miss)
825 http fetch GET 200 https://registry.npmjs.org/@emotion/weak-memoize/-/weak-memoize-0.4.0.tgz 2112ms (cache miss)
826 http fetch GET 200 https://registry.npmjs.org/@floating-ui/utils/-/utils-0.2.11.tgz 2114ms (cache miss)
827 http fetch GET 200 https://registry.npmjs.org/@floating-ui/dom/-/dom-1.7.6.tgz 2116ms (cache miss)
828 http fetch GET 200 https://registry.npmjs.org/@jridgewell/gen-mapping/-/gen-mapping-0.3.13.tgz 2125ms (cache miss)
829 http fetch GET 200 https://registry.npmjs.org/@emotion/utils/-/utils-1.4.2.tgz 2126ms (cache miss)
830 http fetch GET 200 https://registry.npmjs.org/@emotion/unitless/-/unitless-0.10.0.tgz 2132ms (cache miss)
831 http fetch GET 200 https://registry.npmjs.org/@emotion/sheet/-/sheet-1.4.0.tgz 2150ms (cache miss)
832 http fetch GET 200 https://registry.npmjs.org/@mui/system/-/system-7.3.10.tgz 2164ms (cache miss)
833 http fetch GET 200 https://registry.npmjs.org/@emotion/styled/-/styled-11.14.1.tgz 2163ms (cache miss)
834 http fetch GET 200 https://registry.npmjs.org/@emotion/memoize/-/memoize-0.9.0.tgz 2191ms (cache miss)
835 http fetch GET 200 https://registry.npmjs.org/@emotion/hash/-/hash-0.9.2.tgz 2191ms (cache miss)
836 http fetch GET 200 https://registry.npmjs.org/@emotion/use-insertion-effect-with-fallbacks/-/use-insertion-effect-with-fallbacks-1.2.0.tgz 2191ms (cache miss)
837 http fetch GET 200 https://registry.npmjs.org/@emotion/serialize/-/serialize-1.3.3.tgz 2197ms (cache miss)
838 http fetch GET 200 https://registry.npmjs.org/@radix-ui/react-accordion/-/react-accordion-1.2.3.tgz 2210ms (cache miss)
839 http fetch GET 200 https://registry.npmjs.org/@babel/template/-/template-7.28.6.tgz 2213ms (cache miss)
840 http fetch GET 200 https://registry.npmjs.org/@emotion/babel-plugin/-/babel-plugin-11.13.5.tgz 2217ms (cache miss)
841 http fetch GET 200 https://registry.npmjs.org/@emotion/cache/-/cache-11.14.0.tgz 2223ms (cache miss)
842 http fetch GET 200 https://registry.npmjs.org/@babel/plugin-transform-react-jsx-source/-/plugin-transform-react-jsx-source-7.27.1.tgz 2259ms (cache miss)
843 http fetch GET 200 https://registry.npmjs.org/@babel/traverse/-/traverse-7.29.0.tgz 2264ms (cache miss)
844 http fetch GET 200 https://registry.npmjs.org/@babel/helper-string-parser/-/helper-string-parser-7.27.1.tgz 2269ms (cache miss)
845 http fetch GET 200 https://registry.npmjs.org/@popperjs/core/-/core-2.11.8.tgz 2289ms (cache miss)
846 http fetch GET 200 https://registry.npmjs.org/@emotion/is-prop-valid/-/is-prop-valid-1.4.0.tgz 2313ms (cache miss)
847 http fetch GET 200 https://registry.npmjs.org/@babel/helper-plugin-utils/-/helper-plugin-utils-7.28.6.tgz 2312ms (cache miss)
848 http fetch GET 200 https://registry.npmjs.org/@babel/helper-validator-option/-/helper-validator-option-7.27.1.tgz 2313ms (cache miss)
849 http fetch GET 200 https://registry.npmjs.org/@babel/helper-validator-identifier/-/helper-validator-identifier-7.28.5.tgz 2320ms (cache miss)
850 http fetch GET 200 https://registry.npmjs.org/@emotion/react/-/react-11.14.0.tgz 2352ms (cache miss)
851 http fetch GET 200 https://registry.npmjs.org/@radix-ui/react-menubar/-/react-menubar-1.1.6.tgz 2381ms (cache miss)
852 http fetch GET 200 https://registry.npmjs.org/@babel/plugin-transform-react-jsx-self/-/plugin-transform-react-jsx-self-7.27.1.tgz 2376ms (cache miss)
853 http fetch GET 200 https://registry.npmjs.org/@babel/helper-globals/-/helper-globals-7.28.0.tgz 2376ms (cache miss)
854 http fetch GET 200 https://registry.npmjs.org/@babel/helper-module-transforms/-/helper-module-transforms-7.28.6.tgz 2379ms (cache miss)
855 http fetch GET 200 https://registry.npmjs.org/@babel/runtime/-/runtime-7.29.2.tgz 2382ms (cache miss)
856 http fetch GET 200 https://registry.npmjs.org/@babel/helper-module-imports/-/helper-module-imports-7.28.6.tgz 2422ms (cache miss)
857 http fetch GET 200 https://registry.npmjs.org/@babel/compat-data/-/compat-data-7.29.0.tgz 2422ms (cache miss)
858 http fetch GET 200 https://registry.npmjs.org/@babel/helper-compilation-targets/-/helper-compilation-targets-7.28.6.tgz 2431ms (cache miss)
859 http fetch GET 200 https://registry.npmjs.org/@babel/code-frame/-/code-frame-7.29.0.tgz 2466ms (cache miss)
860 http fetch GET 200 https://registry.npmjs.org/yallist/-/yallist-5.0.0.tgz 2542ms (cache miss)
861 http fetch GET 200 https://registry.npmjs.org/convert-source-map/-/convert-source-map-2.0.0.tgz 2553ms (cache miss)
862 http fetch GET 200 https://registry.npmjs.org/react-is/-/react-is-16.13.1.tgz 2555ms (cache miss)
863 http fetch GET 200 https://registry.npmjs.org/react-is/-/react-is-18.3.1.tgz 2555ms (cache miss)
864 http fetch GET 200 https://registry.npmjs.org/react-is/-/react-is-16.13.1.tgz 2556ms (cache miss)
865 http fetch GET 200 https://registry.npmjs.org/@babel/core/-/core-7.29.0.tgz 2607ms (cache miss)
866 http fetch GET 200 https://registry.npmjs.org/@babel/generator/-/generator-7.29.1.tgz 2632ms (cache miss)
867 http fetch GET 200 https://registry.npmjs.org/@babel/types/-/types-7.29.0.tgz 2647ms (cache miss)
868 http fetch GET 200 https://registry.npmjs.org/yaml/-/yaml-1.10.3.tgz 2676ms (cache miss)
869 http fetch GET 200 https://registry.npmjs.org/vite 2482ms (cache miss)
870 silly packumentCache corgi:https://registry.npmjs.org/vite set size:undefined disposed:false
871 silly packumentCache corgi:https://registry.npmjs.org/@tailwindcss%2fvite cache-miss
872 silly packumentCache corgi:https://registry.npmjs.org/@vitejs%2fplugin-react cache-miss
873 http fetch GET 200 https://registry.npmjs.org/@babel/parser/-/parser-7.29.2.tgz 2770ms (cache miss)
874 http fetch GET 200 https://registry.npmjs.org/@babel/helpers/-/helpers-7.29.2.tgz 2790ms (cache miss)
875 http fetch GET 200 https://registry.npmjs.org/@mui/material/-/material-7.3.5.tgz 2806ms (cache miss)
876 http fetch GET 200 https://registry.npmjs.org/@vitejs%2fplugin-react 57ms (cache miss)
877 silly packumentCache corgi:https://registry.npmjs.org/@vitejs%2fplugin-react set size:undefined disposed:false
878 http fetch GET 200 https://registry.npmjs.org/@tailwindcss%2fvite 115ms (cache miss)
879 silly packumentCache corgi:https://registry.npmjs.org/@tailwindcss%2fvite set size:undefined disposed:false
880 http fetch GET 200 https://registry.npmjs.org/date-fns/-/date-fns-3.6.0.tgz 2930ms (cache miss)
881 http fetch GET 200 https://registry.npmjs.org/@esbuild/darwin-arm64/-/darwin-arm64-0.25.12.tgz 3068ms (cache miss)
882 http fetch GET 200 https://registry.npmjs.org/@mui/icons-material/-/icons-material-7.3.5.tgz 4997ms (cache miss)
883 info run @tailwindcss/oxide@4.1.12 postinstall node_modules/@tailwindcss/oxide node ./scripts/install.js
884 info run esbuild@0.25.12 postinstall node_modules/esbuild node install.js
885 info run @tailwindcss/oxide@4.1.12 postinstall { code: 0, signal: null }
886 info run esbuild@0.25.12 postinstall { code: 0, signal: null }
887 silly ADD node_modules/yallist
888 silly ADD node_modules/warning
889 silly ADD node_modules/vite
890 silly ADD node_modules/victory-vendor
891 silly ADD node_modules/vaul
892 silly ADD node_modules/use-sidecar
893 silly ADD node_modules/use-callback-ref
894 silly ADD node_modules/update-browserslist-db
895 silly ADD node_modules/tw-animate-css
896 silly ADD node_modules/tslib
897 silly ADD node_modules/tinyglobby
898 silly ADD node_modules/tiny-invariant
899 silly ADD node_modules/tar
900 silly ADD node_modules/tar/node_modules/yallist
901 silly ADD node_modules/tapable
902 silly ADD node_modules/tailwindcss
903 silly ADD node_modules/tailwind-merge
904 silly ADD node_modules/supports-preserve-symlinks-flag
905 silly ADD node_modules/stylis
906 silly ADD node_modules/string-convert
907 silly ADD node_modules/source-map-js
908 silly ADD node_modules/source-map
909 silly ADD node_modules/sonner
910 silly ADD node_modules/set-cookie-parser
911 silly ADD node_modules/semver
912 silly ADD node_modules/scheduler
913 silly ADD node_modules/rollup
914 silly ADD node_modules/resolve-from
915 silly ADD node_modules/resolve
916 silly ADD node_modules/resize-observer-polyfill
917 silly ADD node_modules/redux
918 silly ADD node_modules/recharts-scale
919 silly ADD node_modules/recharts
920 silly ADD node_modules/recharts/node_modules/react-is
921 silly ADD node_modules/react-transition-group
922 silly ADD node_modules/react-style-singleton
923 silly ADD node_modules/react-smooth
924 silly ADD node_modules/react-slick
925 silly ADD node_modules/react-router
926 silly ADD node_modules/react-responsive-masonry
927 silly ADD node_modules/react-resizable-panels
928 silly ADD node_modules/react-remove-scroll-bar
929 silly ADD node_modules/react-remove-scroll
930 silly ADD node_modules/react-refresh
931 silly ADD node_modules/react-popper
932 silly ADD node_modules/react-is
933 silly ADD node_modules/react-hook-form
934 silly ADD node_modules/react-fast-compare
935 silly ADD node_modules/react-dom
936 silly ADD node_modules/react-dnd-html5-backend
937 silly ADD node_modules/react-dnd
938 silly ADD node_modules/react-day-picker
939 silly ADD node_modules/react
940 silly ADD node_modules/prop-types
941 silly ADD node_modules/prop-types/node_modules/react-is
942 silly ADD node_modules/postcss
943 silly ADD node_modules/picomatch
944 silly ADD node_modules/picocolors
945 silly ADD node_modules/path-type
946 silly ADD node_modules/path-parse
947 silly ADD node_modules/parse-json
948 silly ADD node_modules/parent-module
949 silly ADD node_modules/object-assign
950 silly ADD node_modules/node-releases
951 silly ADD node_modules/next-themes
952 silly ADD node_modules/nanoid
953 silly ADD node_modules/ms
954 silly ADD node_modules/motion-utils
955 silly ADD node_modules/motion-dom
956 silly ADD node_modules/motion
957 silly ADD node_modules/minizlib
958 silly ADD node_modules/minipass
959 silly ADD node_modules/magic-string
960 silly ADD node_modules/lucide-react
961 silly ADD node_modules/lru-cache
962 silly ADD node_modules/loose-envify
963 silly ADD node_modules/lodash.debounce
964 silly ADD node_modules/lodash
965 silly ADD node_modules/lines-and-columns
966 silly ADD node_modules/lightningcss-darwin-arm64
967 silly ADD node_modules/lightningcss
968 silly ADD node_modules/json5
969 silly ADD node_modules/json2mq
970 silly ADD node_modules/json-parse-even-better-errors
971 silly ADD node_modules/jsesc
972 silly ADD node_modules/js-tokens
973 silly ADD node_modules/jiti
974 silly ADD node_modules/is-core-module
975 silly ADD node_modules/is-arrayish
976 silly ADD node_modules/internmap
977 silly ADD node_modules/input-otp
978 silly ADD node_modules/import-fresh
979 silly ADD node_modules/hoist-non-react-statics
980 silly ADD node_modules/hoist-non-react-statics/node_modules/react-is
981 silly ADD node_modules/hasown
982 silly ADD node_modules/graceful-fs
983 silly ADD node_modules/get-nonce
984 silly ADD node_modules/gensync
985 silly ADD node_modules/function-bind
986 silly ADD node_modules/fsevents
987 silly ADD node_modules/framer-motion
988 silly ADD node_modules/find-root
989 silly ADD node_modules/fdir
990 silly ADD node_modules/fast-equals
991 silly ADD node_modules/fast-deep-equal
992 silly ADD node_modules/eventemitter3
993 silly ADD node_modules/escape-string-regexp
994 silly ADD node_modules/escalade
995 silly ADD node_modules/esbuild
996 silly ADD node_modules/es-errors
997 silly ADD node_modules/error-ex
998 silly ADD node_modules/enhanced-resolve
999 silly ADD node_modules/embla-carousel-reactive-utils
1000 silly ADD node_modules/embla-carousel-react
1001 silly ADD node_modules/embla-carousel
1002 silly ADD node_modules/electron-to-chromium
1003 silly ADD node_modules/dom-helpers
1004 silly ADD node_modules/dnd-core
1005 silly ADD node_modules/detect-node-es
1006 silly ADD node_modules/detect-libc
1007 silly ADD node_modules/decimal.js-light
1008 silly ADD node_modules/debug
1009 silly ADD node_modules/date-fns
1010 silly ADD node_modules/d3-timer
1011 silly ADD node_modules/d3-time-format
1012 silly ADD node_modules/d3-time
1013 silly ADD node_modules/d3-shape
1014 silly ADD node_modules/d3-scale
1015 silly ADD node_modules/d3-path
1016 silly ADD node_modules/d3-interpolate
1017 silly ADD node_modules/d3-format
1018 silly ADD node_modules/d3-ease
1019 silly ADD node_modules/d3-color
1020 silly ADD node_modules/d3-array
1021 silly ADD node_modules/csstype
1022 silly ADD node_modules/cosmiconfig
1023 silly ADD node_modules/cosmiconfig/node_modules/yaml
1024 silly ADD node_modules/cookie
1025 silly ADD node_modules/convert-source-map
1026 silly ADD node_modules/cmdk
1027 silly ADD node_modules/clsx
1028 silly ADD node_modules/classnames
1029 silly ADD node_modules/class-variance-authority
1030 silly ADD node_modules/chownr
1031 silly ADD node_modules/canvas-confetti
1032 silly ADD node_modules/caniuse-lite
1033 silly ADD node_modules/callsites
1034 silly ADD node_modules/browserslist
1035 silly ADD node_modules/baseline-browser-mapping
1036 silly ADD node_modules/babel-plugin-macros
1037 silly ADD node_modules/aria-hidden
1038 silly ADD node_modules/@vitejs/plugin-react
1039 silly ADD node_modules/@types/react-transition-group
1040 silly ADD node_modules/@types/react
1041 silly ADD node_modules/@types/prop-types
1042 silly ADD node_modules/@types/parse-json
1043 silly ADD node_modules/@types/estree
1044 silly ADD node_modules/@types/d3-timer
1045 silly ADD node_modules/@types/d3-time
1046 silly ADD node_modules/@types/d3-shape
1047 silly ADD node_modules/@types/d3-scale
1048 silly ADD node_modules/@types/d3-path
1049 silly ADD node_modules/@types/d3-interpolate
1050 silly ADD node_modules/@types/d3-ease
1051 silly ADD node_modules/@types/d3-color
1052 silly ADD node_modules/@types/d3-array
1053 silly ADD node_modules/@types/babel__traverse
1054 silly ADD node_modules/@types/babel__template
1055 silly ADD node_modules/@types/babel__generator
1056 silly ADD node_modules/@types/babel__core
1057 silly ADD node_modules/@tailwindcss/vite
1058 silly ADD node_modules/@tailwindcss/oxide-darwin-arm64
1059 silly ADD node_modules/@tailwindcss/oxide
1060 silly ADD node_modules/@tailwindcss/node
1061 silly ADD node_modules/@rollup/rollup-darwin-arm64
1062 silly ADD node_modules/@rolldown/pluginutils
1063 silly ADD node_modules/@react-dnd/shallowequal
1064 silly ADD node_modules/@react-dnd/invariant
1065 silly ADD node_modules/@react-dnd/asap
1066 silly ADD node_modules/@radix-ui/rect
1067 silly ADD node_modules/@radix-ui/react-visually-hidden
1068 silly ADD node_modules/@radix-ui/react-use-size
1069 silly ADD node_modules/@radix-ui/react-use-rect
1070 silly ADD node_modules/@radix-ui/react-use-previous
1071 silly ADD node_modules/@radix-ui/react-use-layout-effect
1072 silly ADD node_modules/@radix-ui/react-use-escape-keydown
1073 silly ADD node_modules/@radix-ui/react-use-controllable-state
1074 silly ADD node_modules/@radix-ui/react-use-callback-ref
1075 silly ADD node_modules/@radix-ui/react-tooltip
1076 silly ADD node_modules/@radix-ui/react-toggle-group
1077 silly ADD node_modules/@radix-ui/react-toggle
1078 silly ADD node_modules/@radix-ui/react-tabs
1079 silly ADD node_modules/@radix-ui/react-switch
1080 silly ADD node_modules/@radix-ui/react-slot
1081 silly ADD node_modules/@radix-ui/react-slider
1082 silly ADD node_modules/@radix-ui/react-separator
1083 silly ADD node_modules/@radix-ui/react-select
1084 silly ADD node_modules/@radix-ui/react-scroll-area
1085 silly ADD node_modules/@radix-ui/react-roving-focus
1086 silly ADD node_modules/@radix-ui/react-radio-group
1087 silly ADD node_modules/@radix-ui/react-progress
1088 silly ADD node_modules/@radix-ui/react-primitive
1089 silly ADD node_modules/@radix-ui/react-presence
1090 silly ADD node_modules/@radix-ui/react-portal
1091 silly ADD node_modules/@radix-ui/react-popper
1092 silly ADD node_modules/@radix-ui/react-popover
1093 silly ADD node_modules/@radix-ui/react-navigation-menu
1094 silly ADD node_modules/@radix-ui/react-menubar
1095 silly ADD node_modules/@radix-ui/react-menu
1096 silly ADD node_modules/@radix-ui/react-label
1097 silly ADD node_modules/@radix-ui/react-id
1098 silly ADD node_modules/@radix-ui/react-hover-card
1099 silly ADD node_modules/@radix-ui/react-focus-scope
1100 silly ADD node_modules/@radix-ui/react-focus-guards
1101 silly ADD node_modules/@radix-ui/react-dropdown-menu
1102 silly ADD node_modules/@radix-ui/react-dismissable-layer
1103 silly ADD node_modules/@radix-ui/react-direction
1104 silly ADD node_modules/@radix-ui/react-dialog
1105 silly ADD node_modules/@radix-ui/react-context-menu
1106 silly ADD node_modules/@radix-ui/react-context
1107 silly ADD node_modules/@radix-ui/react-compose-refs
1108 silly ADD node_modules/@radix-ui/react-collection
1109 silly ADD node_modules/@radix-ui/react-collapsible
1110 silly ADD node_modules/@radix-ui/react-checkbox
1111 silly ADD node_modules/@radix-ui/react-avatar
1112 silly ADD node_modules/@radix-ui/react-aspect-ratio
1113 silly ADD node_modules/@radix-ui/react-arrow
1114 silly ADD node_modules/@radix-ui/react-alert-dialog
1115 silly ADD node_modules/@radix-ui/react-accordion
1116 silly ADD node_modules/@radix-ui/primitive
1117 silly ADD node_modules/@radix-ui/number
1118 silly ADD node_modules/@popperjs/core
1119 silly ADD node_modules/@mui/utils
1120 silly ADD node_modules/@mui/types
1121 silly ADD node_modules/@mui/system
1122 silly ADD node_modules/@mui/styled-engine
1123 silly ADD node_modules/@mui/private-theming
1124 silly ADD node_modules/@mui/material
1125 silly ADD node_modules/@mui/icons-material
1126 silly ADD node_modules/@mui/core-downloads-tracker
1127 silly ADD node_modules/@jridgewell/trace-mapping
1128 silly ADD node_modules/@jridgewell/sourcemap-codec
1129 silly ADD node_modules/@jridgewell/resolve-uri
1130 silly ADD node_modules/@jridgewell/remapping
1131 silly ADD node_modules/@jridgewell/gen-mapping
1132 silly ADD node_modules/@isaacs/fs-minipass
1133 silly ADD node_modules/@floating-ui/utils
1134 silly ADD node_modules/@floating-ui/react-dom
1135 silly ADD node_modules/@floating-ui/dom
1136 silly ADD node_modules/@floating-ui/core
1137 silly ADD node_modules/@esbuild/darwin-arm64
1138 silly ADD node_modules/@emotion/weak-memoize
1139 silly ADD node_modules/@emotion/utils
1140 silly ADD node_modules/@emotion/use-insertion-effect-with-fallbacks
1141 silly ADD node_modules/@emotion/unitless
1142 silly ADD node_modules/@emotion/styled
1143 silly ADD node_modules/@emotion/sheet
1144 silly ADD node_modules/@emotion/serialize
1145 silly ADD node_modules/@emotion/react
1146 silly ADD node_modules/@emotion/memoize
1147 silly ADD node_modules/@emotion/is-prop-valid
1148 silly ADD node_modules/@emotion/hash
1149 silly ADD node_modules/@emotion/cache
1150 silly ADD node_modules/@emotion/babel-plugin
1151 silly ADD node_modules/@babel/types
1152 silly ADD node_modules/@babel/traverse
1153 silly ADD node_modules/@babel/template
1154 silly ADD node_modules/@babel/runtime
1155 silly ADD node_modules/@babel/plugin-transform-react-jsx-source
1156 silly ADD node_modules/@babel/plugin-transform-react-jsx-self
1157 silly ADD node_modules/@babel/parser
1158 silly ADD node_modules/@babel/helpers
1159 silly ADD node_modules/@babel/helper-validator-option
1160 silly ADD node_modules/@babel/helper-validator-identifier
1161 silly ADD node_modules/@babel/helper-string-parser
1162 silly ADD node_modules/@babel/helper-plugin-utils
1163 silly ADD node_modules/@babel/helper-module-transforms
1164 silly ADD node_modules/@babel/helper-module-imports
1165 silly ADD node_modules/@babel/helper-globals
1166 silly ADD node_modules/@babel/helper-compilation-targets
1167 silly ADD node_modules/@babel/generator
1168 silly ADD node_modules/@babel/core
1169 silly ADD node_modules/@babel/core/node_modules/convert-source-map
1170 silly ADD node_modules/@babel/compat-data
1171 silly ADD node_modules/@babel/code-frame
1172 verbose cwd /Users/leonvesterlund/Documents/GitHub/sports-injury-indicator
1173 verbose os Darwin 25.4.0
1174 verbose node v24.14.1
1175 verbose npm  v11.11.0
1176 notice
1176 notice New minor version of npm available! 11.11.0 -> 11.13.0
1176 notice Changelog: https://github.com/npm/cli/releases/tag/v11.13.0
1176 notice To update run: npm install -g npm@11.13.0
1176 notice  { force: true, Symbol(proc-log.meta): true }
1177 verbose exit 0
1178 info ok
