player_id,name,firstname,lastname,photo,dob,age,nationality,height,weight,position,current_team,team_id,team_logo,last_season,kit_number
129682,A. Adli,Amine,Adli,https://media.api-sports.io/football/players/129682.png,2000-05-10,25.0,Morocco,174.0,72.0,Attacker,Bournemouth,35,https://media.api-sports.io/football/teams/35.png,2025,21.0
367634,A. Agbinone,Asher Chris,Ofega Agbinone,https://media.api-sports.io/football/players/367634.png,2005-09-28,20.0,England,177.0,69.0,Midfielder,Crystal Palace,52,https://media.api-sports.io/football/teams/52.png,2024,
345107,A. Ahmed Fatah,Amar Abdirahman,Ahmed Fatah,https://media.api-sports.io/football/players/345107.png,2004-02-19,21.0,Sweden,180.0,73.0,Attacker,Manchester City,50,https://media.api-sports.io/football/teams/50.png,2024,
1949,A. Ahmedhodžić,Anel,Ahmedhodžić,https://media.api-sports.io/football/players/1949.png,1999-03-26,26.0,Bosnia and Herzegovina,190.0,84.0,Defender,Sheffield Utd,62,https://media.api-sports.io/football/teams/62.png,2023,
323449,A. Al Dakhil,Ameen,Al Dakhil,https://media.api-sports.io/football/players/323449.png,2002-03-06,23.0,Belgium,188.0,81.0,Defender,Burnley,44,https://media.api-sports.io/football/teams/44.png,2023,
457731,A. Annous,Andre,Annous,https://media.api-sports.io/football/players/457731.png,2007-12-27,18.0,England,181.0,,Attacker,Arsenal,42,https://media.api-sports.io/football/teams/42.png,2025,71.0
422780,A. Anselmino,Aaron,Anselmino,https://media.api-sports.io/football/players/422780.png,2005-04-29,20.0,Argentina,186.0,83.0,Defender,Chelsea,49,https://media.api-sports.io/football/teams/49.png,2024,
253,A. Areola,Alphonse Francis,Areola,https://media.api-sports.io/football/players/253.png,1993-02-27,32.0,France,195.0,94.0,Goalkeeper,West Ham,48,https://media.api-sports.io/football/teams/48.png,2025,23.0
19484,A. Armstrong,Adam James,Armstrong,https://media.api-sports.io/football/players/19484.png,1997-02-10,28.0,England,172.0,69.0,Midfielder,Wolves,39,https://media.api-sports.io/football/teams/39.png,2025,9.0
1370,A. Ayew,André Morgan,Rami Ayew,https://media.api-sports.io/football/players/1370.png,1989-12-17,36.0,Ghana,175.0,70.0,Forward,Nottingham Forest,65,https://media.api-sports.io/football/teams/65.png,2022,
18927,A. Barnes,Ashley Luke,Barnes,https://media.api-sports.io/football/players/18927.png,1989-10-30,36.0,England,186.0,77.0,Attacker,Burnley,44,https://media.api-sports.io/football/teams/44.png,2025,35.0
50132,A. Bayındır,Altay,Bayındır,https://media.api-sports.io/football/players/50132.png,1998-04-14,27.0,Türkiye,198.0,88.0,Goalkeeper,Manchester United,33,https://media.api-sports.io/football/teams/33.png,2025,1.0
18858,A. Begović,Asmir,Begović,https://media.api-sports.io/football/players/18858.png,1987-06-20,38.0,Bosnia and Herzegovina,199.0,101.0,Goalkeeper,Everton,45,https://media.api-sports.io/football/teams/45.png,2024,
19466,A. Bell,Amari'i Kyren,Bell,https://media.api-sports.io/football/players/19466.png,1994-05-05,31.0,Jamaica,180.0,66.0,Defender,Luton,1359,https://media.api-sports.io/football/teams/1359.png,2023,
25061,A. Bella-Kotchap,Armel,Bella-Kotchap,https://media.api-sports.io/football/players/25061.png,2001-12-11,24.0,Germany,190.0,87.0,Defender,Southampton,41,https://media.api-sports.io/football/teams/41.png,2024,
199310,A. Ben Slimane,Anis,Ben Slimane,https://media.api-sports.io/football/players/199310.png,2001-03-16,24.0,Tunisia,188.0,86.0,Midfielder,Sheffield Utd,62,https://media.api-sports.io/football/teams/62.png,2023,
138822,A. Broja,Armando,Broja,https://media.api-sports.io/football/players/138822.png,2001-09-10,24.0,Albania,191.0,83.0,Attacker,Burnley,44,https://media.api-sports.io/football/teams/44.png,2025,27.0
379150,A. Brooks,Andre,Chance Brooks,https://media.api-sports.io/football/players/379150.png,2003-08-20,22.0,England,180.0,,Midfielder,Sheffield Utd,62,https://media.api-sports.io/football/teams/62.png,2023,
44922,A. Campbell,Allan,Campbell,https://media.api-sports.io/football/players/44922.png,1998-07-04,27.0,Scotland,174.0,73.0,Midfielder,Luton,1359,https://media.api-sports.io/football/teams/1359.png,2023,
197542,A. Castillo Manyoma,Alexis,Castillo Manyoma,https://media.api-sports.io/football/players/197542.png,2003-01-30,22.0,Colombia,169.0,69.0,Midfielder,Estudiantes L.P.,450,https://media.api-sports.io/football/teams/450.png,2024,
19772,A. Connolly,Aaron Anthony,Connolly,https://media.api-sports.io/football/players/19772.png,2000-01-28,25.0,Republic of Ireland,175.0,73.0,Attacker,Brighton,51,https://media.api-sports.io/football/teams/51.png,2023,
309501,A. Cozier-Duberry,Amario,Cozier-Duberry,https://media.api-sports.io/football/players/309501.png,2005-05-29,20.0,England,170.0,57.0,Midfielder,Arsenal,42,https://media.api-sports.io/football/teams/42.png,2024,
18813,A. Cresswell,Aaron William,Cresswell,https://media.api-sports.io/football/players/18813.png,1989-12-15,36.0,England,170.0,66.0,Defender,West Ham,48,https://media.api-sports.io/football/teams/48.png,2024,
83,A. Danjuma,Arnaut,Danjuma Adam Groeneveld,https://media.api-sports.io/football/players/83.png,1997-01-31,28.0,Netherlands,178.0,74.0,Attacker,Everton,45,https://media.api-sports.io/football/teams/45.png,2024,
19779,A. Davies,Adam Rhys,Davies,https://media.api-sports.io/football/players/19779.png,1992-07-17,33.0,Wales,185.0,75.0,Goalkeeper,Sheffield Utd,62,https://media.api-sports.io/football/teams/62.png,2023,
273757,A. Devine,Alfie Sean,Devine,https://media.api-sports.io/football/players/273757.png,2004-08-01,21.0,England,182.0,75.0,Midfielder,Tottenham,47,https://media.api-sports.io/football/teams/47.png,2024,
157997,A. Diallo,Amad,Diallo Traoré,https://media.api-sports.io/football/players/157997.png,2002-07-11,23.0,Côte d'Ivoire,173.0,72.0,Attacker,Manchester United,33,https://media.api-sports.io/football/teams/33.png,2025,16.0
21998,A. Disasi,Axel Wilson Arthur,Disasi Mhakinis Belho,https://media.api-sports.io/football/players/21998.png,1998-03-11,27.0,France,190.0,83.0,Defender,West Ham,48,https://media.api-sports.io/football/teams/48.png,2025,4.0
311817,A. Dorrington,Alfie,Dorrington,https://media.api-sports.io/football/players/311817.png,2005-04-20,20.0,England,180.0,75.0,Defender,Tottenham,47,https://media.api-sports.io/football/teams/47.png,2024,
18805,A. Doucouré,Abdoulaye,Doucouré,https://media.api-sports.io/football/players/18805.png,1993-01-01,32.0,Mali,184.0,75.0,Midfielder,Everton,45,https://media.api-sports.io/football/teams/45.png,2024,
19829,A. Doughty,Alfie Henry,Harman Doughty,https://media.api-sports.io/football/players/19829.png,1999-12-21,26.0,England,183.0,68.0,Midfielder,Luton,1359,https://media.api-sports.io/football/teams/1359.png,2023,
19195,A. El Ghazi,Anwar,El Ghazi,https://media.api-sports.io/football/players/19195.png,1995-05-03,30.0,Netherlands,189.0,90.0,Attacker,Aston Villa,66,https://media.api-sports.io/football/teams/66.png,2022,
153430,A. Elanga,Anthony David,Junior Elanga,https://media.api-sports.io/football/players/153430.png,2002-04-27,23.0,Sweden,178.0,70.0,Attacker,Newcastle,34,https://media.api-sports.io/football/teams/34.png,2025,20.0
303467,A. Fatawu,Issahaku Abdul,Fatawu,https://media.api-sports.io/football/players/303467.png,2004-03-08,21.0,Ghana,177.0,73.0,Attacker,Leicester,46,https://media.api-sports.io/football/teams/46.png,2024,
19127,A. Forshaw,Adam John,Forshaw,https://media.api-sports.io/football/players/19127.png,1991-10-08,34.0,England,174.0,71.0,Midfielder,Leeds,63,https://media.api-sports.io/football/teams/63.png,2022,
335813,A. Francis-Clarke,Aidan,Francis-Clarke,https://media.api-sports.io/football/players/335813.png,2005-09-13,21.0,England,181.0,,Defender,Luton,1359,https://media.api-sports.io/football/teams/1359.png,2023,
284324,A. Garnacho,Alejandro,Garnacho Ferreyra,https://media.api-sports.io/football/players/284324.png,2004-07-01,21.0,Argentina,180.0,73.0,Attacker,Chelsea,49,https://media.api-sports.io/football/teams/49.png,2025,49.0
215873,A. Gilbert,Alexander George Henry,Gilbert,https://media.api-sports.io/football/players/215873.png,2001-12-28,24.0,Republic of Ireland,183.0,67.0,Attacker,Brentford,55,https://media.api-sports.io/football/teams/55.png,2022,
284406,A. Gilchrist,Alfie,Gilchrist,https://media.api-sports.io/football/players/284406.png,2003-11-28,22.0,England,183.0,78.0,Defender,Chelsea,49,https://media.api-sports.io/football/teams/49.png,2024,
557541,A. Golambeckis,,,https://media.api-sports.io/football/players/557541.png,,17.0,,,,Defender,West Ham,48,https://media.api-sports.io/football/teams/48.png,2025,58.0
896,A. Gomes,Adilson Angel,Abreu de Almeida Gomes,https://media.api-sports.io/football/players/896.png,2000-08-31,25.0,England,168.0,56.0,Midfielder,Wolves,39,https://media.api-sports.io/football/teams/39.png,2025,47.0
138787,A. Gordon,Anthony Michael,Gordon,https://media.api-sports.io/football/players/138787.png,2001-02-24,24.0,England,183.0,72.0,Attacker,Newcastle,34,https://media.api-sports.io/football/teams/34.png,2025,10.0
328089,A. Gray,Archie James Francis,Gray,https://media.api-sports.io/football/players/328089.png,2006-03-12,19.0,England,187.0,70.0,Midfielder,Tottenham,47,https://media.api-sports.io/football/teams/47.png,2025,14.0
263177,A. Grønbæk,Albert,Grønbæk Erlykke,https://media.api-sports.io/football/players/263177.png,2001-05-23,24.0,Denmark,176.0,65.0,Midfielder,Southampton,41,https://media.api-sports.io/football/teams/41.png,2024,
18933,A. Gunn,Angus Fraser James,Gunn,https://media.api-sports.io/football/players/18933.png,1996-01-22,29.0,Scotland,196.0,77.0,Goalkeeper,Nottingham Forest,65,https://media.api-sports.io/football/teams/65.png,2025,18.0
277716,A. Hackford,Antwoine,Hackford,https://media.api-sports.io/football/players/277716.png,2004-03-20,21.0,England,177.0,,Attacker,Sheffield Utd,62,https://media.api-sports.io/football/teams/62.png,2023,
402524,A. Harrison,Adam Alan,Harrison,https://media.api-sports.io/football/players/402524.png,2006-10-20,19.0,England,,,Goalkeeper,Newcastle,34,https://media.api-sports.io/football/teams/34.png,2024,
402329,A. Heaven,Ayden,Heaven,https://media.api-sports.io/football/players/402329.png,2006-09-22,19.0,England,189.0,77.0,Defender,Manchester United,33,https://media.api-sports.io/football/teams/33.png,2025,26.0
44871,A. Hickey,Aaron,Buchanan Hickey,https://media.api-sports.io/football/players/44871.png,2002-06-10,23.0,Scotland,178.0,72.0,Defender,Brentford,55,https://media.api-sports.io/football/teams/55.png,2025,2.0
68466,A. Irving,Andrew,Irving,https://media.api-sports.io/football/players/68466.png,2000-05-13,25.0,Scotland,190.0,66.0,Midfielder,West Ham,48,https://media.api-sports.io/football/teams/48.png,2025,
2864,A. Isak,Alexander,Isak,https://media.api-sports.io/football/players/2864.png,1999-09-21,26.0,Sweden,192.0,77.0,Attacker,Liverpool,40,https://media.api-sports.io/football/teams/40.png,2025,9.0
1455,A. Iwobi,Alexander Chuka,Iwobi,https://media.api-sports.io/football/players/1455.png,1996-05-03,29.0,Nigeria,180.0,75.0,Midfielder,Fulham,36,https://media.api-sports.io/football/teams/36.png,2025,17.0
147831,A. Kalimuendo,Arnaud,Kalimuendo-Muinga,https://media.api-sports.io/football/players/147831.png,2002-01-20,23.0,France,178.0,79.0,Attacker,Nottingham Forest,65,https://media.api-sports.io/football/teams/65.png,2025,
360114,A. Khusanov,Abduqodir,Khusanov,https://media.api-sports.io/football/players/360114.png,2004-02-29,21.0,Uzbekistan,186.0,84.0,Defender,Manchester City,50,https://media.api-sports.io/football/teams/50.png,2025,45.0
265826,A. Kinský,Antonín,Kinský,https://media.api-sports.io/football/players/265826.png,2003-03-13,22.0,Czechia,190.0,83.0,Goalkeeper,Tottenham,47,https://media.api-sports.io/football/teams/47.png,2025,31.0
18972,A. Knockaert,Anthony Patrick,Knockaert,https://media.api-sports.io/football/players/18972.png,1991-11-20,33.0,France,172.0,69.0,Midfielder,Fulham,36,https://media.api-sports.io/football/teams/36.png,2023,
295,A. Lallana,Adam David,Lallana,https://media.api-sports.io/football/players/295.png,1988-05-10,37.0,England,172.0,73.0,Midfielder,Southampton,41,https://media.api-sports.io/football/teams/41.png,2024,
20224,A. Lonergan,Andrew Michael,Lonergan,https://media.api-sports.io/football/players/20224.png,1983-10-19,42.0,England,192.0,87.0,Goalkeeper,Everton,45,https://media.api-sports.io/football/teams/45.png,2024,
6716,A. Mac Allister,Alexis,Mac Allister,https://media.api-sports.io/football/players/6716.png,1998-12-24,27.0,Argentina,176.0,69.0,Midfielder,Liverpool,40,https://media.api-sports.io/football/teams/40.png,2025,10.0
1456,A. Maitland-Niles,Ainsley Cory,Maitland-Niles,https://media.api-sports.io/football/players/1456.png,1997-08-29,28.0,England,177.0,71.0,Midfielder,Southampton,41,https://media.api-sports.io/football/teams/41.png,2022,
908,A. Martial,Anthony Jordan,Martial,https://media.api-sports.io/football/players/908.png,1995-12-05,30.0,France,181.0,76.0,Attacker,Manchester United,33,https://media.api-sports.io/football/teams/33.png,2024,
18816,A. Masuaku,Fuka-Arthur,Masuaku Kawela,https://media.api-sports.io/football/players/18816.png,1993-11-07,32.0,Congo DR,179.0,80.0,Defender,Sunderland,746,https://media.api-sports.io/football/teams/746.png,2025,
342191,A. Mazilu,Adrian,Mazilu,https://media.api-sports.io/football/players/342191.png,2005-09-13,20.0,Romania,186.0,,Attacker,Brighton,51,https://media.api-sports.io/football/teams/51.png,2024,
18935,A. McCarthy,Alex Simon,McCarthy,https://media.api-sports.io/football/players/18935.png,1989-12-03,36.0,England,193.0,79.0,Goalkeeper,Southampton,41,https://media.api-sports.io/football/teams/41.png,2024,
129712,A. Mighten,Alexander Cole,Mighten,https://media.api-sports.io/football/players/129712.png,2002-04-11,23.0,England,172.0,70.0,Attacker,Nottingham Forest,65,https://media.api-sports.io/football/teams/65.png,2024,
319517,A. Milambo,Antoni-Djibu,Milambo,https://media.api-sports.io/football/players/319517.png,2005-04-03,20.0,Netherlands,179.0,68.0,Midfielder,Brentford,55,https://media.api-sports.io/football/teams/55.png,2025,
273760,A. Miller,Amari Miquel,Miller,https://media.api-sports.io/football/players/273760.png,2002-11-04,23.0,England,174.0,,Attacker,Leeds,63,https://media.api-sports.io/football/teams/63.png,2022,
2825,A. Mitrović,Aleksandar,Mitrović,https://media.api-sports.io/football/players/2825.png,1994-09-16,31.0,Serbia,189.0,89.0,Attacker,Fulham,36,https://media.api-sports.io/football/teams/36.png,2023,
137220,A. Moran,Andrew,Moran,https://media.api-sports.io/football/players/137220.png,2003-10-15,22.0,Republic of Ireland,177.0,73.0,Midfielder,Brighton,51,https://media.api-sports.io/football/teams/51.png,2024,
382344,A. Munda,Anthony Junior,Munda,https://media.api-sports.io/football/players/382344.png,2006-09-08,19.0,England,167.0,60.0,Midfielder,Newcastle,34,https://media.api-sports.io/football/teams/34.png,2024,
616,A. Murić,Arijanet,Murić,https://media.api-sports.io/football/players/616.png,1998-11-07,27.0,Kosovo,198.0,81.0,Goalkeeper,Ipswich,57,https://media.api-sports.io/football/teams/57.png,2024,
318056,A. Murphy,Alex,Murphy,https://media.api-sports.io/football/players/318056.png,2004-06-25,21.0,Republic of Ireland,188.0,78.0,Defender,Newcastle,34,https://media.api-sports.io/football/teams/34.png,2025,37.0
152968,A. Muskwe,Admiral Dalindlela,Muskwe,https://media.api-sports.io/football/players/152968.png,1998-08-21,27.0,Zimbabwe,183.0,75.0,Attacker,Luton,1359,https://media.api-sports.io/football/teams/1359.png,2023,
407032,A. Nallo,Amara,Nallo,https://media.api-sports.io/football/players/407032.png,2006-11-18,19.0,England,186.0,72.0,Defender,Liverpool,40,https://media.api-sports.io/football/teams/40.png,2025,4.0
18817,A. Ogbonna,Angelo,Obinze Ogbonna,https://media.api-sports.io/football/players/18817.png,1988-05-23,37.0,Italy,191.0,86.0,Defender,West Ham,48,https://media.api-sports.io/football/teams/48.png,2024,
1131,A. Oko-Flex,Armstrong Inya Echezolachuku,Oko-Flex,https://media.api-sports.io/football/players/1131.png,2002-03-02,23.0,Republic of Ireland,180.0,73.0,Attacker,West Ham,48,https://media.api-sports.io/football/teams/48.png,2022,
231062,A. Okonkwo,Arthur Chukwuezugo,Okonkwo,https://media.api-sports.io/football/players/231062.png,2001-09-09,24.0,England,198.0,84.0,Goalkeeper,Arsenal,42,https://media.api-sports.io/football/teams/42.png,2023,
147835,A. Omobamidele,Andrew Abiola,Omobamidele,https://media.api-sports.io/football/players/147835.png,2002-06-23,23.0,Republic of Ireland,188.0,78.0,Defender,Nottingham Forest,65,https://media.api-sports.io/football/teams/65.png,2024,
526,A. Onana,André,Onana Onana,https://media.api-sports.io/football/players/526.png,1996-04-02,29.0,Cameroon,190.0,93.0,Goalkeeper,Manchester United,33,https://media.api-sports.io/football/teams/33.png,2025,
162714,A. Onana,Amadou Ba Zeund Georges,Mvom Onana,https://media.api-sports.io/football/players/162714.png,2001-08-16,24.0,Belgium,195.0,76.0,Midfielder,Aston Villa,66,https://media.api-sports.io/football/teams/66.png,2025,24.0
297,A. Oxlade-Chamberlain,Alexander Mark David,Oxlade-Chamberlain,https://media.api-sports.io/football/players/297.png,1993-08-15,32.0,England,180.0,70.0,Midfielder,Liverpool,40,https://media.api-sports.io/football/teams/40.png,2023,
82097,A. Palmer,Alexander,Palmer,https://media.api-sports.io/football/players/82097.png,1996-08-10,29.0,England,191.0,72.0,Goalkeeper,Ipswich,57,https://media.api-sports.io/football/teams/57.png,2024,
19881,A. Patterson,Anthony,Patterson,https://media.api-sports.io/football/players/19881.png,2000-05-10,25.0,England,189.0,77.0,Goalkeeper,Sunderland,746,https://media.api-sports.io/football/teams/746.png,2025,
94360,A. Paulsen,Alexander Noah,Paulsen,https://media.api-sports.io/football/players/94360.png,2002-07-04,23.0,New Zealand,193.0,82.0,Goalkeeper,Bournemouth,35,https://media.api-sports.io/football/teams/35.png,2024,
146325,A. Pepple,Aribusitamunoipirim Emmanuel,Pepple,https://media.api-sports.io/football/players/146325.png,2002-12-25,23.0,Canada,185.0,83.0,Attacker,Luton,1359,https://media.api-sports.io/football/teams/1359.png,2023,
301281,A. Phillips,Ashley,Famiwuya Phillips,https://media.api-sports.io/football/players/301281.png,2005-06-26,20.0,England,192.0,85.0,Defender,Tottenham,47,https://media.api-sports.io/football/teams/47.png,2024,
406508,A. Piesold,Axel,Piesold,https://media.api-sports.io/football/players/406508.png,2005-03-31,20.0,England,,,Midfielder,Luton,1359,https://media.api-sports.io/football/teams/1359.png,2023,
283272,A. Pond,Alfie James,Pond,https://media.api-sports.io/football/players/283272.png,2004-03-01,21.0,England,191.0,86.0,Defender,Wolves,39,https://media.api-sports.io/football/teams/39.png,2025,
138934,A. Pressley,Aaron Alex,Pressley,https://media.api-sports.io/football/players/138934.png,2001-11-07,24.0,Scotland,194.0,75.0,Attacker,Brentford,55,https://media.api-sports.io/football/teams/55.png,2023,
283289,A. Raikhy,Arjan,Singh Raikhy,https://media.api-sports.io/football/players/283289.png,2002-10-20,23.0,England,,,Midfielder,Leicester,46,https://media.api-sports.io/football/teams/46.png,2024,
20355,A. Ramsdale,Aaron Christopher,Ramsdale,https://media.api-sports.io/football/players/20355.png,1998-05-14,27.0,England,190.0,88.0,Goalkeeper,Newcastle,34,https://media.api-sports.io/football/teams/34.png,2025,32.0
278079,A. Ramsey,Aaron James,Ramsey,https://media.api-sports.io/football/players/278079.png,2003-01-21,22.0,England,181.0,,Midfielder,Burnley,44,https://media.api-sports.io/football/teams/44.png,2025,
288109,A. Robertson,Alexander Sean Pablo,Robertson,https://media.api-sports.io/football/players/288109.png,2003-04-17,22.0,Australia,182.0,,Midfielder,Manchester City,50,https://media.api-sports.io/football/teams/50.png,2024,
289,A. Robertson,Andrew Henry,Robertson,https://media.api-sports.io/football/players/289.png,1994-03-11,31.0,Scotland,178.0,64.0,Defender,Liverpool,40,https://media.api-sports.io/football/teams/40.png,2025,26.0
19549,A. Robinson,Antonee,Robinson,https://media.api-sports.io/football/players/19549.png,1997-08-08,28.0,USA,183.0,70.0,Defender,Fulham,36,https://media.api-sports.io/football/teams/36.png,2025,33.0
22173,A. Saint-Maximin,Allan Irénée,Saint-Maximin,https://media.api-sports.io/football/players/22173.png,1997-03-12,28.0,France,173.0,67.0,Forward,Newcastle,34,https://media.api-sports.io/football/teams/34.png,2023,
1427,A. Sambi Lokonga,Albert-Mboyo,Sambi Lokonga,https://media.api-sports.io/football/players/1427.png,1999-10-22,26.0,Belgium,183.0,67.0,Midfielder,Arsenal,42,https://media.api-sports.io/football/teams/42.png,2024,
304853,A. Scott,Alex Jay,Scott,https://media.api-sports.io/football/players/304853.png,2003-08-21,22.0,England,178.0,68.0,Midfielder,Bournemouth,35,https://media.api-sports.io/football/teams/35.png,2025,8.0
19281,A. Semenyo,Antoine Serlom,Semenyo,https://media.api-sports.io/football/players/19281.png,2000-01-07,25.0,Ghana,185.0,79.0,Midfielder,Bournemouth,35,https://media.api-sports.io/football/teams/35.png,2025,42.0
277191,A. Sima,Abdallah Dipo,Sima,https://media.api-sports.io/football/players/277191.png,2001-06-17,24.0,Senegal,188.0,79.0,Attacker,Brighton,51,https://media.api-sports.io/football/teams/51.png,2024,
18869,A. Smith,Adam James,Smith,https://media.api-sports.io/football/players/18869.png,1991-04-29,34.0,England,180.0,78.0,Defender,Bournemouth,35,https://media.api-sports.io/football/teams/35.png,2025,15.0
18985,A. Smithies,Alexander,Smithies,https://media.api-sports.io/football/players/18985.png,1990-03-05,34.0,England,189.0,84.0,Goalkeeper,Leicester,46,https://media.api-sports.io/football/teams/46.png,2022,
177665,A. Stach,Anton Levi,Stach,https://media.api-sports.io/football/players/177665.png,1998-11-15,27.0,Germany,193.0,86.0,Midfielder,Leeds,63,https://media.api-sports.io/football/teams/63.png,2025,18.0
32966,A. Tanaka,Ao,Tanaka,https://media.api-sports.io/football/players/32966.png,1998-09-10,27.0,Japan,180.0,75.0,Midfielder,Leeds,63,https://media.api-sports.io/football/teams/63.png,2025,22.0
18854,A. Townsend,Andros Darryl,Townsend,https://media.api-sports.io/football/players/18854.png,1991-07-16,34.0,England,181.0,77.0,Forward,Everton,45,https://media.api-sports.io/football/teams/45.png,2023,
162267,A. Truffert,Adrien,Truffert,https://media.api-sports.io/football/players/162267.png,2001-11-20,24.0,France,176.0,72.0,Defender,Bournemouth,35,https://media.api-sports.io/football/teams/35.png,2025,3.0
50737,A. Trusty,Auston Levi-Jesaiah,Trusty,https://media.api-sports.io/football/players/50737.png,1998-08-12,27.0,USA,191.0,84.0,Defender,Arsenal,42,https://media.api-sports.io/football/teams/42.png,2023,
19182,A. Tuanzebe,Axel,Tuanzebe,https://media.api-sports.io/football/players/19182.png,1997-11-14,28.0,England,186.0,75.0,Defender,Burnley,44,https://media.api-sports.io/football/teams/44.png,2025,6.0
361485,A. Tóth,Alex,Tóth,https://media.api-sports.io/football/players/361485.png,2005-10-23,20.0,Hungary,181.0,,Midfielder,Bournemouth,35,https://media.api-sports.io/football/teams/35.png,2025,27.0
311344,A. Véliz,Alejo,Véliz,https://media.api-sports.io/football/players/311344.png,2003-09-19,22.0,Argentina,186.0,77.0,Attacker,Tottenham,47,https://media.api-sports.io/football/teams/47.png,2024,
18846,A. Wan-Bissaka,Aaron,Wan-Bissaka,https://media.api-sports.io/football/players/18846.png,1997-11-26,28.0,England,183.0,72.0,Midfielder,West Ham,48,https://media.api-sports.io/football/teams/48.png,2025,29.0
19265,A. Webster,Adam Harry,Webster,https://media.api-sports.io/football/players/19265.png,1995-01-04,30.0,England,191.0,75.0,Defender,Brighton,51,https://media.api-sports.io/football/teams/51.png,2024,
288102,A. Wharton,Adam James,Wharton,https://media.api-sports.io/football/players/288102.png,2004-06-02,21.0,England,182.0,77.0,Midfielder,Crystal Palace,52,https://media.api-sports.io/football/teams/52.png,2025,20.0
161,A. Whiteman,Alfie Malik,Whiteman,https://media.api-sports.io/football/players/161.png,1998-10-02,27.0,England,189.0,84.0,Goalkeeper,Tottenham,47,https://media.api-sports.io/football/teams/47.png,2024,
894,A. Young,Ashley Simon,Young,https://media.api-sports.io/football/players/894.png,1985-07-09,40.0,England,175.0,65.0,Defender,Everton,45,https://media.api-sports.io/football/teams/45.png,2024,
129169,A. Zaroury,Anass,Zaroury,https://media.api-sports.io/football/players/129169.png,2000-11-07,25.0,Morocco,176.0,70.0,Attacker,Burnley,44,https://media.api-sports.io/football/teams/44.png,2023,
48649,A. Zeqiri,Andi Avdi,Zeqiri,https://media.api-sports.io/football/players/48649.png,1999-06-22,26.0,Switzerland,185.0,81.0,Attacker,Brighton,51,https://media.api-sports.io/football/teams/51.png,2023,
329358,Aaron Bott,Aaron,Bott,https://media.api-sports.io/football/players/329358.png,2004-09-06,21.0,England,,,Goalkeeper,Nottingham Forest,65,https://media.api-sports.io/football/teams/65.png,2023,63.0
284357,Aaron Keto-Diyawa,Aaron,Keto-Diyawa,https://media.api-sports.io/football/players/284357.png,2003-09-11,22.0,England,,,Defender,Wolves,39,https://media.api-sports.io/football/teams/39.png,2024,
431921,Adam Aznou Ben Cheikh,Adam,Aznou Ben Cheikh,https://media.api-sports.io/football/players/431921.png,2006-06-02,19.0,Spain,178.0,70.0,Defender,Everton,45,https://media.api-sports.io/football/teams/45.png,2025,39.0
18753,Adama Traoré,Adama,Traoré Diarra,https://media.api-sports.io/football/players/18753.png,1996-01-25,29.0,Spain,178.0,86.0,Attacker,Fulham,36,https://media.api-sports.io/football/teams/36.png,2025,17.0
304319,Ademola Oladipupo Ola-Adebomi,Ademola,Oladipupo Ola-Adebomi,https://media.api-sports.io/football/players/304319.png,2003-09-03,22.0,England,,,Attacker,Crystal Palace,52,https://media.api-sports.io/football/teams/52.png,2024,
313636,Adler Nascimento,Adler Bruno,Sá Nogueira de Nascimento,https://media.api-sports.io/football/players/313636.png,2004-11-25,21.0,Portugal,,,Attacker,Crystal Palace,52,https://media.api-sports.io/football/teams/52.png,2022,
18812,Adrián,Adrián,San Miguel del Castillo,https://media.api-sports.io/football/players/18812.png,1987-01-03,38.0,Spain,190.0,80.0,Goalkeeper,Liverpool,40,https://media.api-sports.io/football/teams/40.png,2024,
434180,Aidan Borland,Aidan Gerald,Borland,https://media.api-sports.io/football/players/434180.png,2007-04-25,18.0,Scotland,177.0,65.0,Midfielder,Aston Villa,66,https://media.api-sports.io/football/teams/66.png,2024,
365988,Aidan Harris,Aidan,Harris,https://media.api-sports.io/football/players/365988.png,2006-12-16,19.0,England,,,Goalkeeper,Newcastle,34,https://media.api-sports.io/football/teams/34.png,2024,1.0
289618,Alex Matos,Alex,Matos,https://media.api-sports.io/football/players/289618.png,2004-10-03,21.0,England,,,Midfielder,Chelsea,49,https://media.api-sports.io/football/teams/49.png,2024,
378,Alex Telles,Alex,Nicolao Telles,https://media.api-sports.io/football/players/378.png,1992-12-15,33.0,Brazil,181.0,71.0,Defender,Manchester United,33,https://media.api-sports.io/football/teams/33.png,2023,
284559,Alexander Paul Borto,Alexander Paul,Borto,https://media.api-sports.io/football/players/284559.png,2003-11-06,22.0,USA,188.0,80.0,Goalkeeper,Fulham,36,https://media.api-sports.io/football/teams/36.png,2024,
337933,Alexei Rojas Fedorushchenko,Alexei,Rojas Fedorushchenko,https://media.api-sports.io/football/players/337933.png,2005-09-28,20.0,Colombia,187.0,77.0,Goalkeeper,Arsenal,42,https://media.api-sports.io/football/teams/42.png,2024,51.0
382345,Alfie Harrison,Alfie,Harrison,https://media.api-sports.io/football/players/382345.png,2005-11-28,20.0,England,,,Midfielder,Newcastle,34,https://media.api-sports.io/football/teams/34.png,2024,
288129,Alfie Shane McNally,Alfie Shane,McNally,https://media.api-sports.io/football/players/288129.png,2004-12-22,21.0,England,,,Goalkeeper,Fulham,36,https://media.api-sports.io/football/teams/36.png,2025,1.0
299813,Ali Al Hamadi,Ali Ibrahim Karim,Al Hamadi,https://media.api-sports.io/football/players/299813.png,2002-03-01,23.0,Iraq,183.0,82.0,Attacker,Ipswich,57,https://media.api-sports.io/football/teams/57.png,2024,
280,Alisson Becker,Alisson Ramsés,Becker,https://media.api-sports.io/football/players/280.png,1992-10-02,33.0,Brazil,193.0,91.0,Goalkeeper,Liverpool,40,https://media.api-sports.io/football/teams/40.png,2025,1.0
326,Allan,Allan,Marques Loureiro,https://media.api-sports.io/football/players/326.png,1991-01-08,34.0,Brazil,174.0,77.0,Midfielder,Everton,45,https://media.api-sports.io/football/teams/45.png,2022,
464004,Alysson Edward,Alysson Edward Franco,da Rocha dos Santos,https://media.api-sports.io/football/players/464004.png,2006-05-05,19.0,Brazil,182.0,77.0,Attacker,Aston Villa,66,https://media.api-sports.io/football/teams/66.png,2025,47.0
293164,Amadou Diallo,Amadou,Diallo,https://media.api-sports.io/football/players/293164.png,2003-02-15,22.0,England,169.0,56.0,Attacker,Newcastle,34,https://media.api-sports.io/football/teams/34.png,2024,
899,Andreas Pereira,Andreas Hugo,Hoelgebaum Pereira,https://media.api-sports.io/football/players/899.png,1996-01-01,29.0,Brazil,178.0,71.0,Midfielder,Fulham,36,https://media.api-sports.io/football/teams/36.png,2025,
305834,Andrey Santos,Andrey,Nascimento dos Santos,https://media.api-sports.io/football/players/305834.png,2004-05-03,21.0,Brazil,180.0,75.0,Midfielder,Chelsea,49,https://media.api-sports.io/football/teams/49.png,2025,17.0
265784,André,André Trindade,da Costa Neto,https://media.api-sports.io/football/players/265784.png,2001-07-16,24.0,Brazil,176.0,77.0,Midfielder,Wolves,39,https://media.api-sports.io/football/teams/39.png,2025,7.0
18765,André Gomes,André Filipe,Tavares Gomes,https://media.api-sports.io/football/players/18765.png,1993-07-30,32.0,Portugal,188.0,84.0,Midfielder,Everton,45,https://media.api-sports.io/football/teams/45.png,2024,
388013,Andrés García,Andrés,García Robledo,https://media.api-sports.io/football/players/388013.png,2003-02-07,22.0,Spain,185.0,77.0,Defender,Aston Villa,66,https://media.api-sports.io/football/teams/66.png,2025,16.0
135775,Ansu Fati,Anssumane,Fati Vieira,https://media.api-sports.io/football/players/135775.png,2002-10-31,23.0,Spain,178.0,66.0,Attacker,Brighton,51,https://media.api-sports.io/football/teams/51.png,2024,
9971,Antony,Antony Matheus,dos Santos,https://media.api-sports.io/football/players/9971.png,2000-02-24,25.0,Brazil,174.0,63.0,Attacker,Manchester United,33,https://media.api-sports.io/football/teams/33.png,2024,
449224,Archie Harris,Archie,Harris,https://media.api-sports.io/football/players/449224.png,2004-12-27,21.0,England,166.0,57.0,Defender,Bournemouth,35,https://media.api-sports.io/football/teams/35.png,2024,
150,Arthur,Arthur Henrique,Ramos de Oliveira Melo,https://media.api-sports.io/football/players/150.png,1996-08-12,29.0,Brazil,171.0,73.0,Midfielder,Liverpool,40,https://media.api-sports.io/football/teams/40.png,2022,
360011,Ato Ampah,Ato,Ampah,https://media.api-sports.io/football/players/360011.png,2006-04-22,19.0,England,176.0,70.0,Attacker,Chelsea,49,https://media.api-sports.io/football/teams/49.png,2024,
622,Aymeric Laporte,Aymeric Jean Louis Gérard Alph,Laporte,https://media.api-sports.io/football/players/622.png,1994-05-27,31.0,Spain,189.0,86.0,Defender,Manchester City,50,https://media.api-sports.io/football/teams/50.png,2023,
18906,Ayoze Pérez,Ayoze,Pérez Gutiérrez,https://media.api-sports.io/football/players/18906.png,1993-07-29,32.0,Spain,178.0,66.0,Attacker,Leicester,46,https://media.api-sports.io/football/teams/46.png,2022,
50739,B. Aaronson,Brenden Russell,Aaronson,https://media.api-sports.io/football/players/50739.png,2000-10-22,25.0,USA,177.0,68.0,Midfielder,Leeds,63,https://media.api-sports.io/football/teams/63.png,2025,11.0
14206,B. Aguilera,Brandon,Aguilera Zamora,https://media.api-sports.io/football/players/14206.png,2003-06-28,22.0,Costa Rica,179.0,60.0,Midfielder,Nottingham Forest,65,https://media.api-sports.io/football/teams/65.png,2024,
156428,B. Austin,Brandon Anthony,Austin,https://media.api-sports.io/football/players/156428.png,1999-01-08,26.0,England,188.0,82.0,Goalkeeper,Tottenham,47,https://media.api-sports.io/football/teams/47.png,2025,40.0
95,B. Badiashile,Benoît Ntambue,Badiashile Mukinayi Baya,https://media.api-sports.io/football/players/95.png,2001-03-26,24.0,France,194.0,75.0,Defender,Chelsea,49,https://media.api-sports.io/football/teams/49.png,2025,5.0
148284,B. Białek,Bartosz,Białek,https://media.api-sports.io/football/players/148284.png,2001-11-11,24.0,Poland,191.0,84.0,Attacker,Vitesse,200,https://media.api-sports.io/football/teams/200.png,2022,
27778,B. Bolla,Bendegúz Bence,Bolla,https://media.api-sports.io/football/players/27778.png,1999-11-22,26.0,Hungary,180.0,72.0,Defender,Wolves,39,https://media.api-sports.io/football/teams/39.png,2023,
19485,B. Brereton,Benjamin Anthony,Brereton Díaz,https://media.api-sports.io/football/players/19485.png,1999-04-18,26.0,Chile,185.0,80.0,Attacker,Southampton,41,https://media.api-sports.io/football/teams/41.png,2024,
38750,B. Brobbey,Brian Ebenezer,Adjei Brobbey,https://media.api-sports.io/football/players/38750.png,2002-02-01,23.0,Netherlands,180.0,78.0,Attacker,Sunderland,746,https://media.api-sports.io/football/teams/746.png,2025,9.0
380715,B. Broggio,Benjamin Tomaso,Broggio,https://media.api-sports.io/football/players/380715.png,2007-01-29,18.0,England,181.0,75.0,Midfielder,Aston Villa,66,https://media.api-sports.io/football/teams/66.png,2025,
453101,B. Burrows,Bradley-Paul,Burrowes,https://media.api-sports.io/football/players/453101.png,2008-03-04,17.0,England,,,Midfielder,Aston Villa,66,https://media.api-sports.io/football/teams/66.png,2025,9.0
557475,B. Casey,,,https://media.api-sports.io/football/players/557475.png,,17.0,,,,Attacker,Crystal Palace,52,https://media.api-sports.io/football/teams/52.png,2025,11.0
2933,B. Chilwell,Benjamin James,Chilwell,https://media.api-sports.io/football/players/2933.png,1996-12-21,29.0,England,178.0,77.0,Defender,Crystal Palace,52,https://media.api-sports.io/football/teams/52.png,2024,
134428,B. Chrisene,Benjamin Joshua,Chrisene,https://media.api-sports.io/football/players/134428.png,2004-01-12,21.0,England,183.0,80.0,Defender,Aston Villa,66,https://media.api-sports.io/football/teams/66.png,2023,
334729,B. Clark,Bobby Lamont,Clark,https://media.api-sports.io/football/players/334729.png,2005-02-07,20.0,England,178.0,75.0,Midfielder,Liverpool,40,https://media.api-sports.io/football/teams/40.png,2024,
348818,B. Clarke,Brayden,Clarke,https://media.api-sports.io/football/players/348818.png,2007-07-03,18.0,Wales,,,Defender,Arsenal,42,https://media.api-sports.io/football/teams/42.png,2024,
20069,B. Crellin,William Francis,Crellin,https://media.api-sports.io/football/players/20069.png,2000-06-30,25.0,England,185.0,60.0,Goalkeeper,Everton,45,https://media.api-sports.io/football/teams/45.png,2024,
164,B. Davies,Benjamin Thomas,Davies,https://media.api-sports.io/football/players/164.png,1993-04-24,32.0,Wales,181.0,77.0,Defender,Tottenham,47,https://media.api-sports.io/football/teams/47.png,2025,33.0
19004,B. De Cordova-Reid,Bobby Armani,De Cordova-Reid,https://media.api-sports.io/football/players/19004.png,1993-02-02,32.0,Jamaica,170.0,68.0,Attacker,Fulham,36,https://media.api-sports.io/football/teams/36.png,2024,
22136,B. Diakité,Bafodé,Diakité,https://media.api-sports.io/football/players/22136.png,2001-01-06,24.0,France,185.0,74.0,Defender,Bournemouth,35,https://media.api-sports.io/football/teams/35.png,2025,18.0
343576,B. Doak,Ben,Gannon Doak,https://media.api-sports.io/football/players/343576.png,2005-11-11,20.0,Scotland,175.0,65.0,Attacker,Bournemouth,35,https://media.api-sports.io/football/teams/35.png,2025,11.0
340573,B. El Khannouss,Bilal,El Khannouss,https://media.api-sports.io/football/players/340573.png,2004-05-10,21.0,Morocco,180.0,70.0,Midfielder,Leicester,46,https://media.api-sports.io/football/teams/46.png,2024,
284405,B. Elliott,Benjamin Njongoue,Elliott,https://media.api-sports.io/football/players/284405.png,2002-11-05,23.0,England,180.0,71.0,Midfielder,Chelsea,49,https://media.api-sports.io/football/teams/49.png,2022,
408221,B. Fredrick,Benjamin Chiemela,Fredrick,https://media.api-sports.io/football/players/408221.png,2005-05-28,20.0,Nigeria,187.0,,Defender,Brentford,55,https://media.api-sports.io/football/teams/55.png,2024,
196000,B. Genesini,Brooklyn David Anthony,Genesini,https://media.api-sports.io/football/players/196000.png,2001-12-12,24.0,England,,,Defender,Bournemouth,35,https://media.api-sports.io/football/teams/35.png,2022,
130423,B. Gilmour,Billy Clifford,Gilmour,https://media.api-sports.io/football/players/130423.png,2001-06-11,24.0,Scotland,170.0,60.0,Midfielder,Brighton,51,https://media.api-sports.io/football/teams/51.png,2024,
19073,B. Godfrey,Benjamin Matthew,Godfrey,https://media.api-sports.io/football/players/19073.png,1998-01-15,27.0,England,184.0,74.0,Defender,Everton,45,https://media.api-sports.io/football/teams/45.png,2024,
413034,B. Graham,Braiden,Graham,https://media.api-sports.io/football/players/413034.png,2007-11-07,18.0,Northern Ireland,175.0,,Attacker,Everton,45,https://media.api-sports.io/football/teams/45.png,2025,16.0
290962,B. Greenwood,Ben,Greenwood,https://media.api-sports.io/football/players/290962.png,2003-02-20,23.0,Republic of Ireland,170.0,70.0,Defender,Bournemouth,35,https://media.api-sports.io/football/teams/35.png,2023,
328225,B. Gruda,Brajan,Gruda,https://media.api-sports.io/football/players/328225.png,2004-05-31,21.0,Germany,178.0,70.0,Midfielder,Brighton,51,https://media.api-sports.io/football/teams/51.png,2025,
284362,B. Hardley,Björn Bryan,Hardley,https://media.api-sports.io/football/players/284362.png,2002-12-19,23.0,Netherlands,189.0,74.0,Defender,Manchester United,33,https://media.api-sports.io/football/teams/33.png,2022,
181797,B. Humphreys,Bashir,Humphreys,https://media.api-sports.io/football/players/181797.png,2003-03-15,22.0,England,187.0,79.0,Defender,Burnley,44,https://media.api-sports.io/football/teams/44.png,2025,12.0
309507,B. Ibrahim,Bradley,Ibrahim,https://media.api-sports.io/football/players/309507.png,2004-10-21,21.0,England,,,Midfielder,Arsenal,42,https://media.api-sports.io/football/teams/42.png,2023,
129711,B. Johnson,Brennan Price,Johnson,https://media.api-sports.io/football/players/129711.png,2001-05-23,24.0,Wales,186.0,73.0,Attacker,Tottenham,47,https://media.api-sports.io/football/teams/47.png,2025,11.0
18823,B. Johnson,Benjamin Anthony,Johnson,https://media.api-sports.io/football/players/18823.png,2000-01-24,25.0,England,175.0,67.0,Defender,West Ham,48,https://media.api-sports.io/football/teams/48.png,2024,
1904,B. Kamara,Boubacar Bernard,Kamara,https://media.api-sports.io/football/players/1904.png,1999-11-23,26.0,France,184.0,68.0,Midfielder,Aston Villa,66,https://media.api-sports.io/football/teams/66.png,2025,44.0
144733,B. Knight,Benjamin Leo,Knight,https://media.api-sports.io/football/players/144733.png,2002-06-14,23.0,England,171.0,61.0,Midfielder,Manchester City,50,https://media.api-sports.io/football/teams/50.png,2024,
21566,B. Lecomte,Benjamin Pascal,Lecomte,https://media.api-sports.io/football/players/21566.png,1991-04-26,34.0,France,186.0,78.0,Goalkeeper,Fulham,36,https://media.api-sports.io/football/teams/36.png,2025,23.0
1438,B. Leno,Bernd,Leno,https://media.api-sports.io/football/players/1438.png,1992-03-04,33.0,Germany,189.0,82.0,Goalkeeper,Fulham,36,https://media.api-sports.io/football/teams/36.png,2025,1.0
8589,B. Manuel,Benson,Manuel Hedilazio,https://media.api-sports.io/football/players/8589.png,1997-03-28,28.0,Belgium,178.0,68.0,Attacker,Burnley,44,https://media.api-sports.io/football/teams/44.png,2023,
20589,B. Mbeumo,Bryan Tetsadong Marceau,Mbeumo,https://media.api-sports.io/football/players/20589.png,1999-08-07,26.0,Cameroon,173.0,64.0,Attacker,Manchester United,33,https://media.api-sports.io/football/teams/33.png,2025,19.0
18917,B. Mee,Benjamin Thomas,Mee,https://media.api-sports.io/football/players/18917.png,1989-09-21,36.0,England,180.0,74.0,Defender,Brentford,55,https://media.api-sports.io/football/teams/55.png,2024,
623,B. Mendy,Benjamin,Mendy,https://media.api-sports.io/football/players/623.png,1994-07-17,31.0,France,185.0,85.0,Defender,Manchester City,50,https://media.api-sports.io/football/teams/50.png,2022,
388777,B. Meupiyou,Ndemeni Bastien,Meupiyou Menadjou,https://media.api-sports.io/football/players/388777.png,2006-03-19,19.0,France,191.0,80.0,Defender,Wolves,39,https://media.api-sports.io/football/teams/39.png,2024,
278118,B. Nelson,Benjamin Harvey,Nelson,https://media.api-sports.io/football/players/278118.png,2004-03-18,21.0,England,193.0,87.0,Defender,Leicester,46,https://media.api-sports.io/football/teams/46.png,2024,
70767,B. Ojeda,Braian Óscar,Ojeda Rodríguez,https://media.api-sports.io/football/players/70767.png,2000-06-27,25.0,Paraguay,172.0,68.0,Midfielder,Nottingham Forest,65,https://media.api-sports.io/football/teams/65.png,2022,
19302,B. Osborn,Benjamin Jarrod,Osborn,https://media.api-sports.io/football/players/19302.png,1994-08-05,31.0,England,176.0,75.0,Midfielder,Sheffield Utd,62,https://media.api-sports.io/football/teams/62.png,2023,
19115,B. Peacock-Farrell,Bailey,Peacock-Farrell,https://media.api-sports.io/football/players/19115.png,1996-10-29,29.0,Northern Ireland,193.0,73.0,Goalkeeper,Burnley,44,https://media.api-sports.io/football/teams/44.png,2023,
19454,B. Pearson,Benjamin David,Pearson,https://media.api-sports.io/football/players/19454.png,1995-01-04,30.0,England,176.0,71.0,Midfielder,Bournemouth,35,https://media.api-sports.io/football/teams/35.png,2022,
1460,B. Saka,Bukayo Ayoyinka Temidayo,Saka,https://media.api-sports.io/football/players/1460.png,2001-09-05,24.0,England,178.0,72.0,Attacker,Arsenal,42,https://media.api-sports.io/football/teams/42.png,2025,7.0
26303,B. Sosa,Borna,Sosa,https://media.api-sports.io/football/players/26303.png,1998-01-21,27.0,Croatia,187.0,79.0,Defender,Crystal Palace,52,https://media.api-sports.io/football/teams/52.png,2025,24.0
22233,B. Soumaré,Boubakary,Soumaré,https://media.api-sports.io/football/players/22233.png,1999-02-27,26.0,France,188.0,70.0,Midfielder,Leicester,46,https://media.api-sports.io/football/teams/46.png,2024,
264437,B. Thomas,Bobby Craig,Thomas,https://media.api-sports.io/football/players/264437.png,2001-01-30,24.0,England,193.0,77.0,Defender,Burnley,44,https://media.api-sports.io/football/teams/44.png,2023,
671,B. Traoré,Bertrand Isidore,Traoré,https://media.api-sports.io/football/players/671.png,1995-09-06,30.0,Burkina Faso,181.0,73.0,Attacker,Sunderland,746,https://media.api-sports.io/football/teams/746.png,2025,25.0
157912,B. Traoré,Boubacar,Traoré,https://media.api-sports.io/football/players/157912.png,2001-08-20,24.0,Mali,183.0,67.0,Midfielder,Wolves,39,https://media.api-sports.io/football/teams/39.png,2024,
304161,B. Traoré,Bénie Adama,Traoré,https://media.api-sports.io/football/players/304161.png,2002-11-30,23.0,Côte d'Ivoire,172.0,68.0,Attacker,Sheffield Utd,62,https://media.api-sports.io/football/teams/62.png,2023,
129058,B. Verbruggen,Bart,Verbruggen,https://media.api-sports.io/football/players/129058.png,2002-08-18,23.0,Netherlands,193.0,66.0,Goalkeeper,Brighton,51,https://media.api-sports.io/football/teams/51.png,2025,1.0
19959,B. White,Benjamin William,White,https://media.api-sports.io/football/players/19959.png,1997-10-08,28.0,England,186.0,76.0,Defender,Arsenal,42,https://media.api-sports.io/football/teams/42.png,2025,4.0
138806,B. Williams,Brandon Paul Brian,Williams,https://media.api-sports.io/football/players/138806.png,2000-09-03,25.0,England,171.0,63.0,Defender,Ipswich,57,https://media.api-sports.io/football/teams/57.png,2024,
138832,B. Winterbottom,Benjamin Harry,Winterbottom,https://media.api-sports.io/football/players/138832.png,2001-07-16,24.0,England,188.0,,Goalkeeper,Brentford,55,https://media.api-sports.io/football/teams/55.png,2024,
115589,B. Šeško,Benjamin,Šeško,https://media.api-sports.io/football/players/115589.png,2003-05-31,22.0,Slovenia,195.0,85.0,Attacker,Manchester United,33,https://media.api-sports.io/football/teams/33.png,2025,30.0
328104,Ben Parkinson,Ben,Parkinson,https://media.api-sports.io/football/players/328104.png,2005-03-10,20.0,England,,,Attacker,Newcastle,34,https://media.api-sports.io/football/teams/34.png,2024,
329344,Ben Perry,Benjamin,Marshall Perry,https://media.api-sports.io/football/players/329344.png,2004-10-11,21.0,England,184.0,75.0,Midfielder,Nottingham Forest,65,https://media.api-sports.io/football/teams/65.png,2024,
402432,Ben Winterburn,Ben,Winterburn,https://media.api-sports.io/football/players/402432.png,2004-09-04,21.0,England,185.0,75.0,Midfielder,Bournemouth,35,https://media.api-sports.io/football/teams/35.png,2025,
404769,Bendito Mantato,Bendito,Mantato,https://media.api-sports.io/football/players/404769.png,2008-01-25,17.0,England,180.0,,Attacker,Manchester United,33,https://media.api-sports.io/football/teams/33.png,2025,15.0
336599,Benicio Baker-Boaitey,Benicio,Baker-Boaitey,https://media.api-sports.io/football/players/336599.png,2004-01-09,21.0,England,,,Midfielder,Brighton,51,https://media.api-sports.io/football/teams/51.png,2024,
430827,Benjamin Arthur,Benjamin,Arthur,https://media.api-sports.io/football/players/430827.png,2005-10-09,20.0,England,189.0,80.0,Defender,Brentford,55,https://media.api-sports.io/football/teams/55.png,2025,
284531,Benjamin Harvey Jackson,Benjamin,Harvey Jackson,https://media.api-sports.io/football/players/284531.png,2003-09-03,22.0,England,190.0,78.0,Defender,Brighton,51,https://media.api-sports.io/football/teams/51.png,2024,
636,Bernardo Silva,Bernardo,Mota Veiga de Carvalho e Silva,https://media.api-sports.io/football/players/636.png,1994-08-10,31.0,Portugal,173.0,65.0,Midfielder,Manchester City,50,https://media.api-sports.io/football/teams/50.png,2025,20.0
125743,Beto,Norberto Bercique,Gomes Betuncal,https://media.api-sports.io/football/players/125743.png,1998-01-31,27.0,Portugal,194.0,88.0,Attacker,Everton,45,https://media.api-sports.io/football/teams/45.png,2025,9.0
401233,Billy Blacker,Billy,Blacker,https://media.api-sports.io/football/players/401233.png,2006-05-25,19.0,England,,,Midfielder,Sheffield Utd,62,https://media.api-sports.io/football/teams/62.png,2023,
327748,Billy Gee,Billy,Gee,https://media.api-sports.io/football/players/327748.png,2005-07-30,20.0,England,,,Defender,Chelsea,49,https://media.api-sports.io/football/teams/49.png,2024,
394501,Bradley Moonan,Bradley,Moonan,https://media.api-sports.io/football/players/394501.png,2006-04-02,19.0,England,183.0,73.0,Defender,Everton,45,https://media.api-sports.io/football/teams/45.png,2024,
284530,Brandon Ashley Cover,Brandon Ashley,Cover,https://media.api-sports.io/football/players/284530.png,2003-09-25,22.0,England,,,Midfielder,Leicester,46,https://media.api-sports.io/football/teams/46.png,2024,
1485,Bruno Fernandes,Bruno Miguel,Borges Fernandes,https://media.api-sports.io/football/players/1485.png,1994-09-08,31.0,Portugal,179.0,66.0,Midfielder,Manchester United,33,https://media.api-sports.io/football/teams/33.png,2025,8.0
10135,Bruno Guimarães,Bruno,Guimarães Rodriguez Moura,https://media.api-sports.io/football/players/10135.png,1997-11-16,28.0,Brazil,182.0,74.0,Midfielder,Newcastle,34,https://media.api-sports.io/football/teams/34.png,2025,39.0
1853,Bruno Jordão,Bruno André,Cavaco Jordão,https://media.api-sports.io/football/players/1853.png,1998-10-12,27.0,Portugal,180.0,73.0,Midfielder,Wolves,39,https://media.api-sports.io/football/teams/39.png,2023,
2061,Bryan Gil,Bryan,Gil Salvatierra,https://media.api-sports.io/football/players/2061.png,2001-02-11,24.0,Spain,175.0,60.0,Attacker,Tottenham,47,https://media.api-sports.io/football/teams/47.png,2024,
19524,C. Adams,Ché Zach Everton Fred,Adams,https://media.api-sports.io/football/players/19524.png,1996-07-13,29.0,Scotland,175.0,70.0,Attacker,Southampton,41,https://media.api-sports.io/football/teams/41.png,2024,
195993,C. Alcaraz,Carlos Jonas,Alcaraz Duran,https://media.api-sports.io/football/players/195993.png,2002-11-30,23.0,Argentina,176.0,68.0,Midfielder,Everton,45,https://media.api-sports.io/football/teams/45.png,2025,24.0
131278,C. Allen,Charlie Steven,Allen,https://media.api-sports.io/football/players/131278.png,2003-11-22,22.0,Northern Ireland,,,Midfielder,Leeds,63,https://media.api-sports.io/football/teams/63.png,2022,
137302,C. Archer,Cameron Desmond,Archer,https://media.api-sports.io/football/players/137302.png,2001-12-09,24.0,England,181.0,72.0,Attacker,Southampton,41,https://media.api-sports.io/football/teams/41.png,2024,
20850,C. Arcus,Carlens Jean Fedlaire Ruby,Arcus,https://media.api-sports.io/football/players/20850.png,1996-06-28,29.0,Haiti,180.0,73.0,Defender,Vitesse,200,https://media.api-sports.io/football/teams/200.png,2022,
356041,C. Baleba,Carlos Noom,Quomah Baleba,https://media.api-sports.io/football/players/356041.png,2004-01-03,21.0,Cameroon,179.0,73.0,Midfielder,Brighton,51,https://media.api-sports.io/football/teams/51.png,2025,17.0
19091,C. Basham,Christopher Paul,Basham,https://media.api-sports.io/football/players/19091.png,1988-07-20,36.0,England,190.0,80.0,Defender,Sheffield Utd,62,https://media.api-sports.io/football/teams/62.png,2023,
152967,C. Bassey,Calvin,Bassey Ughelumba,https://media.api-sports.io/football/players/152967.png,1999-12-31,26.0,Nigeria,185.0,76.0,Defender,Fulham,36,https://media.api-sports.io/football/teams/36.png,2025,3.0
546654,C. Bates,,,https://media.api-sports.io/football/players/546654.png,,20.0,,,,Midfielder,Everton,45,https://media.api-sports.io/football/teams/45.png,2025,6.0
2928,C. Benteke,Christian,Benteke Liolo,https://media.api-sports.io/football/players/2928.png,1990-12-03,35.0,Belgium,190.0,83.0,Attacker,Crystal Palace,52,https://media.api-sports.io/football/teams/52.png,2022,
180317,C. Bradley,Conor,Bradley,https://media.api-sports.io/football/players/180317.png,2003-07-09,22.0,Northern Ireland,180.0,64.0,Defender,Liverpool,40,https://media.api-sports.io/football/teams/40.png,2025,12.0
204031,C. Brennan,Ciaran,Brennan,https://media.api-sports.io/football/players/204031.png,2000-05-05,25.0,Republic of Ireland,189.0,70.0,Defender,Sheffield Utd,62,https://media.api-sports.io/football/teams/62.png,2023,
20457,C. Burgess,Cameron Robert,Burgess,https://media.api-sports.io/football/players/20457.png,1995-10-21,30.0,Australia,194.0,93.0,Defender,Ipswich,57,https://media.api-sports.io/football/teams/57.png,2024,
158432,C. Campbell,Chem,Campbell,https://media.api-sports.io/football/players/158432.png,2002-12-30,23.0,Wales,180.0,72.0,Midfielder,Wolves,39,https://media.api-sports.io/football/teams/39.png,2022,
270507,C. Casadei,Cesare,Casadei,https://media.api-sports.io/football/players/270507.png,2003-01-10,22.0,Italy,192.0,77.0,Midfielder,Chelsea,49,https://media.api-sports.io/football/teams/49.png,2024,
19016,C. Chambers,Calum,Chambers,https://media.api-sports.io/football/players/19016.png,1995-01-20,30.0,England,182.0,66.0,Defender,Aston Villa,66,https://media.api-sports.io/football/teams/66.png,2024,
20007,C. Chaplin,Conor Mark,Chaplin,https://media.api-sports.io/football/players/20007.png,1997-02-16,28.0,England,168.0,70.0,Attacker,Ipswich,57,https://media.api-sports.io/football/teams/57.png,2024,
441200,C. Chigozie,Christian,Chigozie,https://media.api-sports.io/football/players/441200.png,2007-03-01,18.0,England,186.0,74.0,Defender,Luton,1359,https://media.api-sports.io/football/teams/1359.png,2023,
138935,C. Chukwuemeka,Carney Chibueze,Chukwuemeka,https://media.api-sports.io/football/players/138935.png,2003-10-20,22.0,England,187.0,77.0,Midfielder,Chelsea,49,https://media.api-sports.io/football/teams/49.png,2024,
18891,C. Clark,Ciaran,Clark,https://media.api-sports.io/football/players/18891.png,1989-09-26,35.0,Republic of Ireland,185.0,88.0,Defender,Sheffield Utd,62,https://media.api-sports.io/football/teams/62.png,2023,
18741,C. Coady,Conor David,Coady,https://media.api-sports.io/football/players/18741.png,1993-02-25,32.0,England,185.0,80.0,Defender,Leicester,46,https://media.api-sports.io/football/teams/46.png,2024,
18820,C. Coventry,Conor James,Coventry,https://media.api-sports.io/football/players/18820.png,2000-03-25,25.0,Republic of Ireland,177.0,65.0,Midfielder,West Ham,48,https://media.api-sports.io/football/teams/48.png,2023,
278075,C. Cîrjan,Cătălin Ionuț,Cîrjan,https://media.api-sports.io/football/players/278075.png,2002-12-01,23.0,Romania,174.0,60.0,Midfielder,Arsenal,42,https://media.api-sports.io/football/teams/42.png,2023,
19147,C. Dawson,Craig,Dawson,https://media.api-sports.io/football/players/19147.png,1990-05-06,35.0,England,188.0,82.0,Defender,Wolves,39,https://media.api-sports.io/football/teams/39.png,2024,
3339,C. Doucouré,Cheick Oumar,Doucouré,https://media.api-sports.io/football/players/3339.png,2000-01-08,25.0,Mali,180.0,73.0,Midfielder,Crystal Palace,52,https://media.api-sports.io/football/teams/52.png,2024,
284372,C. Doyle,Callum Craig,Doyle,https://media.api-sports.io/football/players/284372.png,2003-10-03,22.0,England,185.0,72.0,Defender,Leicester,46,https://media.api-sports.io/football/teams/46.png,2024,
153411,C. Drameh,Cody Callum Pierre,Drameh,https://media.api-sports.io/football/players/153411.png,2001-12-08,24.0,England,175.0,73.0,Defender,Leeds,63,https://media.api-sports.io/football/teams/63.png,2022,
414385,C. Echeverri,Claudio Jeremías,Echeverri,https://media.api-sports.io/football/players/414385.png,2006-01-02,19.0,Argentina,171.0,62.0,Midfielder,Manchester City,50,https://media.api-sports.io/football/teams/50.png,2024,
181827,C. Egan-Riley,Conrad Jaden,Egan-Riley,https://media.api-sports.io/football/players/181827.png,2003-01-02,22.0,England,183.0,70.0,Defender,Burnley,44,https://media.api-sports.io/football/teams/44.png,2023,
174,C. Eriksen,Christian,Dannemann Eriksen,https://media.api-sports.io/football/players/174.png,1992-02-14,33.0,Denmark,182.0,76.0,Midfielder,Manchester United,33,https://media.api-sports.io/football/teams/33.png,2024,
247,C. Gakpo,Cody Mathès,Gakpo,https://media.api-sports.io/football/players/247.png,1999-05-07,26.0,Netherlands,193.0,76.0,Midfielder,Liverpool,40,https://media.api-sports.io/football/teams/40.png,2025,18.0
67972,C. Gallagher,Conor John,Gallagher,https://media.api-sports.io/football/players/67972.png,2000-02-06,25.0,England,183.0,77.0,Midfielder,Tottenham,47,https://media.api-sports.io/football/teams/47.png,2025,22.0
632,C. Gomes,Claudio Amarildo,Gomes,https://media.api-sports.io/football/players/632.png,2000-07-23,25.0,France,180.0,,Midfielder,Manchester City,50,https://media.api-sports.io/football/teams/50.png,2022,
17772,C. Goode,Charles James,Goode,https://media.api-sports.io/football/players/17772.png,1995-08-03,30.0,England,196.0,89.0,Defender,Brentford,55,https://media.api-sports.io/football/teams/55.png,2023,
2298,C. Hudson-Odoi,Callum James,Hudson-Odoi,https://media.api-sports.io/football/players/2298.png,2000-11-07,25.0,England,182.0,76.0,Midfielder,Nottingham Forest,65,https://media.api-sports.io/football/teams/65.png,2025,7.0
326763,C. Humphreys,Cameron,Humphreys,https://media.api-sports.io/football/players/326763.png,2003-10-30,22.0,England,,,Midfielder,Ipswich,57,https://media.api-sports.io/football/teams/57.png,2024,
293,C. Jones,Curtis Julian,Jones,https://media.api-sports.io/football/players/293.png,2001-01-30,24.0,England,185.0,78.0,Midfielder,Liverpool,40,https://media.api-sports.io/football/teams/40.png,2025,17.0
281,C. Kelleher,Caoimhín Odhrán,Kelleher,https://media.api-sports.io/football/players/281.png,1998-11-23,27.0,Republic of Ireland,188.0,74.0,Goalkeeper,Brentford,55,https://media.api-sports.io/football/teams/55.png,2025,1.0
392482,C. Kostoulas,Charalampos,Kostoulas,https://media.api-sports.io/football/players/392482.png,2007-05-30,18.0,Greece,,,Attacker,Brighton,51,https://media.api-sports.io/football/teams/51.png,2025,19.0
2991,C. Kouyaté,Cheikhou,Kouyaté,https://media.api-sports.io/football/players/2991.png,1989-12-21,35.0,Senegal,189.0,83.0,Midfielder,Nottingham Forest,65,https://media.api-sports.io/football/teams/65.png,2024,
380679,C. Kporha,Caleb Billy,Mawuko Kporha,https://media.api-sports.io/football/players/380679.png,2006-07-15,19.0,England,170.0,67.0,Defender,Crystal Palace,52,https://media.api-sports.io/football/teams/52.png,2024,
133,C. Lenglet,Clément Nicolas Laurent,Lenglet,https://media.api-sports.io/football/players/133.png,1995-06-17,30.0,France,186.0,81.0,Defender,Aston Villa,66,https://media.api-sports.io/football/teams/66.png,2024,
26644,C. Mandas,Christos,Mandas,https://media.api-sports.io/football/players/26644.png,2001-09-17,24.0,Greece,189.0,83.0,Goalkeeper,Bournemouth,35,https://media.api-sports.io/football/teams/35.png,2025,29.0
344707,C. Marshall,Callum,Marshall,https://media.api-sports.io/football/players/344707.png,2004-11-28,21.0,Northern Ireland,172.0,,Attacker,West Ham,48,https://media.api-sports.io/football/teams/48.png,2025,
378868,C. McFarlane,Callum,McFarlane,https://media.api-sports.io/football/players/378868.png,2003-09-08,22.0,England,,,Attacker,Fulham,36,https://media.api-sports.io/football/teams/36.png,2022,
394710,C. McKenna,Callan,McKenna,https://media.api-sports.io/football/players/394710.png,2006-12-22,19.0,Scotland,188.0,76.0,Goalkeeper,Bournemouth,35,https://media.api-sports.io/football/teams/35.png,2024,
288107,C. McNeill,Charlie Martin,McNeill,https://media.api-sports.io/football/players/288107.png,2003-09-09,22.0,England,181.0,,Attacker,Manchester United,33,https://media.api-sports.io/football/teams/33.png,2023,
18866,C. Mepham,Christopher James,Mepham,https://media.api-sports.io/football/players/18866.png,1997-11-05,28.0,Wales,193.0,88.0,Defender,Bournemouth,35,https://media.api-sports.io/football/teams/35.png,2024,
19083,C. Morris,Carlton John,Morris,https://media.api-sports.io/football/players/19083.png,1995-12-16,30.0,England,185.0,85.0,Attacker,Luton,1359,https://media.api-sports.io/football/teams/1359.png,2023,
19738,C. Ndaba,Corrie Richard,Ndaba,https://media.api-sports.io/football/players/19738.png,1999-12-25,26.0,Republic of Ireland,188.0,82.0,Defender,Ipswich,57,https://media.api-sports.io/football/teams/57.png,2024,
269,C. Nkunku,Christopher Alan,Nkunku,https://media.api-sports.io/football/players/269.png,1997-11-14,28.0,France,178.0,68.0,Attacker,Chelsea,49,https://media.api-sports.io/football/teams/49.png,2024,
30407,C. Nørgaard,Christian,Thers Nørgaard,https://media.api-sports.io/football/players/30407.png,1994-03-10,31.0,Denmark,187.0,73.0,Midfielder,Arsenal,42,https://media.api-sports.io/football/teams/42.png,2025,16.0
19365,C. Ogbene,Chiedozie,Ogbene,https://media.api-sports.io/football/players/19365.png,1997-05-01,28.0,Republic of Ireland,181.0,78.0,Attacker,Ipswich,57,https://media.api-sports.io/football/teams/57.png,2024,
30427,C. Okoli,Memeh Caleb,Okoli,https://media.api-sports.io/football/players/30427.png,2001-07-13,24.0,Italy,191.0,91.0,Defender,Leicester,46,https://media.api-sports.io/football/teams/46.png,2024,
380689,C. Olusesi,Callum,Latif Olusesi,https://media.api-sports.io/football/players/380689.png,2007-03-11,18.0,England,175.0,65.0,Midfielder,Tottenham,47,https://media.api-sports.io/football/teams/47.png,2025,52.0
152982,C. Palmer,Cole Jermaine,Palmer,https://media.api-sports.io/football/players/152982.png,2002-05-06,23.0,England,189.0,76.0,Midfielder,Chelsea,49,https://media.api-sports.io/football/teams/49.png,2025,10.0
284466,C. Patino,Charlie Michael,Patino,https://media.api-sports.io/football/players/284466.png,2003-10-17,22.0,England,182.0,75.0,Midfielder,Arsenal,42,https://media.api-sports.io/football/teams/42.png,2023,
379626,C. Pettit,Casey,Pettit,https://media.api-sports.io/football/players/379626.png,2002-10-15,23.0,England,181.0,63.0,Midfielder,Luton,1359,https://media.api-sports.io/football/teams/1359.png,2023,
216809,C. Peupion,Cameron Paul Jacques,Peupion,https://media.api-sports.io/football/players/216809.png,2002-09-23,23.0,Australia,175.0,76.0,Attacker,Brighton,51,https://media.api-sports.io/football/teams/51.png,2024,
382166,C. Plain,Cameron Christopher,Plain,https://media.api-sports.io/football/players/382166.png,2001-09-24,23.0,England,,,Goalkeeper,Bournemouth,35,https://media.api-sports.io/football/teams/35.png,2024,
304322,C. Popov,Christopher,Popov,https://media.api-sports.io/football/players/304322.png,2004-10-26,21.0,Wales,170.0,,Attacker,Leicester,46,https://media.api-sports.io/football/teams/46.png,2024,
17,C. Pulišić,Christian Mate,Pulišić,https://media.api-sports.io/football/players/17.png,1998-09-18,27.0,USA,177.0,73.0,Midfielder,Chelsea,49,https://media.api-sports.io/football/teams/49.png,2022,
135525,C. Ramsay,Calvin William,Ramsay,https://media.api-sports.io/football/players/135525.png,2003-07-31,22.0,Scotland,177.0,68.0,Defender,Liverpool,40,https://media.api-sports.io/football/teams/40.png,2025,2.0
278898,C. Riad,Chadi,Riad Dnanou,https://media.api-sports.io/football/players/278898.png,2003-06-17,22.0,Morocco,186.0,78.0,Defender,Crystal Palace,52,https://media.api-sports.io/football/teams/52.png,2025,34.0
126949,C. Richards,Christopher Jeffrey,Richards,https://media.api-sports.io/football/players/126949.png,2000-03-28,25.0,USA,188.0,87.0,Defender,Crystal Palace,52,https://media.api-sports.io/football/teams/52.png,2025,26.0
339201,C. Rigg,Christopher,Rigg,https://media.api-sports.io/football/players/339201.png,2007-06-18,18.0,England,177.0,65.0,Midfielder,Sunderland,746,https://media.api-sports.io/football/teams/746.png,2025,11.0
19331,C. Roberts,Connor Richard John,Roberts,https://media.api-sports.io/football/players/19331.png,1995-09-23,30.0,Wales,175.0,72.0,Defender,Burnley,44,https://media.api-sports.io/football/teams/44.png,2023,
327736,C. Robinson,Charlie James,Robinson,https://media.api-sports.io/football/players/327736.png,2004-09-19,21.0,England,,,Defender,Fulham,36,https://media.api-sports.io/football/teams/36.png,2022,
30776,C. Romero,Cristian Gabriel,Romero,https://media.api-sports.io/football/players/30776.png,1998-04-27,27.0,Argentina,185.0,78.0,Defender,Tottenham,47,https://media.api-sports.io/football/teams/47.png,2025,17.0
61178,C. Ronan,Connor Patrick,Ronan,https://media.api-sports.io/football/players/61178.png,1998-03-06,27.0,Republic of Ireland,170.0,71.0,Midfielder,Wolves,39,https://media.api-sports.io/football/teams/39.png,2022,
278088,C. Rushworth,Carl Andrew,Rushworth,https://media.api-sports.io/football/players/278088.png,2001-07-02,24.0,England,188.0,86.0,Goalkeeper,Brighton,51,https://media.api-sports.io/football/teams/51.png,2024,
284571,C. Sagoe,Charles Kwame,Sagoe Junior,https://media.api-sports.io/football/players/284571.png,2004-07-24,21.0,England,,,Attacker,Arsenal,42,https://media.api-sports.io/football/teams/42.png,2024,
284323,C. Savage,Charlie William Henry,Savage,https://media.api-sports.io/football/players/284323.png,2003-05-02,22.0,Wales,182.0,74.0,Midfielder,Manchester United,33,https://media.api-sports.io/football/teams/33.png,2023,
180289,C. Saydee,Christian,Saydee,https://media.api-sports.io/football/players/180289.png,2002-05-10,23.0,England,184.0,71.0,Attacker,Bournemouth,35,https://media.api-sports.io/football/teams/35.png,2022,
331009,C. Sayers,Charlie,Sayers,https://media.api-sports.io/football/players/331009.png,2004-03-29,21.0,England,,,Defender,Tottenham,47,https://media.api-sports.io/football/teams/47.png,2023,
310186,C. Scanlon,Calum,Scanlon,https://media.api-sports.io/football/players/310186.png,2005-02-14,20.0,England,171.0,60.0,Defender,Liverpool,40,https://media.api-sports.io/football/teams/40.png,2024,
158702,C. Slicker,Cieran Peter,Slicker,https://media.api-sports.io/football/players/158702.png,2002-09-15,23.0,Scotland,191.0,82.0,Goalkeeper,Ipswich,57,https://media.api-sports.io/football/teams/57.png,2024,
573755,C. Stevens,,,https://media.api-sports.io/football/players/573755.png,,18.0,,,,Midfielder,Bournemouth,35,https://media.api-sports.io/football/teams/35.png,2025,53.0
348263,C. Stewart,Cameron Jack,Stewart,https://media.api-sports.io/football/players/348263.png,2003-02-20,22.0,England,191.0,,Defender,Ipswich,57,https://media.api-sports.io/football/teams/57.png,2024,
37724,C. Summerville,Crysencio Jilbert Sylverio Cir,Summerville,https://media.api-sports.io/football/players/37724.png,2001-10-30,24.0,Netherlands,174.0,64.0,Attacker,West Ham,48,https://media.api-sports.io/football/teams/48.png,2025,7.0
336659,C. Talbi,Chemsdine,Talbi,https://media.api-sports.io/football/players/336659.png,2005-05-09,20.0,Morocco,175.0,65.0,Attacker,Sunderland,746,https://media.api-sports.io/football/teams/746.png,2025,7.0
328076,C. Tasker,Charlie,Tasker,https://media.api-sports.io/football/players/328076.png,2006-02-24,19.0,England,,,Defender,Brighton,51,https://media.api-sports.io/football/teams/51.png,2025,2.0
18918,C. Taylor,Charles James,Taylor,https://media.api-sports.io/football/players/18918.png,1993-09-18,32.0,England,176.0,70.0,Defender,Southampton,41,https://media.api-sports.io/football/teams/41.png,2024,
19152,C. Townsend,Conor Stephen,Townsend,https://media.api-sports.io/football/players/19152.png,1993-03-04,32.0,England,183.0,62.0,Defender,Ipswich,57,https://media.api-sports.io/football/teams/57.png,2024,
19541,C. Walton,Christian Timothy,Walton,https://media.api-sports.io/football/players/19541.png,1995-11-09,30.0,England,195.0,75.0,Goalkeeper,Ipswich,57,https://media.api-sports.io/football/teams/57.png,2024,
265733,C. Wiley,Caleb Ryan,Wiley,https://media.api-sports.io/football/players/265733.png,2004-12-22,21.0,USA,180.0,73.0,Defender,Chelsea,49,https://media.api-sports.io/football/teams/49.png,2024,
2939,C. Wilson,Callum Eddie Graham,Wilson,https://media.api-sports.io/football/players/2939.png,1992-02-27,33.0,England,180.0,66.0,Attacker,West Ham,48,https://media.api-sports.io/football/teams/48.png,2025,9.0
18931,C. Wood,Christopher Grant,Wood,https://media.api-sports.io/football/players/18931.png,1991-12-07,34.0,New Zealand,191.0,81.0,Attacker,Nottingham Forest,65,https://media.api-sports.io/football/teams/65.png,2025,9.0
19808,C. Woodrow,Cauley,Woodrow,https://media.api-sports.io/football/players/19808.png,1994-12-02,31.0,England,184.0,78.0,Attacker,Luton,1359,https://media.api-sports.io/football/teams/1359.png,2023,
40401,Cafú,Carlos Miguel,Ribeiro Dias,https://media.api-sports.io/football/players/40401.png,1993-02-26,32.0,Portugal,185.0,82.0,Midfielder,Nottingham Forest,65,https://media.api-sports.io/football/teams/65.png,2022,
361679,Callum Bates,Callum,Bates,https://media.api-sports.io/football/players/361679.png,2005-09-28,20.0,England,180.0,78.0,Midfielder,Everton,45,https://media.api-sports.io/football/teams/45.png,2024,
304318,Cameron Bragg,Cameron,Bragg,https://media.api-sports.io/football/players/304318.png,2005-04-10,20.0,England,177.0,69.0,Midfielder,Southampton,41,https://media.api-sports.io/football/teams/41.png,2024,
313925,Cameron Ferguson,Cameron,Ferguson,https://media.api-sports.io/football/players/313925.png,2003-03-24,22.0,England,,,Attacker,Newcastle,34,https://media.api-sports.io/football/teams/34.png,2023,
282126,Carlos Forbs,Carlos Roberto,Forbs Borges,https://media.api-sports.io/football/players/282126.png,2004-03-19,21.0,Portugal,169.0,62.0,Attacker,Wolves,39,https://media.api-sports.io/football/teams/39.png,2024,
17879,Carlos Gomes,Carlos Mendes,Gomes,https://media.api-sports.io/football/players/17879.png,1998-11-14,27.0,Spain,178.0,66.0,Attacker,Luton,1359,https://media.api-sports.io/football/teams/1359.png,2023,
10373,Carlos Miguel,Carlos Miguel,dos Santos Pereira,https://media.api-sports.io/football/players/10373.png,1998-10-09,27.0,Brazil,204.0,94.0,Goalkeeper,Nottingham Forest,65,https://media.api-sports.io/football/teams/65.png,2024,
930,Carlos Soler,Carlos,Soler Barragán,https://media.api-sports.io/football/players/930.png,1997-01-02,28.0,Spain,180.0,76.0,Midfielder,West Ham,48,https://media.api-sports.io/football/teams/48.png,2024,
104,Carlos Vinícius,Carlos Vinícius,Alves Morais,https://media.api-sports.io/football/players/104.png,1995-03-25,30.0,Brazil,190.0,86.0,Forward,Fulham,36,https://media.api-sports.io/football/teams/36.png,2024,
747,Casemiro,Carlos Henrique,Casimiro,https://media.api-sports.io/football/players/747.png,1992-02-23,33.0,Brazil,185.0,84.0,Midfielder,Manchester United,33,https://media.api-sports.io/football/teams/33.png,2025,18.0
322304,Cathal Heffernan,Cathal,Heffernan,https://media.api-sports.io/football/players/322304.png,2005-04-27,20.0,Republic of Ireland,,,Defender,Newcastle,34,https://media.api-sports.io/football/teams/34.png,2024,
389034,Charlie Gray,Charlie,Gray,https://media.api-sports.io/football/players/389034.png,2006-02-22,19.0,England,,,Midfielder,Manchester City,50,https://media.api-sports.io/football/teams/50.png,2025,8.0
195962,Chiquinho,Francisco Jorge,Tavares Oliveira,https://media.api-sports.io/football/players/195962.png,2000-02-05,25.0,Portugal,179.0,73.0,Attacker,Wolves,39,https://media.api-sports.io/football/teams/39.png,2024,
403554,Christantus Uche,Christantus Ugonna,Uche,https://media.api-sports.io/football/players/403554.png,2003-05-19,22.0,Spain,190.0,84.0,Midfielder,Crystal Palace,52,https://media.api-sports.io/football/teams/52.png,2025,12.0
313671,Ciaran Thompson,Ciaran James,Thompson,https://media.api-sports.io/football/players/313671.png,2004-10-17,21.0,England,,,Defender,Newcastle,34,https://media.api-sports.io/football/teams/34.png,2024,
361676,Coby Ebere,Coby,Ebere,https://media.api-sports.io/football/players/361676.png,2005-09-17,20.0,England,187.0,,Attacker,Everton,45,https://media.api-sports.io/football/teams/45.png,2024,
364980,Conor McManus,Conor,McManus,https://media.api-sports.io/football/players/364980.png,2004-06-16,21.0,Republic of Ireland,,,Midfielder,Brentford,55,https://media.api-sports.io/football/teams/55.png,2025,
333682,Cristhian Mosquera,Cristhian Andrey,Mosquera Ibargüen,https://media.api-sports.io/football/players/333682.png,2004-06-27,21.0,Spain,191.0,78.0,Defender,Arsenal,42,https://media.api-sports.io/football/teams/42.png,2025,3.0
874,Cristiano Ronaldo,Cristiano Ronaldo,dos Santos Aveiro,https://media.api-sports.io/football/players/874.png,1985-02-05,40.0,Portugal,187.0,83.0,Attacker,Manchester United,33,https://media.api-sports.io/football/teams/33.png,2022,
190,Cédric Soares,Cédric Ricardo,Alves Soares,https://media.api-sports.io/football/players/190.png,1991-08-31,34.0,Portugal,172.0,67.0,Defender,Arsenal,42,https://media.api-sports.io/football/teams/42.png,2024,
2280,César Azpilicueta,César,Azpilicueta Tanco,https://media.api-sports.io/football/players/2280.png,1989-08-28,36.0,Spain,178.0,76.0,Defender,Chelsea,49,https://media.api-sports.io/football/teams/49.png,2022,
382160,D. Adu-Adjei,Daniel,Adu-Adjei,https://media.api-sports.io/football/players/382160.png,2005-06-21,20.0,England,177.0,68.0,Attacker,Bournemouth,35,https://media.api-sports.io/football/teams/35.png,2024,
361734,D. Ajayi,Oyindamola,Ajayi,https://media.api-sports.io/football/players/361734.png,2005-12-27,20.0,England,176.0,75.0,Attacker,Tottenham,47,https://media.api-sports.io/football/teams/47.png,2024,
172,D. Alli,Bamidele Jermaine,Alli,https://media.api-sports.io/football/players/172.png,1996-04-11,29.0,England,188.0,76.0,Midfielder,Everton,45,https://media.api-sports.io/football/teams/45.png,2024,
3421,D. Amartey,Daniel,Amartey,https://media.api-sports.io/football/players/3421.png,1994-12-21,31.0,Ghana,186.0,79.0,Defender,Leicester,46,https://media.api-sports.io/football/teams/46.png,2022,
129695,D. Bakwa,Dilane,Bakwa,https://media.api-sports.io/football/players/129695.png,2002-08-26,23.0,France,180.0,75.0,Attacker,Nottingham Forest,65,https://media.api-sports.io/football/teams/65.png,2025,29.0
44803,D. Ball,Dominic Martin,Ball,https://media.api-sports.io/football/players/44803.png,1995-08-02,30.0,England,184.0,75.0,Midfielder,Ipswich,57,https://media.api-sports.io/football/teams/57.png,2024,
303460,D. Ballard,Dominic,Ballard,https://media.api-sports.io/football/players/303460.png,2005-04-01,20.0,England,,,Attacker,Southampton,41,https://media.api-sports.io/football/teams/41.png,2024,
55904,D. Ballard,Daniel George,Ballard,https://media.api-sports.io/football/players/55904.png,1999-09-22,26.0,Northern Ireland,187.0,85.0,Defender,Sunderland,746,https://media.api-sports.io/football/teams/746.png,2025,5.0
557414,D. Benamar,,,https://media.api-sports.io/football/players/557414.png,,17.0,,,,Defender,Crystal Palace,52,https://media.api-sports.io/football/teams/52.png,2025,7.0
19341,D. Bentley,Daniel Ian,Bentley,https://media.api-sports.io/football/players/19341.png,1993-07-13,32.0,England,188.0,73.0,Goalkeeper,Wolves,39,https://media.api-sports.io/football/teams/39.png,2025,25.0
18870,D. Brooks,David Robert,Brooks,https://media.api-sports.io/football/players/18870.png,1997-07-08,28.0,Wales,173.0,62.0,Midfielder,Bournemouth,35,https://media.api-sports.io/football/teams/35.png,2025,7.0
18961,D. Burn,Daniel Johnson,Burn,https://media.api-sports.io/football/players/18961.png,1992-05-09,33.0,England,198.0,87.0,Defender,Newcastle,34,https://media.api-sports.io/football/teams/34.png,2025,33.0
18766,D. Calvert-Lewin,Dominic Nathaniel,Calvert-Lewin,https://media.api-sports.io/football/players/18766.png,1997-03-16,28.0,England,187.0,71.0,Attacker,Leeds,63,https://media.api-sports.io/football/teams/63.png,2025,9.0
105789,D. Churlinov,Darko,Churlinov,https://media.api-sports.io/football/players/105789.png,2000-07-11,25.0,North Macedonia,180.0,73.0,Forward,Burnley,44,https://media.api-sports.io/football/teams/44.png,2023,
162076,D. Cirkin,Dennis,Cirkin,https://media.api-sports.io/football/players/162076.png,2002-04-06,23.0,England,182.0,78.0,Defender,Sunderland,746,https://media.api-sports.io/football/teams/746.png,2025,3.0
342063,D. Coppola,Diego,Coppola,https://media.api-sports.io/football/players/342063.png,2003-12-28,22.0,Italy,192.0,78.0,Defender,Brighton,51,https://media.api-sports.io/football/teams/51.png,2025,
284253,D. Corness,Dominic,Corness,https://media.api-sports.io/football/players/284253.png,2003-05-05,22.0,England,174.0,62.0,Midfielder,Liverpool,40,https://media.api-sports.io/football/teams/40.png,2022,
69680,D. Costelloe,Dara James Morgan,Costelloe,https://media.api-sports.io/football/players/69680.png,2002-12-11,23.0,Republic of Ireland,,,Attacker,Burnley,44,https://media.api-sports.io/football/teams/44.png,2023,
284424,D. Edwards,Diamond,Diamond Lazane Edwards,https://media.api-sports.io/football/players/284424.png,2003-09-18,22.0,England,,,Midfielder,Southampton,41,https://media.api-sports.io/football/teams/41.png,2022,
291476,D. Fofana,David Datro,Fofana,https://media.api-sports.io/football/players/291476.png,2002-12-22,23.0,Côte d'Ivoire,181.0,76.0,Forward,Chelsea,49,https://media.api-sports.io/football/teams/49.png,2024,
162528,D. Franchi,Denis,Franchi,https://media.api-sports.io/football/players/162528.png,2002-10-22,23.0,Italy,189.0,,Goalkeeper,Burnley,44,https://media.api-sports.io/football/teams/44.png,2023,
18781,D. Gray,Demarai Ramelle,Gray,https://media.api-sports.io/football/players/18781.png,1996-06-28,29.0,Jamaica,180.0,74.0,Attacker,Everton,45,https://media.api-sports.io/football/teams/45.png,2023,
282124,D. Gyabi,Darko Boateng,Gyabi,https://media.api-sports.io/football/players/282124.png,2004-02-18,21.0,England,196.0,80.0,Midfielder,Leeds,63,https://media.api-sports.io/football/teams/63.png,2022,
278370,D. Gómez,Diego Alexander,Gómez Amarilla,https://media.api-sports.io/football/players/278370.png,2003-03-27,22.0,Paraguay,183.0,77.0,Midfielder,Brighton,51,https://media.api-sports.io/football/teams/51.png,2025,25.0
33095,D. Hashioka,Daiki,Hashioka,https://media.api-sports.io/football/players/33095.png,1999-05-17,26.0,Japan,184.0,73.0,Defender,Luton,1359,https://media.api-sports.io/football/teams/1359.png,2023,
19088,D. Henderson,Dean Bradley,Henderson,https://media.api-sports.io/football/players/19088.png,1997-03-12,28.0,England,188.0,85.0,Goalkeeper,Crystal Palace,52,https://media.api-sports.io/football/teams/52.png,2025,1.0
361497,D. Huijsen,Dean Donny,Huijsen,https://media.api-sports.io/football/players/361497.png,2005-04-14,20.0,Netherlands,195.0,87.0,Defender,Bournemouth,35,https://media.api-sports.io/football/teams/35.png,2024,
18955,D. Ings,Daniel William John,Ings,https://media.api-sports.io/football/players/18955.png,1992-07-23,33.0,England,178.0,73.0,Attacker,West Ham,48,https://media.api-sports.io/football/teams/48.png,2024,
17736,D. Iversen,Daniel,Lønne Iversen,https://media.api-sports.io/football/players/17736.png,1997-07-19,28.0,Denmark,193.0,80.0,Goalkeeper,Leicester,46,https://media.api-sports.io/football/teams/46.png,2024,
19329,D. James,Daniel Owen,James,https://media.api-sports.io/football/players/19329.png,1997-11-10,28.0,Wales,171.0,63.0,Attacker,Leeds,63,https://media.api-sports.io/football/teams/63.png,2025,7.0
296458,D. Jebbison,Daniel David,Jebbison,https://media.api-sports.io/football/players/296458.png,2003-07-11,22.0,Canada,190.0,69.0,Attacker,Bournemouth,35,https://media.api-sports.io/football/teams/35.png,2024,
2601,D. Kamada,Daichi,Kamada,https://media.api-sports.io/football/players/2601.png,1996-08-05,29.0,Japan,184.0,76.0,Attacker,Crystal Palace,52,https://media.api-sports.io/football/teams/52.png,2025,18.0
30435,D. Kulusevski,Dejan,Kulusevski,https://media.api-sports.io/football/players/30435.png,2000-04-25,25.0,Sweden,186.0,80.0,Midfielder,Tottenham,47,https://media.api-sports.io/football/teams/47.png,2024,
284237,D. Lembikisa,Dexter Joeng Woo,Lembikisa,https://media.api-sports.io/football/players/284237.png,2003-11-04,22.0,Jamaica,178.0,75.0,Defender,Wolves,39,https://media.api-sports.io/football/teams/39.png,2022,
475598,D. León,Diego Basilio,León Blanco,https://media.api-sports.io/football/players/475598.png,2007-04-03,18.0,Paraguay,177.0,82.0,Defender,Manchester United,33,https://media.api-sports.io/football/teams/33.png,2025,
249,D. Malen,Donyell,Malen,https://media.api-sports.io/football/players/249.png,1999-01-19,26.0,Netherlands,176.0,68.0,Attacker,Aston Villa,66,https://media.api-sports.io/football/teams/66.png,2025,
18929,D. McNeil,Dwight James Matthew,McNeil,https://media.api-sports.io/football/players/18929.png,1999-11-22,26.0,England,183.0,68.0,Attacker,Everton,45,https://media.api-sports.io/football/teams/45.png,2025,7.0
284409,D. Mubama,Divin Saku,Mubama,https://media.api-sports.io/football/players/284409.png,2004-10-25,21.0,England,182.0,70.0,Attacker,West Ham,48,https://media.api-sports.io/football/teams/48.png,2024,
380681,D. Mukasa,Divine,Tayon Mahogany Mukasa,https://media.api-sports.io/football/players/380681.png,2007-08-22,18.0,England,180.0,,Midfielder,Manchester City,50,https://media.api-sports.io/football/teams/50.png,2025,
13736,D. Muñoz,Daniel,Muñoz Mejía,https://media.api-sports.io/football/players/13736.png,1996-05-26,29.0,Colombia,180.0,73.0,Midfielder,Crystal Palace,52,https://media.api-sports.io/football/teams/52.png,2025,2.0
265782,D. Møller Wolfe,David,Møller Wolfe,https://media.api-sports.io/football/players/265782.png,2002-04-23,23.0,Norway,185.0,78.0,Midfielder,Wolves,39,https://media.api-sports.io/football/teams/39.png,2025,6.0
48648,D. Ndoye,Dan Assane,Ndoye,https://media.api-sports.io/football/players/48648.png,2000-10-25,25.0,Switzerland,184.0,79.0,Midfielder,Nottingham Forest,65,https://media.api-sports.io/football/teams/65.png,2025,14.0
19910,D. Neil,Daniel,Neil,https://media.api-sports.io/football/players/19910.png,2001-11-30,24.0,England,185.0,62.0,Midfielder,Sunderland,746,https://media.api-sports.io/football/teams/746.png,2025,
51617,D. Núñez,Darwin Gabriel,Núñez Ribeiro,https://media.api-sports.io/football/players/51617.png,1999-06-24,26.0,Uruguay,187.0,81.0,Attacker,Liverpool,40,https://media.api-sports.io/football/teams/40.png,2024,
17597,D. O&apos;Shea,Dara Joseph,O'Shea,https://media.api-sports.io/football/players/17597.png,1999-03-04,26.0,Republic of Ireland,189.0,75.0,Defender,Ipswich,57,https://media.api-sports.io/football/teams/57.png,2024,
305,D. Origi,Divock,Okoth Origi,https://media.api-sports.io/football/players/305.png,1995-04-18,30.0,Belgium,185.0,75.0,Attacker,Nottingham Forest,65,https://media.api-sports.io/football/teams/65.png,2024,
327602,D. Osong,Detlef Esapa,Osong,https://media.api-sports.io/football/players/327602.png,2004-09-21,21.0,England,,,Attacker,Nottingham Forest,65,https://media.api-sports.io/football/teams/65.png,2024,
284797,D. Ouattara,Dango Aboubacar Faissal,Ouattara,https://media.api-sports.io/football/players/284797.png,2002-02-11,23.0,Burkina Faso,177.0,71.0,Midfielder,Brentford,55,https://media.api-sports.io/football/teams/55.png,2025,19.0
304320,D. Ozoh,David Ikechukwu,Ozoh,https://media.api-sports.io/football/players/304320.png,2005-05-06,20.0,England,190.0,68.0,Midfielder,Crystal Palace,52,https://media.api-sports.io/football/teams/52.png,2024,
50892,D. Pereira,Dion Enrico,Pereira Greives,https://media.api-sports.io/football/players/50892.png,1999-03-25,26.0,England,180.0,77.0,Midfielder,Luton,1359,https://media.api-sports.io/football/teams/1359.png,2023,
19756,D. Potts,Daniel,Potts,https://media.api-sports.io/football/players/19756.png,1994-04-13,31.0,England,172.0,70.0,Defender,Luton,1359,https://media.api-sports.io/football/teams/1359.png,2023,
2925,D. Praet,Dennis Pierre Jacques Albert,Praet,https://media.api-sports.io/football/players/2925.png,1994-05-14,31.0,Belgium,181.0,78.0,Midfielder,Leicester,46,https://media.api-sports.io/football/teams/46.png,2024,
19229,D. Randolph,Darren Edward Andrew,Randolph,https://media.api-sports.io/football/players/19229.png,1987-05-12,37.0,Republic of Ireland,188.0,98.0,Goalkeeper,Bournemouth,35,https://media.api-sports.io/football/teams/35.png,2024,
162114,D. Rankine,Dion Joseph,Rankine,https://media.api-sports.io/football/players/162114.png,2002-10-15,23.0,England,170.0,63.0,Midfielder,Chelsea,49,https://media.api-sports.io/football/teams/49.png,2022,
38731,D. Reiziger,Daan,Reiziger,https://media.api-sports.io/football/players/38731.png,2001-06-18,24.0,Netherlands,184.0,69.0,Goalkeeper,Vitesse,200,https://media.api-sports.io/football/teams/200.png,2022,
2937,D. Rice,Declan,Rice,https://media.api-sports.io/football/players/2937.png,1999-01-14,26.0,England,188.0,84.0,Midfielder,Arsenal,42,https://media.api-sports.io/football/teams/42.png,2025,41.0
411808,D. Richards,Dujuan Odile,Richards,https://media.api-sports.io/football/players/411808.png,2005-11-10,20.0,Jamaica,189.0,,Attacker,Chelsea,49,https://media.api-sports.io/football/teams/49.png,2024,
334725,D. Sadi,Dominic,Sadi,https://media.api-sports.io/football/players/334725.png,2003-09-02,22.0,England,174.0,65.0,Attacker,Bournemouth,35,https://media.api-sports.io/football/teams/35.png,2025,
445918,D. Sasnauskas,Dovydas,Sasnauskas,https://media.api-sports.io/football/players/445918.png,2007-02-16,18.0,Lithuania,,,Defender,Sheffield Utd,62,https://media.api-sports.io/football/teams/62.png,2023,
284212,D. Sassi,Daniel,Sassi,https://media.api-sports.io/football/players/284212.png,2003-12-08,22.0,England,,,Defender,Burnley,44,https://media.api-sports.io/football/teams/44.png,2023,
162552,D. Scarlett,Dane Pharrell,Scarlett,https://media.api-sports.io/football/players/162552.png,2004-03-24,21.0,England,180.0,76.0,Attacker,Tottenham,47,https://media.api-sports.io/football/teams/47.png,2025,
152949,D. Simeu,Dynel Brown,Kembo Simeu,https://media.api-sports.io/football/players/152949.png,2002-03-13,23.0,England,186.0,83.0,Defender,Southampton,41,https://media.api-sports.io/football/teams/41.png,2022,
18883,D. Solanke,Dominic Ayodele,Solanke-Mitchell,https://media.api-sports.io/football/players/18883.png,1997-09-14,28.0,England,187.0,80.0,Attacker,Tottenham,47,https://media.api-sports.io/football/teams/47.png,2025,19.0
19235,D. Spence,Diop Tehuti,Djed-Hotep Spence,https://media.api-sports.io/football/players/19235.png,2000-08-09,25.0,England,185.0,71.0,Defender,Tottenham,47,https://media.api-sports.io/football/teams/47.png,2025,24.0
1096,D. Szoboszlai,Dominik,Szoboszlai,https://media.api-sports.io/football/players/1096.png,2000-10-25,25.0,Hungary,186.0,74.0,Midfielder,Liverpool,40,https://media.api-sports.io/football/teams/40.png,2025,8.0
168,D. Sánchez,Davinson,Sánchez Mina,https://media.api-sports.io/football/players/168.png,1996-06-12,29.0,Colombia,187.0,81.0,Defender,Tottenham,47,https://media.api-sports.io/football/teams/47.png,2023,
339138,D. Taylor,Dale,Taylor,https://media.api-sports.io/football/players/339138.png,2003-12-12,22.0,Northern Ireland,,,Attacker,Nottingham Forest,65,https://media.api-sports.io/football/teams/65.png,2024,
204039,D. Udogie,Iyenoma Destiny,Udogie,https://media.api-sports.io/football/players/204039.png,2002-11-28,23.0,Italy,186.0,73.0,Defender,Tottenham,47,https://media.api-sports.io/football/teams/47.png,2025,13.0
26475,D. Undav,Deniz,Undav,https://media.api-sports.io/football/players/26475.png,1996-07-19,29.0,Germany,179.0,86.0,Attacker,Brighton,51,https://media.api-sports.io/football/teams/51.png,2024,
18146,D. Ward,Daniel,Ward,https://media.api-sports.io/football/players/18146.png,1993-06-22,32.0,Wales,191.0,88.0,Goalkeeper,Leicester,46,https://media.api-sports.io/football/teams/46.png,2024,
1469,D. Welbeck,Daniel Nii,Tackie Mensah Welbeck,https://media.api-sports.io/football/players/1469.png,1990-11-26,35.0,England,185.0,73.0,Attacker,Brighton,51,https://media.api-sports.io/football/teams/51.png,2025,18.0
2810,D. Zakaria,Denis Lemi,Zakaria Lako Lado,https://media.api-sports.io/football/players/2810.png,1996-11-20,29.0,Switzerland,191.0,76.0,Midfielder,Chelsea,49,https://media.api-sports.io/football/teams/49.png,2022,
547,D. van de Beek,Donny,van de Beek,https://media.api-sports.io/football/players/547.png,1997-04-18,28.0,Netherlands,184.0,76.0,Midfielder,Manchester United,33,https://media.api-sports.io/football/teams/33.png,2024,
282903,D. van den Heuvel,Tristan Danique,van den Heuvel,https://media.api-sports.io/football/players/282903.png,2003-05-28,22.0,Netherlands,186.0,73.0,Goalkeeper,Leeds,63,https://media.api-sports.io/football/teams/63.png,2022,
1902,D. Ćaleta-Car,Duje,Ćaleta-Car,https://media.api-sports.io/football/players/1902.png,1996-09-17,29.0,Croatia,192.0,89.0,Defender,Southampton,41,https://media.api-sports.io/football/teams/41.png,2024,
407026,Daniel Armer,Daniel James,Armer,https://media.api-sports.io/football/players/407026.png,2007-10-22,18.0,Scotland,,,Defender,Manchester United,33,https://media.api-sports.io/football/teams/33.png,2024,
154807,Daniel Chesters,Daniel,Chesters,https://media.api-sports.io/football/players/154807.png,2002-04-04,23.0,England,177.0,68.0,Midfielder,West Ham,48,https://media.api-sports.io/football/teams/48.png,2023,
196856,Daniel Edward Peter Imray,Daniel Edward Peter,Imray,https://media.api-sports.io/football/players/196856.png,2003-07-27,22.0,England,178.0,,Defender,Crystal Palace,52,https://media.api-sports.io/football/teams/52.png,2025,
303010,Daniel Gore,Daniel,Gore,https://media.api-sports.io/football/players/303010.png,2004-09-26,21.0,England,170.0,62.0,Midfielder,Manchester United,33,https://media.api-sports.io/football/teams/33.png,2024,
2288,Daniel Noel Drinkwater,Daniel Noel,Drinkwater,https://media.api-sports.io/football/players/2288.png,1990-03-05,32.0,England,178.0,79.0,Midfielder,Chelsea,49,https://media.api-sports.io/football/teams/49.png,2022,
1605,Daniel Podence,Daniel,Castelo Podence,https://media.api-sports.io/football/players/1605.png,1995-10-21,30.0,Portugal,165.0,58.0,Attacker,Wolves,39,https://media.api-sports.io/football/teams/39.png,2024,
275170,Danilo,Danilo,dos Santos de Oliveira,https://media.api-sports.io/football/players/275170.png,2001-04-29,24.0,Brazil,176.0,69.0,Midfielder,Nottingham Forest,65,https://media.api-sports.io/football/teams/65.png,2024,
284417,Dante Jamel Cassanova,Dante Jamel,Cassanova,https://media.api-sports.io/football/players/284417.png,2004-06-21,21.0,England,179.0,66.0,Defender,Tottenham,47,https://media.api-sports.io/football/teams/47.png,2024,
19465,David Raya,David,Raya Martin,https://media.api-sports.io/football/players/19465.png,1995-09-15,30.0,Spain,183.0,80.0,Goalkeeper,Arsenal,42,https://media.api-sports.io/football/teams/42.png,2025,1.0
882,David de Gea,David,de Gea Quintana,https://media.api-sports.io/football/players/882.png,1990-11-07,35.0,Spain,192.0,76.0,Goalkeeper,Manchester United,33,https://media.api-sports.io/football/teams/33.png,2023,
415001,Deivid Washington,Deivid Washington,de Souza Eugênio,https://media.api-sports.io/football/players/415001.png,2005-06-05,20.0,Brazil,188.0,74.0,Attacker,Chelsea,49,https://media.api-sports.io/football/teams/49.png,2024,
327728,Delano McCoy-Splatt\t,Delano,McCoy-Splatt,https://media.api-sports.io/football/players/327728.png,2004-10-11,21.0,Jamaica,,,Midfielder,Fulham,36,https://media.api-sports.io/football/teams/36.png,2023,
284382,Dermot William Mee,Dermot William,Mee,https://media.api-sports.io/football/players/284382.png,2002-11-20,23.0,Northern Ireland,183.0,,Goalkeeper,Manchester United,33,https://media.api-sports.io/football/teams/33.png,2024,
297635,Devan Austin Tanton Pedraza,Devan,Austin Tanton Pedraza,https://media.api-sports.io/football/players/297635.png,2004-01-03,21.0,Colombia,176.0,74.0,Defender,Fulham,36,https://media.api-sports.io/football/teams/36.png,2024,
21090,Diego Carlos,Diego Carlos,Santos Silva,https://media.api-sports.io/football/players/21090.png,1993-03-15,32.0,Brazil,186.0,79.0,Defender,Aston Villa,66,https://media.api-sports.io/football/teams/66.png,2024,
54,Diego Costa,Diego,da Silva Costa,https://media.api-sports.io/football/players/54.png,1988-10-07,37.0,Spain,188.0,83.0,Attacker,Wolves,39,https://media.api-sports.io/football/teams/39.png,2023,
47302,Diego Llorente,Diego Javier,Llorente Ríos,https://media.api-sports.io/football/players/47302.png,1993-08-16,32.0,Spain,186.0,75.0,Defender,Leeds,63,https://media.api-sports.io/football/teams/63.png,2022,
335056,Diego Moreira,Diego Manuel Jadon,da Silva Moreira,https://media.api-sports.io/football/players/335056.png,2004-08-06,21.0,Portugal,179.0,73.0,Attacker,Chelsea,49,https://media.api-sports.io/football/teams/49.png,2024,
886,Diogo Dalot,José Diogo,Dalot Teixeira,https://media.api-sports.io/football/players/886.png,1999-03-18,26.0,Portugal,183.0,78.0,Midfielder,Manchester United,33,https://media.api-sports.io/football/teams/33.png,2025,2.0
2678,Diogo Jota,Diogo José,Teixeira da Silva,https://media.api-sports.io/football/players/2678.png,1996-12-04,29.0,Portugal,178.0,68.0,Attacker,Liverpool,40,https://media.api-sports.io/football/teams/40.png,2024,
296085,Diogo Monteiro,Diogo,Pinheiro Monteiro,https://media.api-sports.io/football/players/296085.png,2005-01-28,20.0,Portugal,184.0,75.0,Defender,Leeds,63,https://media.api-sports.io/football/teams/63.png,2022,
456129,Dominic Martins,Dominic,dos Santos Martins,https://media.api-sports.io/football/players/456129.png,2005-10-13,19.0,Portugal,,,Midfielder,Luton,1359,https://media.api-sports.io/football/teams/1359.png,2023,
47522,Douglas Luiz,Douglas Luiz,Soares de Paulo,https://media.api-sports.io/football/players/47522.png,1998-05-09,27.0,Brazil,175.0,66.0,Midfielder,Nottingham Forest,65,https://media.api-sports.io/football/teams/65.png,2025,21.0
352210,Dylan Charlton,Dylan,Charlton,https://media.api-sports.io/football/players/352210.png,2006-07-02,19.0,Iceland,,,Defender,Newcastle,34,https://media.api-sports.io/football/teams/34.png,2024,
284260,Dylan Williams,Dylan,Williams,https://media.api-sports.io/football/players/284260.png,2003-09-13,22.0,England,,,Defender,Chelsea,49,https://media.api-sports.io/football/teams/49.png,2024,
308678,Dário Essugo,Dário Cassia Luís,Essugo,https://media.api-sports.io/football/players/308678.png,2005-03-14,20.0,Portugal,178.0,79.0,Midfielder,Chelsea,49,https://media.api-sports.io/football/teams/49.png,2025,14.0
17641,E. Adebayo,Elijah Anuoluwapo Oluwaferanmi,Ayomikulehin Adebayo,https://media.api-sports.io/football/players/17641.png,1998-01-07,27.0,England,193.0,89.0,Attacker,Luton,1359,https://media.api-sports.io/football/teams/1359.png,2023,
135068,E. Agbadou,Emmanuel Elysee,Djedje Agbadou Badobre,https://media.api-sports.io/football/players/135068.png,1997-06-17,28.0,Côte d'Ivoire,192.0,80.0,Defender,Wolves,39,https://media.api-sports.io/football/teams/39.png,2025,
361388,E. Agyei,Enock,Atta Agyei,https://media.api-sports.io/football/players/361388.png,2005-01-13,20.0,Belgium,172.0,,Attacker,Burnley,44,https://media.api-sports.io/football/teams/44.png,2025,7.0
2279,E. Ampadu,Ethan Kwame Colm Raymond,Ampadu,https://media.api-sports.io/football/players/2279.png,2000-09-14,25.0,Wales,182.0,78.0,Midfielder,Leeds,63,https://media.api-sports.io/football/teams/63.png,2025,4.0
138908,E. Anderson,Elliot,Anderson,https://media.api-sports.io/football/players/138908.png,2002-11-06,23.0,Scotland,179.0,69.0,Midfielder,Nottingham Forest,65,https://media.api-sports.io/football/teams/65.png,2025,8.0
283265,E. Baggott,Elkan William Tio,Baggott,https://media.api-sports.io/football/players/283265.png,2002-10-23,23.0,Indonesia,196.0,91.0,Defender,Ipswich,57,https://media.api-sports.io/football/teams/57.png,2024,
885,E. Bailly,Eric Bertrand,Bailly,https://media.api-sports.io/football/players/885.png,1994-04-12,31.0,Côte d'Ivoire,187.0,77.0,Defender,Manchester United,33,https://media.api-sports.io/football/teams/33.png,2023,
19340,E. Balcombe,Ellery Ronald,Balcombe,https://media.api-sports.io/football/players/19340.png,1999-10-15,26.0,England,190.0,92.0,Goalkeeper,Brentford,55,https://media.api-sports.io/football/teams/55.png,2025,31.0
436879,E. Ballard-Matthews,Emilio,Ballard-Matthews,https://media.api-sports.io/football/players/436879.png,2008-08-11,17.0,England,,,Attacker,Wolves,39,https://media.api-sports.io/football/teams/39.png,2024,
158378,E. Barrenechea,Enzo,Barrenechea,https://media.api-sports.io/football/players/158378.png,2001-05-25,24.0,Argentina,186.0,81.0,Midfielder,Aston Villa,66,https://media.api-sports.io/football/teams/66.png,2024,
303667,E. Beach,Edward James,Beach,https://media.api-sports.io/football/players/303667.png,2003-10-09,22.0,Wales,196.0,72.0,Goalkeeper,Chelsea,49,https://media.api-sports.io/football/teams/49.png,2024,
153422,E. Brierley,Ethan Craig,Brierley,https://media.api-sports.io/football/players/153422.png,2003-11-23,22.0,England,168.0,,Midfielder,Brentford,55,https://media.api-sports.io/football/teams/55.png,2024,
19071,E. Buendía,Emiliano,Buendía Stati,https://media.api-sports.io/football/players/19071.png,1996-12-25,29.0,Argentina,172.0,72.0,Midfielder,Aston Villa,66,https://media.api-sports.io/football/teams/66.png,2025,10.0
161663,E. Cashin,Eiran Joe,Cashin,https://media.api-sports.io/football/players/161663.png,2001-11-09,24.0,Republic of Ireland,180.0,86.0,Defender,Brighton,51,https://media.api-sports.io/football/teams/51.png,2024,
272728,E. Cornelisse,Enzo,Cornelisse,https://media.api-sports.io/football/players/272728.png,2002-06-29,23.0,Netherlands,178.0,68.0,Defender,Vitesse,200,https://media.api-sports.io/football/teams/200.png,2022,
80,E. Dennis,Emmanuel Bonaventure,Dennis,https://media.api-sports.io/football/players/80.png,1997-11-15,28.0,Nigeria,175.0,67.0,Forward,Nottingham Forest,65,https://media.api-sports.io/football/teams/65.png,2024,
175,E. Dier,Eric Jeremy Edgar,Dier,https://media.api-sports.io/football/players/175.png,1994-01-15,31.0,England,188.0,83.0,Defender,Tottenham,47,https://media.api-sports.io/football/teams/47.png,2023,
409303,E. Diouf,El Hadji Malick,Diouf,https://media.api-sports.io/football/players/409303.png,2004-12-28,21.0,Senegal,183.0,,Midfielder,West Ham,48,https://media.api-sports.io/football/teams/48.png,2025,12.0
386307,E. Easton,Evan,Easton,https://media.api-sports.io/football/players/386307.png,2005-01-14,20.0,Scotland,,,Defender,Sheffield Utd,62,https://media.api-sports.io/football/teams/62.png,2023,
19586,E. Eze,Eberechi Oluchi,Eze,https://media.api-sports.io/football/players/19586.png,1998-06-29,27.0,England,178.0,73.0,Attacker,Crystal Palace,52,https://media.api-sports.io/football/teams/52.png,2025,10.0
129643,E. Ferguson,Evan Joe,Ferguson,https://media.api-sports.io/football/players/129643.png,2004-10-19,21.0,Republic of Ireland,183.0,78.0,Attacker,West Ham,48,https://media.api-sports.io/football/teams/48.png,2024,
5996,E. Fernández,Enzo Jeremías,Fernández,https://media.api-sports.io/football/players/5996.png,2001-01-17,24.0,Argentina,178.0,76.0,Midfielder,Chelsea,49,https://media.api-sports.io/football/teams/49.png,2025,8.0
385726,E. González,Enso David,González Medina,https://media.api-sports.io/football/players/385726.png,2005-01-20,20.0,Paraguay,169.0,69.0,Attacker,Wolves,39,https://media.api-sports.io/football/teams/39.png,2025,7.0
137303,E. Guessand,Evann,Guessand,https://media.api-sports.io/football/players/137303.png,2001-07-01,24.0,France,185.0,79.0,Attacker,Aston Villa,66,https://media.api-sports.io/football/teams/66.png,2025,29.0
1100,E. Haaland,Erling,Braut Haaland,https://media.api-sports.io/football/players/1100.png,2000-07-21,25.0,Norway,195.0,88.0,Attacker,Manchester City,50,https://media.api-sports.io/football/teams/50.png,2025,9.0
62,E. Horvath,Ethan Shea,Horvath,https://media.api-sports.io/football/players/62.png,1995-06-09,30.0,USA,191.0,84.0,Goalkeeper,Nottingham Forest,65,https://media.api-sports.io/football/teams/65.png,2023,
18770,E. Jakupović,Eldin,Jakupović,https://media.api-sports.io/football/players/18770.png,1984-10-02,41.0,Switzerland,191.0,85.0,Goalkeeper,Everton,45,https://media.api-sports.io/football/teams/45.png,2022,
19354,E. Konsa,Ezri,Konsa Ngoyo,https://media.api-sports.io/football/players/19354.png,1997-10-23,28.0,England,183.0,73.0,Defender,Aston Villa,66,https://media.api-sports.io/football/teams/66.png,2025,4.0
2855,E. Krafth,Emil Henry Kristoffer,Krafth,https://media.api-sports.io/football/players/2855.png,1994-08-02,31.0,Sweden,184.0,83.0,Defender,Newcastle,34,https://media.api-sports.io/football/teams/34.png,2025,17.0
368030,E. Kroupi,Eli Junior,Kroupi,https://media.api-sports.io/football/players/368030.png,2006-06-23,19.0,France,179.0,70.0,Attacker,Bournemouth,35,https://media.api-sports.io/football/teams/35.png,2025,22.0
20638,E. Le Fée,Enzo Jérémy,Le Fée,https://media.api-sports.io/football/players/20638.png,2000-02-03,25.0,France,170.0,63.0,Midfielder,Sunderland,746,https://media.api-sports.io/football/teams/746.png,2025,28.0
19356,E. Marcondes,Emiliano,Marcondes Camargo Hansen,https://media.api-sports.io/football/players/19356.png,1995-03-09,30.0,Denmark,182.0,75.0,Midfielder,Bournemouth,35,https://media.api-sports.io/football/teams/35.png,2024,
19599,E. Martínez,Damián Emiliano,Martínez Romero,https://media.api-sports.io/football/players/19599.png,1992-09-02,33.0,Argentina,195.0,88.0,Goalkeeper,Aston Villa,66,https://media.api-sports.io/football/teams/66.png,2025,23.0
553065,E. Mayers,,,https://media.api-sports.io/football/players/553065.png,,18.0,,,,Defender,West Ham,48,https://media.api-sports.io/football/teams/48.png,2025,63.0
1093,E. Mwepu,Enock,Mwepu,https://media.api-sports.io/football/players/1093.png,1998-01-01,24.0,Zambia,184.0,76.0,Midfielder,Brighton,51,https://media.api-sports.io/football/teams/51.png,2022,
1468,E. Nketiah,Edward,Keddar Nketiah,https://media.api-sports.io/football/players/1468.png,1999-05-30,26.0,England,175.0,72.0,Attacker,Crystal Palace,52,https://media.api-sports.io/football/teams/52.png,2025,9.0
313236,E. Nwaneri,Ethan Chidiebere,Nwaneri,https://media.api-sports.io/football/players/313236.png,2007-03-21,18.0,England,176.0,70.0,Midfielder,Arsenal,42,https://media.api-sports.io/football/teams/42.png,2025,
19789,E. Pinnock,Ethan Rupert,Pinnock,https://media.api-sports.io/football/players/19789.png,1993-05-29,32.0,Jamaica,194.0,79.0,Defender,Brentford,55,https://media.api-sports.io/football/teams/55.png,2025,5.0
347066,E. Pollock,Euan,Pollock,https://media.api-sports.io/football/players/347066.png,2002-10-03,23.0,England,173.0,,Attacker,Bournemouth,35,https://media.api-sports.io/football/teams/35.png,2023,
138786,E. Simms,Ellis Reco,Simms,https://media.api-sports.io/football/players/138786.png,2001-01-05,24.0,England,191.0,73.0,Attacker,Everton,45,https://media.api-sports.io/football/teams/45.png,2022,
1161,E. Smith Rowe,Emile,Smith Rowe,https://media.api-sports.io/football/players/1161.png,2000-07-28,25.0,England,182.0,79.0,Midfielder,Fulham,36,https://media.api-sports.io/football/teams/36.png,2025,32.0
138901,E. Thorpe,Elliot,Morgan Thorpe,https://media.api-sports.io/football/players/138901.png,2000-11-09,25.0,Wales,176.0,,Midfielder,Luton,1359,https://media.api-sports.io/football/teams/1359.png,2023,
280672,E. Turns,Edward James,Turns,https://media.api-sports.io/football/players/280672.png,2002-10-18,23.0,Wales,185.0,78.0,Defender,Brighton,51,https://media.api-sports.io/football/teams/51.png,2024,
181822,E. Wady,Ethan James,Wady,https://media.api-sports.io/football/players/181822.png,2002-01-23,21.0,USA,,,Goalkeeper,Chelsea,49,https://media.api-sports.io/football/teams/49.png,2023,
362270,E. Wheatley,Ethan Joseph,Wheatley,https://media.api-sports.io/football/players/362270.png,2006-01-20,19.0,England,187.0,76.0,Attacker,Manchester United,33,https://media.api-sports.io/football/teams/33.png,2024,
2869,E. Álvarez,Edson Omar,Álvarez Velázquez,https://media.api-sports.io/football/players/2869.png,1997-10-24,28.0,Mexico,187.0,73.0,Midfielder,West Ham,48,https://media.api-sports.io/football/teams/48.png,2025,
47499,E. Ünal,Enes,Ünal,https://media.api-sports.io/football/players/47499.png,1997-05-10,28.0,Türkiye,187.0,78.0,Attacker,Bournemouth,35,https://media.api-sports.io/football/teams/35.png,2025,26.0
617,Ederson,Ederson,Santana de Moraes,https://media.api-sports.io/football/players/617.png,1993-08-17,32.0,Brazil,188.0,86.0,Goalkeeper,Manchester City,50,https://media.api-sports.io/football/teams/50.png,2025,
349799,Eliezer Mayenda,Eliezer,Mayenda Dossou,https://media.api-sports.io/football/players/349799.png,2005-05-08,20.0,Spain,180.0,75.0,Attacker,Sunderland,746,https://media.api-sports.io/football/teams/746.png,2025,12.0
284385,Elijah Xavier Campbell,Elijah,Xavier Campbell,https://media.api-sports.io/football/players/284385.png,2004-08-02,21.0,England,182.0,63.0,Defender,Everton,45,https://media.api-sports.io/football/teams/45.png,2025,
340919,Ellis Stanton,Ellis,Stanton,https://media.api-sports.io/football/players/340919.png,2005-02-19,20.0,England,,,Midfielder,Newcastle,34,https://media.api-sports.io/football/teams/34.png,2024,
378981,Elyh Harrison,Elyh,Harrison,https://media.api-sports.io/football/players/378981.png,2006-02-19,19.0,England,182.0,,Goalkeeper,Manchester United,33,https://media.api-sports.io/football/teams/33.png,2024,
2284,Emerson,Emerson,Palmieri dos Santos,https://media.api-sports.io/football/players/2284.png,1994-08-03,31.0,Italy,176.0,63.0,Defender,West Ham,48,https://media.api-sports.io/football/teams/48.png,2024,
1566,Emerson Royal,Emerson Aparecido,Leite de Souza Júnior,https://media.api-sports.io/football/players/1566.png,1999-01-14,26.0,Brazil,181.0,79.0,Defender,Tottenham,47,https://media.api-sports.io/football/teams/47.png,2024,
380492,Eric Emanuel da Silva Moreira,Eric Emanuel,da Silva Moreira,https://media.api-sports.io/football/players/380492.png,2006-05-03,19.0,Germany,184.0,82.0,Attacker,Nottingham Forest,65,https://media.api-sports.io/football/teams/65.png,2024,
425733,Estêvão,Estêvão Willian,Almeida de Oliveira Gonçalves,https://media.api-sports.io/football/players/425733.png,2007-04-24,18.0,Brazil,176.0,62.0,Attacker,Chelsea,49,https://media.api-sports.io/football/teams/49.png,2025,41.0
284307,Ethan Ennis,Ethan,Ennis,https://media.api-sports.io/football/players/284307.png,2004-12-11,21.0,England,178.0,,Attacker,Manchester United,33,https://media.api-sports.io/football/teams/33.png,2024,
379678,Ethan Sutherland,Ethan,Sutherland,https://media.api-sports.io/football/players/379678.png,2006-04-25,19.0,Scotland,182.0,,Midfielder,Wolves,39,https://media.api-sports.io/football/teams/39.png,2025,3.0
365664,Ethan Williams,Ethan,Williams,https://media.api-sports.io/football/players/365664.png,2005-11-14,20.0,England,,,Attacker,Manchester United,33,https://media.api-sports.io/football/teams/33.png,2024,
152856,Evanilson,Francisco Evanilson,de Lima Barbosa,https://media.api-sports.io/football/players/152856.png,1999-10-06,26.0,Brazil,183.0,80.0,Attacker,Bournemouth,35,https://media.api-sports.io/football/teams/35.png,2025,9.0
405530,Ezra Mayers,Ezra,Mayers,https://media.api-sports.io/football/players/405530.png,2007-01-16,18.0,England,183.0,,Defender,West Ham,48,https://media.api-sports.io/football/teams/48.png,2025,
18978,F. Andone,Florin,Andone,https://media.api-sports.io/football/players/18978.png,1993-04-11,32.0,Romania,180.0,78.0,Forward,Brighton,51,https://media.api-sports.io/football/teams/51.png,2022,
138777,F. Anjorin,Faustino Adebola Rasheed,Anjorin,https://media.api-sports.io/football/players/138777.png,2001-11-23,24.0,England,185.0,73.0,Midfielder,Chelsea,49,https://media.api-sports.io/football/teams/49.png,2024,
325851,F. Back,Finley,Back,https://media.api-sports.io/football/players/325851.png,2002-09-25,23.0,England,188.0,72.0,Defender,Nottingham Forest,65,https://media.api-sports.io/football/teams/65.png,2024,
105,F. Ballo-Touré,Fodé,Ballo-Touré,https://media.api-sports.io/football/players/105.png,1997-01-03,28.0,Senegal,182.0,70.0,Defender,Fulham,36,https://media.api-sports.io/football/teams/36.png,2024,
138835,F. Balogun,Folarin Jerry,Balogun,https://media.api-sports.io/football/players/138835.png,2001-07-03,24.0,USA,178.0,66.0,Attacker,Arsenal,42,https://media.api-sports.io/football/teams/42.png,2023,
311334,F. Buonanotte,Facundo Valentín,Buonanotte,https://media.api-sports.io/football/players/311334.png,2004-12-23,21.0,Argentina,174.0,66.0,Midfielder,Chelsea,49,https://media.api-sports.io/football/teams/49.png,2025,40.0
158696,F. Burns,Finley Jack,Burns,https://media.api-sports.io/football/players/158696.png,2003-06-17,22.0,England,191.0,87.0,Defender,Manchester City,50,https://media.api-sports.io/football/teams/50.png,2024,
30410,F. Chiesa,Federico,Chiesa,https://media.api-sports.io/football/players/30410.png,1997-10-25,28.0,Italy,175.0,70.0,Attacker,Liverpool,40,https://media.api-sports.io/football/teams/40.png,2025,14.0
630,F. Delph,Fabian,Delph,https://media.api-sports.io/football/players/630.png,1989-11-21,33.0,England,174.0,60.0,Midfielder,Everton,45,https://media.api-sports.io/football/teams/45.png,2022,
19733,F. Downes,Flynn,Downes,https://media.api-sports.io/football/players/19733.png,1999-01-20,26.0,England,173.0,70.0,Midfielder,Southampton,41,https://media.api-sports.io/football/teams/41.png,2024,
18893,F. Fernández,Federico,Fernández,https://media.api-sports.io/football/players/18893.png,1989-02-21,36.0,Argentina,190.0,83.0,Defender,Newcastle,34,https://media.api-sports.io/football/teams/34.png,2022,
18932,F. Forster,Fraser Gerard,Forster,https://media.api-sports.io/football/players/18932.png,1988-03-17,37.0,England,201.0,93.0,Goalkeeper,Bournemouth,35,https://media.api-sports.io/football/teams/35.png,2025,17.0
21636,F. Guilbert,Frédéric,Guilbert,https://media.api-sports.io/football/players/21636.png,1994-12-24,31.0,France,178.0,70.0,Defender,Aston Villa,66,https://media.api-sports.io/football/teams/66.png,2022,
337932,F. Herrick,Finaly,Herrick,https://media.api-sports.io/football/players/337932.png,2006-01-18,19.0,England,184.0,,Goalkeeper,West Ham,48,https://media.api-sports.io/football/teams/48.png,2025,49.0
398933,F. Holman,Fletcher,Holman,https://media.api-sports.io/football/players/398933.png,2004-10-12,21.0,England,,,Attacker,Wolves,39,https://media.api-sports.io/football/teams/39.png,2024,
286616,F. Jörgensen,Filip,Jörgensen,https://media.api-sports.io/football/players/286616.png,2002-04-16,23.0,Denmark,192.0,85.0,Goalkeeper,Chelsea,49,https://media.api-sports.io/football/teams/49.png,2025,12.0
1361,F. Kadıoğlu,Ferdi Erenay,Kadıoğlu,https://media.api-sports.io/football/players/1361.png,1999-10-07,26.0,Türkiye,174.0,68.0,Defender,Brighton,51,https://media.api-sports.io/football/teams/51.png,2025,24.0
20415,F. Ladapo,Olayinka Fredrick Oladotun,Ladapo,https://media.api-sports.io/football/players/20415.png,1993-02-01,32.0,England,183.0,80.0,Attacker,Ipswich,57,https://media.api-sports.io/football/teams/57.png,2024,
404021,F. Marjoram,Finley,Marjoram,https://media.api-sports.io/football/players/404021.png,2006-03-26,19.0,England,,,Midfielder,Crystal Palace,52,https://media.api-sports.io/football/teams/52.png,2023,
138937,F. Marschall,Filip,Marschall,https://media.api-sports.io/football/players/138937.png,2003-04-24,22.0,England,195.0,87.0,Goalkeeper,Aston Villa,66,https://media.api-sports.io/football/teams/66.png,2024,
382930,F. Okoh,Ferdinand,Okoh,https://media.api-sports.io/football/players/382930.png,2004-06-03,20.0,England,171.0,,Midfielder,Bournemouth,35,https://media.api-sports.io/football/teams/35.png,2023,
19655,F. Onyedinma,Wilfred,Oluwafemi Onyedinma,https://media.api-sports.io/football/players/19655.png,1996-11-24,29.0,Nigeria,185.0,70.0,Midfielder,Luton,1359,https://media.api-sports.io/football/teams/1359.png,2023,
15799,F. Onyeka,Ogochukwu Frank,Onyeka,https://media.api-sports.io/football/players/15799.png,1998-01-01,27.0,Nigeria,183.0,70.0,Midfielder,Brentford,55,https://media.api-sports.io/football/teams/55.png,2025,
70078,F. Pellistri,Facundo,Pellistri Rebollo,https://media.api-sports.io/football/players/70078.png,2001-12-20,24.0,Uruguay,175.0,69.0,Midfielder,Manchester United,33,https://media.api-sports.io/football/teams/33.png,2024,
284446,F. Potts,Freddie,Potts,https://media.api-sports.io/football/players/284446.png,2003-09-12,22.0,England,183.0,,Midfielder,West Ham,48,https://media.api-sports.io/football/teams/48.png,2025,32.0
2806,F. Schär,Fabian Lukas,Schär,https://media.api-sports.io/football/players/2806.png,1991-12-20,34.0,Switzerland,186.0,84.0,Defender,Newcastle,34,https://media.api-sports.io/football/teams/34.png,2025,5.0
17407,F. Seriki,Oluwafemi Ibrahim,Seriki,https://media.api-sports.io/football/players/17407.png,2002-04-28,23.0,England,183.0,,Defender,Sheffield Utd,62,https://media.api-sports.io/football/teams/62.png,2023,
412086,F. Simmonds,Freddie,Simmonds,https://media.api-sports.io/football/players/412086.png,2008-03-09,17.0,England,,,Defender,Brighton,51,https://media.api-sports.io/football/teams/51.png,2025,4.0
276263,F. Stevens,Finley,Stevens,https://media.api-sports.io/football/players/276263.png,2003-04-10,22.0,Wales,179.0,73.0,Defender,Brentford,55,https://media.api-sports.io/football/teams/55.png,2024,
340136,F. Umeh,Franco,Umeh-Chibueze,https://media.api-sports.io/football/players/340136.png,2005-01-26,20.0,Republic of Ireland,185.0,73.0,Attacker,Crystal Palace,52,https://media.api-sports.io/football/teams/52.png,2024,
203224,F. Wirtz,Florian Richard,Wirtz,https://media.api-sports.io/football/players/203224.png,2003-05-03,22.0,Germany,176.0,70.0,Midfielder,Liverpool,40,https://media.api-sports.io/football/teams/40.png,2025,7.0
18889,F. Woodman,Frederick John,Woodman,https://media.api-sports.io/football/players/18889.png,1997-03-04,28.0,England,188.0,83.0,Goalkeeper,Liverpool,40,https://media.api-sports.io/football/teams/40.png,2025,28.0
287111,Fabian Mrozek,Fabian,Mrozek,https://media.api-sports.io/football/players/287111.png,2003-09-28,22.0,Poland,192.0,,Goalkeeper,Liverpool,40,https://media.api-sports.io/football/teams/40.png,2024,
299,Fabinho,Fábio Henrique,Tavares,https://media.api-sports.io/football/players/299.png,1993-10-23,32.0,Brazil,188.0,78.0,Midfielder,Liverpool,40,https://media.api-sports.io/football/teams/40.png,2023,
389035,Farid Alfa-Ruprecht,Farid,Alfa-Ruprecht,https://media.api-sports.io/football/players/389035.png,2006-03-28,19.0,Germany,175.0,75.0,Attacker,Manchester City,50,https://media.api-sports.io/football/teams/50.png,2024,
371,Felipe,Felipe Augusto,de Almeida Monteiro,https://media.api-sports.io/football/players/371.png,1989-05-16,35.0,Brazil,190.0,83.0,Defender,Nottingham Forest,65,https://media.api-sports.io/football/teams/65.png,2024,
391822,Fer López,Fernando,López González,https://media.api-sports.io/football/players/391822.png,2004-05-24,21.0,Spain,188.0,76.0,Attacker,Wolves,39,https://media.api-sports.io/football/teams/39.png,2025,
566,Ferro,Francisco,Reis Ferreira,https://media.api-sports.io/football/players/566.png,1997-03-26,28.0,Portugal,191.0,78.0,Defender,Vitesse,200,https://media.api-sports.io/football/teams/200.png,2022,
294638,Finley Munroe,Finley,Munroe,https://media.api-sports.io/football/players/294638.png,2005-02-08,20.0,England,,,Defender,Aston Villa,66,https://media.api-sports.io/football/teams/66.png,2024,
575,Florentino,Florentino Ibrain,Morris Luís,https://media.api-sports.io/football/players/575.png,1999-08-19,26.0,Portugal,184.0,74.0,Midfielder,Burnley,44,https://media.api-sports.io/football/teams/44.png,2025,16.0
905,Fred,Frederico,Rodrigues de Paula Santos,https://media.api-sports.io/football/players/905.png,1993-03-05,32.0,Brazil,169.0,64.0,Midfielder,Manchester United,33,https://media.api-sports.io/football/teams/33.png,2023,
153066,Fábio Carvalho,Fábio Leandro,Freitas Gouveia de Carvalho,https://media.api-sports.io/football/players/153066.png,2002-08-30,23.0,Portugal,170.0,62.0,Midfielder,Brentford,55,https://media.api-sports.io/football/teams/55.png,2025,14.0
129791,Fábio Silva,Fábio Daniel,Soares Silva,https://media.api-sports.io/football/players/129791.png,2002-07-19,23.0,Portugal,185.0,75.0,Attacker,Wolves,39,https://media.api-sports.io/football/teams/39.png,2024,
41725,Fábio Vieira,Fábio Daniel,Ferreira Vieira,https://media.api-sports.io/football/players/41725.png,2000-05-30,25.0,Portugal,170.0,58.0,Midfielder,Arsenal,42,https://media.api-sports.io/football/teams/42.png,2024,
337929,G. Abbott,George David,Abbott,https://media.api-sports.io/football/players/337929.png,2005-08-17,20.0,England,,,Defender,Tottenham,47,https://media.api-sports.io/football/teams/47.png,2024,
398000,G. Antwi,Genesis,Antwi,https://media.api-sports.io/football/players/398000.png,2007-05-11,18.0,Sweden,,,Defender,Chelsea,49,https://media.api-sports.io/football/teams/49.png,2024,
19090,G. Baldock,George Henry Ivor,Baldock,https://media.api-sports.io/football/players/19090.png,1993-03-09,32.0,Greece,178.0,71.0,Defender,Sheffield Utd,62,https://media.api-sports.io/football/teams/62.png,2023,
105971,G. Bazunu,Gavin Okeroghene,Bazunu,https://media.api-sports.io/football/players/105971.png,2002-02-20,23.0,Republic of Ireland,189.0,79.0,Goalkeeper,Southampton,41,https://media.api-sports.io/football/teams/41.png,2024,
289472,G. Benedetti,Gastón,Benedetti Taffarel,https://media.api-sports.io/football/players/289472.png,2001-03-29,24.0,Argentina,175.0,66.0,Defender,Estudiantes L.P.,450,https://media.api-sports.io/football/teams/450.png,2024,
84081,G. Biancone,Giulian,Biancone,https://media.api-sports.io/football/players/84081.png,2000-03-31,25.0,France,187.0,,Defender,Nottingham Forest,65,https://media.api-sports.io/football/teams/65.png,2023,
503414,G. Brierley,,,https://media.api-sports.io/football/players/503414.png,,18.0,,,,Midfielder,Burnley,44,https://media.api-sports.io/football/teams/44.png,2025,6.0
390052,G. Buabo,Gerrard Bantu,Buabo,https://media.api-sports.io/football/players/390052.png,2005-05-24,20.0,England,,,Attacker,Ipswich,57,https://media.api-sports.io/football/teams/57.png,2024,
47421,G. Carrillo,Guido Marcelo,Carrillo,https://media.api-sports.io/football/players/47421.png,1991-05-25,34.0,Argentina,191.0,87.0,Attacker,Estudiantes L.P.,450,https://media.api-sports.io/football/teams/450.png,2024,
1622,G. Donnarumma,Gianluigi,Donnarumma,https://media.api-sports.io/football/players/1622.png,1999-02-25,26.0,Italy,196.0,90.0,Goalkeeper,Manchester City,50,https://media.api-sports.io/football/teams/50.png,2025,25.0
17739,G. Edmundson,Samuel George Alan,Edmundson,https://media.api-sports.io/football/players/17739.png,1997-08-15,28.0,England,190.0,75.0,Defender,Ipswich,57,https://media.api-sports.io/football/teams/57.png,2024,
47969,G. Gudmundsson,Gabriel Johan,Gudmundsson,https://media.api-sports.io/football/players/47969.png,1999-04-29,26.0,Sweden,180.0,74.0,Defender,Leeds,63,https://media.api-sports.io/football/teams/63.png,2025,3.0
36929,G. Hamer,Gustavo Martin Emilio,Hamer,https://media.api-sports.io/football/players/36929.png,1997-06-24,28.0,Netherlands,169.0,61.0,Midfielder,Sheffield Utd,62,https://media.api-sports.io/football/teams/62.png,2023,
8794,G. Hirst,George David Eric,Hirst,https://media.api-sports.io/football/players/8794.png,1999-02-15,26.0,England,191.0,84.0,Attacker,Ipswich,57,https://media.api-sports.io/football/teams/57.png,2024,
130416,G. Kilkenny,Gavin,Kilkenny,https://media.api-sports.io/football/players/130416.png,2000-02-01,25.0,Republic of Ireland,170.0,,Midfielder,Bournemouth,35,https://media.api-sports.io/football/teams/35.png,2024,
557584,G. King,,,https://media.api-sports.io/football/players/557584.png,,18.0,,,,Defender,Crystal Palace,52,https://media.api-sports.io/football/teams/52.png,2025,3.0
310529,G. Kodua,Gideon Mensah,Kodua,https://media.api-sports.io/football/players/310529.png,2004-10-02,21.0,England,,,Attacker,West Ham,48,https://media.api-sports.io/football/teams/48.png,2024,
440159,G. Kukonki,Godwill,Kukonki,https://media.api-sports.io/football/players/440159.png,2008-02-06,17.0,England,196.0,85.0,Defender,Manchester United,33,https://media.api-sports.io/football/teams/33.png,2025,5.0
349987,G. Kuol,Garang,Mawien Kuol,https://media.api-sports.io/football/players/349987.png,2004-09-15,21.0,Australia,175.0,68.0,Attacker,Newcastle,34,https://media.api-sports.io/football/teams/34.png,2024,
409047,G. Leoni,Giovanni,Leoni,https://media.api-sports.io/football/players/409047.png,2006-12-21,19.0,Italy,196.0,76.0,Defender,Liverpool,40,https://media.api-sports.io/football/teams/40.png,2025,
1578,G. Lo Celso,Giovani,Lo Celso,https://media.api-sports.io/football/players/1578.png,1996-04-09,29.0,Argentina,177.0,68.0,Midfielder,Tottenham,47,https://media.api-sports.io/football/teams/47.png,2024,
24760,G. Mamardashvili,Giorgi,Mamardashvili,https://media.api-sports.io/football/players/24760.png,2000-09-29,25.0,Georgia,197.0,90.0,Goalkeeper,Liverpool,40,https://media.api-sports.io/football/teams/40.png,2025,25.0
2468,G. Montiel,Gonzalo Ariel,Montiel,https://media.api-sports.io/football/players/2468.png,1997-01-01,28.0,Argentina,175.0,68.0,Defender,Nottingham Forest,65,https://media.api-sports.io/football/teams/65.png,2024,
20206,G. Osho,Gabriel Jeremiah,Adedayo A. Osho,https://media.api-sports.io/football/players/20206.png,1998-08-14,27.0,England,185.0,70.0,Defender,Luton,1359,https://media.api-sports.io/football/teams/1359.png,2023,
19757,G. Rea,Glen Charles,Rea,https://media.api-sports.io/football/players/19757.png,1994-09-03,31.0,Republic of Ireland,184.0,73.0,Defender,Luton,1359,https://media.api-sports.io/football/teams/1359.png,2023,
161921,G. Reyna,Giovanni Alejandro,Reyna,https://media.api-sports.io/football/players/161921.png,2002-11-13,23.0,USA,185.0,79.0,Midfielder,Nottingham Forest,65,https://media.api-sports.io/football/teams/65.png,2024,
2476,G. Rodríguez,Guido,Rodríguez,https://media.api-sports.io/football/players/2476.png,1994-04-12,31.0,Argentina,185.0,80.0,Midfielder,West Ham,48,https://media.api-sports.io/football/teams/48.png,2025,
90590,G. Rutter,Georginio,Rutter,https://media.api-sports.io/football/players/90590.png,2002-04-20,23.0,France,182.0,83.0,Attacker,Brighton,51,https://media.api-sports.io/football/teams/51.png,2025,10.0
30544,G. Scamacca,Gianluca,Scamacca,https://media.api-sports.io/football/players/30544.png,1999-01-01,26.0,Italy,196.0,85.0,Attacker,West Ham,48,https://media.api-sports.io/football/teams/48.png,2023,
192349,G. Shelvey,George William,Shelvey,https://media.api-sports.io/football/players/192349.png,2001-04-22,24.0,England,188.0,83.0,Goalkeeper,Nottingham Forest,65,https://media.api-sports.io/football/teams/65.png,2023,
64167,G. Słonina,Gabriel Paweł,Słonina,https://media.api-sports.io/football/players/64167.png,2004-05-15,21.0,USA,193.0,88.0,Goalkeeper,Chelsea,49,https://media.api-sports.io/football/teams/49.png,2025,44.0
31354,G. Vicario,Guglielmo,Vicario,https://media.api-sports.io/football/players/31354.png,1996-10-07,29.0,Italy,194.0,83.0,Goalkeeper,Tottenham,47,https://media.api-sports.io/football/teams/47.png,2025,1.0
280334,G. Vidović,Gabriel,Vidović,https://media.api-sports.io/football/players/280334.png,2003-12-01,22.0,Croatia,180.0,75.0,Midfielder,Vitesse,200,https://media.api-sports.io/football/teams/200.png,2022,
153420,G. Wickens,George Alexander,Wickens,https://media.api-sports.io/football/players/153420.png,2001-11-08,24.0,England,195.0,,Goalkeeper,Fulham,36,https://media.api-sports.io/football/teams/36.png,2024,
1464,G. Xhaka,Granit,Xhaka,https://media.api-sports.io/football/players/1464.png,1992-09-27,33.0,Switzerland,186.0,80.0,Midfielder,Sunderland,746,https://media.api-sports.io/football/teams/746.png,2025,34.0
147832,G. Yahyai,Gassan Ahadme,Yahyai,https://media.api-sports.io/football/players/147832.png,2000-11-17,25.0,Morocco,187.0,,Attacker,Ipswich,57,https://media.api-sports.io/football/teams/57.png,2024,
349595,G. de Regt,Gyan,de Regt,https://media.api-sports.io/football/players/349595.png,2003-08-18,22.0,Netherlands,176.0,70.0,Attacker,Vitesse,200,https://media.api-sports.io/football/teams/200.png,2022,
643,Gabriel Jesus,Gabriel Fernando,de Jesus,https://media.api-sports.io/football/players/643.png,1997-04-03,28.0,Brazil,175.0,73.0,Attacker,Arsenal,42,https://media.api-sports.io/football/teams/42.png,2025,9.0
22224,Gabriel Magalhães,Gabriel,dos Santos Magalhães,https://media.api-sports.io/football/players/22224.png,1997-12-19,28.0,Brazil,190.0,78.0,Defender,Arsenal,42,https://media.api-sports.io/football/teams/42.png,2025,6.0
127769,Gabriel Martinelli,Gabriel Teodoro,Martinelli Silva,https://media.api-sports.io/football/players/127769.png,2001-06-18,24.0,Brazil,178.0,75.0,Attacker,Arsenal,42,https://media.api-sports.io/football/teams/42.png,2025,11.0
2281,Gary Cahill,Gary,Cahill,https://media.api-sports.io/football/players/2281.png,1985-12-19,37.0,England,193.0,86.0,Defender,Bournemouth,35,https://media.api-sports.io/football/teams/35.png,2022,
291363,George Earthy,George,Earthy,https://media.api-sports.io/football/players/291363.png,2004-09-05,21.0,England,180.0,70.0,Midfielder,West Ham,48,https://media.api-sports.io/football/teams/48.png,2025,
364566,George Hemmings,George,Hemmings,https://media.api-sports.io/football/players/364566.png,2007-03-04,18.0,England,,,Midfielder,Aston Villa,66,https://media.api-sports.io/football/teams/66.png,2025,8.0
925,Gonçalo Guedes,Gonçalo Manuel,Ganchinho Guedes,https://media.api-sports.io/football/players/925.png,1996-11-29,29.0,Portugal,179.0,68.0,Attacker,Wolves,39,https://media.api-sports.io/football/teams/39.png,2024,
18835,Guaita,Vicente,Guaita Panadero,https://media.api-sports.io/football/players/18835.png,1987-01-10,38.0,Spain,190.0,80.0,Goalkeeper,Crystal Palace,52,https://media.api-sports.io/football/teams/52.png,2023,
427736,Gustavo Gomes,Gustavo,Nunes Fernandes Gomes,https://media.api-sports.io/football/players/427736.png,2005-11-20,20.0,Brazil,173.0,69.0,Attacker,Brentford,55,https://media.api-sports.io/football/teams/55.png,2025,
9926,Gustavo Scarpa,Gustavo Henrique,Furtado Scarpa,https://media.api-sports.io/football/players/9926.png,1994-01-05,31.0,Brazil,176.0,74.0,Midfielder,Nottingham Forest,65,https://media.api-sports.io/football/teams/65.png,2023,
403064,H. Amass,Harry,Amass,https://media.api-sports.io/football/players/403064.png,2007-05-16,18.0,England,181.0,71.0,Defender,Manchester United,33,https://media.api-sports.io/football/teams/33.png,2024,
405360,H. Armstrong,Harrison,Armstrong,https://media.api-sports.io/football/players/405360.png,2007-01-19,18.0,England,185.0,70.0,Midfielder,Everton,45,https://media.api-sports.io/football/teams/45.png,2025,45.0
18996,H. Arter,Harry Nicholas,Arter,https://media.api-sports.io/football/players/18996.png,1989-12-28,35.0,Republic of Ireland,176.0,70.0,Midfielder,Nottingham Forest,65,https://media.api-sports.io/football/teams/65.png,2023,
171058,H. Ashby,Harrison Charles,Ashby,https://media.api-sports.io/football/players/171058.png,2001-11-14,24.0,Scotland,179.0,62.0,Defender,Newcastle,34,https://media.api-sports.io/football/teams/34.png,2024,
18778,H. Barnes,Harvey Lewis,Barnes,https://media.api-sports.io/football/players/18778.png,1997-12-09,28.0,England,174.0,66.0,Attacker,Newcastle,34,https://media.api-sports.io/football/teams/34.png,2025,11.0
284247,H. Blair,Harvey,Blair,https://media.api-sports.io/football/players/284247.png,2003-09-14,22.0,England,,,Attacker,Liverpool,40,https://media.api-sports.io/football/teams/40.png,2024,
18779,H. Choudhury,Hamza,Dewan Choudhury,https://media.api-sports.io/football/players/18779.png,1997-10-01,28.0,England,178.0,64.0,Midfielder,Leicester,46,https://media.api-sports.io/football/teams/46.png,2024,
278240,H. Christy,Harry Thomas,Christy,https://media.api-sports.io/football/players/278240.png,2003-10-31,22.0,England,,,Goalkeeper,Leeds,63,https://media.api-sports.io/football/teams/63.png,2022,
138836,H. Clarke,Harrison Thomas,Clarke,https://media.api-sports.io/football/players/138836.png,2001-03-02,24.0,England,180.0,71.0,Defender,Ipswich,57,https://media.api-sports.io/football/teams/57.png,2024,
180316,H. Davies,Harvey,Davies,https://media.api-sports.io/football/players/180316.png,2003-09-03,22.0,England,190.0,77.0,Goalkeeper,Liverpool,40,https://media.api-sports.io/football/teams/40.png,2024,
1411,H. Delcroix,Hannes,Delcroix,https://media.api-sports.io/football/players/1411.png,1999-02-28,26.0,Belgium,185.0,78.0,Defender,Burnley,44,https://media.api-sports.io/football/teams/44.png,2023,
37440,H. Dervişoğlu,Halil İbrahim,Dervişoğlu,https://media.api-sports.io/football/players/37440.png,1999-12-08,26.0,Türkiye,183.0,76.0,Forward,Brentford,55,https://media.api-sports.io/football/teams/55.png,2022,
327631,H. Diarra,Mouhamadou Habib,Diarra,https://media.api-sports.io/football/players/327631.png,2004-01-03,21.0,France,179.0,74.0,Midfielder,Sunderland,746,https://media.api-sports.io/football/teams/746.png,2025,19.0
47903,H. Ekdal,Hjalmar,Ekdal,https://media.api-sports.io/football/players/47903.png,1998-10-21,27.0,Sweden,188.0,77.0,Defender,Burnley,44,https://media.api-sports.io/football/teams/44.png,2025,18.0
174565,H. Ekitike,Hugo,Ekitike,https://media.api-sports.io/football/players/174565.png,2002-06-20,23.0,France,190.0,76.0,Attacker,Liverpool,40,https://media.api-sports.io/football/teams/40.png,2025,22.0
19035,H. Elliott,Harvey Daniel James,Elliott,https://media.api-sports.io/football/players/19035.png,2003-04-04,22.0,England,170.0,64.0,Midfielder,Liverpool,40,https://media.api-sports.io/football/teams/40.png,2025,9.0
284539,H. Graczyk,Hubert,Graczyk,https://media.api-sports.io/football/players/284539.png,2003-02-28,22.0,England,192.0,85.0,Goalkeeper,Manchester United,33,https://media.api-sports.io/football/teams/33.png,2024,
443634,H. Gray,Harry,Gray,https://media.api-sports.io/football/players/443634.png,2008-10-08,17.0,England,,,Attacker,Leeds,63,https://media.api-sports.io/football/teams/63.png,2025,
284262,H. Griffiths,Harvey,Lawson Griffiths,https://media.api-sports.io/football/players/284262.png,2003-09-22,22.0,England,,,Midfielder,Wolves,39,https://media.api-sports.io/football/teams/39.png,2024,
392610,H. Howell,Harry,Howell,https://media.api-sports.io/football/players/392610.png,2008-04-20,17.0,England,,,Midfielder,Brighton,51,https://media.api-sports.io/football/teams/51.png,2025,10.0
184,H. Kane,Harry Edward,Kane,https://media.api-sports.io/football/players/184.png,1993-07-28,32.0,England,188.0,86.0,Attacker,Tottenham,47,https://media.api-sports.io/football/teams/47.png,2023,
159,H. Lloris,Hugo Hadrien Dominique,Lloris,https://media.api-sports.io/football/players/159.png,1986-12-26,39.0,France,188.0,82.0,Goalkeeper,Tottenham,47,https://media.api-sports.io/football/teams/47.png,2023,
2935,H. Maguire,Jacob Harry,Maguire,https://media.api-sports.io/football/players/2935.png,1993-03-05,32.0,England,194.0,90.0,Defender,Manchester United,33,https://media.api-sports.io/football/teams/33.png,2025,5.0
110,H. Massengo,Han-Noah,Massengo,https://media.api-sports.io/football/players/110.png,2001-07-07,24.0,France,178.0,70.0,Midfielder,Burnley,44,https://media.api-sports.io/football/teams/44.png,2023,
180560,H. Mejbri,Hannibal,Mejbri,https://media.api-sports.io/football/players/180560.png,2003-01-21,22.0,Tunisia,177.0,74.0,Midfielder,Burnley,44,https://media.api-sports.io/football/teams/44.png,2025,28.0
380680,H. Mustapha,Hindolo Thomas E.,Mustapha,https://media.api-sports.io/football/players/380680.png,2006-07-29,19.0,Sierra Leone,,,Midfielder,Crystal Palace,52,https://media.api-sports.io/football/teams/52.png,2024,
328098,H. Ogunneye,Habeeb,Ogunneye,https://media.api-sports.io/football/players/328098.png,2005-11-12,20.0,England,179.0,64.0,Defender,Manchester United,33,https://media.api-sports.io/football/teams/33.png,2024,
19480,H. Reed,Harrison James,Reed,https://media.api-sports.io/football/players/19480.png,1995-01-27,30.0,England,181.0,72.0,Midfielder,Fulham,36,https://media.api-sports.io/football/teams/36.png,2025,6.0
20079,H. Souttar,Harry James,Souttar,https://media.api-sports.io/football/players/20079.png,1998-10-22,27.0,Australia,200.0,101.0,Defender,Leicester,46,https://media.api-sports.io/football/teams/46.png,2024,
17365,H. Toffolo,Harry Stefano,Toffolo,https://media.api-sports.io/football/players/17365.png,1995-08-19,30.0,England,183.0,71.0,Defender,Nottingham Forest,65,https://media.api-sports.io/football/teams/65.png,2024,
31057,H. Traorè,Hamed Junior,Traorè,https://media.api-sports.io/football/players/31057.png,2000-02-16,25.0,Côte d'Ivoire,184.0,77.0,Midfielder,Bournemouth,35,https://media.api-sports.io/football/teams/35.png,2025,
138844,H. Tyrer,Harry Alfred,Tyrer,https://media.api-sports.io/football/players/138844.png,2001-12-06,24.0,England,194.0,,Goalkeeper,Everton,45,https://media.api-sports.io/football/teams/45.png,2025,
61742,H. Valdimarsson,Hákon,Rafn Valdimarsson,https://media.api-sports.io/football/players/61742.png,2001-10-13,24.0,Iceland,188.0,89.0,Goalkeeper,Brentford,55,https://media.api-sports.io/football/teams/55.png,2025,12.0
274550,H. Vale,Harvey James,Vale,https://media.api-sports.io/football/players/274550.png,2003-09-11,22.0,England,181.0,73.0,Midfielder,Chelsea,49,https://media.api-sports.io/football/teams/49.png,2024,
138793,H. White,Harvey David,White,https://media.api-sports.io/football/players/138793.png,2001-09-19,24.0,England,171.0,60.0,Midfielder,Tottenham,47,https://media.api-sports.io/football/teams/47.png,2023,
19221,H. Wilson,Harry,Wilson,https://media.api-sports.io/football/players/19221.png,1997-03-22,28.0,Wales,173.0,63.0,Midfielder,Fulham,36,https://media.api-sports.io/football/teams/36.png,2025,8.0
182,H. Winks,Harry Billy,Winks,https://media.api-sports.io/football/players/182.png,1996-02-02,29.0,England,178.0,65.0,Midfielder,Leicester,46,https://media.api-sports.io/football/teams/46.png,2024,
548,H. Ziyech,Hakim,Ziyech,https://media.api-sports.io/football/players/548.png,1993-03-19,32.0,Morocco,180.0,65.0,Midfielder,Chelsea,49,https://media.api-sports.io/football/teams/49.png,2023,
330640,Harrison Jones,Harrison,Jones,https://media.api-sports.io/football/players/330640.png,2005-02-13,21.0,England,178.0,68.0,Midfielder,Sunderland,746,https://media.api-sports.io/football/teams/746.png,2025,50.0
364048,Harrison Murray-Campbell,Harrison,Murray-Campbell,https://media.api-sports.io/football/players/364048.png,2006-08-04,19.0,England,186.0,75.0,Defender,Chelsea,49,https://media.api-sports.io/football/teams/49.png,2024,
444291,Harry Gray,Harry,Gray,https://media.api-sports.io/football/players/444291.png,,,England,,,Attacker,Leeds,63,https://media.api-sports.io/football/teams/63.png,2025,
278115,Harvey George Godsmark-Ford,Harvey George,Godsmark-Ford,https://media.api-sports.io/football/players/278115.png,2003-09-25,22.0,England,,,Defender,Leicester,46,https://media.api-sports.io/football/teams/46.png,2024,
304316,Henry Cartwright,Henry,Cartwright,https://media.api-sports.io/football/players/304316.png,2004-12-11,21.0,England,175.0,67.0,Midfielder,Leicester,46,https://media.api-sports.io/football/teams/46.png,2024,
280687,Hugo Bueno,Hugo,Bueno López,https://media.api-sports.io/football/players/280687.png,2002-09-18,23.0,Spain,180.0,73.0,Defender,Wolves,39,https://media.api-sports.io/football/teams/39.png,2025,3.0
24888,Hwang Hee-Chan,Hee-Chan,Hwang,https://media.api-sports.io/football/players/24888.png,1996-01-26,29.0,Korea Republic,177.0,77.0,Attacker,Wolves,39,https://media.api-sports.io/football/teams/39.png,2025,11.0
2910,Hwang Ui-Jo,Ui-Jo,Hwang,https://media.api-sports.io/football/players/2910.png,1992-08-28,33.0,Korea Republic,185.0,78.0,Forward,Nottingham Forest,65,https://media.api-sports.io/football/teams/65.png,2024,
1439,Héctor Bellerín,Héctor,Bellerín Moruno,https://media.api-sports.io/football/players/1439.png,1995-03-19,30.0,Spain,178.0,74.0,Defender,Arsenal,42,https://media.api-sports.io/football/teams/42.png,2022,
18752,Hélder Costa,Hélder Wander,Sousa de Azevedo e Costa,https://media.api-sports.io/football/players/18752.png,1994-01-12,31.0,Angola,178.0,79.0,Attacker,Leeds,63,https://media.api-sports.io/football/teams/63.png,2022,
2028,I. Coulibaly,Ismaila Cheick,Coulibaly,https://media.api-sports.io/football/players/2028.png,2000-12-25,25.0,Mali,183.0,68.0,Midfielder,Sheffield Utd,62,https://media.api-sports.io/football/teams/62.png,2023,
20557,I. Diallo,Ibrahima,Diallo,https://media.api-sports.io/football/players/20557.png,1999-03-08,26.0,France,179.0,74.0,Midfielder,Southampton,41,https://media.api-sports.io/football/teams/41.png,2022,
18814,I. Diop,Issa Laye Lucas Jean,Diop,https://media.api-sports.io/football/players/18814.png,1997-01-09,28.0,France,194.0,92.0,Defender,Fulham,36,https://media.api-sports.io/football/teams/36.png,2025,31.0
19723,I. El Mizouni,Idris,El Mizouni,https://media.api-sports.io/football/players/19723.png,2000-09-26,25.0,Tunisia,185.0,74.0,Midfielder,Ipswich,57,https://media.api-sports.io/football/teams/57.png,2024,
14382,I. Grbić,Ivo,Grbić,https://media.api-sports.io/football/players/14382.png,1996-01-18,30.0,Croatia,195.0,83.0,Goalkeeper,Sheffield Utd,62,https://media.api-sports.io/football/teams/62.png,2023,
129142,I. Gruev,Ilia,Iliev Gruev,https://media.api-sports.io/football/players/129142.png,2000-05-06,25.0,Bulgaria,185.0,72.0,Midfielder,Leeds,63,https://media.api-sports.io/football/teams/63.png,2025,44.0
2990,I. Gueye,Idrissa Gana,Gueye,https://media.api-sports.io/football/players/2990.png,1989-09-26,36.0,Senegal,174.0,66.0,Midfielder,Everton,45,https://media.api-sports.io/football/teams/45.png,2025,27.0
216770,I. Hansen-Aarøen,Isak,Hansen-Aarøen,https://media.api-sports.io/football/players/216770.png,2004-08-22,21.0,Norway,173.0,67.0,Midfielder,Manchester United,33,https://media.api-sports.io/football/teams/33.png,2023,
18899,I. Hayden,Isaac Scott,Hayden,https://media.api-sports.io/football/players/18899.png,1995-03-22,30.0,England,185.0,79.0,Midfielder,Newcastle,34,https://media.api-sports.io/football/teams/34.png,2024,
140947,I. Kaboré,Issa,Kaboré,https://media.api-sports.io/football/players/140947.png,2001-05-12,24.0,Burkina Faso,180.0,77.0,Defender,Manchester City,50,https://media.api-sports.io/football/teams/50.png,2024,
1145,I. Konaté,Ibrahima,Konaté,https://media.api-sports.io/football/players/1145.png,1999-05-25,26.0,France,194.0,95.0,Defender,Liverpool,40,https://media.api-sports.io/football/teams/40.png,2025,5.0
138816,I. Maatsen,Ian Ethan,Maatsen,https://media.api-sports.io/football/players/138816.png,2002-03-10,23.0,Netherlands,178.0,57.0,Defender,Aston Villa,66,https://media.api-sports.io/football/teams/66.png,2025,22.0
20619,I. Meslier,Illan Stéphane,Meslier,https://media.api-sports.io/football/players/20619.png,2000-03-02,25.0,France,197.0,74.0,Goalkeeper,Leeds,63,https://media.api-sports.io/football/teams/63.png,2025,1.0
18592,I. Ndiaye,Iliman Cheikh,Baroy Ndiaye,https://media.api-sports.io/football/players/18592.png,2000-03-06,25.0,Senegal,180.0,70.0,Midfielder,Everton,45,https://media.api-sports.io/football/teams/45.png,2025,10.0
278086,I. Odutayo,Idris Adewale,Olarewaju Odutayo,https://media.api-sports.io/football/players/278086.png,2002-10-26,23.0,England,158.0,,Defender,Fulham,36,https://media.api-sports.io/football/teams/36.png,2023,
293643,I. Osman,Ibrahim,Osman,https://media.api-sports.io/football/players/293643.png,2004-11-29,21.0,Ghana,177.0,64.0,Attacker,Brighton,51,https://media.api-sports.io/football/teams/51.png,2024,
207,I. Perišić,Ivan,Perišić,https://media.api-sports.io/football/players/207.png,1989-02-02,36.0,Croatia,186.0,80.0,Attacker,Tottenham,47,https://media.api-sports.io/football/teams/47.png,2023,
638,I. Poveda,Ian Carlo,Poveda-Ocampo,https://media.api-sports.io/football/players/638.png,2000-02-09,25.0,England,167.0,64.0,Attacker,Leeds,63,https://media.api-sports.io/football/teams/63.png,2022,
284267,I. Price,Isaac Jude,Price,https://media.api-sports.io/football/players/284267.png,2003-09-26,22.0,Northern Ireland,193.0,70.0,Midfielder,Everton,45,https://media.api-sports.io/football/teams/45.png,2022,
30765,I. Radu,Ionuț Andrei,Radu,https://media.api-sports.io/football/players/30765.png,1997-05-28,28.0,Romania,188.0,70.0,Goalkeeper,Bournemouth,35,https://media.api-sports.io/football/teams/35.png,2024,
273758,I. Samuels,Imari-Narain,Che Hines-Samuels,https://media.api-sports.io/football/players/273758.png,2003-02-05,22.0,England,187.0,79.0,Defender,Brighton,51,https://media.api-sports.io/football/teams/51.png,2024,
328093,I. Samuels-Smith,Ishé Barrington,Samuels-Smith,https://media.api-sports.io/football/players/328093.png,2006-06-05,19.0,England,186.0,,Defender,Chelsea,49,https://media.api-sports.io/football/teams/49.png,2024,
22149,I. Sangaré,Ibrahim,Sangaré,https://media.api-sports.io/football/players/22149.png,1997-12-02,28.0,Côte d'Ivoire,191.0,77.0,Midfielder,Nottingham Forest,65,https://media.api-sports.io/football/teams/65.png,2025,6.0
2218,I. Sarr,Ismaïla,Sarr,https://media.api-sports.io/football/players/2218.png,1998-02-25,27.0,Senegal,185.0,76.0,Attacker,Crystal Palace,52,https://media.api-sports.io/football/teams/52.png,2025,7.0
19974,I. Toney,Ivan Benjamin Elijah,Toney,https://media.api-sports.io/football/players/19974.png,1996-03-16,29.0,England,185.0,88.0,Attacker,Brentford,55,https://media.api-sports.io/football/teams/55.png,2024,
161671,I. Zabarnyi,Illia,Zabarnyi,https://media.api-sports.io/football/players/161671.png,2002-09-01,23.0,Ukraine,189.0,80.0,Defender,Bournemouth,35,https://media.api-sports.io/football/teams/35.png,2024,
7600,Igor,Igor Júlio,dos Santos de Paulo,https://media.api-sports.io/football/players/7600.png,1998-02-07,27.0,Brazil,185.0,85.0,Defender,West Ham,48,https://media.api-sports.io/football/teams/48.png,2025,3.0
9366,Igor Jesus,Igor Jesus Maciel,da Cruz,https://media.api-sports.io/football/players/9366.png,2001-02-25,24.0,Brazil,180.0,73.0,Attacker,Nottingham Forest,65,https://media.api-sports.io/football/teams/65.png,2025,19.0
296664,Isaac Heath,Isaac,Heath,https://media.api-sports.io/football/players/296664.png,2004-10-28,21.0,England,173.0,55.0,Attacker,Everton,45,https://media.api-sports.io/football/teams/45.png,2024,
388509,Isaac Holland,Isaac,Holland,https://media.api-sports.io/football/players/388509.png,2005-09-02,20.0,England,,,Midfielder,Brentford,55,https://media.api-sports.io/football/teams/55.png,2024,
284286,Isaac Mabaya,Isaac,Mabaya,https://media.api-sports.io/football/players/284286.png,2004-09-22,21.0,England,186.0,75.0,Defender,Liverpool,40,https://media.api-sports.io/football/teams/40.png,2024,
407033,Ismeal Kabia,Ismeal,Kabia,https://media.api-sports.io/football/players/407033.png,2005-12-10,20.0,Netherlands,175.0,70.0,Attacker,Arsenal,42,https://media.api-sports.io/football/teams/42.png,2024,
18751,Ivan Cavaleiro,Ivan Ricardo,Neves Abreu Cavaleiro,https://media.api-sports.io/football/players/18751.png,1993-10-18,32.0,Portugal,175.0,72.0,Forward,Fulham,36,https://media.api-sports.io/football/teams/36.png,2023,
400938,Iwan Morgan,Iwan,Morgan,https://media.api-sports.io/football/players/400938.png,2006-01-29,19.0,England,182.0,75.0,Attacker,Brentford,55,https://media.api-sports.io/football/teams/55.png,2024,
19191,J.  McGinn,John,McGinn,https://media.api-sports.io/football/players/19191.png,1994-10-18,31.0,Scotland,178.0,68.0,Midfielder,Aston Villa,66,https://media.api-sports.io/football/teams/66.png,2025,7.0
613795,J. Abbey,,,https://media.api-sports.io/football/players/613795.png,,,,,,Midfielder,Wolves,39,https://media.api-sports.io/football/teams/39.png,2025,
350627,J. Addae,Joshua,Addae,https://media.api-sports.io/football/players/350627.png,,,England,,,Defender,Crystal Palace,52,https://media.api-sports.io/football/teams/52.png,2022,
328126,J. Amissah,Jordan,Yamoah Amissah,https://media.api-sports.io/football/players/328126.png,2001-08-02,24.0,Ghana,197.0,,Goalkeeper,Sheffield Utd,62,https://media.api-sports.io/football/teams/62.png,2023,
144709,J. Anang,Joseph,Tetteh Anang,https://media.api-sports.io/football/players/144709.png,2000-06-08,25.0,England,190.0,72.0,Goalkeeper,West Ham,48,https://media.api-sports.io/football/teams/48.png,2024,
2729,J. Andersen,Joachim Christian,Andersen,https://media.api-sports.io/football/players/2729.png,1996-05-31,29.0,Denmark,192.0,86.0,Defender,Fulham,36,https://media.api-sports.io/football/teams/36.png,2025,5.0
196855,J. Anthony,Jaidon Kya Denley,Anthony,https://media.api-sports.io/football/players/196855.png,1999-12-01,26.0,England,183.0,,Midfielder,Burnley,44,https://media.api-sports.io/football/teams/44.png,2025,11.0
51051,J. Araujo,Julián Vicente,Araujo Zúñiga,https://media.api-sports.io/football/players/51051.png,2001-08-13,24.0,Mexico,175.0,70.0,Defender,Bournemouth,35,https://media.api-sports.io/football/teams/35.png,2025,
13708,J. Arias,Jhon Adolfo,Arias Andrade,https://media.api-sports.io/football/players/13708.png,1997-09-21,28.0,Colombia,170.0,77.0,Midfielder,Wolves,39,https://media.api-sports.io/football/teams/39.png,2025,
19825,J. Aribo,Joseph Oluwaseyi Temitope,Ayodele-Aribo,https://media.api-sports.io/football/players/19825.png,1996-07-21,29.0,Nigeria,183.0,76.0,Midfielder,Southampton,41,https://media.api-sports.io/football/teams/41.png,2024,
3428,J. Ayew,Jordan Pierre,Ayew,https://media.api-sports.io/football/players/3428.png,1991-09-11,34.0,Ghana,182.0,80.0,Attacker,Leicester,46,https://media.api-sports.io/football/teams/46.png,2024,
336578,J. Banel,Jaydon Amauri,Banel,https://media.api-sports.io/football/players/336578.png,2004-10-09,21.0,Netherlands,173.0,70.0,Attacker,Burnley,44,https://media.api-sports.io/football/teams/44.png,2025,
171059,J. Baptiste,Jamal Marcus,Baptiste,https://media.api-sports.io/football/players/171059.png,2003-11-11,22.0,England,,,Midfielder,West Ham,48,https://media.api-sports.io/football/teams/48.png,2022,
2999,J. Bednarek,Jan Kacper,Bednarek,https://media.api-sports.io/football/players/2999.png,1996-04-12,29.0,Poland,189.0,84.0,Defender,Southampton,41,https://media.api-sports.io/football/teams/41.png,2024,
20665,J. Bellegarde,Jean-Ricner,Bellegarde,https://media.api-sports.io/football/players/20665.png,1998-06-27,27.0,France,170.0,70.0,Attacker,Wolves,39,https://media.api-sports.io/football/teams/39.png,2025,27.0
25628,J. Beyer,Louis Jordan,Beyer,https://media.api-sports.io/football/players/25628.png,2000-05-19,25.0,Germany,187.0,80.0,Defender,Burnley,44,https://media.api-sports.io/football/teams/44.png,2023,
833,J. Bijol,Jaka,Bijol,https://media.api-sports.io/football/players/833.png,1999-02-05,26.0,Slovenia,190.0,85.0,Defender,Leeds,63,https://media.api-sports.io/football/teams/63.png,2025,15.0
19201,J. Bogle,Jayden Ian,Bogle,https://media.api-sports.io/football/players/19201.png,2000-07-27,25.0,England,178.0,69.0,Defender,Leeds,63,https://media.api-sports.io/football/teams/63.png,2025,2.0
19428,J. Bowen,Jarrod,Bowen,https://media.api-sports.io/football/players/19428.png,1996-12-20,29.0,England,176.0,70.0,Attacker,West Ham,48,https://media.api-sports.io/football/teams/48.png,2025,20.0
83029,J. Bowler,Joshua Luke,Bowler,https://media.api-sports.io/football/players/83029.png,1999-03-05,26.0,England,184.0,69.0,Midfielder,Nottingham Forest,65,https://media.api-sports.io/football/teams/65.png,2024,
17661,J. Branthwaite,Jarrad Paul,Branthwaite,https://media.api-sports.io/football/players/17661.png,2002-06-27,23.0,England,195.0,87.0,Defender,Everton,45,https://media.api-sports.io/football/teams/45.png,2025,32.0
19719,J. Bree,James Patrick,Bree,https://media.api-sports.io/football/players/19719.png,1997-12-11,28.0,England,178.0,74.0,Defender,Southampton,41,https://media.api-sports.io/football/teams/41.png,2024,
181796,J. Brooking,Joshua Royston,Brooking,https://media.api-sports.io/football/players/181796.png,2002-09-01,23.0,England,,,Defender,Chelsea,49,https://media.api-sports.io/football/teams/49.png,2024,
19802,J. Brown,Jacob Samuel,Brown,https://media.api-sports.io/football/players/19802.png,1998-04-10,27.0,Scotland,178.0,62.0,Attacker,Luton,1359,https://media.api-sports.io/football/teams/1359.png,2023,
19268,J. Brownhill,Joshua,Brownhill,https://media.api-sports.io/football/players/19268.png,1995-12-19,30.0,England,180.0,69.0,Midfielder,Burnley,44,https://media.api-sports.io/football/teams/44.png,2023,
22,J. Bruun Larsen,Jacob,Bruun Larsen,https://media.api-sports.io/football/players/22.png,1998-09-19,27.0,Denmark,183.0,77.0,Attacker,Burnley,44,https://media.api-sports.io/football/teams/44.png,2025,7.0
19015,J. Bryan,Joseph Edward,Bryan,https://media.api-sports.io/football/players/19015.png,1993-09-17,32.0,England,170.0,72.0,Defender,Fulham,36,https://media.api-sports.io/football/teams/36.png,2022,
2930,J. Butland,Jack,Butland,https://media.api-sports.io/football/players/2930.png,1993-03-10,32.0,England,196.0,95.0,Goalkeeper,Manchester United,33,https://media.api-sports.io/football/teams/33.png,2022,
395209,J. Buyabu,Jili,Buyabu,https://media.api-sports.io/football/players/395209.png,2003-08-09,22.0,England,182.0,,Defender,Sheffield Utd,62,https://media.api-sports.io/football/teams/62.png,2023,
467839,J. Byfield,Jun'ai,Byfield,https://media.api-sports.io/football/players/467839.png,2008-03-10,17.0,England,188.0,,Defender,Tottenham,47,https://media.api-sports.io/football/teams/47.png,2025,67.0
286894,J. Bynoe-Gittens,Jamie Jermaine,Bynoe-Gittens,https://media.api-sports.io/football/players/286894.png,2004-08-08,21.0,England,175.0,70.0,Midfielder,Chelsea,49,https://media.api-sports.io/football/teams/49.png,2025,11.0
15797,J. Cajuste,Jens-Lys Michel,Cajuste,https://media.api-sports.io/football/players/15797.png,1999-08-10,26.0,Sweden,188.0,77.0,Midfielder,Ipswich,57,https://media.api-sports.io/football/teams/57.png,2024,
412759,J. Canvot,Jaydee,Canvot,https://media.api-sports.io/football/players/412759.png,2006-07-29,19.0,France,188.0,75.0,Defender,Crystal Palace,52,https://media.api-sports.io/football/teams/52.png,2025,23.0
278242,J. Chilokoa-Mullen,Jeremiah,Chukwuedo Chilokoa-Mullen,https://media.api-sports.io/football/players/278242.png,2004-06-17,21.0,Scotland,,,Defender,Leeds,63,https://media.api-sports.io/football/teams/63.png,2022,
20189,J. Clark,Jordan Charles,Clark,https://media.api-sports.io/football/players/20189.png,1993-09-22,32.0,England,183.0,71.0,Midfielder,Luton,1359,https://media.api-sports.io/football/teams/1359.png,2023,
19136,J. Clarke,Jack Raymond,Clarke,https://media.api-sports.io/football/players/19136.png,2000-11-23,25.0,England,181.0,74.0,Attacker,Ipswich,57,https://media.api-sports.io/football/teams/57.png,2024,
19299,J. Colback,Jack Raymond,Colback,https://media.api-sports.io/football/players/19299.png,1989-10-24,36.0,England,177.0,77.0,Midfielder,Nottingham Forest,65,https://media.api-sports.io/football/teams/65.png,2023,
18922,J. Cork,Jack Frank,Porteous Cork,https://media.api-sports.io/football/players/18922.png,1989-06-25,36.0,England,183.0,70.0,Midfielder,Burnley,44,https://media.api-sports.io/football/teams/44.png,2023,
19827,J. Cullen,Joshua Jon,Cullen,https://media.api-sports.io/football/players/19827.png,1996-04-07,29.0,Republic of Ireland,175.0,70.0,Midfielder,Burnley,44,https://media.api-sports.io/football/teams/44.png,2025,24.0
2276,J. Cumming,James Andrew,Cumming,https://media.api-sports.io/football/players/2276.png,1999-09-04,26.0,England,186.0,79.0,Goalkeeper,Chelsea,49,https://media.api-sports.io/football/teams/49.png,2023,
314661,J. Danns,Jayden,Danns,https://media.api-sports.io/football/players/314661.png,2006-01-16,19.0,England,183.0,67.0,Attacker,Liverpool,40,https://media.api-sports.io/football/teams/40.png,2024,
19362,J. Dasilva,Pelenda Joshua Tunga,Dasilva,https://media.api-sports.io/football/players/19362.png,1998-10-23,27.0,England,184.0,75.0,Midfielder,Brentford,55,https://media.api-sports.io/football/teams/55.png,2024,
334734,J. Debayo,James Boluwatife,Debayo,https://media.api-sports.io/football/players/334734.png,2005-07-11,20.0,England,189.0,71.0,Defender,Leeds,63,https://media.api-sports.io/football/teams/63.png,2022,
286458,J. Devenny,Justin,Devenny,https://media.api-sports.io/football/players/286458.png,2003-10-11,22.0,Scotland,178.0,74.0,Midfielder,Crystal Palace,52,https://media.api-sports.io/football/teams/52.png,2025,55.0
1422,J. Doku,Jérémy Baffour,Doku,https://media.api-sports.io/football/players/1422.png,2002-05-27,23.0,Belgium,173.0,66.0,Attacker,Manchester City,50,https://media.api-sports.io/football/teams/50.png,2025,11.0
20167,J. Donacien,Janoi Denzil Naieme,Donacien,https://media.api-sports.io/football/players/20167.png,1993-11-03,32.0,St. Lucia,183.0,75.0,Defender,Ipswich,57,https://media.api-sports.io/football/teams/57.png,2024,
293163,J. Donley,Jamie,Donley,https://media.api-sports.io/football/players/293163.png,2005-01-03,20.0,England,,,Midfielder,Tottenham,47,https://media.api-sports.io/football/teams/47.png,2024,
557413,J. Drakes-Thomas,,,https://media.api-sports.io/football/players/557413.png,,16.0,,,,Attacker,Crystal Palace,52,https://media.api-sports.io/football/teams/52.png,2025,7.0
305735,J. Duffus,Joshua James,Leslie Duffus,https://media.api-sports.io/football/players/305735.png,2004-12-15,21.0,England,,,Attacker,Brighton,51,https://media.api-sports.io/football/teams/51.png,2024,
13489,J. Durán,Jhon Jader,Durán Palacio,https://media.api-sports.io/football/players/13489.png,2003-12-13,22.0,Colombia,185.0,73.0,Forward,Aston Villa,66,https://media.api-sports.io/football/teams/66.png,2024,
19093,J. Egan,John,Egan,https://media.api-sports.io/football/players/19093.png,1992-10-20,33.0,Republic of Ireland,185.0,75.0,Defender,Sheffield Utd,62,https://media.api-sports.io/football/teams/62.png,2023,
344233,J. Emerson,Johnny,Emerson,https://media.api-sports.io/football/players/344233.png,2005-11-30,20.0,Scotland,,,Attacker,Newcastle,34,https://media.api-sports.io/football/teams/34.png,2024,
70747,J. Enciso,Julio César,Enciso Espínola,https://media.api-sports.io/football/players/70747.png,2004-01-23,21.0,Paraguay,173.0,64.0,Midfielder,Ipswich,57,https://media.api-sports.io/football/teams/57.png,2024,
18772,J. Evans,Jonathan Grant,Evans,https://media.api-sports.io/football/players/18772.png,1988-01-03,37.0,Northern Ireland,188.0,77.0,Defender,Manchester United,33,https://media.api-sports.io/football/teams/33.png,2024,
434183,J. Evans,Jake,Evans,https://media.api-sports.io/football/players/434183.png,2008-06-04,17.0,England,,,Attacker,Leicester,46,https://media.api-sports.io/football/teams/46.png,2024,
389579,J. Eyestone,Julian,Eyestone,https://media.api-sports.io/football/players/389579.png,2006-04-21,19.0,USA,198.0,97.0,Goalkeeper,Brentford,55,https://media.api-sports.io/football/teams/55.png,2024,41.0
19102,J. Fleck,John Alexander,Fleck,https://media.api-sports.io/football/players/19102.png,1991-08-24,34.0,Scotland,170.0,72.0,Midfielder,Sheffield Utd,62,https://media.api-sports.io/football/teams/62.png,2023,
383770,J. Fletcher,Jack Andrew,Davidson Fletcher,https://media.api-sports.io/football/players/383770.png,2007-03-19,18.0,England,180.0,78.0,Midfielder,Manchester United,33,https://media.api-sports.io/football/teams/33.png,2025,10.0
152654,J. Frimpong,Jeremie Agyekum,Frimpong,https://media.api-sports.io/football/players/152654.png,2000-12-10,25.0,Netherlands,171.0,63.0,Defender,Liverpool,40,https://media.api-sports.io/football/teams/40.png,2025,30.0
69257,J. Furlong,Walter James,Byrne Furlong,https://media.api-sports.io/football/players/69257.png,2002-06-07,23.0,Republic of Ireland,178.0,72.0,Defender,Brighton,51,https://media.api-sports.io/football/teams/51.png,2023,
895,J. Garner,James David,Garner,https://media.api-sports.io/football/players/895.png,2001-03-13,24.0,England,186.0,78.0,Defender,Everton,45,https://media.api-sports.io/football/teams/45.png,2025,37.0
7029,J. Gauci,Joe Anthony,Gauci,https://media.api-sports.io/football/players/7029.png,2000-07-04,25.0,Australia,194.0,88.0,Goalkeeper,Aston Villa,66,https://media.api-sports.io/football/teams/66.png,2024,
3240,J. Gbamin,Jean-Philippe,Gbamin,https://media.api-sports.io/football/players/3240.png,1995-09-25,30.0,Côte d'Ivoire,186.0,88.0,Defender,Everton,45,https://media.api-sports.io/football/teams/45.png,2023,
19569,J. Gelhardt,Joseph Paul,Gelhardt,https://media.api-sports.io/football/players/19569.png,2002-05-04,23.0,England,175.0,65.0,Attacker,Leeds,63,https://media.api-sports.io/football/teams/63.png,2022,
284,J. Gomez,Joseph Dave,Gomez,https://media.api-sports.io/football/players/284.png,1997-05-23,28.0,England,188.0,80.0,Defender,Liverpool,40,https://media.api-sports.io/football/teams/40.png,2025,2.0
266203,J. Gordon,John-Kymani Linton,Michael Gordon,https://media.api-sports.io/football/players/266203.png,2003-02-13,22.0,England,181.0,,Attacker,Crystal Palace,52,https://media.api-sports.io/football/teams/52.png,2023,
313229,J. Gower,Jimi,Gower,https://media.api-sports.io/football/players/313229.png,2004-10-01,21.0,England,181.0,74.0,Midfielder,Arsenal,42,https://media.api-sports.io/football/teams/42.png,2024,
19187,J. Grealish,Jack Peter,Grealish,https://media.api-sports.io/football/players/19187.png,1995-09-10,30.0,England,180.0,77.0,Midfielder,Everton,45,https://media.api-sports.io/football/teams/45.png,2025,18.0
127579,J. Greaves,Jacob,Greaves,https://media.api-sports.io/football/players/127579.png,2000-09-12,25.0,England,185.0,70.0,Defender,Ipswich,57,https://media.api-sports.io/football/teams/57.png,2024,
2790,J. Guðmunds­son,Jóhann Berg,Guðmunds­son,https://media.api-sports.io/football/players/2790.png,1990-10-27,35.0,Iceland,186.0,78.0,Attacker,Burnley,44,https://media.api-sports.io/football/teams/44.png,2023,
129033,J. Gvardiol,Joško,Gvardiol,https://media.api-sports.io/football/players/129033.png,2002-01-23,23.0,Croatia,185.0,80.0,Defender,Manchester City,50,https://media.api-sports.io/football/teams/50.png,2025,24.0
19128,J. Harrison,Jack David,Harrison,https://media.api-sports.io/football/players/19128.png,1996-11-20,29.0,England,175.0,70.0,Attacker,Leeds,63,https://media.api-sports.io/football/teams/63.png,2025,
341642,J. Hato,Jorrel,Hato,https://media.api-sports.io/football/players/341642.png,2006-03-07,19.0,Netherlands,182.0,76.0,Defender,Chelsea,49,https://media.api-sports.io/football/teams/49.png,2025,21.0
292,J. Henderson,Jordan Brian,Henderson,https://media.api-sports.io/football/players/292.png,1990-06-17,35.0,England,182.0,78.0,Midfielder,Brentford,55,https://media.api-sports.io/football/teams/55.png,2025,6.0
18924,J. Hendrick,Jeffrey Patrick,Hendrick,https://media.api-sports.io/football/players/18924.png,1992-01-31,33.0,Republic of Ireland,185.0,79.0,Midfielder,Newcastle,34,https://media.api-sports.io/football/teams/34.png,2023,
20093,J. Hill,James Clayton,Hill,https://media.api-sports.io/football/players/20093.png,2002-01-10,23.0,England,184.0,73.0,Defender,Bournemouth,35,https://media.api-sports.io/football/teams/35.png,2025,23.0
138843,J. Hillson,James Andrew,Hillson,https://media.api-sports.io/football/players/138843.png,2001-01-14,24.0,England,187.0,79.0,Goalkeeper,Arsenal,42,https://media.api-sports.io/football/teams/42.png,2023,
296121,J. Hinchy,Jack Samuel Lawrence,Hinchy,https://media.api-sports.io/football/players/296121.png,2003-01-30,22.0,England,180.0,70.0,Midfielder,Brighton,51,https://media.api-sports.io/football/teams/51.png,2024,
305730,J. Hinshelwood,Jack Luca,Hinshelwood,https://media.api-sports.io/football/players/305730.png,2005-04-11,20.0,England,181.0,76.0,Midfielder,Brighton,51,https://media.api-sports.io/football/teams/51.png,2025,13.0
204033,J. Hodge,Joseph Shaun,Hodge,https://media.api-sports.io/football/players/204033.png,2002-09-14,23.0,Republic of Ireland,172.0,65.0,Midfielder,Wolves,39,https://media.api-sports.io/football/teams/39.png,2024,
92987,J. Houwen,Jeroen,Houwen,https://media.api-sports.io/football/players/92987.png,1996-02-18,29.0,Netherlands,188.0,73.0,Goalkeeper,Vitesse,200,https://media.api-sports.io/football/teams/200.png,2022,
282133,J. Hugill,Joseph,Brennen Hugill,https://media.api-sports.io/football/players/282133.png,2003-10-19,22.0,England,188.0,,Attacker,Manchester United,33,https://media.api-sports.io/football/teams/33.png,2024,
360268,J. Jimoh,Jamaldeen,Jimoh-Aloba,https://media.api-sports.io/football/players/360268.png,2006-10-02,19.0,England,183.0,71.0,Midfielder,Aston Villa,66,https://media.api-sports.io/football/teams/66.png,2025,
406507,J. Johnson,Joseph,Johnson,https://media.api-sports.io/football/players/406507.png,2006-01-09,19.0,England,187.0,63.0,Defender,Luton,1359,https://media.api-sports.io/football/teams/1359.png,2023,
557488,J. Jones,,,https://media.api-sports.io/football/players/557488.png,,19.0,,,,Defender,Sunderland,746,https://media.api-sports.io/football/teams/746.png,2025,51.0
19760,J. Justin,James Michael,Justin,https://media.api-sports.io/football/players/19760.png,1998-02-23,27.0,England,183.0,80.0,Defender,Leeds,63,https://media.api-sports.io/football/teams/63.png,2025,24.0
402330,J. Kamason,Jaydan Dejon,Kamason,https://media.api-sports.io/football/players/402330.png,2006-12-08,19.0,England,,,Defender,Manchester United,33,https://media.api-sports.io/football/teams/33.png,2024,
61431,J. Kiwior,Jakub Piotr,Kiwior,https://media.api-sports.io/football/players/61431.png,2000-02-15,25.0,Poland,189.0,75.0,Defender,Arsenal,42,https://media.api-sports.io/football/teams/42.png,2025,
792,J. Kluivert,Justin Dean,Kluivert,https://media.api-sports.io/football/players/792.png,1999-05-05,26.0,Netherlands,171.0,67.0,Attacker,Bournemouth,35,https://media.api-sports.io/football/teams/35.png,2025,19.0
284536,J. Knightbridge,Jacob Christopher,Knightbridge,https://media.api-sports.io/football/players/284536.png,2004-01-25,21.0,England,,,Goalkeeper,West Ham,48,https://media.api-sports.io/football/teams/48.png,2024,
436443,J. Kusi-Asare,Jonah,Kusi-Asare,https://media.api-sports.io/football/players/436443.png,2007-07-04,18.0,Sweden,196.0,84.0,Attacker,Fulham,36,https://media.api-sports.io/football/teams/36.png,2025,9.0
18894,J. Lascelles,Jamaal,Lascelles,https://media.api-sports.io/football/players/18894.png,1993-11-11,32.0,England,188.0,89.0,Defender,Newcastle,34,https://media.api-sports.io/football/teams/34.png,2025,
20303,J. Laurent,Joshua Ishaele Jacob-Heron,Hunt-Laurent,https://media.api-sports.io/football/players/20303.png,1995-05-06,30.0,England,188.0,70.0,Midfielder,Burnley,44,https://media.api-sports.io/football/teams/44.png,2025,29.0
2490,J. Lerma,Jefferson Andrés,Lerma Solís,https://media.api-sports.io/football/players/2490.png,1994-10-25,31.0,Colombia,179.0,70.0,Midfielder,Crystal Palace,52,https://media.api-sports.io/football/teams/52.png,2025,8.0
19076,J. Lewis,Jamal Piaras,Lewis,https://media.api-sports.io/football/players/19076.png,1998-01-25,27.0,Northern Ireland,178.0,70.0,Defender,Newcastle,34,https://media.api-sports.io/football/teams/34.png,2024,
15884,J. Lindstrøm,Jesper Grænge,Lindstrøm,https://media.api-sports.io/football/players/15884.png,2000-02-29,25.0,Denmark,182.0,66.0,Midfielder,Everton,45,https://media.api-sports.io/football/teams/45.png,2024,
900,J. Lingard,Jesse Ellis,Lingard,https://media.api-sports.io/football/players/900.png,1992-12-15,33.0,England,175.0,62.0,Midfielder,Nottingham Forest,65,https://media.api-sports.io/football/teams/65.png,2023,
19309,J. Lolley,Joseph,Lolley,https://media.api-sports.io/football/players/19309.png,1992-08-25,33.0,England,178.0,72.0,Attacker,Nottingham Forest,65,https://media.api-sports.io/football/teams/65.png,2022,
19866,J. Lowe,Jamal Akua,Lowe,https://media.api-sports.io/football/players/19866.png,1994-07-21,31.0,Jamaica,183.0,79.0,Attacker,Bournemouth,35,https://media.api-sports.io/football/teams/35.png,2023,
403065,J. Luker,Jayden,Luker,https://media.api-sports.io/football/players/403065.png,2005-04-30,20.0,England,,,Midfielder,Luton,1359,https://media.api-sports.io/football/teams/1359.png,2023,
19573,J. Lumley,Joseph Patrick,Lumley,https://media.api-sports.io/football/players/19573.png,1995-02-15,30.0,England,191.0,73.0,Goalkeeper,Southampton,41,https://media.api-sports.io/football/teams/41.png,2024,
18784,J. Maddison,James Daniel,Maddison,https://media.api-sports.io/football/players/18784.png,1996-11-23,29.0,England,175.0,73.0,Midfielder,Tottenham,47,https://media.api-sports.io/football/teams/47.png,2024,
25927,J. Mateta,Jean-Philippe,Mateta,https://media.api-sports.io/football/players/25927.png,1997-06-28,28.0,France,192.0,88.0,Attacker,Crystal Palace,52,https://media.api-sports.io/football/teams/52.png,2025,14.0
286,J. Matip,Job Joël André,Matip,https://media.api-sports.io/football/players/286.png,1991-08-08,33.0,Cameroon,195.0,90.0,Defender,Liverpool,40,https://media.api-sports.io/football/teams/40.png,2024,
18849,J. McArthur,James,McFarlane McArthur,https://media.api-sports.io/football/players/18849.png,1987-10-07,36.0,Scotland,178.0,75.0,Midfielder,Crystal Palace,52,https://media.api-sports.io/football/teams/52.png,2023,
158697,J. McAtee,James John,McAtee,https://media.api-sports.io/football/players/158697.png,2002-10-18,23.0,England,180.0,72.0,Midfielder,Nottingham Forest,65,https://media.api-sports.io/football/teams/65.png,2025,24.0
87858,J. McAtee,John George,McAtee,https://media.api-sports.io/football/players/87858.png,1999-07-23,26.0,England,180.0,75.0,Attacker,Luton,1359,https://media.api-sports.io/football/teams/1359.png,2023,
287109,J. McConnell,James,McConnell,https://media.api-sports.io/football/players/287109.png,2004-09-13,21.0,England,175.0,65.0,Midfielder,Liverpool,40,https://media.api-sports.io/football/teams/40.png,2024,
350625,J. Meghoma,Jayden,Meghoma,https://media.api-sports.io/football/players/350625.png,2006-06-28,19.0,England,175.0,80.0,Defender,Southampton,41,https://media.api-sports.io/football/teams/41.png,2024,
296,J. Milner,James Philip,Milner,https://media.api-sports.io/football/players/296.png,1986-01-04,39.0,England,175.0,70.0,Midfielder,Brighton,51,https://media.api-sports.io/football/teams/51.png,2025,20.0
40911,J. Moder,Jakub Piotr,Moder,https://media.api-sports.io/football/players/40911.png,1999-04-07,26.0,Poland,188.0,78.0,Midfielder,Brighton,51,https://media.api-sports.io/football/teams/51.png,2024,
460853,J. Monga,Jeremy,Monga,https://media.api-sports.io/football/players/460853.png,2009-07-10,16.0,England,,,Midfielder,Leicester,46,https://media.api-sports.io/football/teams/46.png,2024,
344229,J. Moorhouse,Jack Lee,Moorhouse,https://media.api-sports.io/football/players/344229.png,2005-11-29,20.0,England,184.0,70.0,Midfielder,Manchester United,33,https://media.api-sports.io/football/teams/33.png,2025,8.0
330982,J. Morgan,Jimmy Jay,Morgan,https://media.api-sports.io/football/players/330982.png,2006-01-21,19.0,England,180.0,70.0,Attacker,Southampton,41,https://media.api-sports.io/football/teams/41.png,2022,
19163,J. Murphy,Jacob Kai,Murphy,https://media.api-sports.io/football/players/19163.png,1995-02-24,30.0,England,179.0,74.0,Midfielder,Newcastle,34,https://media.api-sports.io/football/teams/34.png,2025,23.0
270139,J. O&apos;Brien,Jake,O'Brien,https://media.api-sports.io/football/players/270139.png,2001-05-15,24.0,Republic of Ireland,197.0,92.0,Defender,Everton,45,https://media.api-sports.io/football/teams/45.png,2025,15.0
322305,J. O&apos;Brien-Whitmarsh,Joseph,O'Brien-Whitmarsh,https://media.api-sports.io/football/players/322305.png,2005-05-11,20.0,Republic of Ireland,173.0,73.0,Midfielder,Southampton,41,https://media.api-sports.io/football/teams/41.png,2024,
337941,J. Oboavwoduo,Justin,Oboavwoduo,https://media.api-sports.io/football/players/337941.png,2006-08-23,19.0,England,179.0,,Attacker,Manchester City,50,https://media.api-sports.io/football/teams/50.png,2024,
19393,J. Onomah,Joshua Oghenetega Peter,Onomah,https://media.api-sports.io/football/players/19393.png,1997-04-27,28.0,England,185.0,70.0,Midfielder,Fulham,36,https://media.api-sports.io/football/teams/36.png,2022,
84088,J. Panzo,Jonathan William,Panzo,https://media.api-sports.io/football/players/84088.png,2000-10-25,25.0,England,188.0,72.0,Defender,Nottingham Forest,65,https://media.api-sports.io/football/teams/65.png,2024,
138931,J. Philogene,Jaden,Philogene-Bidace,https://media.api-sports.io/football/players/138931.png,2002-02-08,23.0,England,181.0,66.0,Attacker,Ipswich,57,https://media.api-sports.io/football/teams/57.png,2024,
2932,J. Pickford,Jordan Lee,Pickford,https://media.api-sports.io/football/players/2932.png,1994-03-07,31.0,England,185.0,82.0,Goalkeeper,Everton,45,https://media.api-sports.io/football/teams/45.png,2025,1.0
250,J. Piroe,Joël Mohammed,Ramzan Piroe,https://media.api-sports.io/football/players/250.png,1999-08-02,26.0,Netherlands,181.0,74.0,Attacker,Leeds,63,https://media.api-sports.io/football/teams/63.png,2025,10.0
416697,J. Porter,Jack,Porter,https://media.api-sports.io/football/players/416697.png,2008-07-15,17.0,England,187.0,75.0,Goalkeeper,Arsenal,42,https://media.api-sports.io/football/teams/42.png,2024,13.0
158698,J. Quansah,Jarell,Amorin Quansah,https://media.api-sports.io/football/players/158698.png,2003-01-29,22.0,England,190.0,84.0,Defender,Liverpool,40,https://media.api-sports.io/football/teams/40.png,2024,
284449,J. Rak-Sakyi,Jesurun,Rak-Sakyi,https://media.api-sports.io/football/players/284449.png,2002-10-05,23.0,England,178.0,,Midfielder,Crystal Palace,52,https://media.api-sports.io/football/teams/52.png,2025,
19192,J. Ramsey,Jacob Matthew,Ramsey,https://media.api-sports.io/football/players/19192.png,2001-05-28,24.0,England,180.0,75.0,Midfielder,Newcastle,34,https://media.api-sports.io/football/teams/34.png,2025,41.0
293162,J. Raymond,Jadan,Raymond,https://media.api-sports.io/football/players/293162.png,2003-10-15,22.0,England,,,Midfielder,Crystal Palace,52,https://media.api-sports.io/football/teams/52.png,2024,
18853,J. Riedewald,Jaïro Jocquim,Riedewald,https://media.api-sports.io/football/players/18853.png,1996-09-09,29.0,Netherlands,182.0,79.0,Midfielder,Crystal Palace,52,https://media.api-sports.io/football/teams/52.png,2024,
19294,J. Robinson,Jack,Robinson,https://media.api-sports.io/football/players/19294.png,1993-09-01,32.0,England,180.0,67.0,Defender,Sheffield Utd,62,https://media.api-sports.io/football/teams/62.png,2023,
309506,J. Robinson,Josh Noah,Lynnford Robinson,https://media.api-sports.io/football/players/309506.png,2004-12-20,21.0,England,180.0,67.0,Defender,Arsenal,42,https://media.api-sports.io/football/teams/42.png,2024,
19321,J. Rodon,Joseph Peter,Rodon,https://media.api-sports.io/football/players/19321.png,1997-10-22,28.0,Wales,193.0,88.0,Defender,Leeds,63,https://media.api-sports.io/football/teams/63.png,2025,6.0
19169,J. Rodríguez,Jay Enrique,Rodríguez,https://media.api-sports.io/football/players/19169.png,1989-07-29,36.0,England,185.0,84.0,Attacker,Burnley,44,https://media.api-sports.io/football/teams/44.png,2023,
19482,J. Rothwell,Joseph Matthew,Rothwell,https://media.api-sports.io/football/players/19482.png,1995-01-11,30.0,England,185.0,77.0,Midfielder,Southampton,41,https://media.api-sports.io/football/teams/41.png,2024,
18737,J. Ruddy,John Thomas Gordon,Ruddy,https://media.api-sports.io/football/players/18737.png,1986-10-24,39.0,England,192.0,96.0,Goalkeeper,Newcastle,34,https://media.api-sports.io/football/teams/34.png,2025,26.0
18,J. Sancho,Jadon Malik,Sancho,https://media.api-sports.io/football/players/18.png,2000-03-25,25.0,England,180.0,76.0,Attacker,Aston Villa,66,https://media.api-sports.io/football/teams/66.png,2025,19.0
395809,J. Sanda,Joachim,Kayi Sanda,https://media.api-sports.io/football/players/395809.png,2006-11-29,19.0,France,186.0,76.0,Defender,Southampton,41,https://media.api-sports.io/football/teams/41.png,2024,
202086,J. Sarmiento,Jeremy Leonel,Sarmiento Morante,https://media.api-sports.io/football/players/202086.png,2002-06-16,23.0,Ecuador,178.0,72.0,Midfielder,Brighton,51,https://media.api-sports.io/football/teams/51.png,2024,
396729,J. Scanlon,James,Scanlon,https://media.api-sports.io/football/players/396729.png,2006-09-28,19.0,England,180.0,,Midfielder,Manchester United,33,https://media.api-sports.io/football/teams/33.png,2024,
18843,J. Schlupp,Jeffrey,Schlupp,https://media.api-sports.io/football/players/18843.png,1992-12-23,33.0,Ghana,178.0,72.0,Midfielder,Crystal Palace,52,https://media.api-sports.io/football/teams/52.png,2024,
290545,J. Seelt,Jenson,Seelt,https://media.api-sports.io/football/players/290545.png,2003-05-23,22.0,Netherlands,192.0,84.0,Defender,Sunderland,746,https://media.api-sports.io/football/teams/746.png,2025,
19750,J. Shea,James William,Shea,https://media.api-sports.io/football/players/19750.png,1991-06-16,34.0,England,185.0,76.0,Goalkeeper,Luton,1359,https://media.api-sports.io/football/teams/1359.png,2023,
18904,J. Shelvey,Jonjo,Shelvey,https://media.api-sports.io/football/players/18904.png,1992-02-27,33.0,England,184.0,80.0,Midfielder,Nottingham Forest,65,https://media.api-sports.io/football/teams/65.png,2024,
293167,J. Sheridan,Joe,Sheridan,https://media.api-sports.io/football/players/293167.png,2003-12-10,22.0,England,,,Defender,Crystal Palace,52,https://media.api-sports.io/football/teams/52.png,2022,
379618,J. Slater,Jacob Vaughan,Slater,https://media.api-sports.io/football/players/379618.png,2004-10-05,21.0,England,182.0,74.0,Defender,Brighton,51,https://media.api-sports.io/football/teams/51.png,2024,
17448,J. Smith,Jordan Clifford,Smith,https://media.api-sports.io/football/players/17448.png,1994-12-08,31.0,England,183.0,,Goalkeeper,Nottingham Forest,65,https://media.api-sports.io/football/teams/65.png,2022,
289608,J. Snowdon,Joseph Leonard,Snowdon,https://media.api-sports.io/football/players/289608.png,2004-02-14,21.0,England,172.0,,Midfielder,Leeds,63,https://media.api-sports.io/football/teams/63.png,2022,
363333,J. Soler,Julio César,Soler Barreto,https://media.api-sports.io/football/players/363333.png,2005-02-16,20.0,Argentina,170.0,63.0,Defender,Bournemouth,35,https://media.api-sports.io/football/teams/35.png,2025,6.0
19769,J. Stacey,Jack William,Stacey,https://media.api-sports.io/football/players/19769.png,1996-04-06,29.0,England,180.0,62.0,Defender,Bournemouth,35,https://media.api-sports.io/football/teams/35.png,2022,
18878,J. Stanislas,Felix Junior,Stanislas,https://media.api-sports.io/football/players/18878.png,1989-11-26,34.0,England,183.0,76.0,Midfielder,Bournemouth,35,https://media.api-sports.io/football/teams/35.png,2023,
191971,J. Stansfield,Jay,Stansfield,https://media.api-sports.io/football/players/191971.png,2002-11-24,23.0,England,,,Attacker,Fulham,36,https://media.api-sports.io/football/teams/36.png,2024,
18960,J. Steele,Jason Sean,Steele,https://media.api-sports.io/football/players/18960.png,1990-08-18,35.0,England,188.0,79.0,Goalkeeper,Brighton,51,https://media.api-sports.io/football/teams/51.png,2025,23.0
19174,J. Steer,Jed John,Steer,https://media.api-sports.io/football/players/19174.png,1992-09-23,33.0,England,183.0,80.0,Goalkeeper,Aston Villa,66,https://media.api-sports.io/football/teams/66.png,2023,
18940,J. Stephens,Jack,Stephens,https://media.api-sports.io/football/players/18940.png,1994-01-27,31.0,England,185.0,75.0,Defender,Southampton,41,https://media.api-sports.io/football/teams/41.png,2024,
577002,J. Stephenson,,,https://media.api-sports.io/football/players/577002.png,,18.0,,,,Defender,Brentford,55,https://media.api-sports.io/football/teams/55.png,2025,50.0
152970,J. Stolarczyk,Jakub,Stolarczyk,https://media.api-sports.io/football/players/152970.png,2000-12-19,25.0,Poland,194.0,81.0,Goalkeeper,Leicester,46,https://media.api-sports.io/football/teams/46.png,2024,
626,J. Stones,John,Stones,https://media.api-sports.io/football/players/626.png,1994-05-28,31.0,England,188.0,80.0,Defender,Manchester City,50,https://media.api-sports.io/football/teams/50.png,2025,5.0
2032,J. Strand Larsen,Jørgen,Strand Larsen,https://media.api-sports.io/football/players/2032.png,2000-02-06,25.0,Norway,193.0,79.0,Attacker,Wolves,39,https://media.api-sports.io/football/teams/39.png,2025,22.0
554280,J. T. Bi,,,https://media.api-sports.io/football/players/554280.png,,20.0,,,,Midfielder,Sunderland,746,https://media.api-sports.io/football/teams/746.png,2025,37.0
149550,J. Tanganga,Japhet Manzambi,Tanganga,https://media.api-sports.io/football/players/149550.png,1999-03-31,26.0,England,184.0,76.0,Defender,Tottenham,47,https://media.api-sports.io/football/teams/47.png,2023,
2936,J. Tarkowski,James Alan,Tarkowski,https://media.api-sports.io/football/players/2936.png,1992-11-19,33.0,England,185.0,81.0,Defender,Everton,45,https://media.api-sports.io/football/teams/45.png,2025,6.0
18397,J. Taylor,Jack Henry Philip,Taylor,https://media.api-sports.io/football/players/18397.png,1998-06-23,27.0,Republic of Ireland,185.0,70.0,Midfielder,Ipswich,57,https://media.api-sports.io/football/teams/57.png,2024,
179651,J. Taylor,Joseph  William John,Taylor,https://media.api-sports.io/football/players/179651.png,2002-11-18,23.0,Wales,170.0,75.0,Attacker,Luton,1359,https://media.api-sports.io/football/teams/1359.png,2023,
296560,J. Tchatchoua,Jackson,Tchatchoua,https://media.api-sports.io/football/players/296560.png,2001-09-14,24.0,Cameroon,186.0,76.0,Defender,Wolves,39,https://media.api-sports.io/football/teams/39.png,2025,38.0
440160,J. Thwaites,Jim Alec Joseph,Thwaites,https://media.api-sports.io/football/players/440160.png,2007-12-20,18.0,England,,,Midfielder,Manchester United,33,https://media.api-sports.io/football/teams/33.png,2024,
38746,J. Timber,Jurriën David Norman,Timber,https://media.api-sports.io/football/players/38746.png,2001-06-17,24.0,Netherlands,179.0,79.0,Defender,Arsenal,42,https://media.api-sports.io/football/teams/42.png,2025,12.0
138,J. Todibo,Jean-Clair Dimitri Roger,Todibo,https://media.api-sports.io/football/players/138.png,1999-12-30,26.0,France,192.0,88.0,Defender,West Ham,48,https://media.api-sports.io/football/teams/48.png,2025,25.0
18844,J. Tomkins,James Oliver Charles,Tomkins,https://media.api-sports.io/football/players/18844.png,1989-03-29,35.0,England,192.0,74.0,Defender,Crystal Palace,52,https://media.api-sports.io/football/teams/52.png,2024,
162489,J. Trafford,James Harrington,Trafford,https://media.api-sports.io/football/players/162489.png,2002-10-10,23.0,England,197.0,83.0,Goalkeeper,Manchester City,50,https://media.api-sports.io/football/teams/50.png,2025,1.0
284291,J. Turner-Cooke,Jay,Turner-Cooke,https://media.api-sports.io/football/players/284291.png,2003-12-31,22.0,England,,,Midfielder,Newcastle,34,https://media.api-sports.io/football/teams/34.png,2024,
40434,J. Valencia,César Joel,Valencia Castillo,https://media.api-sports.io/football/players/40434.png,1994-11-16,31.0,Ecuador,164.0,61.0,Midfielder,Brentford,55,https://media.api-sports.io/football/teams/55.png,2022,
18788,J. Vardy,Jamie Richard,Vardy,https://media.api-sports.io/football/players/18788.png,1987-01-11,38.0,England,179.0,74.0,Attacker,Leicester,46,https://media.api-sports.io/football/teams/46.png,2024,
537,J. Veltman,Joël Ivo,Veltman,https://media.api-sports.io/football/players/537.png,1992-01-15,33.0,Netherlands,184.0,75.0,Defender,Brighton,51,https://media.api-sports.io/football/teams/51.png,2025,34.0
18943,J. Vestergaard,Jannik,Vestergaard,https://media.api-sports.io/football/players/18943.png,1992-08-03,33.0,Denmark,199.0,94.0,Defender,Leicester,46,https://media.api-sports.io/football/teams/46.png,2024,
382167,J. Wadham,Jack,Wadham,https://media.api-sports.io/football/players/382167.png,2003-02-25,22.0,England,183.0,74.0,Midfielder,Bournemouth,35,https://media.api-sports.io/football/teams/35.png,2023,
18847,J. Ward,Joel Edward Philip,Ward,https://media.api-sports.io/football/players/18847.png,1989-10-29,36.0,England,188.0,83.0,Defender,Crystal Palace,52,https://media.api-sports.io/football/teams/52.png,2024,
2938,J. Ward-Prowse,James Michael Edward,Ward-Prowse,https://media.api-sports.io/football/players/2938.png,1994-11-01,31.0,England,177.0,66.0,Midfielder,West Ham,48,https://media.api-sports.io/football/teams/48.png,2025,20.0
19565,J. Weir,Jensen Guy,Weir,https://media.api-sports.io/football/players/19565.png,2002-01-31,23.0,England,186.0,74.0,Midfielder,Brighton,51,https://media.api-sports.io/football/teams/51.png,2024,
284551,J. Wells-Morrison,Jack Campbell,Wells-Morrison,https://media.api-sports.io/football/players/284551.png,2004-02-18,21.0,England,180.0,,Midfielder,Crystal Palace,52,https://media.api-sports.io/football/teams/52.png,2024,
138906,J. White,Joe Peter,White,https://media.api-sports.io/football/players/138906.png,2002-10-01,23.0,England,186.0,70.0,Midfielder,Newcastle,34,https://media.api-sports.io/football/teams/34.png,2024,
362766,J. Whittaker,Jack,Whittaker,https://media.api-sports.io/football/players/362766.png,2006-10-14,19.0,England,,,Midfielder,Sunderland,746,https://media.api-sports.io/football/teams/746.png,2025,7.0
284549,J. Whitworth,Joseph Charles,Whitworth,https://media.api-sports.io/football/players/284549.png,2004-02-29,21.0,England,179.0,,Goalkeeper,Crystal Palace,52,https://media.api-sports.io/football/teams/52.png,2024,
1463,J. Willock,Joseph George,Willock,https://media.api-sports.io/football/players/1463.png,1999-08-20,26.0,England,179.0,71.0,Midfielder,Newcastle,34,https://media.api-sports.io/football/teams/34.png,2025,28.0
418942,J. Wilson,James,Wilson,https://media.api-sports.io/football/players/418942.png,2007-03-06,18.0,Scotland,,,Attacker,Tottenham,47,https://media.api-sports.io/football/teams/47.png,2025,9.0
278128,J. Wilson-Esbrand,Joshua Darius,Kamani Wilson-Esbrand,https://media.api-sports.io/football/players/278128.png,2002-12-26,23.0,England,176.0,70.0,Defender,Manchester City,50,https://media.api-sports.io/football/teams/50.png,2024,
284396,J. Wormleighton,Joseph Oliver,Wormleighton,https://media.api-sports.io/football/players/284396.png,2003-12-30,22.0,England,,,Defender,Leicester,46,https://media.api-sports.io/football/teams/46.png,2022,
1746,J. Worrall,Joseph Adrian,Worrall,https://media.api-sports.io/football/players/1746.png,1997-01-10,29.0,England,193.0,64.0,Defender,Burnley,44,https://media.api-sports.io/football/teams/44.png,2025,4.0
284390,J. Wright,James,Wright,https://media.api-sports.io/football/players/284390.png,2004-12-02,21.0,England,188.0,,Goalkeeper,Aston Villa,66,https://media.api-sports.io/football/teams/66.png,2025,64.0
19824,J. Zemura,Jordan Bhekithemba,Zemura,https://media.api-sports.io/football/players/19824.png,1999-11-14,26.0,Zimbabwe,173.0,63.0,Defender,Bournemouth,35,https://media.api-sports.io/football/teams/35.png,2022,
70100,J. Zirkzee,Joshua Orobosa,Zirkzee,https://media.api-sports.io/football/players/70100.png,2001-05-22,24.0,Netherlands,193.0,84.0,Attacker,Manchester United,33,https://media.api-sports.io/football/teams/33.png,2025,11.0
38695,J. van Hecke,Jan Paul,van Hecke,https://media.api-sports.io/football/players/38695.png,2000-06-08,25.0,Netherlands,189.0,79.0,Defender,Brighton,51,https://media.api-sports.io/football/teams/51.png,2025,6.0
6009,J. Álvarez,Julián,Álvarez,https://media.api-sports.io/football/players/6009.png,2000-01-31,25.0,Argentina,170.0,71.0,Attacker,Manchester City,50,https://media.api-sports.io/football/teams/50.png,2024,
284463,Jack Henry-Francis,Jack,Henry-Francis,https://media.api-sports.io/football/players/284463.png,2003-09-23,22.0,Republic of Ireland,181.0,,Midfielder,Arsenal,42,https://media.api-sports.io/football/teams/42.png,2024,
382355,Jacob Wright,Jacob,Wright,https://media.api-sports.io/football/players/382355.png,2005-09-21,20.0,England,178.0,65.0,Midfielder,Manchester City,50,https://media.api-sports.io/football/teams/50.png,2024,
303015,Jadel Katongo,Jadel,Katongo,https://media.api-sports.io/football/players/303015.png,2004-09-14,21.0,England,,,Defender,Manchester City,50,https://media.api-sports.io/football/teams/50.png,2024,
347305,Jaden Heskey,Jaden,Heskey,https://media.api-sports.io/football/players/347305.png,2005-12-17,20.0,England,,,Attacker,Manchester City,50,https://media.api-sports.io/football/teams/50.png,2024,
404656,Jahmai Simpson-Pusey,Jahmai,Simpson-Pusey,https://media.api-sports.io/football/players/404656.png,2005-11-04,20.0,England,187.0,79.0,Defender,Manchester City,50,https://media.api-sports.io/football/teams/50.png,2024,
362711,Jair,Jair Paula,da Cunha Filho,https://media.api-sports.io/football/players/362711.png,2005-03-07,20.0,Brazil,198.0,87.0,Defender,Nottingham Forest,65,https://media.api-sports.io/football/teams/65.png,2025,23.0
441198,Jake Burger,Jake,Burger,https://media.api-sports.io/football/players/441198.png,2005-07-06,21.0,England,,,Midfielder,Luton,1359,https://media.api-sports.io/football/teams/1359.png,2023,
284375,James Alan Huntley,James Alan,Huntley,https://media.api-sports.io/football/players/284375.png,2004-03-02,21.0,England,,,Midfielder,Newcastle,34,https://media.api-sports.io/football/teams/34.png,2024,
280683,James Balagizi,James,Balagizi,https://media.api-sports.io/football/players/280683.png,2003-09-20,22.0,England,,,Midfielder,Liverpool,40,https://media.api-sports.io/football/teams/40.png,2024,
152979,James Barry Norris,James Barry,Norris,https://media.api-sports.io/football/players/152979.png,2003-04-04,22.0,England,172.0,70.0,Defender,Liverpool,40,https://media.api-sports.io/football/teams/40.png,2024,
284502,James Lannin-Sweet,James,Lannin-Sweet,https://media.api-sports.io/football/players/284502.png,2004-11-03,22.0,England,,,Defender,Arsenal,42,https://media.api-sports.io/football/teams/42.png,2024,
361735,James Rowswell,James,Rowswell,https://media.api-sports.io/football/players/361735.png,2006-07-13,19.0,England,,,Defender,Tottenham,47,https://media.api-sports.io/football/teams/47.png,2025,76.0
288115,James Storer,James,Storer,https://media.api-sports.io/football/players/288115.png,2004-10-04,21.0,England,196.0,,Goalkeeper,Wolves,39,https://media.api-sports.io/football/teams/39.png,2022,
327609,Jamie Carson McDonnell,Jamie,Carson McDonnell,https://media.api-sports.io/football/players/327609.png,2004-02-16,21.0,Northern Ireland,,,Midfielder,Nottingham Forest,65,https://media.api-sports.io/football/teams/65.png,2024,
284305,Jamie Miley,Jamie,Miley,https://media.api-sports.io/football/players/284305.png,2004-01-14,21.0,England,175.0,,Midfielder,Newcastle,34,https://media.api-sports.io/football/teams/34.png,2024,
18896,Javier Manquillo,Javier,Manquillo Gaitán,https://media.api-sports.io/football/players/18896.png,1994-05-05,31.0,Spain,178.0,76.0,Defender,Newcastle,34,https://media.api-sports.io/football/teams/34.png,2023,
380691,Jay Robinson,Jay,Robinson,https://media.api-sports.io/football/players/380691.png,2007-03-15,18.0,England,176.0,65.0,Attacker,Southampton,41,https://media.api-sports.io/football/teams/41.png,2024,
389031,Jayce Fitzgerald,Jayce,Fitzgerald,https://media.api-sports.io/football/players/389031.png,2007-05-09,18.0,England,179.0,70.0,Midfielder,Manchester United,33,https://media.api-sports.io/football/teams/33.png,2024,
412152,Jayden Moore,Jayden,Moore,https://media.api-sports.io/football/players/412152.png,2006-12-12,19.0,England,183.0,68.0,Defender,Southampton,41,https://media.api-sports.io/football/teams/41.png,2024,
381014,Jenson Jones,Jenson Oliver,Jones,https://media.api-sports.io/football/players/381014.png,2006-06-26,19.0,England,182.0,,Midfielder,Sunderland,746,https://media.api-sports.io/football/teams/746.png,2025,4.0
297641,Jenson Metcalfe,Jenson,Metcalfe,https://media.api-sports.io/football/players/297641.png,2004-09-06,21.0,England,,,Midfielder,Everton,45,https://media.api-sports.io/football/teams/45.png,2024,
284404,Jimi Weikko Tauriainen,Jimi Weikko,Tauriainen,https://media.api-sports.io/football/players/284404.png,2004-03-09,21.0,Finland,,,Midfielder,Chelsea,49,https://media.api-sports.io/football/teams/49.png,2024,
359842,Joe Knight,Joe,Knight,https://media.api-sports.io/football/players/359842.png,2005-09-21,20.0,England,164.0,,Midfielder,Brighton,51,https://media.api-sports.io/football/teams/51.png,2025,
1558,Joel Robles,Joel,Robles Blázquez,https://media.api-sports.io/football/players/1558.png,1990-06-17,35.0,Spain,195.0,78.0,Goalkeeper,Leeds,63,https://media.api-sports.io/football/teams/63.png,2022,
328096,Joel Tshisanga Ndala,Joel,Tshisanga Ndala,https://media.api-sports.io/football/players/328096.png,2006-05-31,19.0,England,178.0,,Attacker,Manchester City,50,https://media.api-sports.io/football/teams/50.png,2024,
723,Joelinton,Joelinton Cássio,Apolinário de Lira,https://media.api-sports.io/football/players/723.png,1996-08-14,29.0,Brazil,186.0,81.0,Midfielder,Newcastle,34,https://media.api-sports.io/football/teams/34.png,2025,7.0
70366,John,John Victor,Maciel Furtado,https://media.api-sports.io/football/players/70366.png,1996-02-13,29.0,Brazil,196.0,91.0,Goalkeeper,Nottingham Forest,65,https://media.api-sports.io/football/teams/65.png,2025,13.0
18740,Jonny,Jonathan,Castro Otto,https://media.api-sports.io/football/players/18740.png,1994-03-03,31.0,Spain,175.0,70.0,Defender,Wolves,39,https://media.api-sports.io/football/teams/39.png,2023,
131,Jorge Cuenca,Jorge,Cuenca Barreno,https://media.api-sports.io/football/players/131.png,1999-11-17,26.0,Spain,190.0,75.0,Defender,Fulham,36,https://media.api-sports.io/football/teams/36.png,2025,15.0
2289,Jorginho,Jorge Luiz,Frello Filho,https://media.api-sports.io/football/players/2289.png,1991-12-20,34.0,Italy,180.0,65.0,Midfielder,Arsenal,42,https://media.api-sports.io/football/teams/42.png,2024,
327604,Joseph Charles Gardner,Joseph Charles,Gardner,https://media.api-sports.io/football/players/327604.png,2005-06-06,20.0,England,,,Attacker,Nottingham Forest,65,https://media.api-sports.io/football/teams/65.png,2024,
329362,Joshua Alan Powell,Joshua Alan,Powell,https://media.api-sports.io/football/players/329362.png,2005-01-09,20.0,England,,,Defender,Nottingham Forest,65,https://media.api-sports.io/football/teams/65.png,2023,
312118,Joshua Feeney,Joshua,Feeney,https://media.api-sports.io/football/players/312118.png,2005-05-06,20.0,England,193.0,,Defender,Aston Villa,66,https://media.api-sports.io/football/teams/66.png,2024,
291022,Joshua Keeley,Joshua,Keeley,https://media.api-sports.io/football/players/291022.png,2003-05-17,22.0,Republic of Ireland,191.0,,Goalkeeper,Tottenham,47,https://media.api-sports.io/football/teams/47.png,2023,
389315,Joshua King,Joshua,King,https://media.api-sports.io/football/players/389315.png,2007-01-03,18.0,England,187.0,74.0,Midfielder,Fulham,36,https://media.api-sports.io/football/teams/36.png,2025,24.0
366735,Joshua Kofi Acheampong,Joshua Kofi,Acheampong,https://media.api-sports.io/football/players/366735.png,2006-05-05,19.0,England,184.0,75.0,Defender,Chelsea,49,https://media.api-sports.io/football/teams/49.png,2025,34.0
380696,Joshua Nichols,Joshua,Nichols,https://media.api-sports.io/football/players/380696.png,2006-07-26,19.0,England,165.0,56.0,Defender,Arsenal,42,https://media.api-sports.io/football/teams/42.png,2024,2.0
284241,José Mateo Mejía Piedrahita,José Mateo,Mejía Piedrahita,https://media.api-sports.io/football/players/284241.png,2003-03-31,22.0,Spain,181.0,70.0,Attacker,Manchester United,33,https://media.api-sports.io/football/teams/33.png,2023,
1590,José Sá,José Pedro,Malheiro de Sá,https://media.api-sports.io/football/players/1590.png,1993-01-17,32.0,Portugal,192.0,84.0,Goalkeeper,Wolves,39,https://media.api-sports.io/football/teams/39.png,2025,1.0
141901,Jota Silva,João Pedro,Ferreira Silva,https://media.api-sports.io/football/players/141901.png,1999-08-01,26.0,Portugal,179.0,77.0,Attacker,Nottingham Forest,65,https://media.api-sports.io/football/teams/65.png,2025,
855,João Cancelo,João Pedro,Cavaco Cancelo,https://media.api-sports.io/football/players/855.png,1994-05-27,31.0,Portugal,182.0,74.0,Defender,Manchester City,50,https://media.api-sports.io/football/teams/50.png,2024,
583,João Félix,João,Félix Sequeira,https://media.api-sports.io/football/players/583.png,1999-11-10,26.0,Portugal,181.0,70.0,Attacker,Chelsea,49,https://media.api-sports.io/football/teams/49.png,2024,
195103,João Gomes,João Victor,Gomes da Silva,https://media.api-sports.io/football/players/195103.png,2001-02-12,24.0,Brazil,176.0,74.0,Midfielder,Wolves,39,https://media.api-sports.io/football/teams/39.png,2025,8.0
2677,João Moutinho,João Filipe,Iria Santos Moutinho,https://media.api-sports.io/football/players/2677.png,1986-09-08,39.0,Portugal,170.0,61.0,Midfielder,Wolves,39,https://media.api-sports.io/football/teams/39.png,2023,
41104,João Palhinha,João Maria,Lobo Alves Palhinha Gonçalves,https://media.api-sports.io/football/players/41104.png,1995-07-09,30.0,Portugal,190.0,84.0,Midfielder,Tottenham,47,https://media.api-sports.io/football/teams/47.png,2025,6.0
10329,João Pedro,João Pedro,Junqueira de Jesus,https://media.api-sports.io/football/players/10329.png,2001-09-26,24.0,Brazil,182.0,70.0,Attacker,Chelsea,49,https://media.api-sports.io/football/teams/49.png,2025,20.0
18755,João Virgínia,João Manuel,Neves Virgínia,https://media.api-sports.io/football/players/18755.png,1999-10-10,26.0,Portugal,193.0,83.0,Goalkeeper,Everton,45,https://media.api-sports.io/football/teams/45.png,2024,
284264,Juan Larios,Juan,Larios López,https://media.api-sports.io/football/players/284264.png,2004-01-12,21.0,Spain,170.0,68.0,Defender,Southampton,41,https://media.api-sports.io/football/teams/41.png,2024,
1564,Junior Firpo,Héctor Junior,Firpo Adames,https://media.api-sports.io/football/players/1564.png,1996-08-22,29.0,Spain,184.0,78.0,Defender,Leeds,63,https://media.api-sports.io/football/teams/63.png,2022,
284444,Junior Robinson,Junior,Robinson,https://media.api-sports.io/football/players/284444.png,2004-04-06,21.0,England,,,Defender,West Ham,48,https://media.api-sports.io/football/teams/48.png,2024,
284359,Justin Quincy Hubner,Justin Quincy,Hubner,https://media.api-sports.io/football/players/284359.png,2003-09-14,22.0,Netherlands,187.0,72.0,Defender,Wolves,39,https://media.api-sports.io/football/teams/39.png,2024,
1119,K. Ajer,Kristoffer,Vassbakk Ajer,https://media.api-sports.io/football/players/1119.png,1998-04-17,27.0,Norway,198.0,92.0,Defender,Brentford,55,https://media.api-sports.io/football/teams/55.png,2025,20.0
144720,K. Appiah-Forson,Keenan,Appiah-Forson,https://media.api-sports.io/football/players/144720.png,2001-10-16,24.0,England,,,Midfielder,West Ham,48,https://media.api-sports.io/football/teams/48.png,2022,
106086,K. Balmer,Kofi,Balmer,https://media.api-sports.io/football/players/106086.png,2000-09-19,25.0,Northern Ireland,183.0,70.0,Defender,Crystal Palace,52,https://media.api-sports.io/football/teams/52.png,2023,
126690,K. Bowie,Kieran,Bowie,https://media.api-sports.io/football/players/126690.png,2002-09-21,23.0,Scotland,,,Attacker,Fulham,36,https://media.api-sports.io/football/teams/36.png,2024,
451583,K. Braithwaite,Kaden,Braithwaite,https://media.api-sports.io/football/players/451583.png,2008-03-25,17.0,England,185.0,75.0,Defender,Manchester City,50,https://media.api-sports.io/football/teams/50.png,2024,
288116,K. Casey,Kaelan,Casey,https://media.api-sports.io/football/players/288116.png,2004-10-28,21.0,England,185.0,70.0,Defender,West Ham,48,https://media.api-sports.io/football/teams/48.png,2024,
284418,K. Cesay,Kallum Xzeiba Tracey,Cesay,https://media.api-sports.io/football/players/284418.png,2002-09-04,23.0,Sierra Leone,189.0,,Defender,Tottenham,47,https://media.api-sports.io/football/teams/47.png,2022,
25287,K. Danso,Kevin,Danso,https://media.api-sports.io/football/players/25287.png,1998-09-19,27.0,Austria,190.0,85.0,Defender,Tottenham,47,https://media.api-sports.io/football/teams/47.png,2025,4.0
18885,K. Darlow,Karl,Darlow,https://media.api-sports.io/football/players/18885.png,1990-10-08,35.0,England,190.0,88.0,Goalkeeper,Leeds,63,https://media.api-sports.io/football/teams/63.png,2025,26.0
19185,K. Davis,Keinan Vincent Joseph,Davis,https://media.api-sports.io/football/players/19185.png,1998-02-13,27.0,England,191.0,68.0,Attacker,Aston Villa,66,https://media.api-sports.io/football/teams/66.png,2023,
629,K. De Bruyne,Kevin,De Bruyne,https://media.api-sports.io/football/players/629.png,1991-06-28,34.0,Belgium,181.0,68.0,Midfielder,Manchester City,50,https://media.api-sports.io/football/teams/50.png,2024,
148099,K. Dewsbury-Hall,Kiernan Frank,Dewsbury-Hall,https://media.api-sports.io/football/players/148099.png,1998-09-06,27.0,England,178.0,80.0,Midfielder,Everton,45,https://media.api-sports.io/football/teams/45.png,2025,22.0
303462,K. Doyle,Kamari,Doyle,https://media.api-sports.io/football/players/303462.png,2005-08-01,20.0,England,,,Midfielder,Southampton,41,https://media.api-sports.io/football/teams/41.png,2022,
365660,K. Dyer,Kiano,Dyer,https://media.api-sports.io/football/players/365660.png,2006-11-21,19.0,England,178.0,65.0,Midfielder,Chelsea,49,https://media.api-sports.io/football/teams/49.png,2024,
284062,K. Edwards,Khayon,Edwards,https://media.api-sports.io/football/players/284062.png,2003-09-12,22.0,England,180.0,,Attacker,Arsenal,42,https://media.api-sports.io/football/teams/42.png,2023,
19177,K. Hause,Kortney Paul Duncan,Hause,https://media.api-sports.io/football/players/19177.png,1995-07-16,30.0,England,191.0,77.0,Defender,Aston Villa,66,https://media.api-sports.io/football/teams/66.png,2024,
978,K. Havertz,Kai Lukas,Havertz,https://media.api-sports.io/football/players/978.png,1999-06-11,26.0,Germany,193.0,83.0,Attacker,Arsenal,42,https://media.api-sports.io/football/teams/42.png,2025,29.0
144723,K. Hegyi,Krisztián,Hegyi,https://media.api-sports.io/football/players/144723.png,2002-09-24,23.0,Hungary,196.0,,Goalkeeper,West Ham,48,https://media.api-sports.io/football/teams/48.png,2024,
169295,K. Hein,Karl Jakob,Hein,https://media.api-sports.io/football/players/169295.png,2002-04-13,23.0,Estonia,193.0,86.0,Goalkeeper,Arsenal,42,https://media.api-sports.io/football/teams/42.png,2024,
285,K. Hoever,Ki-Jana Delano,Hoever,https://media.api-sports.io/football/players/285.png,2002-01-18,23.0,Netherlands,183.0,65.0,Midfielder,Wolves,39,https://media.api-sports.io/football/teams/39.png,2025,
19744,K. Jackson,Kayden Pastel Dunn,Jackson,https://media.api-sports.io/football/players/19744.png,1994-02-22,31.0,England,181.0,73.0,Attacker,Ipswich,57,https://media.api-sports.io/football/teams/57.png,2024,
138849,K. John,Kyle Alex,John,https://media.api-sports.io/football/players/138849.png,2001-02-13,24.0,England,,,Defender,Everton,45,https://media.api-sports.io/football/teams/45.png,2022,
298128,K. Kesler-Hayden,Kaine,Kesler-Hayden,https://media.api-sports.io/football/players/298128.png,2002-10-23,23.0,England,175.0,,Defender,Aston Villa,66,https://media.api-sports.io/football/teams/66.png,2024,
39105,K. Klaesson,Kristoffer-August,Sundquist Klaesson,https://media.api-sports.io/football/players/39105.png,2000-11-27,25.0,Norway,189.0,76.0,Goalkeeper,Leeds,63,https://media.api-sports.io/football/teams/63.png,2022,
318,K. Koulibaly,Kalidou,Koulibaly,https://media.api-sports.io/football/players/318.png,1991-06-20,34.0,Senegal,195.0,89.0,Defender,Chelsea,49,https://media.api-sports.io/football/teams/49.png,2022,
64304,K. Kozłowski,Kacper Szymon,Kozłowski,https://media.api-sports.io/football/players/64304.png,2003-10-16,22.0,Poland,182.0,67.0,Midfielder,Brighton,51,https://media.api-sports.io/football/teams/51.png,2024,
358969,K. Lamadrid,Keiber Alberto,Lamadrid Briceño,https://media.api-sports.io/football/players/358969.png,2003-11-18,22.0,Venezuela,,,Midfielder,West Ham,48,https://media.api-sports.io/football/teams/48.png,2025,21.0
106725,K. Lewis-Potter,Keane William,Lewis-Potter,https://media.api-sports.io/football/players/106725.png,2001-02-22,24.0,England,170.0,67.0,Midfielder,Brentford,55,https://media.api-sports.io/football/teams/55.png,2025,23.0
557387,K. M. Brown,,,https://media.api-sports.io/football/players/557387.png,,17.0,,,,Attacker,Burnley,44,https://media.api-sports.io/football/teams/44.png,2025,9.0
284322,K. Mainoo,Kobbie Boateng,Mainoo,https://media.api-sports.io/football/players/284322.png,2005-04-19,20.0,England,175.0,72.0,Midfielder,Manchester United,33,https://media.api-sports.io/football/teams/33.png,2025,37.0
1445,K. Mavropanos,Konstantinos,Mavropanos,https://media.api-sports.io/football/players/1445.png,1997-12-11,28.0,Greece,194.0,94.0,Defender,West Ham,48,https://media.api-sports.io/football/teams/48.png,2025,15.0
946,K. Mbabu,Melingo Kevin,Mbabu,https://media.api-sports.io/football/players/946.png,1995-04-19,30.0,Switzerland,184.0,83.0,Defender,Fulham,36,https://media.api-sports.io/football/teams/36.png,2024,
283290,K. McAteer,Kasey,McAteer,https://media.api-sports.io/football/players/283290.png,2001-11-22,24.0,England,177.0,69.0,Midfielder,Leicester,46,https://media.api-sports.io/football/teams/46.png,2024,
106835,K. Mitoma,Kaoru,Mitoma,https://media.api-sports.io/football/players/106835.png,1997-05-20,28.0,Japan,178.0,73.0,Midfielder,Brighton,51,https://media.api-sports.io/football/teams/51.png,2025,22.0
19804,K. Moore,Kieffer Roberto Francisco,Moore,https://media.api-sports.io/football/players/19804.png,1992-08-08,33.0,Wales,196.0,89.0,Attacker,Bournemouth,35,https://media.api-sports.io/football/teams/35.png,2024,
278235,K. Moore,Kristan Richard,Moore,https://media.api-sports.io/football/players/278235.png,2003-11-13,22.0,England,,,Defender,Leeds,63,https://media.api-sports.io/football/teams/63.png,2022,
389032,K. Morrison,Kieran,Morrison,https://media.api-sports.io/football/players/389032.png,2006-11-09,19.0,England,170.0,65.0,Midfielder,Liverpool,40,https://media.api-sports.io/football/teams/40.png,2025,68.0
731,K. Navas,Keylor Antonio,Navas Gamboa,https://media.api-sports.io/football/players/731.png,1986-12-15,39.0,Costa Rica,185.0,80.0,Goalkeeper,Nottingham Forest,65,https://media.api-sports.io/football/teams/65.png,2022,
342320,K. Nedeljković,Kosta,Nedeljković,https://media.api-sports.io/football/players/342320.png,2005-12-16,20.0,Serbia,184.0,72.0,Defender,Aston Villa,66,https://media.api-sports.io/football/teams/66.png,2024,
270357,K. Phillips,Killian,Phillips,https://media.api-sports.io/football/players/270357.png,2002-03-30,23.0,Republic of Ireland,190.0,85.0,Midfielder,Crystal Palace,52,https://media.api-sports.io/football/teams/52.png,2024,
19130,K. Phillips,Kalvin Mark,Phillips,https://media.api-sports.io/football/players/19130.png,1995-12-02,30.0,England,178.0,72.0,Midfielder,West Ham,48,https://media.api-sports.io/football/teams/48.png,2024,
406303,K. Páez,Ray Kendry,Páez Andrade,https://media.api-sports.io/football/players/406303.png,2007-05-04,18.0,Ecuador,178.0,71.0,Midfielder,Chelsea,49,https://media.api-sports.io/football/teams/49.png,2024,
301295,K. Rodney,Kaden Kai,Rodney,https://media.api-sports.io/football/players/301295.png,2004-10-07,21.0,England,189.0,67.0,Midfielder,Crystal Palace,52,https://media.api-sports.io/football/teams/52.png,2025,4.0
178077,K. Schade,Kevin,Schade,https://media.api-sports.io/football/players/178077.png,2001-11-27,24.0,Germany,183.0,74.0,Midfielder,Brentford,55,https://media.api-sports.io/football/teams/55.png,2025,7.0
37276,K. Scherpen,Kjell,Scherpen,https://media.api-sports.io/football/players/37276.png,2000-01-23,25.0,Netherlands,206.0,98.0,Goalkeeper,Brighton,51,https://media.api-sports.io/football/teams/51.png,2024,
144725,K. Simon-Swyer,Kamarai,Simon-Swyer,https://media.api-sports.io/football/players/144725.png,2002-12-04,23.0,England,,,Attacker,West Ham,48,https://media.api-sports.io/football/teams/48.png,2024,
199837,K. Sulemana,Kamaldeen,Sulemana,https://media.api-sports.io/football/players/199837.png,2002-02-15,23.0,Ghana,175.0,70.0,Attacker,Southampton,41,https://media.api-sports.io/football/teams/41.png,2024,
335116,K. Šekularac,Kristian,Šekularac,https://media.api-sports.io/football/players/335116.png,2003-12-07,22.0,Switzerland,,,Midfielder,Fulham,36,https://media.api-sports.io/football/teams/36.png,2024,
337593,K. Takai,Kota,Takai,https://media.api-sports.io/football/players/337593.png,2004-09-04,21.0,Japan,192.0,84.0,Defender,Tottenham,47,https://media.api-sports.io/football/teams/47.png,2025,
657,K. Tete,Kenny Joelle,Tete,https://media.api-sports.io/football/players/657.png,1995-10-09,30.0,Netherlands,180.0,71.0,Defender,Fulham,36,https://media.api-sports.io/football/teams/36.png,2025,2.0
1117,K. Tierney,Kieran,Tierney,https://media.api-sports.io/football/players/1117.png,1997-06-05,28.0,Scotland,178.0,70.0,Defender,Arsenal,42,https://media.api-sports.io/football/teams/42.png,2024,
169,K. Trippier,Kieran John,Trippier,https://media.api-sports.io/football/players/169.png,1990-09-19,35.0,England,178.0,71.0,Defender,Newcastle,34,https://media.api-sports.io/football/teams/34.png,2025,2.0
1600,K. Tsimikas,Konstantinos,Tsimikas,https://media.api-sports.io/football/players/1600.png,1996-05-12,29.0,Greece,179.0,77.0,Defender,Liverpool,40,https://media.api-sports.io/football/teams/40.png,2024,
627,K. Walker,Kyle Andrew,Walker,https://media.api-sports.io/football/players/627.png,1990-05-28,35.0,England,183.0,80.0,Defender,Burnley,44,https://media.api-sports.io/football/teams/44.png,2025,2.0
171,K. Walker-Peters,Kyle Leonardus,Walker-Peters,https://media.api-sports.io/football/players/171.png,1997-04-13,28.0,England,173.0,62.0,Defender,West Ham,48,https://media.api-sports.io/football/teams/48.png,2025,2.0
68127,K. Watts,Kelland John William James,Watts,https://media.api-sports.io/football/players/68127.png,1999-11-03,26.0,England,192.0,75.0,Defender,Newcastle,34,https://media.api-sports.io/football/teams/34.png,2023,
312260,K. Young,Kadan,Young,https://media.api-sports.io/football/players/312260.png,2006-01-19,19.0,England,176.0,67.0,Attacker,Aston Villa,66,https://media.api-sports.io/football/teams/66.png,2024,
2726,K. Zouma,Kurt Happy,Zouma,https://media.api-sports.io/football/players/2726.png,1994-10-27,31.0,France,190.0,96.0,Defender,West Ham,48,https://media.api-sports.io/football/teams/48.png,2024,
2778,K. Ịheanachọ,Kelechi Promise,Ịheanachọ,https://media.api-sports.io/football/players/2778.png,1996-10-03,29.0,Nigeria,185.0,82.0,Attacker,Leicester,46,https://media.api-sports.io/football/teams/46.png,2024,
286764,Kaide Gordon,Kaide,Gordon,https://media.api-sports.io/football/players/286764.png,2004-10-05,21.0,England,173.0,70.0,Attacker,Liverpool,40,https://media.api-sports.io/football/teams/40.png,2024,49.0
334042,Kaiden Wilson,Kaiden Carlton Anthony,Wilson,https://media.api-sports.io/football/players/334042.png,2005-09-02,20.0,England,191.0,80.0,Defender,Chelsea,49,https://media.api-sports.io/football/teams/49.png,2024,
393193,Kaye Iyowuna Furo,Kaye Iyowuna,Furo,https://media.api-sports.io/football/players/393193.png,2007-02-06,18.0,Belgium,190.0,,Attacker,Brentford,55,https://media.api-sports.io/football/teams/55.png,2025,47.0
18902,Kenedy,Robert Kenedy,Nunes do Nascimento,https://media.api-sports.io/football/players/18902.png,1996-02-08,29.0,Brazil,182.0,77.0,Midfielder,Chelsea,49,https://media.api-sports.io/football/teams/49.png,2022,
2273,Kepa,Kepa,Arrizabalaga Revuelta,https://media.api-sports.io/football/players/2273.png,1994-10-03,31.0,Spain,189.0,84.0,Goalkeeper,Arsenal,42,https://media.api-sports.io/football/teams/42.png,2025,13.0
237819,Kevin,Kevin,Santos Lopes de Macedo,https://media.api-sports.io/football/players/237819.png,2003-01-04,22.0,Brazil,176.0,71.0,Attacker,Fulham,36,https://media.api-sports.io/football/teams/36.png,2025,22.0
284228,Kian Breckin,Kian,Breckin,https://media.api-sports.io/football/players/284228.png,2003-12-10,22.0,England,,,Midfielder,Manchester City,50,https://media.api-sports.io/football/teams/50.png,2024,
201368,Killian Cahill,Killian,Cahill,https://media.api-sports.io/football/players/201368.png,2003-11-03,22.0,Republic of Ireland,182.0,67.0,Goalkeeper,Brighton,51,https://media.api-sports.io/football/teams/51.png,2024,
356237,Kim Ji-Soo,Ji-Soo,Kim,https://media.api-sports.io/football/players/356237.png,2004-12-24,21.0,Korea Republic,192.0,83.0,Defender,Brentford,55,https://media.api-sports.io/football/teams/55.png,2024,
412736,Kit Margetson,Kit,Margetson,https://media.api-sports.io/football/players/412736.png,2006-07-10,19.0,Wales,,,Goalkeeper,Swansea,76,https://media.api-sports.io/football/teams/76.png,2023,
305736,Kobei Moore,Kobei,Moore,https://media.api-sports.io/football/players/305736.png,2004-11-30,21.0,England,183.0,70.0,Attacker,Aston Villa,66,https://media.api-sports.io/football/teams/66.png,2024,
129705,L. Ashby-Hammond,Luca,Ashby-Hammond,https://media.api-sports.io/football/players/129705.png,2001-03-25,24.0,England,191.0,,Goalkeeper,Fulham,36,https://media.api-sports.io/football/teams/36.png,2024,
180731,L. Assignon,Lorenz,Assignon,https://media.api-sports.io/football/players/180731.png,2000-06-22,25.0,France,181.0,77.0,Defender,Burnley,44,https://media.api-sports.io/football/teams/44.png,2023,
2852,L. Augustinsson,Hans Carl Ludwig,Augustinsson,https://media.api-sports.io/football/players/2852.png,1994-04-21,31.0,Sweden,181.0,74.0,Defender,Aston Villa,66,https://media.api-sports.io/football/teams/66.png,2022,
431119,L. Ayinde,Leon,Ayinde,https://media.api-sports.io/football/players/431119.png,2004-09-05,21.0,England,,,Attacker,Ipswich,57,https://media.api-sports.io/football/teams/57.png,2024,
19116,L. Ayling,Luke David,Ayling,https://media.api-sports.io/football/players/19116.png,1991-08-25,34.0,England,185.0,72.0,Defender,Leeds,63,https://media.api-sports.io/football/teams/63.png,2022,
174918,L. Badé,Loïc,Badé,https://media.api-sports.io/football/players/174918.png,2000-04-11,25.0,France,191.0,89.0,Defender,Nottingham Forest,65,https://media.api-sports.io/football/teams/65.png,2022,
983,L. Bailey,Leon Patrick,Bailey Butler,https://media.api-sports.io/football/players/983.png,1997-08-09,28.0,Jamaica,178.0,77.0,Midfielder,Aston Villa,66,https://media.api-sports.io/football/teams/66.png,2025,31.0
162168,L. Barry,Louie Mark,Barry,https://media.api-sports.io/football/players/162168.png,2003-06-21,22.0,England,174.0,63.0,Attacker,Aston Villa,66,https://media.api-sports.io/football/teams/66.png,2024,
402504,L. Benjamin,Lewys,Benjamin,https://media.api-sports.io/football/players/402504.png,2006-11-28,19.0,Wales,,,Goalkeeper,Wolves,39,https://media.api-sports.io/football/teams/39.png,2024,
152955,L. Bergström,Lucas Carl Edvard,Bergström,https://media.api-sports.io/football/players/152955.png,2002-09-05,23.0,Finland,205.0,82.0,Goalkeeper,Chelsea,49,https://media.api-sports.io/football/teams/49.png,2024,
347316,L. Bergvall,Lucas Erik Holger,Bergvall,https://media.api-sports.io/football/players/347316.png,2006-02-02,19.0,Sweden,187.0,74.0,Midfielder,Tottenham,47,https://media.api-sports.io/football/teams/47.png,2025,15.0
19759,L. Berry,Luke David,Berry,https://media.api-sports.io/football/players/19759.png,1992-07-12,33.0,England,177.0,72.0,Midfielder,Luton,1359,https://media.api-sports.io/football/teams/1359.png,2023,
284457,L. Bogarde,Lamare Trenton,Chansey Bogarde,https://media.api-sports.io/football/players/284457.png,2004-01-05,21.0,Netherlands,183.0,76.0,Defender,Aston Villa,66,https://media.api-sports.io/football/teams/66.png,2025,26.0
350626,L. Briggs,Logan,Briggs,https://media.api-sports.io/football/players/350626.png,2005-02-07,20.0,England,,,Midfielder,Leicester,46,https://media.api-sports.io/football/teams/46.png,2024,
138929,L. Brunt,Lewis,Brunt,https://media.api-sports.io/football/players/138929.png,2000-11-06,25.0,England,187.0,,Defender,Leicester,46,https://media.api-sports.io/football/teams/46.png,2024,
284366,L. Chambers,Luke,Chambers,https://media.api-sports.io/football/players/284366.png,2004-06-24,21.0,England,181.0,,Defender,Liverpool,40,https://media.api-sports.io/football/teams/40.png,2024,
380653,L. Chiwome,Leon,Chiwome,https://media.api-sports.io/football/players/380653.png,2006-01-10,19.0,England,186.0,75.0,Attacker,Wolves,39,https://media.api-sports.io/football/teams/39.png,2024,
151754,L. Clarkson,Leighton,Owen Clarkson,https://media.api-sports.io/football/players/151754.png,2001-10-19,24.0,England,175.0,62.0,Midfielder,Liverpool,40,https://media.api-sports.io/football/teams/40.png,2022,
152953,L. Colwill,Levi Lemar,Samuels Colwill,https://media.api-sports.io/football/players/152953.png,2003-02-26,22.0,England,187.0,83.0,Defender,Chelsea,49,https://media.api-sports.io/football/teams/49.png,2024,
18872,L. Cook,Lewis John,Cook,https://media.api-sports.io/football/players/18872.png,1997-02-03,28.0,England,175.0,71.0,Midfielder,Bournemouth,35,https://media.api-sports.io/football/teams/35.png,2025,4.0
19118,L. Cooper,Liam David Ian,Cooper,https://media.api-sports.io/football/players/19118.png,1991-08-30,34.0,Scotland,186.0,73.0,Defender,Leeds,63,https://media.api-sports.io/football/teams/63.png,2022,
149564,L. Cundle,Luke James,Cundle,https://media.api-sports.io/football/players/149564.png,2002-04-26,23.0,England,170.0,62.0,Midfielder,Wolves,39,https://media.api-sports.io/football/teams/39.png,2024,
288121,L. D&apos;Auria-Henry,Luciano Paul,D'Auria-Henry,https://media.api-sports.io/football/players/288121.png,2002-11-11,23.0,England,,,Defender,Fulham,36,https://media.api-sports.io/football/teams/36.png,2022,
19119,L. Davis,Leif,Davis,https://media.api-sports.io/football/players/19119.png,1999-12-31,26.0,England,182.0,70.0,Defender,Ipswich,57,https://media.api-sports.io/football/teams/57.png,2024,
284373,L. De Bolle,Lucas,De Bolle,https://media.api-sports.io/football/players/284373.png,2002-10-22,23.0,Scotland,,,Midfielder,Newcastle,34,https://media.api-sports.io/football/teams/34.png,2024,
327738,L. De Fougerolles,Luc,Rollet De Fougerolles,https://media.api-sports.io/football/players/327738.png,2005-10-12,20.0,Canada,183.0,75.0,Defender,Fulham,36,https://media.api-sports.io/football/teams/36.png,2024,
161948,L. Delap,Liam Rory,Delap,https://media.api-sports.io/football/players/161948.png,2003-02-08,22.0,England,186.0,72.0,Attacker,Chelsea,49,https://media.api-sports.io/football/teams/49.png,2025,9.0
162517,L. Dendoncker,Lars,Dendoncker,https://media.api-sports.io/football/players/162517.png,2001-04-03,21.0,Belgium,188.0,,Defender,Brighton,51,https://media.api-sports.io/football/teams/51.png,2022,
2922,L. Dendoncker,Leander,Dendoncker,https://media.api-sports.io/football/players/2922.png,1995-04-15,30.0,Belgium,188.0,83.0,Midfielder,Aston Villa,66,https://media.api-sports.io/football/teams/66.png,2024,
2724,L. Digne,Lucas,Digne,https://media.api-sports.io/football/players/2724.png,1993-07-20,32.0,France,178.0,74.0,Defender,Aston Villa,66,https://media.api-sports.io/football/teams/66.png,2025,12.0
153425,L. Dobbin,Lewis Norman,Dobbin,https://media.api-sports.io/football/players/153425.png,2003-01-03,22.0,England,175.0,71.0,Attacker,Everton,45,https://media.api-sports.io/football/teams/45.png,2024,
18963,L. Dunk,Lewis Carl,Dunk,https://media.api-sports.io/football/players/18963.png,1991-11-21,34.0,England,192.0,88.0,Defender,Brighton,51,https://media.api-sports.io/football/teams/51.png,2025,5.0
2489,L. Díaz,Luis Fernando,Díaz Marulanda,https://media.api-sports.io/football/players/2489.png,1997-01-13,28.0,Colombia,178.0,65.0,Attacker,Liverpool,40,https://media.api-sports.io/football/teams/40.png,2024,
454935,L. Emenalo,Landon,Emenalo,https://media.api-sports.io/football/players/454935.png,2008-01-18,17.0,England,177.0,,Midfielder,Chelsea,49,https://media.api-sports.io/football/teams/49.png,2025,
455010,L. Emery,Lander,Emery,https://media.api-sports.io/football/players/455010.png,2003-03-29,22.0,Spain,,,Goalkeeper,Aston Villa,66,https://media.api-sports.io/football/teams/66.png,2024,
98936,L. Foster,Lyle Brent,Foster,https://media.api-sports.io/football/players/98936.png,2000-09-03,25.0,South Africa,185.0,70.0,Attacker,Burnley,44,https://media.api-sports.io/football/teams/44.png,2025,9.0
19592,L. Freeman,Luke Anthony,Freeman,https://media.api-sports.io/football/players/19592.png,1992-03-22,32.0,England,181.0,64.0,Midfielder,Luton,1359,https://media.api-sports.io/football/teams/1359.png,2023,
37143,L. Geertruida,Lutsharel,Geertruida,https://media.api-sports.io/football/players/37143.png,2000-07-18,25.0,Netherlands,184.0,69.0,Defender,Sunderland,746,https://media.api-sports.io/football/teams/746.png,2025,6.0
19308,L. Grabban,Lewis,Grabban,https://media.api-sports.io/football/players/19308.png,1988-01-12,34.0,England,183.0,78.0,Attacker,Nottingham Forest,65,https://media.api-sports.io/football/teams/65.png,2022,
284492,L. Hall,Lewis Kieran,Hall,https://media.api-sports.io/football/players/284492.png,2004-09-08,21.0,England,179.0,73.0,Defender,Newcastle,34,https://media.api-sports.io/football/teams/34.png,2025,3.0
284475,L. Harris,Luke Bernard,Harris,https://media.api-sports.io/football/players/284475.png,2005-03-04,20.0,Wales,177.0,,Midfielder,Fulham,36,https://media.api-sports.io/football/teams/36.png,2024,
297187,L. Hjelde,Leo,Fuhr Hjelde,https://media.api-sports.io/football/players/297187.png,2003-08-26,22.0,Norway,190.0,75.0,Defender,Sunderland,746,https://media.api-sports.io/football/teams/746.png,2025,
1972,L. Karius,Loris Sven,Karius,https://media.api-sports.io/football/players/1972.png,1993-06-22,32.0,Germany,189.0,87.0,Goalkeeper,Newcastle,34,https://media.api-sports.io/football/teams/34.png,2024,
19263,L. Kelly,Lloyd Casius,Kelly,https://media.api-sports.io/football/players/19263.png,1998-10-06,27.0,England,178.0,70.0,Defender,Bournemouth,35,https://media.api-sports.io/football/teams/35.png,2024,
359603,L. Koleosho,Luca,Warrick Daeovie Koleosho,https://media.api-sports.io/football/players/359603.png,2004-09-15,21.0,Italy,175.0,68.0,Attacker,Burnley,44,https://media.api-sports.io/football/teams/44.png,2023,
328107,L. Koumas,Lewis,Koumas,https://media.api-sports.io/football/players/328107.png,2005-09-19,20.0,England,,,Attacker,Liverpool,40,https://media.api-sports.io/football/teams/40.png,2024,
66407,L. Krejčí,Ladislav,Krejčí,https://media.api-sports.io/football/players/66407.png,1999-04-20,26.0,Czechia,191.0,87.0,Defender,Wolves,39,https://media.api-sports.io/football/teams/39.png,2025,37.0
263,L. Kurzawa,Layvin Marc,Kurzawa,https://media.api-sports.io/football/players/263.png,1992-09-04,33.0,France,182.0,74.0,Defender,Fulham,36,https://media.api-sports.io/football/teams/36.png,2022,
284060,L. Laing,Levi Alexander,Laing,https://media.api-sports.io/football/players/284060.png,2003-04-12,22.0,England,188.0,,Defender,West Ham,48,https://media.api-sports.io/football/teams/48.png,2024,
199089,L. Lucca,Lorenzo,Lucca,https://media.api-sports.io/football/players/199089.png,2000-09-10,25.0,Italy,201.0,80.0,Attacker,Nottingham Forest,65,https://media.api-sports.io/football/teams/65.png,2025,20.0
400340,L. Marsh,Louie,Marsh,https://media.api-sports.io/football/players/400340.png,2004-07-02,21.0,England,176.0,65.0,Attacker,Sheffield Utd,62,https://media.api-sports.io/football/teams/62.png,2023,
396206,L. Martin,Lucas,Martin Nygaard,https://media.api-sports.io/football/players/396206.png,2006-06-26,19.0,Denmark,,,Goalkeeper,Arsenal,42,https://media.api-sports.io/football/teams/42.png,2024,
279,L. Mbe Soh,Loïc Junior,Mbe Soh,https://media.api-sports.io/football/players/279.png,2001-06-13,24.0,France,186.0,81.0,Defender,Nottingham Forest,65,https://media.api-sports.io/football/teams/65.png,2024,
278129,L. Mbete,Luke,Mbete-Tabu,https://media.api-sports.io/football/players/278129.png,2003-09-18,22.0,England,185.0,82.0,Defender,Manchester City,50,https://media.api-sports.io/football/teams/50.png,2024,
69539,L. McNally,Luke,McNally,https://media.api-sports.io/football/players/69539.png,1999-09-20,26.0,Republic of Ireland,184.0,,Defender,Burnley,44,https://media.api-sports.io/football/teams/44.png,2023,
328105,L. Miley,Lewis,Miley,https://media.api-sports.io/football/players/328105.png,2006-05-01,19.0,England,185.0,72.0,Midfielder,Newcastle,34,https://media.api-sports.io/football/teams/34.png,2025,67.0
18852,L. Milivojević,Luka,Milivojević,https://media.api-sports.io/football/players/18852.png,1991-04-07,34.0,Serbia,186.0,80.0,Midfielder,Crystal Palace,52,https://media.api-sports.io/football/teams/52.png,2023,
144741,L. Moulden,Louie,Moulden,https://media.api-sports.io/football/players/144741.png,2002-01-06,23.0,England,190.0,,Goalkeeper,Wolves,39,https://media.api-sports.io/football/teams/39.png,2024,
163069,L. Netz,Luca,Netz,https://media.api-sports.io/football/players/163069.png,2003-05-15,22.0,Germany,180.0,83.0,Defender,Nottingham Forest,65,https://media.api-sports.io/football/teams/65.png,2025,25.0
19461,L. Nmecha,Lukas Okechukwu,Nmecha,https://media.api-sports.io/football/players/19461.png,1998-12-14,27.0,Germany,185.0,80.0,Attacker,Leeds,63,https://media.api-sports.io/football/teams/63.png,2025,14.0
20503,L. O&apos;Brien,Lewis John,O'Brien,https://media.api-sports.io/football/players/20503.png,1998-10-14,27.0,England,173.0,74.0,Midfielder,Nottingham Forest,65,https://media.api-sports.io/football/teams/65.png,2024,
19911,L. O&apos;Nien,Luke Terry,O'Nien,https://media.api-sports.io/football/players/19911.png,1994-11-21,31.0,England,174.0,74.0,Midfielder,Sunderland,746,https://media.api-sports.io/football/teams/746.png,2025,13.0
288118,L. Orford,Lewis,Orford,https://media.api-sports.io/football/players/288118.png,2006-02-18,19.0,England,189.0,73.0,Midfielder,West Ham,48,https://media.api-sports.io/football/teams/48.png,2024,8.0
284427,L. Payne,Lewis,James Payne,https://media.api-sports.io/football/players/284427.png,2004-05-30,21.0,England,,,Defender,Southampton,41,https://media.api-sports.io/football/teams/41.png,2022,
284059,L. Plange,Luke Elliot,Plange,https://media.api-sports.io/football/players/284059.png,2002-11-04,23.0,England,178.0,76.0,Attacker,Crystal Palace,52,https://media.api-sports.io/football/teams/52.png,2024,
138776,L. Ramazani,Largie,Ramazani,https://media.api-sports.io/football/players/138776.png,2001-02-27,24.0,Belgium,167.0,55.0,Attacker,Leeds,63,https://media.api-sports.io/football/teams/63.png,2025,
401098,L. Rawlings,Luke,Rawlings,https://media.api-sports.io/football/players/401098.png,2008-04-04,17.0,England,178.0,70.0,Midfielder,Wolves,39,https://media.api-sports.io/football/teams/39.png,2025,8.0
19350,L. Račić,Luka,Račić,https://media.api-sports.io/football/players/19350.png,1999-05-08,26.0,Denmark,187.0,74.0,Defender,Brentford,55,https://media.api-sports.io/football/teams/55.png,2022,
152957,L. Richards,Lewis Paul Jimmy,Richards,https://media.api-sports.io/football/players/152957.png,2001-10-15,24.0,Republic of Ireland,182.0,72.0,Defender,Wolves U21,7204,https://media.api-sports.io/football/teams/7204.png,2022,
482915,L. Routh,Leon,Routh,https://media.api-sports.io/football/players/482915.png,2007-11-30,18.0,England,,,Defender,Aston Villa,66,https://media.api-sports.io/football/teams/66.png,2025,5.0
337936,L. Samuel,Lakyle,Samuel,https://media.api-sports.io/football/players/337936.png,2006-05-06,19.0,England,175.0,,Defender,Manchester City,50,https://media.api-sports.io/football/teams/50.png,2024,
337934,L. Shahar,Leo,Shahar,https://media.api-sports.io/football/players/337934.png,2007-03-18,18.0,England,,,Defender,Newcastle,34,https://media.api-sports.io/football/teams/34.png,2025,61.0
891,L. Shaw,Luke Paul Hoare,Shaw,https://media.api-sports.io/football/players/891.png,1995-07-12,30.0,England,178.0,80.0,Defender,Manchester United,33,https://media.api-sports.io/football/teams/33.png,2025,23.0
37161,L. Sinisterra,Luis Fernando,Sinisterra Lucumí,https://media.api-sports.io/football/players/37161.png,1999-06-17,26.0,Colombia,172.0,60.0,Attacker,Bournemouth,35,https://media.api-sports.io/football/teams/35.png,2024,
284439,L. Sousa,Lino,da Cruz Sousa,https://media.api-sports.io/football/players/284439.png,2005-01-19,20.0,England,185.0,,Defender,Aston Villa,66,https://media.api-sports.io/football/teams/66.png,2024,
152977,L. Stewart,Layton Rhys,Stewart,https://media.api-sports.io/football/players/152977.png,2002-09-03,23.0,England,180.0,73.0,Attacker,Liverpool,40,https://media.api-sports.io/football/teams/40.png,2022,
19842,L. Taylor,Lyle James Alfred,Taylor,https://media.api-sports.io/football/players/19842.png,1990-03-29,35.0,Montserrat,188.0,75.0,Attacker,Nottingham Forest,65,https://media.api-sports.io/football/teams/65.png,2023,
161621,L. Tchaouna,Loum,Tchaouna,https://media.api-sports.io/football/players/161621.png,2003-09-08,22.0,France,180.0,68.0,Attacker,Burnley,44,https://media.api-sports.io/football/teams/44.png,2025,17.0
152969,L. Thomas,Luke Jonathan,Thomas,https://media.api-sports.io/football/players/152969.png,2001-06-10,24.0,England,181.0,71.0,Defender,Leicester,46,https://media.api-sports.io/football/teams/46.png,2024,
1946,L. Trossard,Leandro,Trossard,https://media.api-sports.io/football/players/1946.png,1994-12-04,31.0,Belgium,172.0,61.0,Attacker,Arsenal,42,https://media.api-sports.io/football/teams/42.png,2025,19.0
270508,L. Ugochukwu,Lesley Chimuanya,Ugochukwu,https://media.api-sports.io/football/players/270508.png,2004-03-26,21.0,France,190.0,72.0,Midfielder,Burnley,44,https://media.api-sports.io/football/teams/44.png,2025,8.0
2549,L. Vigouroux,Lawrence Ian,Vigouroux,https://media.api-sports.io/football/players/2549.png,1993-11-19,32.0,Chile,194.0,77.0,Goalkeeper,Burnley,44,https://media.api-sports.io/football/teams/44.png,2023,
387521,L. Vušković,Luka,Vušković,https://media.api-sports.io/football/players/387521.png,2007-02-24,18.0,Croatia,193.0,86.0,Defender,Tottenham,47,https://media.api-sports.io/football/teams/47.png,2025,
284266,L. Warrington,Lewis Wesley,Warrington,https://media.api-sports.io/football/players/284266.png,2002-10-10,23.0,England,,,Midfielder,Everton,45,https://media.api-sports.io/football/teams/45.png,2024,
154806,L. Watson,Louie Shaun,Watson,https://media.api-sports.io/football/players/154806.png,2001-06-07,24.0,Republic of Ireland,180.0,,Midfielder,Luton,1359,https://media.api-sports.io/football/teams/1359.png,2023,
465310,L. Williams-Barnett,Luca Jamie,Williams-Barnett,https://media.api-sports.io/football/players/465310.png,2008-04-01,17.0,England,175.0,,Midfielder,Tottenham,47,https://media.api-sports.io/football/teams/47.png,2025,68.0
17714,L. Woolfenden,Luke Matthew,Woolfenden,https://media.api-sports.io/football/players/17714.png,1998-10-21,27.0,England,193.0,70.0,Defender,Ipswich,57,https://media.api-sports.io/football/teams/57.png,2024,
342970,L. Yoro,Leny,Yoro,https://media.api-sports.io/football/players/342970.png,2005-11-13,20.0,France,190.0,83.0,Defender,Manchester United,33,https://media.api-sports.io/football/teams/33.png,2025,15.0
883,Lee Grant,Lee,Grant,https://media.api-sports.io/football/players/883.png,1983-01-27,39.0,England,193.0,83.0,Goalkeeper,Manchester United,33,https://media.api-sports.io/football/teams/33.png,2022,
200233,Leigh Robert Kavanagh,Leigh Robert,Kavanagh,https://media.api-sports.io/football/players/200233.png,2003-12-27,22.0,Republic of Ireland,,,Defender,Brighton,51,https://media.api-sports.io/football/teams/51.png,2024,
361736,Leo Black,Leo,Black,https://media.api-sports.io/football/players/361736.png,2006-02-09,19.0,England,,,Attacker,Tottenham,47,https://media.api-sports.io/football/teams/47.png,2024,
286773,Leo Castledine,Leo,Castledine,https://media.api-sports.io/football/players/286773.png,2005-08-20,20.0,England,,,Midfielder,Chelsea,49,https://media.api-sports.io/football/teams/49.png,2024,
138411,Liam John Hughes,Liam John,Hughes,https://media.api-sports.io/football/players/138411.png,2001-08-19,24.0,Northern Ireland,,,Goalkeeper,Liverpool,40,https://media.api-sports.io/football/teams/40.png,2022,
2467,Lisandro Martínez,Lisandro,Martínez,https://media.api-sports.io/football/players/2467.png,1998-01-18,27.0,Argentina,175.0,72.0,Defender,Manchester United,33,https://media.api-sports.io/football/teams/33.png,2025,6.0
282130,Logan Pye,Logan,Pye,https://media.api-sports.io/football/players/282130.png,2003-10-26,22.0,England,,,Defender,Manchester United,33,https://media.api-sports.io/football/teams/33.png,2023,
510473,Louis Buffon,Louis,Buffon,https://media.api-sports.io/football/players/510473.png,2007-12-28,18.0,Italy,,,Attacker,Pisa,801,https://media.api-sports.io/football/teams/801.png,2024,
298062,Louis Jackson,Louis,Jackson,https://media.api-sports.io/football/players/298062.png,2005-09-18,20.0,England,,,Defender,Manchester United,33,https://media.api-sports.io/football/teams/33.png,2024,
328095,Luca Barrington,Luca,Barrington,https://media.api-sports.io/football/players/328095.png,2004-12-12,21.0,England,179.0,,Attacker,Brighton,51,https://media.api-sports.io/football/teams/51.png,2024,
344247,Luca Gunter,Luca,Gunter,https://media.api-sports.io/football/players/344247.png,2005-03-23,20.0,England,,,Goalkeeper,Tottenham,47,https://media.api-sports.io/football/teams/47.png,2024,1.0
284367,Luca Stephenson,Luca,Stephenson,https://media.api-sports.io/football/players/284367.png,2003-09-17,22.0,England,,,Midfielder,Liverpool,40,https://media.api-sports.io/football/teams/40.png,2024,
178,Lucas Moura,Lucas,Rodrigues Moura da Silva,https://media.api-sports.io/football/players/178.png,1992-08-13,33.0,Brazil,172.0,72.0,Attacker,Tottenham,47,https://media.api-sports.io/football/teams/47.png,2023,
1646,Lucas Paquetá,Lucas,Tolentino Coelho de Lima,https://media.api-sports.io/football/players/1646.png,1997-08-27,28.0,Brazil,180.0,72.0,Attacker,West Ham,48,https://media.api-sports.io/football/teams/48.png,2025,
80296,Lucas Perri,Lucas,Estella Perri,https://media.api-sports.io/football/players/80296.png,1997-12-10,28.0,Brazil,197.0,98.0,Goalkeeper,Leeds,63,https://media.api-sports.io/football/teams/63.png,2025,1.0
330238,Lucas Pires,Lucas,Pires Silva,https://media.api-sports.io/football/players/330238.png,2001-03-24,24.0,Brazil,175.0,71.0,Defender,Burnley,44,https://media.api-sports.io/football/teams/44.png,2025,23.0
404574,Luis Guilherme,Luis Guilherme,Lira dos Santos,https://media.api-sports.io/football/players/404574.png,2006-02-09,19.0,Brazil,178.0,74.0,Attacker,West Ham,48,https://media.api-sports.io/football/teams/48.png,2025,
288279,Luizão,Luiz Gustavo,Oliveira da Silva,https://media.api-sports.io/football/players/288279.png,2002-03-08,23.0,Brazil,187.0,80.0,Defender,West Ham,48,https://media.api-sports.io/football/teams/48.png,2023,
513316,Luka Bentt,Luka,Bentt,https://media.api-sports.io/football/players/513316.png,2007-10-01,18.0,USA,184.0,,Midfielder,Brentford,55,https://media.api-sports.io/football/teams/55.png,2025,48.0
284280,Luke Joseph Butterfield,Luke Joseph,Butterfield,https://media.api-sports.io/football/players/284280.png,2003-09-29,22.0,Scotland,175.0,64.0,Midfielder,Everton,45,https://media.api-sports.io/football/teams/45.png,2024,
30476,Lyanco,Lyanco Evangelista,Silveira Neves Vojnović,https://media.api-sports.io/football/players/30476.png,1997-02-01,28.0,Brazil,187.0,85.0,Defender,Southampton,41,https://media.api-sports.io/football/teams/41.png,2024,
19307,Léo Bonatini,Leonardo,Bonatini Lohner Maia,https://media.api-sports.io/football/players/19307.png,1994-03-28,31.0,Brazil,185.0,80.0,Attacker,Wolves,39,https://media.api-sports.io/football/teams/39.png,2022,
19070,M. Aarons,Maximillian James,Aarons,https://media.api-sports.io/football/players/19070.png,2000-01-04,25.0,England,178.0,69.0,Defender,Bournemouth,35,https://media.api-sports.io/football/teams/35.png,2024,
5,M. Akanji,Manuel Obafemi,Akanji,https://media.api-sports.io/football/players/5.png,1995-07-19,30.0,Switzerland,188.0,91.0,Defender,Manchester City,50,https://media.api-sports.io/football/teams/50.png,2025,
359942,M. Akinmboni,Matai,Akinmboni,https://media.api-sports.io/football/players/359942.png,2006-10-17,19.0,USA,191.0,77.0,Defender,Bournemouth,35,https://media.api-sports.io/football/teams/35.png,2024,
18777,M. Albrighton,Marc Kevin,Albrighton,https://media.api-sports.io/football/players/18777.png,1989-11-18,35.0,England,175.0,74.0,Midfielder,Leicester,46,https://media.api-sports.io/football/teams/46.png,2024,
428076,M. AleksiÄ,Milan,Aleksić,https://media.api-sports.io/football/players/428076.png,2005-08-30,20.0,Serbia,179.0,70.0,Midfielder,Sunderland,746,https://media.api-sports.io/football/teams/746.png,2025,11.0
2507,M. Almirón,Miguel Ángel,Almirón Rejala,https://media.api-sports.io/football/players/2507.png,1994-02-10,31.0,Paraguay,174.0,70.0,Midfielder,Newcastle,34,https://media.api-sports.io/football/teams/34.png,2024,
395762,M. Amougou,Mathis,Amougou,https://media.api-sports.io/football/players/395762.png,2006-01-18,19.0,France,177.0,65.0,Midfielder,Chelsea,49,https://media.api-sports.io/football/teams/49.png,2024,
15632,M. Andersen,Mads Juel,Andersen,https://media.api-sports.io/football/players/15632.png,1997-12-27,28.0,Denmark,194.0,81.0,Defender,Luton,1359,https://media.api-sports.io/football/teams/1359.png,2023,
18819,M. Antonio,Michail Gregory,Antonio,https://media.api-sports.io/football/players/18819.png,1990-03-28,35.0,Jamaica,180.0,82.0,Attacker,West Ham,48,https://media.api-sports.io/football/teams/48.png,2024,
138842,M. Azeez,Miguel,Azeez,https://media.api-sports.io/football/players/138842.png,2002-09-20,23.0,England,180.0,,Midfielder,Arsenal,42,https://media.api-sports.io/football/teams/42.png,2023,
2927,M. Batshuayi,Michy,Batshuayi-Atunga,https://media.api-sports.io/football/players/2927.png,1993-10-02,32.0,Belgium,185.0,76.0,Forward,Chelsea,49,https://media.api-sports.io/football/teams/49.png,2022,
19345,M. Bech,Mads,Bech Sørensen,https://media.api-sports.io/football/players/19345.png,1999-01-07,26.0,Denmark,189.0,92.0,Defender,Brentford,55,https://media.api-sports.io/football/teams/55.png,2023,
37122,M. Bero,Matúš,Bero,https://media.api-sports.io/football/players/37122.png,1995-09-06,30.0,Slovakia,181.0,81.0,Midfielder,Vitesse,200,https://media.api-sports.io/football/teams/200.png,2022,
19012,M. Bettinelli,Marcus,Bettinelli,https://media.api-sports.io/football/players/19012.png,1992-05-24,33.0,England,193.0,82.0,Goalkeeper,Manchester City,50,https://media.api-sports.io/football/teams/50.png,2025,13.0
162189,M. Bidstrup,Mads,Bidstrup,https://media.api-sports.io/football/players/162189.png,2001-02-25,24.0,Denmark,175.0,75.0,Midfielder,Brentford,55,https://media.api-sports.io/football/teams/55.png,2023,
283026,M. Biereth,Mika,Miles Biereth,https://media.api-sports.io/football/players/283026.png,2003-02-08,22.0,Denmark,187.0,69.0,Attacker,Arsenal,42,https://media.api-sports.io/football/teams/42.png,2024,
36878,M. Bizot,Marco,Bizot,https://media.api-sports.io/football/players/36878.png,1991-03-10,34.0,Netherlands,193.0,88.0,Goalkeeper,Aston Villa,66,https://media.api-sports.io/football/teams/66.png,2025,40.0
298129,M. Boateng,Malachi,Boateng,https://media.api-sports.io/football/players/298129.png,2002-07-05,23.0,England,182.0,,Midfielder,Crystal Palace,52,https://media.api-sports.io/football/teams/52.png,2024,
284464,M. Cadogan,Maliq Anthony,Cadogan,https://media.api-sports.io/football/players/284464.png,2004-02-25,21.0,England,,,Attacker,Crystal Palace,52,https://media.api-sports.io/football/teams/52.png,2022,
116117,M. Caicedo,Moisés Isaac,Caicedo Corozo,https://media.api-sports.io/football/players/116117.png,2001-11-02,24.0,Ecuador,178.0,73.0,Midfielder,Chelsea,49,https://media.api-sports.io/football/teams/49.png,2025,25.0
19298,M. Cash,Matthew Stuart,Cash,https://media.api-sports.io/football/players/19298.png,1997-08-07,28.0,Poland,185.0,79.0,Defender,Aston Villa,66,https://media.api-sports.io/football/teams/66.png,2025,2.0
19860,M. Clarke,Matthew Edward,Barkell Clarke,https://media.api-sports.io/football/players/19860.png,1996-09-22,29.0,England,185.0,83.0,Defender,Brighton,51,https://media.api-sports.io/football/teams/51.png,2022,
665,M. Cornet,Gnaly Albert Maxwel,Cornet,https://media.api-sports.io/football/players/665.png,1996-09-27,29.0,Côte d'Ivoire,179.0,69.0,Attacker,West Ham,48,https://media.api-sports.io/football/teams/48.png,2024,
278041,M. Cox,Matthew Aidan,Cox,https://media.api-sports.io/football/players/278041.png,2003-05-02,22.0,England,182.0,64.0,Goalkeeper,Brentford,55,https://media.api-sports.io/football/teams/55.png,2024,
162493,M. Craig,Matthew George,Craig,https://media.api-sports.io/football/players/162493.png,2003-04-16,22.0,Scotland,,,Midfielder,Tottenham,47,https://media.api-sports.io/football/teams/47.png,2023,
14,M. Dahoud,Mahmoud,Dahoud,https://media.api-sports.io/football/players/14.png,1996-01-01,29.0,Germany,178.0,68.0,Midfielder,Brighton,51,https://media.api-sports.io/football/teams/51.png,2024,
15908,M. Damsgaard,Mikkel,Krogh Damsgaard,https://media.api-sports.io/football/players/15908.png,2000-07-03,25.0,Denmark,180.0,66.0,Midfielder,Brentford,55,https://media.api-sports.io/football/teams/55.png,2025,24.0
162007,M. De Cuyper,Maxim,De Cuyper,https://media.api-sports.io/football/players/162007.png,2000-12-22,25.0,Belgium,182.0,72.0,Defender,Brighton,51,https://media.api-sports.io/football/teams/51.png,2025,29.0
277,M. Diaby,Moussa,Diaby,https://media.api-sports.io/football/players/277.png,1999-07-07,26.0,France,170.0,68.0,Attacker,Aston Villa,66,https://media.api-sports.io/football/teams/66.png,2024,
284470,M. Dibley-Dias,Matthew Max,Dibley-Dias,https://media.api-sports.io/football/players/284470.png,2003-10-29,22.0,England,183.0,,Midfielder,Fulham,36,https://media.api-sports.io/football/teams/36.png,2024,
30471,M. Dijks,Mitchell Clement,Dijks,https://media.api-sports.io/football/players/30471.png,1993-02-09,32.0,Netherlands,194.0,93.0,Defender,Vitesse,200,https://media.api-sports.io/football/teams/200.png,2022,
2114,M. Djenepo,Moussa,Djenepo,https://media.api-sports.io/football/players/2114.png,1998-06-15,27.0,Mali,177.0,65.0,Forward,Southampton,41,https://media.api-sports.io/football/teams/41.png,2022,
18742,M. Doherty,Matthew James,Doherty,https://media.api-sports.io/football/players/18742.png,1992-01-16,33.0,Republic of Ireland,185.0,80.0,Defender,Wolves,39,https://media.api-sports.io/football/teams/39.png,2025,2.0
442044,M. Dowman,Max,Dowman,https://media.api-sports.io/football/players/442044.png,2009-12-31,16.0,England,183.0,,Midfielder,Arsenal,42,https://media.api-sports.io/football/teams/42.png,2025,56.0
2952,M. Dräger,Mohamed,Dräger,https://media.api-sports.io/football/players/2952.png,1996-06-25,29.0,Tunisia,180.0,75.0,Defender,Nottingham Forest,65,https://media.api-sports.io/football/teams/65.png,2023,
18886,M. Dúbravka,Martin,Dúbravka,https://media.api-sports.io/football/players/18886.png,1989-01-15,36.0,Slovakia,190.0,83.0,Goalkeeper,Burnley,44,https://media.api-sports.io/football/teams/44.png,2025,1.0
328808,M. Ebiowei,Malcolm,Perewari Ebiowei,https://media.api-sports.io/football/players/328808.png,2003-09-04,22.0,England,185.0,80.0,Attacker,Crystal Palace,52,https://media.api-sports.io/football/teams/52.png,2024,
37882,M. Edwards,Marcus,Edwards,https://media.api-sports.io/football/players/37882.png,1998-12-03,27.0,England,168.0,65.0,Attacker,Burnley,44,https://media.api-sports.io/football/teams/44.png,2025,10.0
278454,M. Ellborg,Melker Åke,Ellborg,https://media.api-sports.io/football/players/278454.png,2003-05-22,22.0,Sweden,,,Goalkeeper,Sunderland,746,https://media.api-sports.io/football/teams/746.png,2025,31.0
18946,M. Elyounoussi,Mohamed Amine,Elyounoussi,https://media.api-sports.io/football/players/18946.png,1994-08-04,31.0,Norway,178.0,70.0,Midfielder,Southampton,41,https://media.api-sports.io/football/teams/41.png,2022,
179400,M. Estève,Maxime,Estève,https://media.api-sports.io/football/players/179400.png,2002-05-26,23.0,France,193.0,87.0,Defender,Burnley,44,https://media.api-sports.io/football/teams/44.png,2025,5.0
154800,M. Fagan-Walcott,Malachi Michael,Fagan-Walcott,https://media.api-sports.io/football/players/154800.png,2002-03-11,23.0,England,,,Defender,Tottenham,47,https://media.api-sports.io/football/teams/47.png,2022,
26232,M. Flekken,Mark,Flekken,https://media.api-sports.io/football/players/26232.png,1993-06-13,32.0,Netherlands,195.0,87.0,Goalkeeper,Brentford,55,https://media.api-sports.io/football/teams/55.png,2024,
284419,M. Forbes,Michael,Forbes,https://media.api-sports.io/football/players/284419.png,2004-04-29,21.0,Northern Ireland,188.0,76.0,Defender,West Ham,48,https://media.api-sports.io/football/teams/48.png,2022,
284248,M. Frauendorf,Melkamu Benjamin Daniel,Frauendorf,https://media.api-sports.io/football/players/284248.png,2004-01-12,21.0,Germany,180.0,,Midfielder,Liverpool,40,https://media.api-sports.io/football/teams/40.png,2023,
18746,M. Gibbs-White,Morgan Anthony,Gibbs-White,https://media.api-sports.io/football/players/18746.png,2000-01-27,25.0,England,171.0,66.0,Midfielder,Nottingham Forest,65,https://media.api-sports.io/football/teams/65.png,2025,10.0
44912,M. Gillespie,Mark Joseph,Gillespie,https://media.api-sports.io/football/players/44912.png,1992-03-27,33.0,England,192.0,83.0,Goalkeeper,Newcastle,34,https://media.api-sports.io/football/teams/34.png,2024,
359386,M. Godo,Becket Fabrice-Martial,Godo,https://media.api-sports.io/football/players/359386.png,2003-03-14,22.0,England,169.0,61.0,Attacker,Fulham,36,https://media.api-sports.io/football/teams/36.png,2024,
330986,M. Golding,Michael Heinz,Golding,https://media.api-sports.io/football/players/330986.png,2006-05-23,19.0,England,178.0,73.0,Midfielder,Chelsea,49,https://media.api-sports.io/football/teams/49.png,2024,
897,M. Greenwood,Mason Will John,Greenwood,https://media.api-sports.io/football/players/897.png,2001-10-01,24.0,England,181.0,70.0,Attacker,Manchester United,33,https://media.api-sports.io/football/teams/33.png,2024,
161907,M. Gusto,Malo,Gusto,https://media.api-sports.io/football/players/161907.png,2003-05-19,22.0,France,179.0,67.0,Defender,Chelsea,49,https://media.api-sports.io/football/teams/49.png,2025,27.0
67971,M. Guéhi,Addji Keaninkin Marc-Israel,Guéhi,https://media.api-sports.io/football/players/67971.png,2000-07-13,25.0,England,182.0,80.0,Defender,Crystal Palace,52,https://media.api-sports.io/football/teams/52.png,2025,15.0
459203,M. Hardy,Malachi,Hardy,https://media.api-sports.io/football/players/459203.png,2008-03-10,17.0,England,188.0,79.0,Defender,Tottenham,47,https://media.api-sports.io/football/teams/47.png,2024,5.0
20031,M. Harness,Marcus Anthony,Myers-Harness,https://media.api-sports.io/football/players/20031.png,1996-02-24,29.0,England,182.0,70.0,Midfielder,Ipswich,57,https://media.api-sports.io/football/teams/57.png,2024,
15870,M. Hermansen,Mads,Hermansen,https://media.api-sports.io/football/players/15870.png,2000-07-11,25.0,Denmark,187.0,81.0,Goalkeeper,West Ham,48,https://media.api-sports.io/football/teams/48.png,2025,1.0
19150,M. Holgate,Mason Anthony,Holgate,https://media.api-sports.io/football/players/19150.png,1996-10-22,29.0,England,187.0,82.0,Defender,Everton,45,https://media.api-sports.io/football/teams/45.png,2024,
437559,M. Hudson,Max,Hudson,https://media.api-sports.io/football/players/437559.png,2007-09-20,18.0,Wales,181.0,,Goalkeeper,Manchester City,50,https://media.api-sports.io/football/teams/50.png,2024,
380702,M. Jemide,Eyimofe,Jemide,https://media.api-sports.io/football/players/380702.png,2006-11-08,19.0,England,,,Defender,Crystal Palace,52,https://media.api-sports.io/football/teams/52.png,2024,
47438,M. Jensen,Mathias,Jensen,https://media.api-sports.io/football/players/47438.png,1996-01-01,29.0,Denmark,180.0,72.0,Midfielder,Brentford,55,https://media.api-sports.io/football/teams/55.png,2025,8.0
364809,M. Jonathans,Miliano,Jonathans,https://media.api-sports.io/football/players/364809.png,2004-04-05,21.0,Netherlands,178.0,66.0,Attacker,Vitesse,200,https://media.api-sports.io/football/teams/200.png,2022,
313059,M. Joseph,Mateo,Joseph Fernández-Regatillo,https://media.api-sports.io/football/players/313059.png,2003-10-19,22.0,England,185.0,74.0,Attacker,Leeds,63,https://media.api-sports.io/football/teams/63.png,2022,
2731,M. Jørgensen,Mathias,Jattah-Njie Jørgensen,https://media.api-sports.io/football/players/2731.png,1990-04-23,35.0,Denmark,191.0,79.0,Defender,Brentford,55,https://media.api-sports.io/football/teams/55.png,2024,
380697,M. Kacurri,Maldini,Kacurri,https://media.api-sports.io/football/players/380697.png,2005-10-04,20.0,Albania,183.0,84.0,Defender,Arsenal,42,https://media.api-sports.io/football/teams/42.png,2024,
401278,M. Kanté,Mohamadou,Kanté,https://media.api-sports.io/football/players/401278.png,2005-09-20,20.0,France,178.0,74.0,Midfielder,West Ham,48,https://media.api-sports.io/football/teams/48.png,2025,55.0
125618,M. Karbownik,Michał,Karbownik,https://media.api-sports.io/football/players/125618.png,2001-03-13,24.0,Poland,175.0,64.0,Defender,Brighton,51,https://media.api-sports.io/football/teams/51.png,2023,
342022,M. Kayode,Michael Olabode,Kayode,https://media.api-sports.io/football/players/342022.png,2004-07-10,21.0,Italy,179.0,74.0,Defender,Brentford,55,https://media.api-sports.io/football/teams/55.png,2025,33.0
2934,M. Keane,Michael Vincent,Keane,https://media.api-sports.io/football/players/2934.png,1993-01-11,32.0,England,191.0,82.0,Defender,Everton,45,https://media.api-sports.io/football/teams/45.png,2025,5.0
206254,M. Kerkez,Miloš,Kerkez,https://media.api-sports.io/football/players/206254.png,2003-11-07,22.0,Hungary,180.0,71.0,Defender,Liverpool,40,https://media.api-sports.io/football/teams/40.png,2025,6.0
18744,M. Kilman,Maximilian William,Kilman,https://media.api-sports.io/football/players/18744.png,1997-05-23,28.0,England,194.0,89.0,Defender,West Ham,48,https://media.api-sports.io/football/teams/48.png,2025,3.0
382170,M. Kinsey-Wellings,Maxwell,Kinsey-Wellings,https://media.api-sports.io/football/players/382170.png,2005-02-02,20.0,England,184.0,76.0,Defender,Bournemouth,35,https://media.api-sports.io/football/teams/35.png,2024,
3008,M. Klich,Mateusz Andrzej,Klich,https://media.api-sports.io/football/players/3008.png,1990-06-13,35.0,Poland,183.0,84.0,Midfielder,Leeds,63,https://media.api-sports.io/football/teams/63.png,2022,
2291,M. Kovačić,Mateo,Kovačić,https://media.api-sports.io/football/players/2291.png,1994-05-06,31.0,Croatia,177.0,78.0,Midfielder,Manchester City,50,https://media.api-sports.io/football/teams/50.png,2025,8.0
138804,M. Kovář,Matěj,Kovář,https://media.api-sports.io/football/players/138804.png,2000-05-17,25.0,Czech Republic,196.0,88.0,Goalkeeper,Manchester United,33,https://media.api-sports.io/football/teams/33.png,2023,
15911,M. Kudus,Mohammed,Kudus,https://media.api-sports.io/football/players/15911.png,2000-08-02,25.0,Ghana,177.0,70.0,Attacker,Tottenham,47,https://media.api-sports.io/football/teams/47.png,2025,20.0
20995,M. Lacroix,Maxence Guy,Lacroix,https://media.api-sports.io/football/players/20995.png,2000-04-06,25.0,France,190.0,88.0,Defender,Crystal Palace,52,https://media.api-sports.io/football/teams/52.png,2025,5.0
2473,M. Lanzini,Manuel,Lanzini,https://media.api-sports.io/football/players/2473.png,1993-02-15,32.0,Argentina,167.0,59.0,Midfielder,West Ham,48,https://media.api-sports.io/football/teams/48.png,2023,
18947,M. Lemina,Mario René Junior,Lemina,https://media.api-sports.io/football/players/18947.png,1993-09-01,32.0,Gabon,184.0,85.0,Midfielder,Wolves,39,https://media.api-sports.io/football/teams/39.png,2024,
167656,M. Leonard,Marc Henry,Leonard,https://media.api-sports.io/football/players/167656.png,2001-12-19,24.0,Scotland,,,Midfielder,Brighton,51,https://media.api-sports.io/football/teams/51.png,2024,
138821,M. Lewis,Marcel David,Lewis,https://media.api-sports.io/football/players/138821.png,2001-09-30,24.0,England,,,Midfielder,Burnley,44,https://media.api-sports.io/football/teams/44.png,2023,
313245,M. Lewis-Skelly,Myles Anthony,Lewis-Skelly,https://media.api-sports.io/football/players/313245.png,2006-09-26,19.0,England,178.0,72.0,Defender,Arsenal,42,https://media.api-sports.io/football/teams/42.png,2025,49.0
40165,M. Lis,Mateusz,Lis,https://media.api-sports.io/football/players/40165.png,1997-02-27,28.0,Poland,192.0,83.0,Goalkeeper,Southampton,41,https://media.api-sports.io/football/teams/41.png,2024,
130419,M. Longstaff,Matthew Ben,Longstaff,https://media.api-sports.io/football/players/130419.png,2000-03-21,25.0,England,170.0,70.0,Midfielder,Newcastle,34,https://media.api-sports.io/football/teams/34.png,2023,
44809,M. Lowe,Max Josef,Lowe,https://media.api-sports.io/football/players/44809.png,1997-05-11,28.0,England,175.0,74.0,Defender,Sheffield Utd,62,https://media.api-sports.io/football/teams/62.png,2023,
2752,M. Luongo,Massimo Corey,Luongo,https://media.api-sports.io/football/players/2752.png,1992-09-25,33.0,Australia,176.0,66.0,Midfielder,Ipswich,57,https://media.api-sports.io/football/teams/57.png,2024,
20386,M. Macey,Matthew Ryan,Macey,https://media.api-sports.io/football/players/20386.png,1994-09-09,31.0,England,201.0,96.0,Goalkeeper,Luton,1359,https://media.api-sports.io/football/teams/1359.png,2023,
456206,M. Mane,Mateus Bula,Dami Mané,https://media.api-sports.io/football/players/456206.png,2007-09-16,18.0,England,,,Attacker,Wolves,39,https://media.api-sports.io/football/teams/39.png,2025,36.0
272730,M. Manhoef,Million,Manhoef,https://media.api-sports.io/football/players/272730.png,2002-01-03,23.0,Netherlands,179.0,69.0,Attacker,Vitesse,200,https://media.api-sports.io/football/teams/200.png,2022,
59258,M. Mansilla,Matías Lisandro,Mansilla,https://media.api-sports.io/football/players/59258.png,1996-02-15,29.0,Argentina,,,Goalkeeper,Estudiantes L.P.,450,https://media.api-sports.io/football/teams/450.png,2024,
36865,M. Meulensteen,Melle,Meulensteen,https://media.api-sports.io/football/players/36865.png,1999-07-04,26.0,Netherlands,184.0,76.0,Midfielder,Vitesse,200,https://media.api-sports.io/football/teams/200.png,2022,
380690,M. Moore,Mikey Steven Danny,Moore,https://media.api-sports.io/football/players/380690.png,2007-08-11,18.0,England,180.0,75.0,Attacker,Tottenham,47,https://media.api-sports.io/football/teams/47.png,2024,
284459,M. Mothersille,Malik,Maine Mothersille,https://media.api-sports.io/football/players/284459.png,2003-10-23,22.0,England,,,Attacker,Chelsea,49,https://media.api-sports.io/football/teams/49.png,2022,
19220,M. Mount,Mason Tony,Mount,https://media.api-sports.io/football/players/19220.png,1999-01-10,26.0,England,181.0,76.0,Attacker,Manchester United,33,https://media.api-sports.io/football/teams/33.png,2025,7.0
63577,M. Mudryk,Mykhailo,Mudryk,https://media.api-sports.io/football/players/63577.png,2001-01-05,24.0,Ukraine,175.0,61.0,Midfielder,Chelsea,49,https://media.api-sports.io/football/teams/49.png,2024,
162607,M. Muir,Marqes,Muir,https://media.api-sports.io/football/players/162607.png,2002-09-21,21.0,England,,,Defender,Tottenham,47,https://media.api-sports.io/football/teams/47.png,2022,
3080,M. Munetsi,Marshall Nyasha,Munetsi,https://media.api-sports.io/football/players/3080.png,1996-06-22,29.0,Zimbabwe,188.0,83.0,Attacker,Wolves,39,https://media.api-sports.io/football/teams/39.png,2025,
76,M. Nakamba,Marvelous,Nakamba,https://media.api-sports.io/football/players/76.png,1994-01-19,31.0,Zimbabwe,177.0,71.0,Midfielder,Luton,1359,https://media.api-sports.io/football/teams/1359.png,2023,
25916,M. Niakhaté,Moussa,Niakhaté,https://media.api-sports.io/football/players/25916.png,1996-03-08,29.0,Senegal,190.0,82.0,Defender,Nottingham Forest,65,https://media.api-sports.io/football/teams/65.png,2024,
19030,M. O&apos;Riley,Matthew Sean,O'Riley,https://media.api-sports.io/football/players/19030.png,2000-11-21,25.0,Denmark,187.0,77.0,Midfielder,Brighton,51,https://media.api-sports.io/football/teams/51.png,2025,33.0
18957,M. Obafemi,Michael,Oluwadurotimi Obafemi,https://media.api-sports.io/football/players/18957.png,2000-07-06,25.0,Republic of Ireland,169.0,71.0,Attacker,Burnley,44,https://media.api-sports.io/football/teams/44.png,2023,
284474,M. Olakigbe,Michael Oluwakorede,Olakigbe,https://media.api-sports.io/football/players/284474.png,2004-04-25,21.0,England,180.0,,Attacker,Brentford,55,https://media.api-sports.io/football/teams/55.png,2023,
19617,M. Olise,Michael Akpovie,Olise,https://media.api-sports.io/football/players/19617.png,2001-12-12,24.0,France,184.0,76.0,Midfielder,Crystal Palace,52,https://media.api-sports.io/football/teams/52.png,2024,
1330,M. Oršić,Mislav,Oršić,https://media.api-sports.io/football/players/1330.png,1992-12-29,33.0,Croatia,179.0,69.0,Forward,Southampton,41,https://media.api-sports.io/football/teams/41.png,2022,
303016,M. Oyedele,Maximillian,Oyedele,https://media.api-sports.io/football/players/303016.png,2004-11-07,21.0,Poland,180.0,70.0,Midfielder,Manchester United,33,https://media.api-sports.io/football/teams/33.png,2024,
60353,M. Paskotši,Maksim,Paskotši,https://media.api-sports.io/football/players/60353.png,2003-01-19,22.0,Estonia,188.0,84.0,Defender,Tottenham,47,https://media.api-sports.io/football/teams/47.png,2022,
180308,M. Peart-Harris,Myles,Spencer Peart-Harris,https://media.api-sports.io/football/players/180308.png,2002-09-18,23.0,England,187.0,80.0,Midfielder,Brentford,55,https://media.api-sports.io/football/teams/55.png,2025,
288699,M. Perrone,Máximo,Perrone,https://media.api-sports.io/football/players/288699.png,2003-01-07,22.0,Argentina,177.0,68.0,Midfielder,Manchester City,50,https://media.api-sports.io/football/teams/50.png,2024,
909,M. Rashford,Marcus,Rashford,https://media.api-sports.io/football/players/909.png,1997-10-31,28.0,England,188.0,80.0,Attacker,Aston Villa,66,https://media.api-sports.io/football/teams/66.png,2024,
18903,M. Ritchie,Matthew Thomas,Ritchie,https://media.api-sports.io/football/players/18903.png,1989-09-10,36.0,Scotland,172.0,76.0,Midfielder,Newcastle,34,https://media.api-sports.io/football/teams/34.png,2024,
162148,M. Robson,Max,Robson,https://media.api-sports.io/football/players/162148.png,2002-10-17,23.0,England,182.0,,Midfielder,Tottenham,47,https://media.api-sports.io/football/teams/47.png,2024,
19657,M. Rodák,Marek,Rodák,https://media.api-sports.io/football/players/19657.png,1996-12-13,29.0,Slovakia,194.0,81.0,Goalkeeper,Fulham,36,https://media.api-sports.io/football/teams/36.png,2024,
15745,M. Roerslev,Mads,Roerslev Rasmussen,https://media.api-sports.io/football/players/15745.png,1999-06-24,26.0,Denmark,184.0,77.0,Defender,Brentford,55,https://media.api-sports.io/football/teams/55.png,2025,
19170,M. Rogers,Morgan Elliot,Rogers,https://media.api-sports.io/football/players/19170.png,2002-07-26,23.0,England,187.0,80.0,Midfielder,Aston Villa,66,https://media.api-sports.io/football/teams/66.png,2025,27.0
339175,M. Rosiak,Michał,Rosiak,https://media.api-sports.io/football/players/339175.png,2005-10-12,20.0,Poland,180.0,,Defender,Arsenal,42,https://media.api-sports.io/football/teams/42.png,2024,
202854,M. Röhl,Merlin,Röhl,https://media.api-sports.io/football/players/202854.png,2002-07-05,23.0,Germany,192.0,75.0,Midfielder,Everton,45,https://media.api-sports.io/football/teams/45.png,2025,34.0
1159,M. Sabitzer,Marcel,Sabitzer,https://media.api-sports.io/football/players/1159.png,1994-03-17,31.0,Austria,178.0,76.0,Midfielder,Manchester United,33,https://media.api-sports.io/football/teams/33.png,2022,
47480,M. Salisu,Mohammed,Salisu Abdul Karim,https://media.api-sports.io/football/players/47480.png,1999-04-17,26.0,Ghana,191.0,82.0,Defender,Southampton,41,https://media.api-sports.io/football/teams/41.png,2022,
482903,M. Salmon,Marli Ellis,Salmon,https://media.api-sports.io/football/players/482903.png,2009-08-29,16.0,England,,,Defender,Arsenal,42,https://media.api-sports.io/football/teams/42.png,2025,89.0
286373,M. Sankoh,Mohamed Ortaim,Sankoh,https://media.api-sports.io/football/players/286373.png,2003-10-16,22.0,Netherlands,183.0,77.0,Attacker,Vitesse,200,https://media.api-sports.io/football/teams/200.png,2022,
1914,M. Sanson,Morgan Stéphane,Sanson,https://media.api-sports.io/football/players/1914.png,1994-08-18,31.0,France,180.0,73.0,Midfielder,Aston Villa,66,https://media.api-sports.io/football/teams/66.png,2023,
22166,M. Sarr,Malang Mamadou William Georges,Sarr,https://media.api-sports.io/football/players/22166.png,1999-01-23,26.0,France,183.0,73.0,Defender,Chelsea,49,https://media.api-sports.io/football/teams/49.png,2024,
276184,M. Sarr,Mamadou,Sarr,https://media.api-sports.io/football/players/276184.png,2005-08-29,20.0,France,194.0,77.0,Defender,Chelsea,49,https://media.api-sports.io/football/teams/49.png,2025,19.0
25114,M. Schubert,Markus,Schubert,https://media.api-sports.io/football/players/25114.png,1998-06-12,27.0,Germany,187.0,84.0,Goalkeeper,Vitesse,200,https://media.api-sports.io/football/teams/200.png,2022,
2919,M. Sels,Matz Willy Els,Sels,https://media.api-sports.io/football/players/2919.png,1992-02-26,33.0,Belgium,188.0,75.0,Goalkeeper,Nottingham Forest,65,https://media.api-sports.io/football/teams/65.png,2025,26.0
6610,M. Senesi,Marcos Nicolás,Senesi Barón,https://media.api-sports.io/football/players/6610.png,1997-05-10,28.0,Argentina,185.0,80.0,Defender,Bournemouth,35,https://media.api-sports.io/football/teams/35.png,2025,5.0
167658,M. Smith,Matthew Gerrard,Smith,https://media.api-sports.io/football/players/167658.png,2000-10-05,25.0,England,176.0,,Midfielder,Arsenal,42,https://media.api-sports.io/football/teams/42.png,2022,
697,M. Solomon,Manor,Solomon,https://media.api-sports.io/football/players/697.png,1999-07-24,26.0,Israel,170.0,66.0,Attacker,Tottenham,47,https://media.api-sports.io/football/teams/47.png,2025,
18941,M. Targett,Matthew Robert,Targett,https://media.api-sports.io/football/players/18941.png,1995-09-18,30.0,England,183.0,70.0,Defender,Newcastle,34,https://media.api-sports.io/football/teams/34.png,2024,
19245,M. Tavernier,Marcus Joseph,Tavernier,https://media.api-sports.io/football/players/19245.png,1999-03-22,26.0,England,178.0,70.0,Midfielder,Bournemouth,35,https://media.api-sports.io/football/teams/35.png,2025,16.0
270510,M. Tel,Mathys Henri,Tel,https://media.api-sports.io/football/players/270510.png,2005-04-27,20.0,France,183.0,77.0,Attacker,Tottenham,47,https://media.api-sports.io/football/teams/47.png,2025,11.0
163189,M. Thiaw,Malick Laye,Thiaw,https://media.api-sports.io/football/players/163189.png,2001-08-08,24.0,Germany,191.0,80.0,Defender,Newcastle,34,https://media.api-sports.io/football/teams/34.png,2025,12.0
18860,M. Travers,Mark,Travers,https://media.api-sports.io/football/players/18860.png,1999-05-18,26.0,Republic of Ireland,191.0,82.0,Goalkeeper,Everton,45,https://media.api-sports.io/football/teams/45.png,2025,12.0
37381,M. Trésor,Mike,Trésor Ndayishimiye,https://media.api-sports.io/football/players/37381.png,1999-05-28,26.0,Belgium,172.0,64.0,Attacker,Burnley,44,https://media.api-sports.io/football/teams/44.png,2025,31.0
50999,M. Turner,Matthew Charles,Turner,https://media.api-sports.io/football/players/50999.png,1994-06-24,31.0,USA,191.0,84.0,Goalkeeper,Crystal Palace,52,https://media.api-sports.io/football/teams/52.png,2024,
51494,M. Ugarte,Manuel,Ugarte Ribeiro,https://media.api-sports.io/football/players/51494.png,2001-04-11,24.0,Uruguay,182.0,77.0,Midfielder,Manchester United,33,https://media.api-sports.io/football/teams/33.png,2025,25.0
344908,M. Vigor,Matthew,Vigor,https://media.api-sports.io/football/players/344908.png,2004-07-29,21.0,England,,,Midfielder,Crystal Palace,52,https://media.api-sports.io/football/teams/52.png,2022,
51572,M. Viña,Matías Nicolás,Viña Susperreguy,https://media.api-sports.io/football/players/51572.png,1997-11-09,28.0,Uruguay,175.0,70.0,Defender,Bournemouth,35,https://media.api-sports.io/football/teams/35.png,2022,
328273,M. Weiß,Max,Weiß,https://media.api-sports.io/football/players/328273.png,2004-06-15,21.0,Germany,190.0,84.0,Goalkeeper,Burnley,44,https://media.api-sports.io/football/teams/44.png,2025,13.0
92993,M. Wieffer,Mats,Wieffer,https://media.api-sports.io/football/players/92993.png,1999-11-16,26.0,Netherlands,188.0,78.0,Defender,Brighton,51,https://media.api-sports.io/football/teams/51.png,2025,27.0
2048,M. Wöber,Maximilian,Wöber,https://media.api-sports.io/football/players/2048.png,1998-02-04,27.0,Austria,188.0,86.0,Defender,Leeds,63,https://media.api-sports.io/football/teams/63.png,2022,
410125,M. Yalcouyé,Malick Junior,Yalcouyé,https://media.api-sports.io/football/players/410125.png,2005-11-18,20.0,Mali,169.0,,Midfielder,Brighton,51,https://media.api-sports.io/football/teams/51.png,2024,
532,M. de Ligt,Matthijs,de Ligt,https://media.api-sports.io/football/players/532.png,1999-08-12,26.0,Netherlands,187.0,89.0,Defender,Manchester United,33,https://media.api-sports.io/football/teams/33.png,2025,4.0
152849,M. van de Ven,Micky,van de Ven,https://media.api-sports.io/football/players/152849.png,2001-04-19,24.0,Netherlands,193.0,81.0,Defender,Tottenham,47,https://media.api-sports.io/football/teams/47.png,2025,37.0
37127,M. Ødegaard,Martin,Ødegaard,https://media.api-sports.io/football/players/37127.png,1998-12-17,27.0,Norway,178.0,68.0,Midfielder,Arsenal,42,https://media.api-sports.io/football/teams/42.png,2025,8.0
19173,M. Šarkić,Matija,Šarkić,https://media.api-sports.io/football/players/19173.png,1997-07-23,27.0,Montenegro,192.0,76.0,Goalkeeper,Wolves,39,https://media.api-sports.io/football/teams/39.png,2023,
298099,Mackenzie Hunt,Mackenzie,Hunt,https://media.api-sports.io/football/players/298099.png,2001-11-14,24.0,England,173.0,,Defender,Everton,45,https://media.api-sports.io/football/teams/45.png,2024,
392607,Maeson King,Maeson,King,https://media.api-sports.io/football/players/392607.png,2005-09-09,20.0,England,,,Defender,Tottenham,47,https://media.api-sports.io/football/teams/47.png,2024,
328097,Mahamadou Susoho Sissoho,Mahamadou,Susoho Sissoho,https://media.api-sports.io/football/players/328097.png,2005-01-20,21.0,Spain,175.0,,Midfielder,Manchester City,50,https://media.api-sports.io/football/teams/50.png,2024,
626383,Malcom Dacosta,,,https://media.api-sports.io/football/players/626383.png,,17.0,,,,Midfielder,Bournemouth,35,https://media.api-sports.io/football/teams/35.png,2025,51.0
47380,Marc Cucurella,Marc,Cucurella Saseta,https://media.api-sports.io/football/players/47380.png,1998-07-22,27.0,Spain,174.0,66.0,Defender,Chelsea,49,https://media.api-sports.io/football/teams/49.png,2025,3.0
392270,Marc Guiu,Marc,Guiu Paz,https://media.api-sports.io/football/players/392270.png,2006-01-04,19.0,Spain,187.0,82.0,Attacker,Sunderland,746,https://media.api-sports.io/football/teams/746.png,2025,38.0
288106,Marc Jurado,Marc,Jurado Gómez,https://media.api-sports.io/football/players/288106.png,2004-04-13,21.0,Spain,178.0,,Defender,Manchester United,33,https://media.api-sports.io/football/teams/33.png,2023,
47341,Marc Roca,Marc,Roca Junqué,https://media.api-sports.io/football/players/47341.png,1996-11-26,29.0,Spain,184.0,77.0,Midfielder,Leeds,63,https://media.api-sports.io/football/teams/63.png,2022,
180866,Marcelo,Marcelo,de Araújo Pitaluga Filho,https://media.api-sports.io/football/players/180866.png,2002-12-20,23.0,Brazil,192.0,77.0,Goalkeeper,Liverpool,40,https://media.api-sports.io/football/teams/40.png,2024,
746,Marco Asensio,Marco,Asensio Willemsen,https://media.api-sports.io/football/players/746.png,1996-01-21,30.0,Spain,182.0,76.0,Forward,Aston Villa,66,https://media.api-sports.io/football/teams/66.png,2024,
2278,Marcos Alonso,Marcos,Alonso Mendoza,https://media.api-sports.io/football/players/2278.png,1990-12-28,35.0,Spain,188.0,84.0,Defender,Chelsea,49,https://media.api-sports.io/football/teams/49.png,2022,
18826,Mark Noble,Mark,Noble,https://media.api-sports.io/football/players/18826.png,1987-05-08,35.0,England,180.0,70.0,Midfielder,West Ham,48,https://media.api-sports.io/football/teams/48.png,2022,
340135,Mark O’Mahony,Mark,O’Mahony,https://media.api-sports.io/football/players/340135.png,2005-01-14,20.0,Republic of Ireland,,,Attacker,Brighton,51,https://media.api-sports.io/football/teams/51.png,2024,
311520,Marquinhos,Marcus Vinícius,Oliveira Alencar,https://media.api-sports.io/football/players/311520.png,2003-04-07,22.0,Brazil,175.0,85.0,Attacker,Arsenal,42,https://media.api-sports.io/football/teams/42.png,2024,
328115,Martin Sherif,Martin,Sherif,https://media.api-sports.io/football/players/328115.png,2006-06-10,19.0,England,183.0,71.0,Attacker,Everton,45,https://media.api-sports.io/football/teams/45.png,2024,
47315,Martín Zubimendi,Martín,Zubimendi Ibáñez,https://media.api-sports.io/football/players/47315.png,1999-02-02,26.0,Spain,181.0,74.0,Midfielder,Arsenal,42,https://media.api-sports.io/football/teams/42.png,2025,36.0
331563,Mason Paul James Burstow,Mason Paul James,Burstow,https://media.api-sports.io/football/players/331563.png,2003-08-04,22.0,England,188.0,79.0,Attacker,Chelsea,49,https://media.api-sports.io/football/teams/49.png,2024,
336585,Mateus Fernandes,Mateus Gonçalo,Espanha Fernandes,https://media.api-sports.io/football/players/336585.png,2004-07-10,21.0,Portugal,178.0,72.0,Midfielder,West Ham,48,https://media.api-sports.io/football/teams/48.png,2025,18.0
284287,Mateusz Konrad Musiałowski,Mateusz Konrad,Musiałowski,https://media.api-sports.io/football/players/284287.png,2003-10-16,22.0,Poland,175.0,,Midfielder,Liverpool,40,https://media.api-sports.io/football/teams/40.png,2024,
1165,Matheus Cunha,Matheus Santos,Carneiro da Cunha,https://media.api-sports.io/football/players/1165.png,1999-05-27,26.0,Brazil,183.0,76.0,Attacker,Manchester United,33,https://media.api-sports.io/football/teams/33.png,2025,10.0
311157,Matheus França,Matheus,França de Oliveira,https://media.api-sports.io/football/players/311157.png,2004-04-01,21.0,Brazil,178.0,67.0,Attacker,Crystal Palace,52,https://media.api-sports.io/football/teams/52.png,2024,
41621,Matheus Nunes,Matheus Luiz,Nunes,https://media.api-sports.io/football/players/41621.png,1998-08-27,27.0,Portugal,183.0,78.0,Midfielder,Manchester City,50,https://media.api-sports.io/football/teams/50.png,2025,27.0
328118,Matthew Whittingham,Matthew,Whittingham,https://media.api-sports.io/football/players/328118.png,2004-10-21,21.0,England,,,Midfielder,Wolves,39,https://media.api-sports.io/football/teams/39.png,2024,
284540,Mauro Bandeira,Mauro,Gomes Bandeira,https://media.api-sports.io/football/players/284540.png,2004-04-19,22.0,Portugal,178.0,,Midfielder,Arsenal,42,https://media.api-sports.io/football/teams/42.png,2024,
293168,Max Alleyne,Max,Alleyne,https://media.api-sports.io/football/players/293168.png,2005-07-21,20.0,England,185.0,71.0,Defender,Manchester City,50,https://media.api-sports.io/football/teams/50.png,2025,68.0
287868,Max Merrick,Max,Merrick,https://media.api-sports.io/football/players/287868.png,2005-11-10,20.0,England,176.0,70.0,Goalkeeper,Chelsea,49,https://media.api-sports.io/football/teams/49.png,2025,1.0
284231,Micah Hamilton,Micah,Hamilton,https://media.api-sports.io/football/players/284231.png,2003-11-13,22.0,England,177.0,74.0,Attacker,Manchester City,50,https://media.api-sports.io/football/teams/50.png,2024,
390769,Michael Dacosta,Michael,Dacosta Gonzales,https://media.api-sports.io/football/players/390769.png,2005-03-05,20.0,Spain,186.0,,Attacker,Bournemouth,35,https://media.api-sports.io/football/teams/35.png,2023,51.0
284278,Michael Ndiweni,Michael,Ndiweni,https://media.api-sports.io/football/players/284278.png,2003-12-02,21.0,England,,,Attacker,Newcastle,34,https://media.api-sports.io/football/teams/34.png,2024,
47311,Mikel Merino,Mikel,Merino Zazón,https://media.api-sports.io/football/players/47311.png,1996-06-22,29.0,Spain,189.0,83.0,Midfielder,Arsenal,42,https://media.api-sports.io/football/teams/42.png,2025,23.0
1452,Mohamed Elneny,Mohamed Naser,Elsayed Elneny,https://media.api-sports.io/football/players/1452.png,1992-07-11,33.0,Egypt,179.0,72.0,Midfielder,Arsenal,42,https://media.api-sports.io/football/teams/42.png,2024,
306,Mohamed Salah,Mohamed,Salah Hamed Mahrous Ghaly,https://media.api-sports.io/football/players/306.png,1992-06-15,33.0,Egypt,175.0,71.0,Midfielder,Liverpool,40,https://media.api-sports.io/football/teams/40.png,2025,11.0
67943,Morato,Felipe,Rodrigues da Silva,https://media.api-sports.io/football/players/67943.png,2001-06-30,24.0,Brazil,192.0,88.0,Defender,Nottingham Forest,65,https://media.api-sports.io/football/teams/65.png,2025,4.0
363695,Murillo,Murillo,Santiago Costa dos Santos,https://media.api-sports.io/football/players/363695.png,2002-07-04,23.0,Brazil,180.0,75.0,Defender,Nottingham Forest,65,https://media.api-sports.io/football/teams/65.png,2025,5.0
21694,N. Aguerd,Nayef,Aguerd,https://media.api-sports.io/football/players/21694.png,1996-03-30,29.0,Morocco,190.0,76.0,Defender,West Ham,48,https://media.api-sports.io/football/teams/48.png,2025,
152418,N. Ahamada,Naouirou Mohamed,Ahamada,https://media.api-sports.io/football/players/152418.png,2002-03-29,23.0,France,183.0,73.0,Midfielder,Crystal Palace,52,https://media.api-sports.io/football/teams/52.png,2024,
18861,N. Aké,Nathan Benjamin,Aké,https://media.api-sports.io/football/players/18861.png,1995-02-18,30.0,Netherlands,180.0,75.0,Defender,Manchester City,50,https://media.api-sports.io/football/teams/50.png,2025,6.0
311543,N. Angulo,Nilson David,Angulo Ramírez,https://media.api-sports.io/football/players/311543.png,2003-06-19,22.0,Ecuador,184.0,65.0,Attacker,Sunderland,746,https://media.api-sports.io/football/teams/746.png,2025,10.0
336240,N. Atom,Noël,Bigo Atom,https://media.api-sports.io/football/players/336240.png,2005-01-05,20.0,Germany,,,Defender,Brighton,51,https://media.api-sports.io/football/teams/51.png,2024,
20319,N. Bishop,Nathan James,Bishop,https://media.api-sports.io/football/players/20319.png,1999-10-15,26.0,England,185.0,72.0,Goalkeeper,Manchester United,33,https://media.api-sports.io/football/teams/33.png,2023,
126791,N. Broadhead,Nathan Paul,Broadhead,https://media.api-sports.io/football/players/126791.png,1998-04-05,27.0,Wales,178.0,73.0,Attacker,Ipswich,57,https://media.api-sports.io/football/teams/57.png,2024,
153407,N. Butler-Oyedeji,Nathan Jerome Chatoyer,Butler-Oyedeji,https://media.api-sports.io/football/players/153407.png,2003-01-04,22.0,England,171.0,69.0,Attacker,Arsenal,42,https://media.api-sports.io/football/teams/42.png,2024,
18803,N. Chalobah,Nathaniel Nyakie,Chalobah,https://media.api-sports.io/football/players/18803.png,1994-12-12,31.0,England,187.0,80.0,Midfielder,Fulham,36,https://media.api-sports.io/football/teams/36.png,2022,
18862,N. Clyne,Nathaniel Edwin,Clyne,https://media.api-sports.io/football/players/18862.png,1991-04-05,34.0,England,175.0,67.0,Defender,Crystal Palace,52,https://media.api-sports.io/football/teams/52.png,2025,17.0
19495,N. Collins,Nathan Michael,Collins,https://media.api-sports.io/football/players/19495.png,2001-04-30,24.0,Republic of Ireland,193.0,83.0,Defender,Brentford,55,https://media.api-sports.io/football/teams/55.png,2025,22.0
303322,N. Djiga,Yacouba Nasser,Djiga,https://media.api-sports.io/football/players/303322.png,2002-11-15,23.0,Burkina Faso,187.0,80.0,Defender,Wolves,39,https://media.api-sports.io/football/teams/39.png,2024,
6056,N. Domínguez,Nicolás Martín,Domínguez,https://media.api-sports.io/football/players/6056.png,1998-06-28,27.0,Argentina,179.0,73.0,Midfielder,Nottingham Forest,65,https://media.api-sports.io/football/teams/65.png,2025,16.0
127605,N. Ferguson,Nathan Kirk-Patrick,Ferguson,https://media.api-sports.io/football/players/127605.png,2000-10-06,24.0,England,178.0,74.0,Defender,Crystal Palace,52,https://media.api-sports.io/football/teams/52.png,2024,
303019,N. Fraser,Nathan John Mark,Fraser,https://media.api-sports.io/football/players/303019.png,2005-02-22,20.0,Republic of Ireland,188.0,82.0,Attacker,Wolves,39,https://media.api-sports.io/football/teams/39.png,2024,
56296,N. Frederiksen,Nikolai,Baden Frederiksen,https://media.api-sports.io/football/players/56296.png,2000-05-18,25.0,Denmark,179.0,70.0,Attacker,Vitesse,200,https://media.api-sports.io/football/teams/200.png,2022,
25391,N. Füllkrug,Niclas,Füllkrug,https://media.api-sports.io/football/players/25391.png,1993-02-09,32.0,Germany,189.0,83.0,Attacker,West Ham,48,https://media.api-sports.io/football/teams/48.png,2025,
283058,N. Jackson,Nicolas,Jackson,https://media.api-sports.io/football/players/283058.png,2001-06-20,24.0,Senegal,186.0,78.0,Attacker,Chelsea,49,https://media.api-sports.io/football/teams/49.png,2024,
162150,N. John,Nile Omari,Mckenzie John,https://media.api-sports.io/football/players/162150.png,2003-03-06,22.0,England,178.0,70.0,Midfielder,Tottenham,47,https://media.api-sports.io/football/teams/47.png,2024,
2290,N. Kanté,N'Golo,Kanté,https://media.api-sports.io/football/players/2290.png,1991-03-29,34.0,France,168.0,68.0,Midfielder,Chelsea,49,https://media.api-sports.io/football/teams/49.png,2022,
19027,N. Kebano,Neeskens,Kebano,https://media.api-sports.io/football/players/19027.png,1992-03-10,33.0,Congo DR,170.0,65.0,Midfielder,Fulham,36,https://media.api-sports.io/football/teams/36.png,2022,
294,N. Keïta,Naby Laye,Keïta,https://media.api-sports.io/football/players/294.png,1995-02-10,30.0,Guinea,172.0,64.0,Midfielder,Liverpool,40,https://media.api-sports.io/football/teams/40.png,2022,
354581,N. Lawrence,Nico,Lawrence,https://media.api-sports.io/football/players/354581.png,2003-11-22,22.0,England,,,Defender,Southampton,41,https://media.api-sports.io/football/teams/41.png,2024,
338856,N. Lemina,Pascal Noha,Lemina,https://media.api-sports.io/football/players/338856.png,2005-06-17,20.0,France,179.0,74.0,Midfielder,Wolves,39,https://media.api-sports.io/football/teams/39.png,2024,
136723,N. Madueke,Chukwunonso Tristan,Madueke,https://media.api-sports.io/football/players/136723.png,2002-03-10,23.0,England,182.0,75.0,Attacker,Arsenal,42,https://media.api-sports.io/football/teams/42.png,2025,20.0
19364,N. Maupay,Neal,Maupay,https://media.api-sports.io/football/players/19364.png,1996-08-14,29.0,France,173.0,69.0,Attacker,Brentford,55,https://media.api-sports.io/football/teams/55.png,2024,
545,N. Mazraoui,Noussair,Mazraoui,https://media.api-sports.io/football/players/545.png,1997-11-14,28.0,Morocco,183.0,63.0,Defender,Manchester United,33,https://media.api-sports.io/football/teams/33.png,2025,3.0
18785,N. Mendy,Nampalys,Mendy,https://media.api-sports.io/football/players/18785.png,1992-06-23,33.0,Senegal,168.0,70.0,Midfielder,Leicester,46,https://media.api-sports.io/football/teams/46.png,2022,
2817,N. Milenković,Nikola,Milenković,https://media.api-sports.io/football/players/2817.png,1997-10-12,28.0,Serbia,195.0,90.0,Defender,Nottingham Forest,65,https://media.api-sports.io/football/teams/65.png,2025,31.0
1146,N. Mukiele,Nordi,Mukiele Mulere,https://media.api-sports.io/football/players/1146.png,1997-11-01,28.0,France,187.0,84.0,Defender,Sunderland,746,https://media.api-sports.io/football/teams/746.png,2025,20.0
156490,N. Nkounkou,Niels Patrick,Nkounkou,https://media.api-sports.io/football/players/156490.png,2000-11-01,25.0,France,184.0,75.0,Defender,Everton,45,https://media.api-sports.io/football/teams/45.png,2022,
307123,N. O&apos;Reilly,Nico,O'Reilly,https://media.api-sports.io/football/players/307123.png,2005-03-21,20.0,England,177.0,77.0,Midfielder,Manchester City,50,https://media.api-sports.io/football/teams/50.png,2025,33.0
48389,N. Okafor,Noah Arinzechukwu,Okafor,https://media.api-sports.io/football/players/48389.png,2000-05-24,25.0,Switzerland,185.0,85.0,Attacker,Leeds,63,https://media.api-sports.io/football/teams/63.png,2025,19.0
553958,N. Oriola,,,https://media.api-sports.io/football/players/553958.png,,18.0,,,,Attacker,Brighton,51,https://media.api-sports.io/football/teams/51.png,2025,11.0
138417,N. Patterson,Nathan Kenneth,Patterson,https://media.api-sports.io/football/players/138417.png,2001-10-16,24.0,Scotland,189.0,83.0,Defender,Everton,45,https://media.api-sports.io/football/teams/45.png,2025,2.0
127472,N. Phillips,Nathaniel Harry,Phillips,https://media.api-sports.io/football/players/127472.png,1997-03-21,28.0,England,190.0,84.0,Defender,Liverpool,40,https://media.api-sports.io/football/teams/40.png,2024,
18911,N. Pope,Nicholas David,Pope,https://media.api-sports.io/football/players/18911.png,1992-04-19,33.0,England,191.0,76.0,Goalkeeper,Newcastle,34,https://media.api-sports.io/football/teams/34.png,2025,1.0
3246,N. Pépé,Nicolas,Pépé,https://media.api-sports.io/football/players/3246.png,1995-05-29,30.0,Côte d'Ivoire,183.0,73.0,Forward,Arsenal,42,https://media.api-sports.io/football/teams/42.png,2023,
18948,N. Redmond,Nathan Daniel Jerome,Redmond,https://media.api-sports.io/football/players/18948.png,1994-03-06,31.0,England,173.0,69.0,Midfielder,Burnley,44,https://media.api-sports.io/football/teams/44.png,2023,
365331,N. Sadiki,Noah Junior,Sadiki,https://media.api-sports.io/football/players/365331.png,2004-12-17,21.0,Belgium,165.0,58.0,Midfielder,Sunderland,746,https://media.api-sports.io/football/teams/746.png,2025,27.0
181806,N. Savona,Nicolò,Savona,https://media.api-sports.io/football/players/181806.png,2003-03-19,22.0,Italy,192.0,80.0,Defender,Nottingham Forest,65,https://media.api-sports.io/football/teams/65.png,2025,37.0
231029,N. Tella,Nathan Adewale Temitayo,Tella,https://media.api-sports.io/football/players/231029.png,1999-07-05,26.0,England,173.0,70.0,Attacker,Southampton,41,https://media.api-sports.io/football/teams/41.png,2022,
90494,N. Trott,Nathan Wallace,Newman Trott,https://media.api-sports.io/football/players/90494.png,1998-11-21,27.0,England,188.0,75.0,Goalkeeper,West Ham,48,https://media.api-sports.io/football/teams/48.png,2022,
842,N. Vlašić,Nikola,Vlašić,https://media.api-sports.io/football/players/842.png,1997-10-04,28.0,Croatia,179.0,79.0,Midfielder,West Ham,48,https://media.api-sports.io/football/teams/48.png,2023,
138780,N. Williams,Neco Shay,Williams,https://media.api-sports.io/football/players/138780.png,2001-04-13,24.0,Wales,183.0,72.0,Defender,Nottingham Forest,65,https://media.api-sports.io/football/teams/65.png,2025,3.0
158054,N. Woltemade,Nick,Woltemade,https://media.api-sports.io/football/players/158054.png,2002-02-14,23.0,Germany,198.0,90.0,Attacker,Newcastle,34,https://media.api-sports.io/football/teams/34.png,2025,27.0
19248,N. Wood-Gordon,Nathan Dean Joshua,Wood-Gordon,https://media.api-sports.io/football/players/19248.png,2002-05-31,23.0,England,188.0,75.0,Defender,Southampton,41,https://media.api-sports.io/football/teams/41.png,2024,
153261,N. Young-Coombes,Nathan,Young-Coombes,https://media.api-sports.io/football/players/153261.png,2003-01-15,22.0,England,175.0,64.0,Attacker,Brentford,55,https://media.api-sports.io/football/teams/55.png,2023,
786,N. Zaniolo,Nicolò,Zaniolo,https://media.api-sports.io/football/players/786.png,1999-07-02,26.0,Italy,190.0,79.0,Midfielder,Aston Villa,66,https://media.api-sports.io/football/teams/66.png,2024,
325686,N. van Haveren,Nigel Ekow Oheneba,van Haveren,https://media.api-sports.io/football/players/325686.png,2003-08-14,20.0,Netherlands,190.0,80.0,Goalkeeper,Vitesse,200,https://media.api-sports.io/football/teams/200.png,2022,
912,Neto,Norberto,Murara Neto,https://media.api-sports.io/football/players/912.png,1989-07-19,36.0,Brazil,190.0,84.0,Goalkeeper,Arsenal,42,https://media.api-sports.io/football/teams/42.png,2024,
161933,Nico González,Nicolás,González Iglesias,https://media.api-sports.io/football/players/161933.png,2002-01-03,23.0,Spain,189.0,88.0,Midfielder,Manchester City,50,https://media.api-sports.io/football/teams/50.png,2025,14.0
282136,Noam Fritz Emeran,Noam,Fritz Emeran,https://media.api-sports.io/football/players/282136.png,2002-09-24,23.0,France,179.0,67.0,Attacker,Manchester United,33,https://media.api-sports.io/football/teams/33.png,2023,
41577,Nuno Tavares,Nuno Albertino,Varela Tavares,https://media.api-sports.io/football/players/41577.png,2000-01-26,25.0,Portugal,183.0,75.0,Defender,Nottingham Forest,65,https://media.api-sports.io/football/teams/65.png,2024,
22265,Nuno da Costa,Nuno Miguel,da Costa Jóia,https://media.api-sports.io/football/players/22265.png,1991-02-10,34.0,Cape Verde,184.0,70.0,Forward,Nottingham Forest,65,https://media.api-sports.io/football/teams/65.png,2022,
130,Nélson Semedo,Nélson,Cabral Semedo,https://media.api-sports.io/football/players/130.png,1993-11-16,32.0,Portugal,177.0,69.0,Defender,Wolves,39,https://media.api-sports.io/football/teams/39.png,2024,
2771,O. Aina,Temitayo Olufisayo Olaoluwa,Aina,https://media.api-sports.io/football/players/2771.png,1996-10-08,29.0,Nigeria,184.0,82.0,Defender,Nottingham Forest,65,https://media.api-sports.io/football/teams/65.png,2025,34.0
6168,O. Alderete,Omar Federico,Alderete Fernández,https://media.api-sports.io/football/players/6168.png,1996-12-26,29.0,Paraguay,188.0,77.0,Defender,Sunderland,746,https://media.api-sports.io/football/teams/746.png,2025,15.0
417310,O. Aluko,Olabade,Aluko,https://media.api-sports.io/football/players/417310.png,2006-11-30,19.0,England,,,Defender,Leicester,46,https://media.api-sports.io/football/teams/46.png,2024,
342660,O. Arblaster,Oliver Luke,Arblaster,https://media.api-sports.io/football/players/342660.png,2004-05-05,21.0,England,175.0,65.0,Midfielder,Sheffield Utd,62,https://media.api-sports.io/football/teams/62.png,2023,
158693,O. Beck,Owen Michael,Beck,https://media.api-sports.io/football/players/158693.png,2002-08-09,23.0,Wales,177.0,,Defender,Liverpool,40,https://media.api-sports.io/football/teams/40.png,2024,
382163,O. Bevan,Owen Lucas,Bevan,https://media.api-sports.io/football/players/382163.png,2003-10-26,22.0,Wales,186.0,,Defender,Bournemouth,35,https://media.api-sports.io/football/teams/35.png,2022,
22160,O. Boscagli,Olivier Maxime,Boscagli,https://media.api-sports.io/football/players/22160.png,1997-11-18,28.0,France,181.0,68.0,Defender,Brighton,51,https://media.api-sports.io/football/teams/51.png,2025,21.0
284297,O. Dodgson,Owen Joel,Dodgson,https://media.api-sports.io/football/players/284297.png,2003-03-19,22.0,England,178.0,,Defender,Burnley,44,https://media.api-sports.io/football/teams/44.png,2023,
284242,O. Forson,Omari Nathan,Forson,https://media.api-sports.io/football/players/284242.png,2004-07-20,21.0,England,179.0,74.0,Attacker,Manchester United,33,https://media.api-sports.io/football/teams/33.png,2024,
284554,O. Goodman,Owen Olamidayo,Goodman,https://media.api-sports.io/football/players/284554.png,2003-11-27,22.0,England,193.0,,Goalkeeper,Crystal Palace,52,https://media.api-sports.io/football/teams/52.png,2024,
325967,O. Hammond,Oliver Jack,Hammond,https://media.api-sports.io/football/players/325967.png,2002-11-13,23.0,Wales,179.0,,Midfielder,Nottingham Forest,65,https://media.api-sports.io/football/teams/65.png,2023,
394167,O. Harrison,Ollie,Harrison,https://media.api-sports.io/football/players/394167.png,2007-08-07,18.0,England,,,Midfielder,Chelsea,49,https://media.api-sports.io/football/teams/49.png,2024,
284428,O. Hutchinson,Omari Elijah,Giraud-Hutchinson,https://media.api-sports.io/football/players/284428.png,2003-10-29,22.0,Jamaica,174.0,65.0,Attacker,Nottingham Forest,65,https://media.api-sports.io/football/teams/65.png,2025,21.0
329347,O. Kellyman,Omari Jamian,Kellyman,https://media.api-sports.io/football/players/329347.png,2005-09-25,20.0,England,191.0,78.0,Midfielder,Aston Villa,66,https://media.api-sports.io/football/teams/66.png,2024,
48119,O. Kossounou,Kouakou Odilon Dorgeless,Kossounou,https://media.api-sports.io/football/players/48119.png,2001-01-04,24.0,Côte d'Ivoire,191.0,79.0,Defender,Atalanta,499,https://media.api-sports.io/football/teams/499.png,2024,
24882,O. Mangala,Orel Johnson,Mangala,https://media.api-sports.io/football/players/24882.png,1998-03-18,27.0,Belgium,178.0,80.0,Midfielder,Nottingham Forest,65,https://media.api-sports.io/football/teams/65.png,2024,
389309,O. Martin,Chidozie,Obi-Martin,https://media.api-sports.io/football/players/389309.png,2007-11-29,18.0,Denmark,188.0,68.0,Attacker,Manchester United,33,https://media.api-sports.io/football/teams/33.png,2025,9.0
19337,O. McBurnie,Oliver Robert,McBurnie,https://media.api-sports.io/football/players/19337.png,1996-06-04,29.0,Scotland,188.0,79.0,Attacker,Sheffield Utd,62,https://media.api-sports.io/football/teams/62.png,2023,
19105,O. Norwood,Oliver James,Norwood,https://media.api-sports.io/football/players/19105.png,1991-04-12,34.0,Northern Ireland,180.0,75.0,Midfielder,Sheffield Utd,62,https://media.api-sports.io/football/teams/62.png,2023,
282254,O. Offiah,Odeluga Joshua,Offiah,https://media.api-sports.io/football/players/282254.png,2002-10-26,23.0,England,187.0,77.0,Defender,Brighton,51,https://media.api-sports.io/football/teams/51.png,2024,
456637,O. Pimlott,Oliver,Pimlott,https://media.api-sports.io/football/players/456637.png,2007-04-07,18.0,England,,,Midfielder,Burnley,44,https://media.api-sports.io/football/teams/44.png,2025,3.0
163068,O. Rekik,Omar,Rekik,https://media.api-sports.io/football/players/163068.png,2001-12-20,24.0,Tunisia,188.0,86.0,Defender,Arsenal,42,https://media.api-sports.io/football/teams/42.png,2024,
19610,O. Richards,Omar,Tyrell Crawford Richards,https://media.api-sports.io/football/players/19610.png,1998-02-15,27.0,England,174.0,69.0,Defender,Nottingham Forest,65,https://media.api-sports.io/football/teams/65.png,2024,
327730,O. Scarles,Oliver,Scarles,https://media.api-sports.io/football/players/327730.png,2005-12-12,20.0,England,182.0,75.0,Defender,West Ham,48,https://media.api-sports.io/football/teams/48.png,2025,30.0
624708,O. Shield,,,https://media.api-sports.io/football/players/624708.png,,19.0,,,,Defender,Brentford,55,https://media.api-sports.io/football/teams/55.png,2025,49.0
180,O. Skipp,Oliver William,Skipp,https://media.api-sports.io/football/players/180.png,2000-09-16,25.0,England,175.0,70.0,Midfielder,Leicester,46,https://media.api-sports.io/football/teams/46.png,2024,
128895,O. Sonne,Oliver,Sonne,https://media.api-sports.io/football/players/128895.png,2000-11-10,25.0,Denmark,184.0,72.0,Defender,Burnley,44,https://media.api-sports.io/football/teams/44.png,2025,
557,O. Vlachodimos,Odysseas,Vlachodimos,https://media.api-sports.io/football/players/557.png,1994-04-26,31.0,Greece,188.0,78.0,Goalkeeper,Nottingham Forest,65,https://media.api-sports.io/football/teams/65.png,2024,
19366,O. Watkins,Oliver George Arthur,Watkins,https://media.api-sports.io/football/players/19366.png,1995-12-30,30.0,England,180.0,75.0,Attacker,Aston Villa,66,https://media.api-sports.io/football/teams/66.png,2025,11.0
641,O. Zinchenko,Oleksandr,Zinchenko,https://media.api-sports.io/football/players/641.png,1996-12-15,29.0,Ukraine,175.0,64.0,Defender,Nottingham Forest,65,https://media.api-sports.io/football/teams/65.png,2025,
148270,O. Zych,Oliwier,Zych,https://media.api-sports.io/football/players/148270.png,2004-06-28,21.0,Poland,193.0,81.0,Goalkeeper,Aston Villa,66,https://media.api-sports.io/football/teams/66.png,2024,
1135,O. Édouard,Odsonne,Édouard,https://media.api-sports.io/football/players/1135.png,1998-01-16,27.0,France,187.0,83.0,Attacker,Crystal Palace,52,https://media.api-sports.io/football/teams/52.png,2025,
81573,Omar Marmoush,Omar Khaled Mohamed Abd Elsala,Marmoush,https://media.api-sports.io/football/players/81573.png,1999-02-07,26.0,Egypt,180.0,81.0,Attacker,Manchester City,50,https://media.api-sports.io/football/teams/50.png,2025,7.0
18949,Oriol Romeu,Oriol,Romeu Vidal,https://media.api-sports.io/football/players/18949.png,1991-09-24,34.0,Spain,183.0,83.0,Midfielder,Southampton,41,https://media.api-sports.io/football/teams/41.png,2022,
278133,Oscar Bobb,Oscar,Bobb,https://media.api-sports.io/football/players/278133.png,2003-07-12,22.0,Norway,177.0,70.0,Attacker,Manchester City,50,https://media.api-sports.io/football/teams/50.png,2025,14.0
301714,Owen Barker,Owen,Barker,https://media.api-sports.io/football/players/301714.png,2005-02-23,20.0,England,173.0,62.0,Midfielder,Everton,45,https://media.api-sports.io/football/teams/45.png,2024,
400339,Owen Hampson,Owen,Hampson,https://media.api-sports.io/football/players/400339.png,2004-11-17,21.0,England,,,Midfielder,Sheffield Utd,62,https://media.api-sports.io/football/teams/62.png,2023,
284239,Owen James Michael Hesketh,Owen James Michael,Hesketh,https://media.api-sports.io/football/players/284239.png,2002-10-10,22.0,England,,,Midfielder,Wolves,39,https://media.api-sports.io/football/teams/39.png,2023,
1465,P. Aubameyang,Pierre-Emerick Emiliano Franço,Aubameyang,https://media.api-sports.io/football/players/1465.png,1989-06-18,36.0,Gabon,187.0,80.0,Attacker,Chelsea,49,https://media.api-sports.io/football/teams/49.png,2023,
19134,P. Bamford,Patrick James,Bamford,https://media.api-sports.io/football/players/19134.png,1993-09-05,32.0,England,185.0,71.0,Attacker,Leeds,63,https://media.api-sports.io/football/teams/63.png,2022,
2734,P. Billing,Philip,Anyanwu Billing,https://media.api-sports.io/football/players/2734.png,1996-06-11,29.0,Denmark,193.0,83.0,Midfielder,Bournemouth,35,https://media.api-sports.io/football/teams/35.png,2025,
1649,P. Cutrone,Patrick,Cutrone,https://media.api-sports.io/football/players/1649.png,1998-01-03,27.0,Italy,183.0,75.0,Attacker,Wolves,39,https://media.api-sports.io/football/teams/39.png,2022,
1098,P. Daka,Patson,Daka,https://media.api-sports.io/football/players/1098.png,1998-10-09,27.0,Zambia,183.0,71.0,Attacker,Leicester,46,https://media.api-sports.io/football/teams/46.png,2024,
382452,P. Dorgu,Patrick,Chinazaekpere Dorgu,https://media.api-sports.io/football/players/382452.png,2004-10-26,21.0,Denmark,185.0,68.0,Midfielder,Manchester United,33,https://media.api-sports.io/football/teams/33.png,2025,13.0
18892,P. Dummett,Paul,Dummett,https://media.api-sports.io/football/players/18892.png,1991-09-26,34.0,Wales,183.0,82.0,Defender,Newcastle,34,https://media.api-sports.io/football/teams/34.png,2024,
278232,P. Ekwah,Pierre-Emmanuel,Ekwah Elimby,https://media.api-sports.io/football/players/278232.png,2002-01-15,23.0,France,189.0,80.0,Midfielder,West Ham,48,https://media.api-sports.io/football/teams/48.png,2022,
46731,P. Estupiñán,Pervis Josué,Estupiñán Tenorio,https://media.api-sports.io/football/players/46731.png,1998-01-21,27.0,Ecuador,175.0,73.0,Defender,Brighton,51,https://media.api-sports.io/football/teams/51.png,2024,
631,P. Foden,Philip Walter,Foden,https://media.api-sports.io/football/players/631.png,2000-05-28,25.0,England,171.0,63.0,Midfielder,Manchester City,50,https://media.api-sports.io/football/teams/50.png,2025,47.0
158,P. Gazzaniga,Paulo Dino,Gazzaniga Farias,https://media.api-sports.io/football/players/158.png,1992-01-02,33.0,Argentina,195.0,90.0,Goalkeeper,Fulham,36,https://media.api-sports.io/football/teams/36.png,2022,
18970,P. Groß,Pascal,Groß,https://media.api-sports.io/football/players/18970.png,1991-06-15,34.0,Germany,181.0,78.0,Midfielder,Brighton,51,https://media.api-sports.io/football/teams/51.png,2025,30.0
127817,P. Hincapié,Piero Martín,Hincapié Reyna,https://media.api-sports.io/football/players/127817.png,2002-01-09,23.0,Ecuador,184.0,77.0,Defender,Arsenal,42,https://media.api-sports.io/football/teams/42.png,2025,5.0
2735,P. Højbjerg,Pierre-Emile Kordt,Højbjerg,https://media.api-sports.io/football/players/2735.png,1995-08-05,30.0,Denmark,185.0,84.0,Midfielder,Tottenham,47,https://media.api-sports.io/football/teams/47.png,2024,
19124,P. Jansson,Pontus,Jansson,https://media.api-sports.io/football/players/19124.png,1991-02-13,34.0,Sweden,194.0,86.0,Defender,Brentford,55,https://media.api-sports.io/football/teams/55.png,2022,
888,P. Jones,Phil Anthony,Jones,https://media.api-sports.io/football/players/888.png,1992-02-21,31.0,England,180.0,71.0,Defender,Manchester United,33,https://media.api-sports.io/football/teams/33.png,2023,
162075,P. Maghoma,Edmond-Paris,Maghoma,https://media.api-sports.io/football/players/162075.png,2001-05-08,24.0,England,181.0,69.0,Midfielder,Brentford,55,https://media.api-sports.io/football/teams/55.png,2024,
19767,P. Mpanzu,Pelly Ruddock,Mpanzu,https://media.api-sports.io/football/players/19767.png,1994-03-22,31.0,Congo DR,175.0,63.0,Midfielder,Luton,1359,https://media.api-sports.io/football/teams/1359.png,2023,
15812,P. Onuachu,Ebere Paul,Onuachu,https://media.api-sports.io/football/players/15812.png,1994-05-28,31.0,Nigeria,201.0,98.0,Forward,Southampton,41,https://media.api-sports.io/football/teams/41.png,2024,
47521,P. Roberts,Patrick John Joseph,Roberts,https://media.api-sports.io/football/players/47521.png,1997-02-05,28.0,England,167.0,58.0,Midfielder,Sunderland,746,https://media.api-sports.io/football/teams/746.png,2025,
237129,P. Sarr,Pape Matar,Sarr,https://media.api-sports.io/football/players/237129.png,2002-09-14,23.0,Senegal,185.0,70.0,Midfielder,Tottenham,47,https://media.api-sports.io/football/teams/47.png,2025,29.0
64003,P. Struijk,Pascal Augustus,Struijk,https://media.api-sports.io/football/players/64003.png,1999-08-11,26.0,Netherlands,190.0,79.0,Defender,Leeds,63,https://media.api-sports.io/football/teams/63.png,2025,5.0
301187,Pablo,Pablo Felipe,Pereira de Jesus,https://media.api-sports.io/football/players/301187.png,2004-01-02,21.0,Portugal,184.0,74.0,Attacker,West Ham,48,https://media.api-sports.io/football/teams/48.png,2025,19.0
1697,Pablo Fornals,Pablo,Fornals Malla,https://media.api-sports.io/football/players/1697.png,1996-02-22,29.0,Spain,178.0,67.0,Midfielder,West Ham,48,https://media.api-sports.io/football/teams/48.png,2023,
46792,Pablo Marí,Pablo,Marí Villar,https://media.api-sports.io/football/players/46792.png,1993-08-31,32.0,Spain,193.0,87.0,Defender,Arsenal,42,https://media.api-sports.io/football/teams/42.png,2022,
2056,Pablo Sarabia,Pablo,Sarabia García,https://media.api-sports.io/football/players/2056.png,1992-05-11,33.0,Spain,174.0,70.0,Midfielder,Wolves,39,https://media.api-sports.io/football/teams/39.png,2024,
423714,Park Seung-Soo,Seung-Soo,Park,https://media.api-sports.io/football/players/423714.png,2007-03-17,18.0,Korea Republic,183.0,62.0,Attacker,Newcastle,34,https://media.api-sports.io/football/teams/34.png,2025,11.0
315767,Patrick Kelly,Patrick,Kelly,https://media.api-sports.io/football/players/315767.png,2004-10-02,21.0,Northern Ireland,183.0,,Midfielder,West Ham,48,https://media.api-sports.io/football/teams/48.png,2024,
46815,Pau Torres,Pau,Francisco Torres,https://media.api-sports.io/football/players/46815.png,1997-01-16,28.0,Spain,191.0,80.0,Defender,Aston Villa,66,https://media.api-sports.io/football/teams/66.png,2025,14.0
449245,Pedro Lima,Pedro Henrique,Cardoso de Lima,https://media.api-sports.io/football/players/449245.png,2006-07-01,19.0,Brazil,174.0,68.0,Defender,Wolves,39,https://media.api-sports.io/football/teams/39.png,2025,17.0
1864,Pedro Neto,Pedro,Lomba Neto,https://media.api-sports.io/football/players/1864.png,2000-03-09,25.0,Portugal,174.0,62.0,Midfielder,Chelsea,49,https://media.api-sports.io/football/teams/49.png,2025,7.0
47519,Pedro Porro,Pedro Antonio,Porro Sauceda,https://media.api-sports.io/football/players/47519.png,1999-09-13,26.0,Spain,173.0,69.0,Defender,Tottenham,47,https://media.api-sports.io/football/teams/47.png,2025,23.0
147,Philippe Coutinho,Philippe,Coutinho Correia,https://media.api-sports.io/football/players/147.png,1992-06-12,33.0,Brazil,172.0,68.0,Midfielder,Aston Villa,66,https://media.api-sports.io/football/teams/66.png,2024,
375915,Q. Hartman,Quilindschy,Hartman,https://media.api-sports.io/football/players/375915.png,2001-11-14,24.0,Netherlands,183.0,77.0,Defender,Burnley,44,https://media.api-sports.io/football/teams/44.png,2025,3.0
358666,R. Akachukwu,Romeo,Akachukwu,https://media.api-sports.io/football/players/358666.png,2006-07-28,19.0,Republic of Ireland,178.0,74.0,Midfielder,Southampton,41,https://media.api-sports.io/football/teams/41.png,2024,
21138,R. Aït-Nouri,Rayan,Aït-Nouri,https://media.api-sports.io/football/players/21138.png,2001-06-06,24.0,Algeria,180.0,70.0,Defender,Manchester City,50,https://media.api-sports.io/football/teams/50.png,2025,21.0
2287,R. Barkley,Ross,Barkley,https://media.api-sports.io/football/players/2287.png,1993-12-05,32.0,England,189.0,76.0,Midfielder,Aston Villa,66,https://media.api-sports.io/football/teams/66.png,2025,6.0
284363,R. Bennett,Rhys Joseph,Wright Bennett,https://media.api-sports.io/football/players/284363.png,2003-10-30,22.0,England,187.0,,Defender,Manchester United,33,https://media.api-sports.io/football/teams/33.png,2024,
863,R. Bentancur,Rodrigo,Bentancur Colmán,https://media.api-sports.io/football/players/863.png,1997-06-25,28.0,Uruguay,187.0,72.0,Midfielder,Tottenham,47,https://media.api-sports.io/football/teams/47.png,2025,30.0
18936,R. Bertrand,Ryan Dominic,Bertrand,https://media.api-sports.io/football/players/18936.png,1989-08-05,34.0,England,179.0,85.0,Defender,Leicester,46,https://media.api-sports.io/football/teams/46.png,2022,
303,R. Brewster,Rhian Joel,Brewster,https://media.api-sports.io/football/players/303.png,2000-04-01,25.0,England,180.0,75.0,Attacker,Sheffield Utd,62,https://media.api-sports.io/football/teams/62.png,2023,
19408,R. Burke,Reece Frederick,James Burke,https://media.api-sports.io/football/players/19408.png,1996-09-02,29.0,England,189.0,81.0,Defender,Luton,1359,https://media.api-sports.io/football/teams/1359.png,2023,
157052,R. Calafiori,Riccardo,Calafiori,https://media.api-sports.io/football/players/157052.png,2002-05-19,23.0,Italy,188.0,86.0,Defender,Arsenal,42,https://media.api-sports.io/football/teams/42.png,2025,33.0
366629,R. Carr,Ryan,Carr,https://media.api-sports.io/football/players/366629.png,2004-09-23,21.0,England,,,Midfielder,Ipswich,57,https://media.api-sports.io/football/teams/57.png,2024,
156477,R. Cherki,Mathis Rayan,Cherki,https://media.api-sports.io/football/players/156477.png,2003-08-17,22.0,France,180.0,71.0,Midfielder,Manchester City,50,https://media.api-sports.io/football/teams/50.png,2025,10.0
1125,R. Christie,Ryan,Christie,https://media.api-sports.io/football/players/1125.png,1995-02-22,30.0,Scotland,178.0,70.0,Midfielder,Bournemouth,35,https://media.api-sports.io/football/teams/35.png,2025,10.0
288125,R. Clayton,Regan,Clayton,https://media.api-sports.io/football/players/288125.png,2004-11-11,21.0,England,,,Defender,West Ham,48,https://media.api-sports.io/football/teams/48.png,2024,
402317,R. Donovan,Romelle,Donovan,https://media.api-sports.io/football/players/402317.png,2006-11-30,19.0,England,,,Midfielder,Brentford,55,https://media.api-sports.io/football/teams/55.png,2025,45.0
162498,R. Drăgușin,Radu,Matei Drăgușin,https://media.api-sports.io/football/players/162498.png,2002-02-03,23.0,Romania,191.0,85.0,Defender,Tottenham,47,https://media.api-sports.io/football/teams/47.png,2025,3.0
159420,R. Edwards,Ronnie,Lee Edwards,https://media.api-sports.io/football/players/159420.png,2003-03-28,22.0,England,180.0,76.0,Defender,Southampton,41,https://media.api-sports.io/football/teams/41.png,2024,
402640,R. Esse,Romain Joy,Kouakou Esse,https://media.api-sports.io/football/players/402640.png,2005-05-13,20.0,England,175.0,67.0,Midfielder,Crystal Palace,52,https://media.api-sports.io/football/teams/52.png,2025,
84082,R. Faivre,Romain,Faivre,https://media.api-sports.io/football/players/84082.png,1998-07-14,27.0,France,180.0,75.0,Midfielder,Bournemouth,35,https://media.api-sports.io/football/teams/35.png,2025,
284423,R. Finnigan,Ryan James,Finnigan,https://media.api-sports.io/football/players/284423.png,2003-09-23,22.0,England,,,Midfielder,Southampton,41,https://media.api-sports.io/football/teams/41.png,2022,
342054,R. Flamingo,Ryan,Flamingo,https://media.api-sports.io/football/players/342054.png,2002-12-31,23.0,Netherlands,186.0,75.0,Defender,Vitesse,200,https://media.api-sports.io/football/teams/200.png,2022,
18873,R. Fraser,Ryan,Fraser,https://media.api-sports.io/football/players/18873.png,1994-02-24,31.0,Scotland,163.0,70.0,Midfielder,Newcastle,34,https://media.api-sports.io/football/teams/34.png,2024,
18815,R. Fredericks,Ryan,Marlowe Fredericks,https://media.api-sports.io/football/players/18815.png,1992-10-10,32.0,England,181.0,74.0,Defender,Bournemouth,35,https://media.api-sports.io/football/teams/35.png,2024,
2807,R. Freuler,Remo Marco,Freuler,https://media.api-sports.io/football/players/2807.png,1992-04-15,33.0,Switzerland,180.0,77.0,Midfielder,Nottingham Forest,65,https://media.api-sports.io/football/teams/65.png,2024,
18747,R. Giles,Ryan,Giles,https://media.api-sports.io/football/players/18747.png,2000-01-26,25.0,England,179.0,72.0,Defender,Wolves,39,https://media.api-sports.io/football/teams/39.png,2023,
542,R. Gravenberch,Ryan Jiro,Gravenberch,https://media.api-sports.io/football/players/542.png,2002-05-16,23.0,Netherlands,190.0,83.0,Midfielder,Liverpool,40,https://media.api-sports.io/football/teams/40.png,2025,38.0
19346,R. Henry,Rico Antonio,Henry,https://media.api-sports.io/football/players/19346.png,1997-07-08,28.0,England,170.0,67.0,Defender,Brentford,55,https://media.api-sports.io/football/teams/55.png,2025,3.0
1440,R. Holding,Robert Samuel,Holding,https://media.api-sports.io/football/players/1440.png,1995-09-20,30.0,England,189.0,81.0,Defender,Crystal Palace,52,https://media.api-sports.io/football/teams/52.png,2024,
557506,R. Hollingshead,,,https://media.api-sports.io/football/players/557506.png,,21.0,,,,Goalkeeper,Aston Villa,66,https://media.api-sports.io/football/teams/66.png,2025,
288006,R. Højlund,Rasmus,Winther Højlund,https://media.api-sports.io/football/players/288006.png,2003-02-04,22.0,Denmark,191.0,86.0,Attacker,Manchester United,33,https://media.api-sports.io/football/teams/33.png,2024,
19545,R. James,Reece Lewis,James,https://media.api-sports.io/football/players/19545.png,1999-12-08,26.0,England,182.0,82.0,Defender,Chelsea,49,https://media.api-sports.io/football/teams/49.png,2025,24.0
2887,R. Jiménez,Raúl Alonso,Jiménez Rodríguez,https://media.api-sports.io/football/players/2887.png,1991-05-05,34.0,Mexico,190.0,76.0,Attacker,Fulham,36,https://media.api-sports.io/football/teams/36.png,2025,7.0
145476,R. Khadra,Reda Jousef,Khadra,https://media.api-sports.io/football/players/145476.png,2001-07-04,24.0,Germany,180.0,72.0,Midfielder,Brighton,51,https://media.api-sports.io/football/teams/51.png,2023,
26238,R. Koch,Robin Leon,Koch,https://media.api-sports.io/football/players/26238.png,1996-07-17,29.0,Germany,192.0,85.0,Defender,Leeds,63,https://media.api-sports.io/football/teams/63.png,2022,
21104,R. Kolo Muani,Randal,Kolo Muani,https://media.api-sports.io/football/players/21104.png,1998-12-05,27.0,France,187.0,73.0,Attacker,Tottenham,47,https://media.api-sports.io/football/teams/47.png,2025,39.0
533,R. Kristensen,Rasmus,Nissen Kristensen,https://media.api-sports.io/football/players/533.png,1997-07-11,28.0,Denmark,187.0,70.0,Defender,Leeds,63,https://media.api-sports.io/football/teams/63.png,2022,
50816,R. Laryea,Richmond Mamah,Laryea,https://media.api-sports.io/football/players/50816.png,1995-01-07,30.0,Canada,175.0,68.0,Defender,Nottingham Forest,65,https://media.api-sports.io/football/teams/65.png,2023,
282125,R. Lavia,Roméo,Lavia,https://media.api-sports.io/football/players/282125.png,2004-01-06,21.0,Belgium,181.0,76.0,Midfielder,Chelsea,49,https://media.api-sports.io/football/teams/49.png,2025,45.0
284230,R. Lewis,Rico Henry Mark,Lewis,https://media.api-sports.io/football/players/284230.png,2004-11-21,21.0,England,170.0,64.0,Defender,Manchester City,50,https://media.api-sports.io/football/teams/50.png,2025,82.0
2292,R. Loftus-Cheek,Ruben Ira,Loftus-Cheek,https://media.api-sports.io/football/players/2292.png,1996-01-23,29.0,England,191.0,88.0,Midfielder,Chelsea,49,https://media.api-sports.io/football/teams/49.png,2022,
907,R. Lukaku,Romelu Menama,Lukaku Bolingoli,https://media.api-sports.io/football/players/907.png,1993-05-13,32.0,Belgium,191.0,93.0,Attacker,Chelsea,49,https://media.api-sports.io/football/teams/49.png,2024,
635,R. Mahrez,Riyad Karim,Mahrez,https://media.api-sports.io/football/players/635.png,1991-02-21,34.0,Algeria,179.0,67.0,Attacker,Manchester City,50,https://media.api-sports.io/football/teams/50.png,2023,
19587,R. Manning,Ryan Phelim,Manning,https://media.api-sports.io/football/players/19587.png,1996-06-14,29.0,Republic of Ireland,173.0,66.0,Defender,Southampton,41,https://media.api-sports.io/football/teams/41.png,2024,
19684,R. Matthews,Remi Luke,Matthews,https://media.api-sports.io/football/players/19684.png,1994-02-10,31.0,England,184.0,78.0,Goalkeeper,Crystal Palace,52,https://media.api-sports.io/football/teams/52.png,2025,31.0
442048,R. McAidoo,Ryan,McAidoo,https://media.api-sports.io/football/players/442048.png,2008-06-24,17.0,England,,,Attacker,Manchester City,50,https://media.api-sports.io/football/teams/50.png,2025,7.0
284414,R. Mundle,Romaine Lee,Mundle,https://media.api-sports.io/football/players/284414.png,2003-04-24,22.0,England,180.0,61.0,Attacker,Sunderland,746,https://media.api-sports.io/football/teams/746.png,2025,14.0
402331,R. Munro,Reece,Stafford Munro,https://media.api-sports.io/football/players/402331.png,2006-12-16,19.0,England,,,Defender,Manchester United,33,https://media.api-sports.io/football/teams/33.png,2024,
727,R. Nelson,Reiss Luke,Nelson,https://media.api-sports.io/football/players/727.png,1999-12-10,26.0,England,175.0,71.0,Attacker,Brentford,55,https://media.api-sports.io/football/teams/55.png,2025,11.0
452685,R. Ngumoha,Rio,Ngumoha,https://media.api-sports.io/football/players/452685.png,2008-08-29,17.0,England,170.0,75.0,Attacker,Liverpool,40,https://media.api-sports.io/football/teams/40.png,2025,73.0
18331,R. Norrington-Davies,Rhys,Llewelyn Norrington-Davies,https://media.api-sports.io/football/players/18331.png,1999-04-22,26.0,Wales,181.0,68.0,Defender,Sheffield Utd,62,https://media.api-sports.io/football/teams/62.png,2023,
766,R. Olsen,Robin Patrick,Olsen,https://media.api-sports.io/football/players/766.png,1990-01-08,35.0,Sweden,198.0,89.0,Goalkeeper,Aston Villa,66,https://media.api-sports.io/football/teams/66.png,2024,
373615,R. Oné,Ryan,Oné,https://media.api-sports.io/football/players/373615.png,2006-06-26,19.0,Scotland,,,Attacker,Sheffield Utd,62,https://media.api-sports.io/football/teams/62.png,2023,
327726,R. Owen,Riley,Owen,https://media.api-sports.io/football/players/327726.png,2005-08-24,20.0,England,,,Midfielder,Brentford,55,https://media.api-sports.io/football/teams/55.png,2025,52.0
20600,R. Perraud,Romain Paul Jean-Michel,Perraud,https://media.api-sports.io/football/players/20600.png,1997-09-22,28.0,France,173.0,68.0,Defender,Southampton,41,https://media.api-sports.io/football/teams/41.png,2022,
194536,R. Roefs,Robin,Roefs,https://media.api-sports.io/football/players/194536.png,2003-01-17,22.0,Netherlands,193.0,72.0,Goalkeeper,Sunderland,746,https://media.api-sports.io/football/teams/746.png,2025,22.0
393311,R. Rose,Reginald,Rose,https://media.api-sports.io/football/players/393311.png,2005-04-26,20.0,England,,,Goalkeeper,Brentford,55,https://media.api-sports.io/football/teams/55.png,2024,
2784,R. Rúnarsson,Rúnar Alex,Rúnarsson,https://media.api-sports.io/football/players/2784.png,1995-02-18,30.0,Iceland,186.0,78.0,Goalkeeper,Arsenal,42,https://media.api-sports.io/football/teams/42.png,2023,
19032,R. Sessegnon,Kouassi Ryan,Sessegnon,https://media.api-sports.io/football/players/19032.png,2000-05-18,25.0,England,178.0,70.0,Defender,Fulham,36,https://media.api-sports.io/football/teams/36.png,2025,30.0
196298,R. Sosa,Ramón,Sosa Acosta,https://media.api-sports.io/football/players/196298.png,1999-08-31,26.0,Paraguay,179.0,75.0,Attacker,Nottingham Forest,65,https://media.api-sports.io/football/teams/65.png,2024,
645,R. Sterling,Raheem Shaquille,Sterling,https://media.api-sports.io/football/players/645.png,1994-12-08,31.0,England,172.0,69.0,Attacker,Arsenal,42,https://media.api-sports.io/football/teams/42.png,2024,
45078,R. Stewart,Ross Cameron,Stewart,https://media.api-sports.io/football/players/45078.png,1996-07-11,29.0,Scotland,188.0,85.0,Attacker,Southampton,41,https://media.api-sports.io/football/teams/41.png,2024,
423803,R. Takaoka,Rento,Takaoka,https://media.api-sports.io/football/players/423803.png,2007-03-12,18.0,Japan,165.0,,Attacker,Southampton,41,https://media.api-sports.io/football/teams/41.png,2024,
382925,R. Trevitt,Ryan,Trevitt,https://media.api-sports.io/football/players/382925.png,2003-03-12,22.0,England,170.0,65.0,Midfielder,Brentford,55,https://media.api-sports.io/football/teams/55.png,2024,
742,R. Varane,Raphaël Xavier,Varane,https://media.api-sports.io/football/players/742.png,1993-04-25,31.0,France,191.0,81.0,Defender,Manchester United,33,https://media.api-sports.io/football/teams/33.png,2024,
284361,R. Vítek,Radek,Vítek,https://media.api-sports.io/football/players/284361.png,2003-10-24,22.0,Czechia,198.0,,Goalkeeper,Manchester United,33,https://media.api-sports.io/football/teams/33.png,2024,
482888,R. Walsh,Reggie,Walsh,https://media.api-sports.io/football/players/482888.png,2008-10-20,17.0,England,,,Midfielder,Chelsea,49,https://media.api-sports.io/football/teams/49.png,2024,14.0
309505,R. Walters,Reuell,Walters,https://media.api-sports.io/football/players/309505.png,2004-12-16,21.0,England,186.0,65.0,Defender,Arsenal,42,https://media.api-sports.io/football/teams/42.png,2024,
284327,R. Welch,Reece,Belfield Welch,https://media.api-sports.io/football/players/284327.png,2003-09-19,22.0,England,,,Defender,Everton,45,https://media.api-sports.io/football/teams/45.png,2025,4.0
162904,R. Williams,Rhys,Williams,https://media.api-sports.io/football/players/162904.png,2001-02-03,24.0,England,195.0,82.0,Defender,Liverpool,40,https://media.api-sports.io/football/teams/40.png,2024,
138877,R. Yapi,Romaric,Yapi,https://media.api-sports.io/football/players/138877.png,2000-07-13,25.0,France,178.0,70.0,Defender,Vitesse,200,https://media.api-sports.io/football/teams/200.png,2022,
19305,R. Yates,Ryan James,Yates,https://media.api-sports.io/football/players/19305.png,1997-11-21,28.0,England,190.0,87.0,Midfielder,Nottingham Forest,65,https://media.api-sports.io/football/teams/65.png,2025,22.0
380657,R. Young,Ranel Jerva,Young,https://media.api-sports.io/football/players/380657.png,2005-12-26,20.0,England,175.0,65.0,Attacker,Liverpool,40,https://media.api-sports.io/football/teams/40.png,2024,
407806,Rayan,Rayan Vitor,Simplício Rocha,https://media.api-sports.io/football/players/407806.png,2006-08-03,19.0,Brazil,187.0,81.0,Attacker,Bournemouth,35,https://media.api-sports.io/football/teams/35.png,2025,37.0
739,Reguilón,Sergio,Reguilón Rodríguez,https://media.api-sports.io/football/players/739.png,1996-12-16,29.0,Spain,178.0,68.0,Defender,Manchester United,33,https://media.api-sports.io/football/teams/33.png,2024,
448969,Reigan Heskey,Reigan,Heskey,https://media.api-sports.io/football/players/448969.png,2008-01-19,17.0,England,,,Attacker,Manchester City,50,https://media.api-sports.io/football/teams/50.png,2025,11.0
22225,Reinildo,Reinildo Isnard,Mandava,https://media.api-sports.io/football/players/22225.png,1994-01-21,31.0,Mozambique,183.0,73.0,Defender,Sunderland,746,https://media.api-sports.io/football/teams/746.png,2025,17.0
152980,Remmi Eugene Savage,Remmi Eugene,Savage,https://media.api-sports.io/football/players/152980.png,2001-10-26,24.0,England,,,Defender,Newcastle,34,https://media.api-sports.io/football/teams/34.png,2023,
402434,Remy Rees-Dottin,Remy,Rees-Dottin,https://media.api-sports.io/football/players/402434.png,2006-03-06,19.0,England,174.0,76.0,Attacker,Bournemouth,35,https://media.api-sports.io/football/teams/35.png,2025,50.0
10122,Renan Lodi,Renan Augusto,Lodi dos Santos,https://media.api-sports.io/football/players/10122.png,1998-04-08,27.0,Brazil,173.0,68.0,Defender,Nottingham Forest,65,https://media.api-sports.io/football/teams/65.png,2022,
336671,Renato Veiga,Renato,da Palma Veiga,https://media.api-sports.io/football/players/336671.png,2003-07-29,22.0,Portugal,190.0,88.0,Midfielder,Chelsea,49,https://media.api-sports.io/football/teams/49.png,2024,
18771,Ricardo Pereira,Ricardo Domingos,Barbosa Pereira,https://media.api-sports.io/football/players/18771.png,1993-10-06,32.0,Portugal,175.0,70.0,Defender,Leicester,46,https://media.api-sports.io/football/teams/46.png,2024,
306263,Richard Olise,Richard Oghenekome,Olise,https://media.api-sports.io/football/players/306263.png,2004-09-09,21.0,England,173.0,60.0,Defender,Chelsea,49,https://media.api-sports.io/football/teams/49.png,2024,
2413,Richarlison,Richarlison,de Andrade,https://media.api-sports.io/football/players/2413.png,1997-05-10,28.0,Brazil,184.0,83.0,Attacker,Tottenham,47,https://media.api-sports.io/football/teams/47.png,2025,9.0
380703,Rio Cardines,Rio,Cardines,https://media.api-sports.io/football/players/380703.png,2006-07-01,19.0,England,175.0,,Midfielder,Crystal Palace,52,https://media.api-sports.io/football/teams/52.png,2025,59.0
310531,Rio Kyerematen,Rio,Kyerematen,https://media.api-sports.io/football/players/310531.png,2005-06-09,20.0,England,174.0,68.0,Midfielder,Tottenham,47,https://media.api-sports.io/football/teams/47.png,2025,10.0
18959,Robert Sánchez,Robert,Lynch Sánchez,https://media.api-sports.io/football/players/18959.png,1997-11-18,28.0,Spain,197.0,90.0,Goalkeeper,Chelsea,49,https://media.api-sports.io/football/teams/49.png,2025,1.0
302,Roberto Firmino,Roberto Firmino,Barbosa de Oliveira,https://media.api-sports.io/football/players/302.png,1991-10-02,34.0,Brazil,181.0,76.0,Attacker,Liverpool,40,https://media.api-sports.io/football/teams/40.png,2022,
44,Rodri,Rodrigo,Hernández Cascante,https://media.api-sports.io/football/players/44.png,1996-06-22,29.0,Spain,190.0,82.0,Midfielder,Manchester City,50,https://media.api-sports.io/football/teams/50.png,2025,16.0
935,Rodrigo,Rodrigo,Moreno Machado,https://media.api-sports.io/football/players/935.png,1991-03-06,34.0,Spain,182.0,77.0,Attacker,Leeds,63,https://media.api-sports.io/football/teams/63.png,2022,
282770,Rodrigo Gomes,Rodrigo Martins,Gomes,https://media.api-sports.io/football/players/282770.png,2003-07-07,22.0,Portugal,175.0,67.0,Defender,Wolves,39,https://media.api-sports.io/football/teams/39.png,2025,21.0
195106,Rodrigo Muniz,Rodrigo,Muniz Carvalho,https://media.api-sports.io/football/players/195106.png,2001-05-04,24.0,Brazil,178.0,67.0,Attacker,Fulham,36,https://media.api-sports.io/football/teams/36.png,2025,9.0
341641,Rodrigo Ribeiro,Rodrigo,Duarte Ribeiro,https://media.api-sports.io/football/players/341641.png,2005-04-28,20.0,Portugal,185.0,72.0,Attacker,Nottingham Forest,65,https://media.api-sports.io/football/teams/65.png,2024,
297640,Roman Dixon,Roman,Dixon,https://media.api-sports.io/football/players/297640.png,2004-12-26,21.0,England,175.0,65.0,Defender,Everton,45,https://media.api-sports.io/football/teams/45.png,2024,
286774,Ronnie Stutter,Ronnie Edward,Stutter,https://media.api-sports.io/football/players/286774.png,2005-01-06,20.0,England,,,Attacker,Chelsea,49,https://media.api-sports.io/football/teams/49.png,2024,
284416,Roshaun Mathurin,Roshaun,Mathurin,https://media.api-sports.io/football/players/284416.png,2004-01-23,21.0,England,,,Attacker,Crystal Palace,52,https://media.api-sports.io/football/teams/52.png,2024,
343209,Ruairi McConville,Ruairi,McConville,https://media.api-sports.io/football/players/343209.png,2005-05-01,20.0,Northern Ireland,193.0,80.0,Defender,Brighton,51,https://media.api-sports.io/football/teams/51.png,2024,
567,Rúben Dias,Rúben,dos Santos Gato Alves Dias,https://media.api-sports.io/football/players/567.png,1997-05-14,28.0,Portugal,187.0,76.0,Defender,Manchester City,50,https://media.api-sports.io/football/teams/50.png,2025,3.0
2676,Rúben Neves,Rúben Diogo,da Silva Neves,https://media.api-sports.io/football/players/2676.png,1997-03-13,28.0,Portugal,180.0,78.0,Midfielder,Wolves,39,https://media.api-sports.io/football/teams/39.png,2022,
18745,Rúben Vinagre,Rúben Gonçalo Silva,Nascimento Vinagre,https://media.api-sports.io/football/players/18745.png,1999-04-09,26.0,Portugal,174.0,71.0,Defender,Everton,45,https://media.api-sports.io/football/teams/45.png,2022,
301771,S. Adingra,Simon,Adingra,https://media.api-sports.io/football/players/301771.png,2002-01-01,23.0,Côte d'Ivoire,175.0,68.0,Attacker,Sunderland,746,https://media.api-sports.io/football/teams/746.png,2025,
567998,S. Alabi,,,https://media.api-sports.io/football/players/567998.png,,16.0,,,,Midfielder,Newcastle,34,https://media.api-sports.io/football/teams/34.png,2025,85.0
13109,S. Aluko,Omatsone Folarin,Aluko,https://media.api-sports.io/football/players/13109.png,1989-02-19,35.0,Nigeria,173.0,72.0,Attacker,Ipswich,57,https://media.api-sports.io/football/teams/57.png,2024,
17715,S. Alzate,Steven,Alzate,https://media.api-sports.io/football/players/17715.png,1998-09-08,27.0,Colombia,180.0,75.0,Midfielder,Brighton,51,https://media.api-sports.io/football/teams/51.png,2023,
384981,S. Amissah,Samuel,Amissah,https://media.api-sports.io/football/players/384981.png,2007-03-07,18.0,England,184.0,73.0,Defender,Fulham,36,https://media.api-sports.io/football/teams/36.png,2025,5.0
334035,S. Amo-Ameyaw,Samuel,Amo-Ameyaw,https://media.api-sports.io/football/players/334035.png,2006-07-18,19.0,England,174.0,64.0,Attacker,Southampton,41,https://media.api-sports.io/football/teams/41.png,2024,
74,S. Amrabat,Sofyan,Amrabat,https://media.api-sports.io/football/players/74.png,1996-08-21,29.0,Morocco,183.0,82.0,Midfielder,Manchester United,33,https://media.api-sports.io/football/teams/33.png,2024,
18945,S. Armstrong,Stuart,Armstrong,https://media.api-sports.io/football/players/18945.png,1992-03-30,33.0,Scotland,183.0,75.0,Midfielder,Southampton,41,https://media.api-sports.io/football/teams/41.png,2024,
26305,S. Ascacíbar,Santiago Lionel,Ascacíbar,https://media.api-sports.io/football/players/26305.png,1997-02-25,28.0,Argentina,168.0,70.0,Midfielder,Estudiantes L.P.,450,https://media.api-sports.io/football/teams/450.png,2024,
163,S. Aurier,Sèrge Alain Stéphane,Aurier,https://media.api-sports.io/football/players/163.png,1992-12-24,33.0,Côte d'Ivoire,176.0,76.0,Defender,Nottingham Forest,65,https://media.api-sports.io/football/teams/65.png,2023,
107087,S. Banks,Scott Brian,Banks,https://media.api-sports.io/football/players/107087.png,2001-09-26,24.0,Scotland,183.0,74.0,Attacker,Crystal Palace,52,https://media.api-sports.io/football/teams/52.png,2023,
20110,S. Baptiste,Shandon Harkeem,Baptiste,https://media.api-sports.io/football/players/20110.png,1998-04-08,27.0,Grenada,180.0,67.0,Midfielder,Brentford,55,https://media.api-sports.io/football/teams/55.png,2024,
2109,S. Bastien,Samuel Christopher,Bastien Binda,https://media.api-sports.io/football/players/2109.png,1996-09-26,29.0,Congo DR,175.0,75.0,Midfielder,Burnley,44,https://media.api-sports.io/football/teams/44.png,2023,
400745,S. Bausor,Stevie Ethan,Bausor,https://media.api-sports.io/football/players/400745.png,2005-05-11,20.0,England,,,Goalkeeper,Leicester,46,https://media.api-sports.io/football/teams/46.png,2024,
19312,S. Benda,Steven-Andreas,Benda,https://media.api-sports.io/football/players/19312.png,1998-10-01,27.0,Germany,192.0,83.0,Goalkeeper,Fulham,36,https://media.api-sports.io/football/teams/36.png,2024,
19361,S. Benrahma,Mohamed Saïd,Benrahma,https://media.api-sports.io/football/players/19361.png,1995-08-10,30.0,Algeria,172.0,67.0,Attacker,West Ham,48,https://media.api-sports.io/football/teams/48.png,2023,
1934,S. Berge,Sander Gard,Bolin Berge,https://media.api-sports.io/football/players/1934.png,1998-02-14,27.0,Norway,195.0,96.0,Midfielder,Fulham,36,https://media.api-sports.io/football/teams/36.png,2025,16.0
327749,S. Boniface,Somto chukwu,Boniface,https://media.api-sports.io/football/players/327749.png,2006-03-11,19.0,England,,,Defender,Ipswich,57,https://media.api-sports.io/football/teams/57.png,2024,
1408,S. Bornauw,Sebastiaan,Bornauw,https://media.api-sports.io/football/players/1408.png,1999-03-22,26.0,Belgium,191.0,81.0,Defender,Leeds,63,https://media.api-sports.io/football/teams/63.png,2025,23.0
316516,S. Boselli,Juan Sebastián,Boselli Graf,https://media.api-sports.io/football/players/316516.png,2003-12-04,22.0,Uruguay,183.0,80.0,Defender,Estudiantes L.P.,450,https://media.api-sports.io/football/teams/450.png,2024,
38734,S. Botman,Sven Adriaan,Botman,https://media.api-sports.io/football/players/38734.png,2000-01-12,25.0,Netherlands,193.0,81.0,Defender,Newcastle,34,https://media.api-sports.io/football/teams/34.png,2025,4.0
289624,S. Braybrooke,Samuel Charles,Braybrooke,https://media.api-sports.io/football/players/289624.png,2004-03-12,21.0,England,,,Midfielder,Leicester,46,https://media.api-sports.io/football/teams/46.png,2024,
437557,S. Brits,Thorsten Spike,Brits,https://media.api-sports.io/football/players/437557.png,2007-06-24,18.0,England,190.0,,Goalkeeper,Manchester City,50,https://media.api-sports.io/football/teams/50.png,2024,
135334,S. Bueno,Santiago Ignacio,Bueno Sciutto,https://media.api-sports.io/football/players/135334.png,1998-11-09,27.0,Uruguay,190.0,76.0,Defender,Wolves,39,https://media.api-sports.io/football/teams/39.png,2025,4.0
19287,S. Byram,Samuel Mark,Byram,https://media.api-sports.io/football/players/19287.png,1993-09-16,32.0,England,180.0,72.0,Defender,Leeds,63,https://media.api-sports.io/football/teams/63.png,2025,25.0
19197,S. Carson,Scott Paul,Carson,https://media.api-sports.io/football/players/19197.png,1985-09-03,40.0,England,188.0,85.0,Goalkeeper,Manchester City,50,https://media.api-sports.io/football/teams/50.png,2024,
351344,S. Chambers,Samuel Nicholas,Chambers,https://media.api-sports.io/football/players/351344.png,2007-08-18,18.0,Scotland,176.0,68.0,Midfielder,Leeds,63,https://media.api-sports.io/football/teams/63.png,2025,7.0
284356,S. Charles,Shea Emmanuel,Charles,https://media.api-sports.io/football/players/284356.png,2003-11-05,22.0,Northern Ireland,189.0,87.0,Midfielder,Southampton,41,https://media.api-sports.io/football/teams/41.png,2024,
1696,S. Chukwueze,Samuel Chimerenka,Chukwueze,https://media.api-sports.io/football/players/1696.png,1999-05-22,26.0,Nigeria,172.0,70.0,Attacker,Fulham,36,https://media.api-sports.io/football/teams/36.png,2025,19.0
18758,S. Coleman,Séamus,Coleman,https://media.api-sports.io/football/players/18758.png,1988-10-11,37.0,Republic of Ireland,177.0,67.0,Defender,Everton,45,https://media.api-sports.io/football/teams/45.png,2025,23.0
18863,S. Cook,Steve Anthony,Cook,https://media.api-sports.io/football/players/18863.png,1991-04-19,34.0,England,185.0,82.0,Defender,Nottingham Forest,65,https://media.api-sports.io/football/teams/65.png,2023,
201373,S. Curtis,Sam,Curtis,https://media.api-sports.io/football/players/201373.png,2005-12-01,20.0,Republic of Ireland,185.0,,Defender,Sheffield Utd,62,https://media.api-sports.io/football/teams/62.png,2023,
19126,S. Dallas,Stuart Alan,Dallas,https://media.api-sports.io/football/players/19126.png,1991-04-19,33.0,Northern Ireland,183.0,81.0,Defender,Leeds,63,https://media.api-sports.io/football/teams/63.png,2022,
19964,S. Dembélé,Ben Siriki,Dembélé,https://media.api-sports.io/football/players/19964.png,1996-09-07,29.0,Scotland,173.0,67.0,Midfielder,Bournemouth,35,https://media.api-sports.io/football/teams/35.png,2023,
18962,S. Duffy,Shane Patrick Michael,Duffy,https://media.api-sports.io/football/players/18962.png,1992-01-01,33.0,Republic of Ireland,193.0,76.0,Defender,Brighton,51,https://media.api-sports.io/football/teams/51.png,2022,
278085,S. Edozie,Samuel Ikechukwu,Edozie,https://media.api-sports.io/football/players/278085.png,2003-01-28,22.0,England,181.0,71.0,Midfielder,Southampton,41,https://media.api-sports.io/football/teams/41.png,2024,
2699,S. Ghoddos,Sayed Saman,Ghoddos,https://media.api-sports.io/football/players/2699.png,1993-09-06,32.0,Iran,175.0,79.0,Attacker,Brentford,55,https://media.api-sports.io/football/teams/55.png,2024,
153400,S. Greenwood,Sam,Greenwood,https://media.api-sports.io/football/players/153400.png,2002-01-26,23.0,England,180.0,70.0,Attacker,Leeds,63,https://media.api-sports.io/football/teams/63.png,2022,
308867,S. Grehan,Seán,Grehan,https://media.api-sports.io/football/players/308867.png,2004-01-08,21.0,Republic of Ireland,,,Defender,Crystal Palace,52,https://media.api-sports.io/football/teams/52.png,2024,
162173,S. Iling-Junior,Samuel,Iling-Junior,https://media.api-sports.io/football/players/162173.png,2003-10-04,22.0,England,182.0,74.0,Attacker,Aston Villa,66,https://media.api-sports.io/football/teams/66.png,2025,
19143,S. Johnstone,Samuel Luke,Johnstone,https://media.api-sports.io/football/players/19143.png,1993-03-25,32.0,England,193.0,85.0,Goalkeeper,Wolves,39,https://media.api-sports.io/football/teams/39.png,2025,31.0
7722,S. Kalajdzic,Saša,Kalajdžić,https://media.api-sports.io/football/players/7722.png,1997-07-07,28.0,Austria,200.0,90.0,Attacker,Wolves,39,https://media.api-sports.io/football/teams/39.png,2025,
418210,S. Koné,Sékou,Koné,https://media.api-sports.io/football/players/418210.png,2006-02-03,19.0,Mali,176.0,65.0,Midfielder,Manchester United,33,https://media.api-sports.io/football/teams/33.png,2024,
557462,S. Lacey,,,https://media.api-sports.io/football/players/557462.png,,18.0,,,,Attacker,Manchester United,33,https://media.api-sports.io/football/teams/33.png,2025,7.0
162511,S. Lammens,Senne,Lammens,https://media.api-sports.io/football/players/162511.png,2002-07-07,23.0,Belgium,193.0,70.0,Goalkeeper,Manchester United,33,https://media.api-sports.io/football/teams/33.png,2025,31.0
18901,S. Longstaff,Sean David,Longstaff,https://media.api-sports.io/football/players/18901.png,1997-10-30,28.0,England,180.0,65.0,Midfielder,Leeds,63,https://media.api-sports.io/football/teams/63.png,2025,8.0
2823,S. Lukić,Saša,Lukić,https://media.api-sports.io/football/players/2823.png,1996-08-13,29.0,Serbia,183.0,76.0,Midfielder,Fulham,36,https://media.api-sports.io/football/teams/36.png,2025,20.0
326176,S. Magassa,Soungoutou,Magassa,https://media.api-sports.io/football/players/326176.png,2003-10-08,22.0,France,188.0,80.0,Midfielder,West Ham,48,https://media.api-sports.io/football/teams/48.png,2025,27.0
190686,S. Mara,Sékou,Mara,https://media.api-sports.io/football/players/190686.png,2002-07-30,23.0,France,184.0,73.0,Attacker,Southampton,41,https://media.api-sports.io/football/teams/41.png,2024,
18973,S. March,Solomon Benjamin,March,https://media.api-sports.io/football/players/18973.png,1994-07-20,31.0,England,180.0,88.0,Midfielder,Brighton,51,https://media.api-sports.io/football/teams/51.png,2025,7.0
879,S. Mavididi,Stephy Alvaro,Mavididi,https://media.api-sports.io/football/players/879.png,1998-05-31,27.0,England,182.0,71.0,Attacker,Leicester,46,https://media.api-sports.io/football/teams/46.png,2024,
284186,S. McAllister,Sean Paul,McAllister,https://media.api-sports.io/football/players/284186.png,2002-09-15,23.0,Northern Ireland,179.0,,Midfielder,Everton,45,https://media.api-sports.io/football/teams/45.png,2023,
44811,S. McKenna,Scott,Fraser McKenna,https://media.api-sports.io/football/players/44811.png,1996-11-12,29.0,Scotland,189.0,74.0,Defender,Nottingham Forest,65,https://media.api-sports.io/football/teams/65.png,2023,
903,S. McTominay,Scott Francis,McTominay,https://media.api-sports.io/football/players/903.png,1996-12-08,29.0,Scotland,193.0,88.0,Midfielder,Manchester United,33,https://media.api-sports.io/football/teams/33.png,2024,
382358,S. Mfuni,Stephen,Mfuni,https://media.api-sports.io/football/players/382358.png,2008-02-12,17.0,England,,,Defender,Manchester City,50,https://media.api-sports.io/football/teams/50.png,2025,
284187,S. Mills,Stanley,Mills,https://media.api-sports.io/football/players/284187.png,2003-10-25,22.0,England,,,Midfielder,Everton,45,https://media.api-sports.io/football/teams/45.png,2023,
19089,S. Moore,Simon William,Moore,https://media.api-sports.io/football/players/19089.png,1990-05-19,35.0,England,191.0,83.0,Goalkeeper,Sunderland,746,https://media.api-sports.io/football/teams/746.png,2025,21.0
284391,S. Murray,Sam,Murray,https://media.api-sports.io/football/players/284391.png,2004-09-25,21.0,England,,,Defender,Manchester United,33,https://media.api-sports.io/football/teams/33.png,2024,
394165,S. Neave,Sean Thoms,Neave,https://media.api-sports.io/football/players/394165.png,2007-05-27,18.0,England,,,Attacker,Newcastle,34,https://media.api-sports.io/football/teams/34.png,2025,9.0
397999,S. Olagunju,Saheed,Olagunju,https://media.api-sports.io/football/players/397999.png,2007-01-07,18.0,England,,,Defender,Wolves,39,https://media.api-sports.io/football/teams/39.png,2025,4.0
25004,S. Ortega,Stefan,Ortega Moreno,https://media.api-sports.io/football/players/25004.png,1992-11-06,33.0,Germany,185.0,88.0,Goalkeeper,Manchester City,50,https://media.api-sports.io/football/teams/50.png,2025,27.0
278074,S. Oulad M&apos;Hand,Salah,Oulad M'Hand,https://media.api-sports.io/football/players/278074.png,2003-08-20,22.0,Netherlands,177.0,70.0,Midfielder,Arsenal,42,https://media.api-sports.io/football/teams/42.png,2024,
284471,S. Parkes,Stefan Charles Earl,Parkes,https://media.api-sports.io/football/players/284471.png,2004-03-28,21.0,England,,,Defender,Fulham,36,https://media.api-sports.io/football/teams/36.png,2023,
284408,S. Perkins,Sonny,Tufail Perkins,https://media.api-sports.io/football/players/284408.png,2004-02-10,21.0,England,178.0,,Attacker,Leeds,63,https://media.api-sports.io/football/teams/63.png,2022,
398004,S. Proctor,Sam,Proctor,https://media.api-sports.io/football/players/398004.png,2006-12-21,19.0,England,,,Goalkeeper,Aston Villa,66,https://media.api-sports.io/football/teams/66.png,2025,1.0
278123,S. Revan,Sebastian,Revan,https://media.api-sports.io/football/players/278123.png,2003-07-14,22.0,England,181.0,,Midfielder,Aston Villa,66,https://media.api-sports.io/football/teams/66.png,2024,
557335,S. Ridgeon,,,https://media.api-sports.io/football/players/557335.png,,17.0,,,,Midfielder,Fulham,36,https://media.api-sports.io/football/teams/36.png,2025,10.0
2461,S. Rondón,José Salomón,Rondón Giménez,https://media.api-sports.io/football/players/2461.png,1989-09-16,36.0,Venezuela,186.0,86.0,Attacker,Everton,45,https://media.api-sports.io/football/teams/45.png,2022,
392636,S. Sachdev,Sai,Sachdev,https://media.api-sports.io/football/players/392636.png,2004-10-23,20.0,England,,,Defender,Sheffield Utd,62,https://media.api-sports.io/football/teams/62.png,2023,
163054,S. Shoretire,Shola Maxwell,Shoretire,https://media.api-sports.io/football/players/163054.png,2004-02-02,21.0,England,170.0,70.0,Attacker,Manchester United,33,https://media.api-sports.io/football/teams/33.png,2024,
18884,S. Surridge,Samuel William,Surridge,https://media.api-sports.io/football/players/18884.png,1998-07-28,27.0,England,191.0,77.0,Attacker,Nottingham Forest,65,https://media.api-sports.io/football/teams/65.png,2023,
284523,S. Swinkels,Sil,Laurentius Swinkels,https://media.api-sports.io/football/players/284523.png,2004-01-06,21.0,Netherlands,190.0,78.0,Defender,Aston Villa,66,https://media.api-sports.io/football/teams/66.png,2024,
17579,S. Szmodics,Samuel Joseph,Szmodics,https://media.api-sports.io/football/players/17579.png,1995-09-24,30.0,Republic of Ireland,168.0,64.0,Attacker,Ipswich,57,https://media.api-sports.io/football/teams/57.png,2024,
45815,S. Tedić,Slobodan,Tedić,https://media.api-sports.io/football/players/45815.png,2000-04-13,25.0,Serbia,190.0,79.0,Attacker,Manchester City,50,https://media.api-sports.io/football/teams/50.png,2023,
31146,S. Tonali,Sandro,Tonali,https://media.api-sports.io/football/players/31146.png,2000-05-08,25.0,Italy,181.0,79.0,Midfielder,Newcastle,34,https://media.api-sports.io/football/teams/34.png,2025,8.0
39243,S. Tronstad,Sondre,Bjorvand Tronstad,https://media.api-sports.io/football/players/39243.png,1995-08-26,30.0,Norway,174.0,70.0,Midfielder,Vitesse,200,https://media.api-sports.io/football/teams/200.png,2022,
69403,S. Twine,Scott Edward,Twine,https://media.api-sports.io/football/players/69403.png,1999-07-14,26.0,England,174.0,69.0,Midfielder,Burnley,44,https://media.api-sports.io/football/teams/44.png,2023,
343311,S. Tzimas,Stefanos,Tzimas,https://media.api-sports.io/football/players/343311.png,2006-01-06,19.0,Greece,186.0,77.0,Attacker,Brighton,51,https://media.api-sports.io/football/teams/51.png,2025,9.0
357047,S. van Duivenbooden,Simon,van Duivenbooden,https://media.api-sports.io/football/players/357047.png,2002-05-11,23.0,Netherlands,190.0,80.0,Attacker,Vitesse,200,https://media.api-sports.io/football/teams/200.png,2022,
36922,S. van den Berg,Sepp,van den Berg,https://media.api-sports.io/football/players/36922.png,2001-12-20,24.0,Netherlands,189.0,74.0,Defender,Brentford,55,https://media.api-sports.io/football/teams/55.png,2025,4.0
19558,Sam Morsy,Samy Sayed,Morsy,https://media.api-sports.io/football/players/19558.png,1991-09-10,34.0,Egypt,175.0,70.0,Midfielder,Ipswich,57,https://media.api-sports.io/football/teams/57.png,2024,
327733,Sam Rak-Sakyi,Samuel,Rak-Sakyi,https://media.api-sports.io/football/players/327733.png,2005-03-27,20.0,England,178.0,73.0,Midfielder,Chelsea,49,https://media.api-sports.io/football/teams/49.png,2024,
303017,Samuel Mather,Samuel,Mather,https://media.api-sports.io/football/players/303017.png,2004-09-03,21.0,England,,,Forward,Manchester United,33,https://media.api-sports.io/football/teams/33.png,2024,
206404,Samy Olivier Chouchane,Samy Olivier,Chouchane,https://media.api-sports.io/football/players/206404.png,2003-09-05,22.0,Tunisia,180.0,,Midfielder,Brighton,51,https://media.api-sports.io/football/teams/51.png,2024,
19352,Sergi Canós,Sergi,Canós Tenés,https://media.api-sports.io/football/players/19352.png,1997-02-02,28.0,Spain,177.0,75.0,Midfielder,Brentford,55,https://media.api-sports.io/football/teams/55.png,2023,
23,Sergio Gómez,Sergio,Gómez Martín,https://media.api-sports.io/football/players/23.png,2000-09-04,25.0,Spain,173.0,71.0,Attacker,Manchester City,50,https://media.api-sports.io/football/teams/50.png,2024,
396483,Shea Lacey,Shea,Lacey,https://media.api-sports.io/football/players/396483.png,2007-04-14,18.0,England,167.0,,Attacker,Manchester United,33,https://media.api-sports.io/football/teams/33.png,2024,
359117,Shumaira Mheuka,Shumaira,Mheuka,https://media.api-sports.io/football/players/359117.png,2007-10-20,18.0,England,182.0,75.0,Attacker,Chelsea,49,https://media.api-sports.io/football/teams/49.png,2024,9.0
284403,Silko Amari Otieno Thomas,Silko,Amari Otieno Thomas,https://media.api-sports.io/football/players/284403.png,2004-06-25,21.0,England,,,Attacker,Leicester,46,https://media.api-sports.io/football/teams/46.png,2024,
186,Son Heung-Min,Heung-Min,Son,https://media.api-sports.io/football/players/186.png,1992-07-08,33.0,Korea Republic,183.0,78.0,Attacker,Tottenham,47,https://media.api-sports.io/football/teams/47.png,2024,
330636,Sonny Aljofree,Sonny,Aljofree,https://media.api-sports.io/football/players/330636.png,2004-12-19,21.0,England,186.0,,Defender,Manchester United,33,https://media.api-sports.io/football/teams/33.png,2024,
414455,Souza,João Victor,de Souza Menezes,https://media.api-sports.io/football/players/414455.png,2006-06-16,19.0,Brazil,178.0,67.0,Defender,Tottenham,47,https://media.api-sports.io/football/teams/47.png,2025,38.0
310187,Stefan Bajčetić,Stefan,Bajčetić Maquieira,https://media.api-sports.io/football/players/310187.png,2004-10-22,21.0,Spain,185.0,77.0,Midfielder,Liverpool,40,https://media.api-sports.io/football/teams/40.png,2024,
312256,Sydie Peck,Sydie,Peck,https://media.api-sports.io/football/players/312256.png,2004-09-13,21.0,England,173.0,65.0,Midfielder,Sheffield Utd,62,https://media.api-sports.io/football/teams/62.png,2023,
266657,Sávio,Sávio,Moreira de Oliveira,https://media.api-sports.io/football/players/266657.png,2004-04-10,21.0,Brazil,179.0,66.0,Attacker,Manchester City,50,https://media.api-sports.io/football/teams/50.png,2025,26.0
174174,T. Ablade,Terry,Ablade,https://media.api-sports.io/football/players/174174.png,2001-10-12,24.0,Finland,,,Attacker,Fulham,36,https://media.api-sports.io/football/teams/36.png,2022,
19194,T. Abraham,Tammy,Bakumo-Abraham,https://media.api-sports.io/football/players/19194.png,1997-10-02,28.0,England,190.0,80.0,Attacker,Aston Villa,66,https://media.api-sports.io/football/teams/66.png,2025,18.0
1150,T. Adams,Tyler Shaan,Adams,https://media.api-sports.io/football/players/1150.png,1999-02-14,26.0,USA,175.0,72.0,Midfielder,Bournemouth,35,https://media.api-sports.io/football/teams/35.png,2025,12.0
19145,T. Adarabioyo,Abdul-Nasir Oluwatosin,Oluwadoyinsolami Adarabioyo,https://media.api-sports.io/football/players/19145.png,1997-09-24,28.0,England,196.0,80.0,Defender,Chelsea,49,https://media.api-sports.io/football/teams/49.png,2025,4.0
284493,T. Adaramola,Omotayo Daniel,Adaramola,https://media.api-sports.io/football/players/284493.png,2003-11-14,22.0,Republic of Ireland,177.0,68.0,Defender,Crystal Palace,52,https://media.api-sports.io/football/teams/52.png,2024,
283,T. Alexander-Arnold,Trent John,Alexander-Arnold,https://media.api-sports.io/football/players/283.png,1998-10-07,27.0,England,175.0,67.0,Defender,Liverpool,40,https://media.api-sports.io/football/teams/40.png,2024,
110153,T. Arokodare,Toluwalase Emmanuel,Arokodare,https://media.api-sports.io/football/players/110153.png,2000-11-23,25.0,Nigeria,197.0,97.0,Attacker,Wolves,39,https://media.api-sports.io/football/teams/39.png,2025,14.0
8598,T. Awoniyi,Taiwo Micheal,Awoniyi,https://media.api-sports.io/football/players/8598.png,1997-08-12,28.0,Nigeria,183.0,84.0,Attacker,Nottingham Forest,65,https://media.api-sports.io/football/teams/65.png,2025,9.0
343684,T. Barry,Thierno,Barry,https://media.api-sports.io/football/players/343684.png,2002-10-21,23.0,France,195.0,82.0,Attacker,Everton,45,https://media.api-sports.io/football/teams/45.png,2025,11.0
37130,T. Buitink,Thomas,Buitink,https://media.api-sports.io/football/players/37130.png,2000-06-14,25.0,Netherlands,174.0,71.0,Attacker,Vitesse,200,https://media.api-sports.io/football/teams/200.png,2022,
19025,T. Cairney,Thomas,Cairney,https://media.api-sports.io/football/players/19025.png,1991-01-20,34.0,Scotland,185.0,84.0,Midfielder,Fulham,36,https://media.api-sports.io/football/teams/36.png,2025,10.0
215874,T. Cannon,Thomas Christopher,Cannon,https://media.api-sports.io/football/players/215874.png,2002-12-28,23.0,Republic of Ireland,180.0,64.0,Attacker,Leicester,46,https://media.api-sports.io/football/teams/46.png,2024,
416250,T. Carroll,Theodore,Carroll,https://media.api-sports.io/football/players/416250.png,2006-10-19,19.0,England,,,Defender,Aston Villa,66,https://media.api-sports.io/football/teams/66.png,2025,4.0
2920,T. Castagne,Timothy,Castagne,https://media.api-sports.io/football/players/2920.png,1995-12-05,30.0,Belgium,185.0,80.0,Defender,Fulham,36,https://media.api-sports.io/football/teams/36.png,2025,21.0
19720,T. Chalobah,Trevoh Thomas,Chalobah,https://media.api-sports.io/football/players/19720.png,1999-07-05,26.0,England,190.0,75.0,Defender,Chelsea,49,https://media.api-sports.io/football/teams/49.png,2025,23.0
171035,T. Chirewa,Tawanda,Chirewa,https://media.api-sports.io/football/players/171035.png,2003-10-11,22.0,England,181.0,72.0,Attacker,Wolves,39,https://media.api-sports.io/football/teams/39.png,2025,
906,T. Chong,Tahith Jose,Chong,https://media.api-sports.io/football/players/906.png,1999-12-04,26.0,Netherlands,185.0,75.0,Midfielder,Luton,1359,https://media.api-sports.io/football/teams/1359.png,2023,
280688,T. Corbeanu,Theodor Alexander,Corbeanu,https://media.api-sports.io/football/players/280688.png,2002-05-17,23.0,Canada,190.0,83.0,Attacker,Wolves,39,https://media.api-sports.io/football/teams/39.png,2023,
191337,T. Crama,Tristan,Crama,https://media.api-sports.io/football/players/191337.png,2001-11-08,24.0,France,192.0,78.0,Defender,Brentford,55,https://media.api-sports.io/football/teams/55.png,2024,
18762,T. Davies,Thomas,Davies,https://media.api-sports.io/football/players/18762.png,1998-06-30,27.0,England,180.0,70.0,Midfielder,Everton,45,https://media.api-sports.io/football/teams/45.png,2023,
304317,T. Dibling,Tyler-Jay,Dibling,https://media.api-sports.io/football/players/304317.png,2006-03-12,19.0,England,178.0,72.0,Midfielder,Everton,45,https://media.api-sports.io/football/teams/45.png,2025,20.0
1003,T. Domgjoni,Toni,Domgjoni,https://media.api-sports.io/football/players/1003.png,1998-09-04,27.0,Kosovo,179.0,74.0,Midfielder,Vitesse,200,https://media.api-sports.io/football/teams/200.png,2022,
144732,T. Doyle,Thomas Glyn,Doyle,https://media.api-sports.io/football/players/144732.png,2001-10-17,24.0,England,172.0,73.0,Midfielder,Wolves,39,https://media.api-sports.io/football/teams/39.png,2024,
389302,T. Edozie,Tom,Edozie,https://media.api-sports.io/football/players/389302.png,2006-05-18,19.0,England,178.0,68.0,Attacker,Wolves,39,https://media.api-sports.io/football/teams/39.png,2025,
557460,T. Fletcher,,,https://media.api-sports.io/football/players/557460.png,,18.0,,,,Midfielder,Manchester United,33,https://media.api-sports.io/football/teams/33.png,2025,6.0
192351,T. Fornah,Tyrese Momodu,Fornah,https://media.api-sports.io/football/players/192351.png,1999-09-11,26.0,England,181.0,78.0,Midfielder,Nottingham Forest,65,https://media.api-sports.io/football/teams/65.png,2023,
19831,T. Fosu,Tariqe,Fosu,https://media.api-sports.io/football/players/19831.png,1995-11-05,30.0,Ghana,180.0,75.0,Attacker,Brentford,55,https://media.api-sports.io/football/teams/55.png,2022,
129707,T. Francois,Tyrese Jay,Francois,https://media.api-sports.io/football/players/129707.png,2000-07-16,25.0,Australia,173.0,60.0,Midfielder,Fulham,36,https://media.api-sports.io/football/teams/36.png,2023,
328101,T. Fredricson,Tyler,Fredricson,https://media.api-sports.io/football/players/328101.png,2005-02-23,20.0,England,184.0,70.0,Defender,Manchester United,33,https://media.api-sports.io/football/teams/33.png,2025,4.0
350590,T. Gidaree,Tarik,Gidaree,https://media.api-sports.io/football/players/350590.png,2003-05-08,20.0,England,,,Defender,Bournemouth,35,https://media.api-sports.io/football/teams/35.png,2022,
349384,T. Hall,Tyrese,Hall,https://media.api-sports.io/football/players/349384.png,2005-09-04,20.0,England,,,Midfielder,Tottenham,47,https://media.api-sports.io/football/teams/47.png,2024,
144729,T. Harwood-Bellis,Taylor Jay,Harwood-Bellis,https://media.api-sports.io/football/players/144729.png,2002-01-30,23.0,England,188.0,82.0,Defender,Manchester City,50,https://media.api-sports.io/football/teams/50.png,2024,
2931,T. Heaton,Thomas David,Heaton,https://media.api-sports.io/football/players/2931.png,1986-04-15,39.0,England,188.0,85.0,Goalkeeper,Manchester United,33,https://media.api-sports.io/football/teams/33.png,2025,22.0
384585,T. Hernes,Travis Enrique,Hernes,https://media.api-sports.io/football/players/384585.png,2005-11-04,20.0,England,179.0,72.0,Midfielder,Newcastle,34,https://media.api-sports.io/football/teams/34.png,2024,
19603,T. Holmes,Thomas Richard,Holmes,https://media.api-sports.io/football/players/19603.png,2000-03-12,25.0,England,189.0,82.0,Defender,Luton,1359,https://media.api-sports.io/football/teams/1359.png,2023,
119121,T. Hume,Trai,Hume,https://media.api-sports.io/football/players/119121.png,2002-03-18,23.0,Northern Ireland,180.0,75.0,Defender,Sunderland,746,https://media.api-sports.io/football/teams/746.png,2025,32.0
66240,T. Hájek,Tomáš,Hájek,https://media.api-sports.io/football/players/66240.png,1991-12-01,33.0,Czechia,187.0,77.0,Defender,Vitesse,200,https://media.api-sports.io/football/teams/200.png,2022,
284500,T. Iroegbunam,Timothy Emeka,Iroegbunam,https://media.api-sports.io/football/players/284500.png,2003-06-30,22.0,England,183.0,70.0,Midfielder,Everton,45,https://media.api-sports.io/football/teams/45.png,2025,42.0
8471,T. Kaminski,Thomas,Kaminski,https://media.api-sports.io/football/players/8471.png,1992-10-23,33.0,Belgium,190.0,82.0,Goalkeeper,Luton,1359,https://media.api-sports.io/football/teams/1359.png,2023,
357060,T. Katsukunya,Thierry Alfred Farai,Katsukunya,https://media.api-sports.io/football/players/357060.png,2005-11-30,20.0,Wales,180.0,69.0,Defender,Aston Villa,66,https://media.api-sports.io/football/teams/66.png,2024,
261,T. Kehrer,Jan Thilo,Kehrer,https://media.api-sports.io/football/players/261.png,1996-09-21,29.0,Germany,186.0,76.0,Defender,West Ham,48,https://media.api-sports.io/football/teams/48.png,2023,
82855,T. King,Thomas Lloyd,King,https://media.api-sports.io/football/players/82855.png,1995-03-09,30.0,Wales,194.0,80.0,Goalkeeper,Everton,45,https://media.api-sports.io/football/teams/45.png,2025,31.0
19043,T. Kongolo,Terence,Kongolo,https://media.api-sports.io/football/players/19043.png,1994-02-14,31.0,Netherlands,188.0,70.0,Defender,NAC Breda,203,https://media.api-sports.io/football/teams/203.png,2024,
19061,T. Krul,Timothy Michael,Krul,https://media.api-sports.io/football/players/19061.png,1988-04-03,37.0,Netherlands,193.0,84.0,Goalkeeper,Luton,1359,https://media.api-sports.io/football/teams/1359.png,2023,
138815,T. Lamptey,Tariq Kwame,Nii-Lante Lamptey,https://media.api-sports.io/football/players/138815.png,2000-09-30,25.0,Ghana,163.0,55.0,Defender,Brighton,51,https://media.api-sports.io/football/teams/51.png,2024,
158694,T. Livramento,Valentino Francisco,Livramento,https://media.api-sports.io/football/players/158694.png,2002-11-12,23.0,England,182.0,65.0,Defender,Newcastle,34,https://media.api-sports.io/football/teams/34.png,2025,21.0
20203,T. Lockyer,Thomas Alun,Lockyer,https://media.api-sports.io/football/players/20203.png,1994-12-03,31.0,Wales,185.0,72.0,Defender,Luton,1359,https://media.api-sports.io/football/teams/1359.png,2023,
37145,T. Malacia,Tyrell Johannes Chicco,Malacia,https://media.api-sports.io/football/players/37145.png,1999-08-17,26.0,Netherlands,170.0,67.0,Defender,Manchester United,33,https://media.api-sports.io/football/teams/33.png,2025,12.0
167663,T. McGill,Thomas Peter,Wayne McGill,https://media.api-sports.io/football/players/167663.png,2000-03-25,25.0,Canada,185.0,80.0,Goalkeeper,Brighton,51,https://media.api-sports.io/football/teams/51.png,2024,
153429,T. Mengi,Teden Mambuene,Mengi,https://media.api-sports.io/football/players/153429.png,2002-04-30,23.0,England,186.0,78.0,Defender,Manchester United,33,https://media.api-sports.io/football/teams/33.png,2023,
19179,T. Mings,Tyrone Deon,Mings,https://media.api-sports.io/football/players/19179.png,1993-03-13,32.0,England,196.0,77.0,Defender,Aston Villa,66,https://media.api-sports.io/football/teams/66.png,2025,5.0
182201,T. Mitchell,Tyrick Kwon,Mitchell,https://media.api-sports.io/football/players/182201.png,1999-09-01,26.0,England,175.0,68.0,Midfielder,Crystal Palace,52,https://media.api-sports.io/football/teams/52.png,2025,3.0
162590,T. Morton,Tyler Scott,Morton,https://media.api-sports.io/football/players/162590.png,2002-10-31,23.0,England,182.0,75.0,Midfielder,Liverpool,40,https://media.api-sports.io/football/teams/40.png,2024,
662,T. Ndombélé,Tanguy,Ndombélé Alvaro,https://media.api-sports.io/football/players/662.png,1996-12-28,29.0,France,181.0,76.0,Midfielder,Tottenham,47,https://media.api-sports.io/football/teams/47.png,2023,
397997,T. Nyoni,Treymaurice,Nyoni,https://media.api-sports.io/football/players/397997.png,2007-06-30,18.0,England,180.0,75.0,Midfielder,Liverpool,40,https://media.api-sports.io/football/teams/40.png,2025,42.0
284556,T. O&apos;Reilly,Tommi Dylan,O'Reilly,https://media.api-sports.io/football/players/284556.png,2003-12-15,22.0,England,170.0,63.0,Midfielder,Aston Villa,66,https://media.api-sports.io/football/teams/66.png,2024,
167657,T. Onyango,Tyler Jaden,Napier Edward Onyango,https://media.api-sports.io/football/players/167657.png,2003-03-04,22.0,England,190.0,76.0,Midfielder,Everton,45,https://media.api-sports.io/football/teams/45.png,2025,
149551,T. Parrott,Troy Daniel,Parrott,https://media.api-sports.io/football/players/149551.png,2002-02-04,23.0,Republic of Ireland,185.0,78.0,Attacker,Tottenham,47,https://media.api-sports.io/football/teams/47.png,2024,
49,T. Partey,Thomas,Teye Partey,https://media.api-sports.io/football/players/49.png,1993-06-13,32.0,Ghana,185.0,77.0,Midfielder,Arsenal,42,https://media.api-sports.io/football/teams/42.png,2024,
308843,T. Patterson,Travis,Patterson,https://media.api-sports.io/football/players/308843.png,2005-10-06,20.0,England,178.0,64.0,Defender,Aston Villa,66,https://media.api-sports.io/football/teams/66.png,2025,
19023,T. Ream,Timothy Michael,Ream,https://media.api-sports.io/football/players/19023.png,1987-10-05,38.0,USA,185.0,80.0,Defender,Fulham,36,https://media.api-sports.io/football/teams/36.png,2024,
36902,T. Reijnders,Tijjani,Reijnders,https://media.api-sports.io/football/players/36902.png,1998-07-29,27.0,Netherlands,178.0,73.0,Midfielder,Manchester City,50,https://media.api-sports.io/football/teams/50.png,2025,4.0
546703,T. Rowe,,,https://media.api-sports.io/football/players/546703.png,,19.0,,,,Defender,Aston Villa,66,https://media.api-sports.io/football/teams/66.png,2025,
401389,T. Sanusi,Trevan,Sanusi,https://media.api-sports.io/football/players/401389.png,2007-04-25,18.0,England,178.0,60.0,Attacker,Newcastle,34,https://media.api-sports.io/football/teams/34.png,2024,
342243,T. Setford,Tommy,Hogan Setford,https://media.api-sports.io/football/players/342243.png,2006-03-13,19.0,England,185.0,76.0,Goalkeeper,Arsenal,42,https://media.api-sports.io/football/teams/42.png,2024,35.0
180940,T. Sharman-Lowe,Teddy Samuel,Sharman-Lowe,https://media.api-sports.io/football/players/180940.png,2003-03-30,22.0,England,189.0,73.0,Goalkeeper,Chelsea,49,https://media.api-sports.io/football/teams/49.png,2025,28.0
1243,T. Souček,Tomáš,Souček,https://media.api-sports.io/football/players/1243.png,1995-02-27,30.0,Czechia,192.0,86.0,Midfielder,West Ham,48,https://media.api-sports.io/football/teams/48.png,2025,28.0
1835,T. Strakosha,Thomas,Strakosha,https://media.api-sports.io/football/players/1835.png,1995-03-19,30.0,Albania,186.0,78.0,Goalkeeper,Brentford,55,https://media.api-sports.io/football/teams/55.png,2024,
2597,T. Tomiyasu,Takehiro,Tomiyasu,https://media.api-sports.io/football/players/2597.png,1998-11-05,27.0,Japan,187.0,84.0,Defender,Arsenal,42,https://media.api-sports.io/football/teams/42.png,2024,
18769,T. Walcott,Theo James,Walcott,https://media.api-sports.io/football/players/18769.png,1989-03-16,34.0,England,176.0,68.0,Attacker,Southampton,41,https://media.api-sports.io/football/teams/41.png,2022,
329369,T. Watson,Thomas,Watson,https://media.api-sports.io/football/players/329369.png,2006-04-08,19.0,England,168.0,63.0,Attacker,Brighton,51,https://media.api-sports.io/football/teams/51.png,2025,
1166,T. Werner,Timo,Werner,https://media.api-sports.io/football/players/1166.png,1996-03-06,29.0,Germany,180.0,75.0,Attacker,Tottenham,47,https://media.api-sports.io/football/teams/47.png,2024,
305732,T. Wilson-Brown,Thomas,Wilson-Brown,https://media.api-sports.io/football/players/305732.png,2004-10-05,21.0,England,194.0,,Defender,Leicester,46,https://media.api-sports.io/football/teams/46.png,2024,
278116,Tawanda Jethro Maswanhise,Tawanda Jethro,Maswanhise,https://media.api-sports.io/football/players/278116.png,2002-11-20,23.0,England,180.0,,Attacker,Leicester,46,https://media.api-sports.io/football/teams/46.png,2024,
360010,Taylan Harris,Taylan,Harris,https://media.api-sports.io/football/players/360010.png,2005-10-30,20.0,England,,,Attacker,Luton,1359,https://media.api-sports.io/football/teams/1359.png,2023,
298061,Ted Curd,Ted,Curd,https://media.api-sports.io/football/players/298061.png,2006-02-14,19.0,England,190.0,,Goalkeeper,Chelsea,49,https://media.api-sports.io/football/teams/49.png,2024,
284236,Temple Ojinnaka,Temple,Ojinnaka,https://media.api-sports.io/football/players/284236.png,2005-03-30,20.0,England,191.0,,Midfielder,Wolves,39,https://media.api-sports.io/football/teams/39.png,2025,
691,Tetê,Mateus Cardoso,Lemos Martins,https://media.api-sports.io/football/players/691.png,2000-02-15,25.0,Brazil,175.0,70.0,Forward,Leicester,46,https://media.api-sports.io/football/teams/46.png,2022,
196156,Thiago,Igor Thiago,Nascimento Rodrigues,https://media.api-sports.io/football/players/196156.png,2001-06-26,24.0,Brazil,191.0,85.0,Attacker,Brentford,55,https://media.api-sports.io/football/teams/55.png,2025,9.0
507,Thiago Alcântara,Thiago,Alcântara do Nascimento,https://media.api-sports.io/football/players/507.png,1991-04-11,33.0,Spain,174.0,70.0,Midfielder,Liverpool,40,https://media.api-sports.io/football/teams/40.png,2024,
259,Thiago Silva,Thiago,Emiliano da Silva,https://media.api-sports.io/football/players/259.png,1984-09-22,41.0,Brazil,183.0,79.0,Defender,Chelsea,49,https://media.api-sports.io/football/teams/49.png,2024,
152976,Thomas Daniel Hill,Thomas Daniel,Hill,https://media.api-sports.io/football/players/152976.png,2002-10-13,23.0,England,,,Midfielder,Liverpool,40,https://media.api-sports.io/football/teams/40.png,2024,
400033,Timur Tuterov,Timur,Tuterov,https://media.api-sports.io/football/players/400033.png,2005-06-11,20.0,Ukraine,183.0,70.0,Attacker,Sunderland,746,https://media.api-sports.io/football/teams/746.png,2025,
284400,Tobias Christopher Collyer,Tobias Christopher,Collyer,https://media.api-sports.io/football/players/284400.png,2004-01-03,21.0,England,180.0,73.0,Midfielder,Manchester United,33,https://media.api-sports.io/football/teams/33.png,2024,
455009,Tom Taylor,Tom,Taylor,https://media.api-sports.io/football/players/455009.png,2005-02-21,20.0,England,,,Midfielder,Ipswich,57,https://media.api-sports.io/football/teams/57.png,2024,
328120,Tomas Galvez,Tomas,Galvez,https://media.api-sports.io/football/players/328120.png,2005-01-28,20.0,Finland,176.0,55.0,Defender,Manchester City,50,https://media.api-sports.io/football/teams/50.png,2024,
388510,Tony Yogane,Tony,Yogane,https://media.api-sports.io/football/players/388510.png,2005-09-24,20.0,England,178.0,68.0,Midfielder,Brentford,55,https://media.api-sports.io/football/teams/55.png,2024,
41606,Toti Gomes,Tote António,Gomes,https://media.api-sports.io/football/players/41606.png,1999-01-16,26.0,Portugal,187.0,72.0,Defender,Wolves,39,https://media.api-sports.io/football/teams/39.png,2025,24.0
340246,Trent Toure Kone Doherty,Trent,Toure Kone Doherty,https://media.api-sports.io/football/players/340246.png,2006-06-30,19.0,Republic of Ireland,175.0,65.0,Attacker,Liverpool,40,https://media.api-sports.io/football/teams/40.png,2024,
360269,Triston Rowe,Triston,Rowe,https://media.api-sports.io/football/players/360269.png,2006-05-18,19.0,England,183.0,70.0,Defender,Aston Villa,66,https://media.api-sports.io/football/teams/66.png,2025,
361675,True Grant,True,Grant,https://media.api-sports.io/football/players/361675.png,2005-11-02,20.0,England,,,Goalkeeper,Manchester City,50,https://media.api-sports.io/football/teams/50.png,2024,
284259,Ty Kimoni Barnett,Ty,Kimoni Barnett,https://media.api-sports.io/football/players/284259.png,2005-07-19,20.0,England,,,Attacker,Wolves,39,https://media.api-sports.io/football/teams/39.png,2024,
404017,Tyler Fletcher,Tyler,Fletcher,https://media.api-sports.io/football/players/404017.png,2007-03-19,18.0,England,,,Midfielder,Manchester United,33,https://media.api-sports.io/football/teams/33.png,2024,
334037,Tyrique George,Tyrique Aaron Delali Yusuff,George,https://media.api-sports.io/football/players/334037.png,2006-02-04,19.0,England,181.0,75.0,Attacker,Chelsea,49,https://media.api-sports.io/football/teams/49.png,2025,19.0
319572,V. Barco,Valentín,Barco,https://media.api-sports.io/football/players/319572.png,2004-07-23,21.0,Argentina,170.0,66.0,Midfielder,Brighton,51,https://media.api-sports.io/football/teams/51.png,2024,
50856,V. Castellanos,Valentín Mariano José,Castellanos Giménez,https://media.api-sports.io/football/players/50856.png,1998-10-03,27.0,Argentina,178.0,70.0,Attacker,West Ham,48,https://media.api-sports.io/football/teams/48.png,2025,11.0
1231,V. Coufal,Vladimír,Coufal,https://media.api-sports.io/football/players/1231.png,1992-08-22,33.0,Czechia,174.0,76.0,Defender,West Ham,48,https://media.api-sports.io/football/teams/48.png,2024,
18979,V. Gyökeres,Viktor Einar,Gyökeres,https://media.api-sports.io/football/players/18979.png,1998-06-04,27.0,Sweden,189.0,90.0,Attacker,Arsenal,42,https://media.api-sports.io/football/teams/42.png,2025,14.0
44994,V. Hladký,Václav,Hladký,https://media.api-sports.io/football/players/44994.png,1990-11-14,35.0,Czechia,192.0,80.0,Goalkeeper,Ipswich,57,https://media.api-sports.io/football/teams/57.png,2024,32.0
25073,V. Janelt,Vitaly,Janelt,https://media.api-sports.io/football/players/25073.png,1998-05-10,27.0,Germany,184.0,79.0,Midfielder,Brentford,55,https://media.api-sports.io/football/teams/55.png,2025,27.0
162687,V. Jaroš,Vítězslav,Jaroš,https://media.api-sports.io/football/players/162687.png,2001-07-23,24.0,Czechia,190.0,88.0,Goalkeeper,Liverpool,40,https://media.api-sports.io/football/teams/40.png,2024,
158710,V. Kristiansen,Victor,Bernth Kristiansen,https://media.api-sports.io/football/players/158710.png,2002-12-16,23.0,Denmark,181.0,73.0,Defender,Leicester,46,https://media.api-sports.io/football/teams/46.png,2024,
889,V. Lindelöf,Victor Jörgen,Nilsson Lindelöf,https://media.api-sports.io/football/players/889.png,1994-07-17,31.0,Sweden,187.0,80.0,Defender,Aston Villa,66,https://media.api-sports.io/football/teams/66.png,2025,3.0
2165,V. Mykolenko,Vitalii,Mykolenko,https://media.api-sports.io/football/players/2165.png,1999-05-29,26.0,Ukraine,180.0,71.0,Defender,Everton,45,https://media.api-sports.io/football/teams/45.png,2025,16.0
169291,V. Sinisalo,Viljami Kari Veikko,Sinisalo,https://media.api-sports.io/football/players/169291.png,2001-10-11,24.0,Finland,196.0,76.0,Goalkeeper,Aston Villa,66,https://media.api-sports.io/football/teams/66.png,2024,
290,V. van Dijk,Virgil,van Dijk,https://media.api-sports.io/football/players/290.png,1991-07-08,34.0,Netherlands,195.0,92.0,Defender,Liverpool,40,https://media.api-sports.io/football/teams/40.png,2025,4.0
281975,Val Adedokun,Val,Adedokun,https://media.api-sports.io/football/players/281975.png,2003-02-14,22.0,Republic of Ireland,,,Defender,Brentford,55,https://media.api-sports.io/football/teams/55.png,2024,
412719,Veljko Milosavljević,Veljko,Milosavljević,https://media.api-sports.io/football/players/412719.png,2007-06-28,18.0,Serbia,192.0,,Defender,Bournemouth,35,https://media.api-sports.io/football/teams/35.png,2025,44.0
349288,Vincent Angelini,Vincent,Angelini,https://media.api-sports.io/football/players/349288.png,2003-09-12,22.0,Scotland,186.0,,Goalkeeper,Brentford,55,https://media.api-sports.io/football/teams/55.png,2024,
10169,Vinicius Souza,Vinicius,de Souza Costa,https://media.api-sports.io/football/players/10169.png,1999-06-17,26.0,Brazil,187.0,80.0,Midfielder,Sheffield Utd,62,https://media.api-sports.io/football/teams/62.png,2023,
8661,Vitinho,Victor Alexander,da Silva,https://media.api-sports.io/football/players/8661.png,1999-07-23,26.0,Brazil,175.0,72.0,Defender,Burnley,44,https://media.api-sports.io/football/teams/44.png,2023,
414359,Vitor Nunes,Vitor,de Oliveira Nunes dos Reis,https://media.api-sports.io/football/players/414359.png,2006-01-12,19.0,Brazil,186.0,67.0,Defender,Manchester City,50,https://media.api-sports.io/football/teams/50.png,2024,
305733,W. Alves,William Thomas,Alves,https://media.api-sports.io/football/players/305733.png,2005-05-04,20.0,England,192.0,83.0,Midfielder,Leicester,46,https://media.api-sports.io/football/teams/46.png,2024,
22157,W. Benítez,Walter Daniel,Benítez,https://media.api-sports.io/football/players/22157.png,1993-01-19,32.0,Argentina,191.0,91.0,Goalkeeper,Crystal Palace,52,https://media.api-sports.io/football/teams/52.png,2025,44.0
18739,W. Boly,Willy-Arnaud,Zobo Boly,https://media.api-sports.io/football/players/18739.png,1991-02-03,34.0,Côte d'Ivoire,195.0,92.0,Defender,Nottingham Forest,65,https://media.api-sports.io/football/teams/65.png,2025,30.0
20089,W. Burns,Wesley James,Burns,https://media.api-sports.io/football/players/20089.png,1994-11-23,31.0,Wales,173.0,68.0,Attacker,Ipswich,57,https://media.api-sports.io/football/teams/57.png,2024,
2275,W. Caballero,Wilfredo Daniel,Caballero Lazcano,https://media.api-sports.io/football/players/2275.png,1981-09-28,42.0,Argentina,186.0,81.0,Goalkeeper,Southampton,41,https://media.api-sports.io/football/teams/41.png,2022,
128338,W. Coulibaly,Woyo,Coulibaly,https://media.api-sports.io/football/players/128338.png,1999-05-26,26.0,France,188.0,77.0,Defender,Leicester,46,https://media.api-sports.io/football/teams/46.png,2024,
151756,W. Dennis,William Jonathan,Dennis,https://media.api-sports.io/football/players/151756.png,2000-07-10,25.0,England,188.0,84.0,Goalkeeper,Bournemouth,35,https://media.api-sports.io/football/teams/35.png,2025,
8500,W. Endo,Wataru,Endo,https://media.api-sports.io/football/players/8500.png,1993-02-09,32.0,Japan,178.0,76.0,Midfielder,Liverpool,40,https://media.api-sports.io/football/teams/40.png,2025,3.0
8694,W. Faes,Wout Felix Lina,Faes,https://media.api-sports.io/football/players/8694.png,1998-04-03,27.0,Belgium,187.0,84.0,Defender,Leicester,46,https://media.api-sports.io/football/teams/46.png,2024,
153434,W. Fish,William Thomas,Fish,https://media.api-sports.io/football/players/153434.png,2003-02-17,22.0,England,185.0,,Defender,Manchester United,33,https://media.api-sports.io/football/teams/33.png,2024,
1736,W. Foderingham,Wesley Andrew,Foderingham,https://media.api-sports.io/football/players/1736.png,1991-01-14,34.0,England,185.0,75.0,Goalkeeper,West Ham,48,https://media.api-sports.io/football/teams/48.png,2024,
22094,W. Fofana,Wesley Tidjan,Fofana,https://media.api-sports.io/football/players/22094.png,2000-12-17,25.0,France,190.0,84.0,Defender,Chelsea,49,https://media.api-sports.io/football/teams/49.png,2025,29.0
162128,W. Gnonto,Degnand Wilfried,Gnonto,https://media.api-sports.io/football/players/162128.png,2003-11-05,22.0,Italy,172.0,65.0,Attacker,Leeds,63,https://media.api-sports.io/football/teams/63.png,2025,29.0
18836,W. Hennessey,Wayne Robert,Hennessey,https://media.api-sports.io/football/players/18836.png,1987-01-24,38.0,Wales,198.0,90.0,Goalkeeper,Nottingham Forest,65,https://media.api-sports.io/football/teams/65.png,2024,
18806,W. Hughes,William James,Hughes,https://media.api-sports.io/football/players/18806.png,1995-04-17,30.0,England,185.0,74.0,Midfielder,Crystal Palace,52,https://media.api-sports.io/football/teams/52.png,2025,19.0
84087,W. Isidor,Wilson,Isidor,https://media.api-sports.io/football/players/84087.png,2000-08-27,25.0,France,186.0,79.0,Attacker,Sunderland,746,https://media.api-sports.io/football/teams/746.png,2025,18.0
393195,W. Lankshear,William,Lankshear,https://media.api-sports.io/football/players/393195.png,2005-04-20,20.0,England,188.0,80.0,Attacker,Tottenham,47,https://media.api-sports.io/football/teams/47.png,2024,
415,W. McKennie,Weston James Earl,McKennie,https://media.api-sports.io/football/players/415.png,1998-08-28,27.0,USA,183.0,84.0,Midfielder,Leeds,63,https://media.api-sports.io/football/teams/63.png,2022,
18786,W. Ndidi,Onyinye Wilfred,Ndidi,https://media.api-sports.io/football/players/18786.png,1996-12-16,29.0,Nigeria,183.0,74.0,Midfielder,Leicester,46,https://media.api-sports.io/football/teams/46.png,2024,
336564,W. Odobert,Wilson Serge Eric,Odobert,https://media.api-sports.io/football/players/336564.png,2004-11-28,21.0,France,182.0,76.0,Attacker,Tottenham,47,https://media.api-sports.io/football/teams/47.png,2025,28.0
328081,W. Omoruyi,Wellity,Lucky Omoruyi,https://media.api-sports.io/football/players/328081.png,2006-01-12,19.0,Spain,,,Defender,Liverpool,40,https://media.api-sports.io/football/teams/40.png,2025,3.0
315237,W. Osula,William Idamudia,Daugaard Osula,https://media.api-sports.io/football/players/315237.png,2003-08-04,22.0,Denmark,180.0,81.0,Attacker,Newcastle,34,https://media.api-sports.io/football/teams/34.png,2025,18.0
22090,W. Saliba,William Alain André Gabriel,Saliba,https://media.api-sports.io/football/players/22090.png,2001-03-24,24.0,France,192.0,92.0,Defender,Arsenal,42,https://media.api-sports.io/football/teams/42.png,2025,2.0
130421,W. Smallbone,William Anthony Patrick,Smallbone,https://media.api-sports.io/football/players/130421.png,2000-02-21,25.0,Republic of Ireland,183.0,71.0,Midfielder,Southampton,41,https://media.api-sports.io/football/teams/41.png,2024,
25416,W. Weghorst,Wout,Weghorst,https://media.api-sports.io/football/players/25416.png,1992-08-07,33.0,Netherlands,197.0,84.0,Forward,Burnley,44,https://media.api-sports.io/football/teams/44.png,2023,
3247,W. Zaha,Dazet Wilfried,Armel Zaha,https://media.api-sports.io/football/players/3247.png,1992-11-10,33.0,Côte d'Ivoire,180.0,66.0,Forward,Crystal Palace,52,https://media.api-sports.io/football/teams/52.png,2023,
284487,Wanya Marçal,Wanya,Marçal-Madivadua,https://media.api-sports.io/football/players/284487.png,2002-10-19,23.0,Portugal,181.0,73.0,Attacker,Leicester,46,https://media.api-sports.io/football/teams/46.png,2024,
180919,Welington,Welington Damascena,Santos,https://media.api-sports.io/football/players/180919.png,2001-02-19,24.0,Brazil,177.0,73.0,Defender,Southampton,41,https://media.api-sports.io/football/teams/41.png,2024,
84,Wesley Moraes,Wesley,Moraes Ferreira da Silva,https://media.api-sports.io/football/players/84.png,1996-11-24,29.0,Brazil,191.0,93.0,Attacker,Aston Villa,66,https://media.api-sports.io/football/teams/66.png,2023,
408893,Wesley Okoduwa,Wesley,Okoduwa,https://media.api-sports.io/football/players/408893.png,2008-05-12,17.0,England,176.0,67.0,Defender,Wolves,39,https://media.api-sports.io/football/teams/39.png,2024,
406098,William Stephen Murdock,William Stephen,Murdock,https://media.api-sports.io/football/players/406098.png,2007-05-26,18.0,England,,,Goalkeeper,Manchester United,33,https://media.api-sports.io/football/teams/33.png,2024,
2294,Willian,Willian,Borges da Silva,https://media.api-sports.io/football/players/2294.png,1988-08-09,37.0,Brazil,175.0,77.0,Attacker,Fulham,36,https://media.api-sports.io/football/teams/36.png,2024,
288112,Willy Kambwala Ndengushi,Willy,Kambwala Ndengushi,https://media.api-sports.io/football/players/288112.png,2004-08-25,21.0,France,192.0,85.0,Defender,Manchester United,33,https://media.api-sports.io/football/teams/33.png,2024,
441032,Woody Scott Williamson Andrews,Woody Scott,Williamson Andrews,https://media.api-sports.io/football/players/441032.png,2006-07-07,19.0,England,,,Goalkeeper,Ipswich,57,https://media.api-sports.io/football/teams/57.png,2024,
162016,X. Simons,Xavier Quentin Shay,Simons,https://media.api-sports.io/football/players/162016.png,2003-04-21,22.0,Netherlands,179.0,58.0,Attacker,Tottenham,47,https://media.api-sports.io/football/teams/47.png,2025,7.0
454,Y. Akgün,Yunus,Akgün,https://media.api-sports.io/football/players/454.png,2000-07-07,25.0,Türkiye,173.0,65.0,Forward,Leicester,46,https://media.api-sports.io/football/teams/46.png,2024,
380688,Y. Akhamrich,Yusuf,Akhamrich,https://media.api-sports.io/football/players/380688.png,2005-09-05,20.0,Morocco,,,Attacker,Tottenham,47,https://media.api-sports.io/football/teams/47.png,2025,
265820,Y. Ayari,Yasin,Abbas Ayari,https://media.api-sports.io/football/players/265820.png,2003-10-06,22.0,Sweden,172.0,69.0,Midfielder,Brighton,51,https://media.api-sports.io/football/teams/51.png,2025,26.0
18968,Y. Bissouma,Yves,Bissouma,https://media.api-sports.io/football/players/18968.png,1996-08-30,29.0,Mali,182.0,80.0,Midfielder,Tottenham,47,https://media.api-sports.io/football/teams/47.png,2025,8.0
430734,Y. Konak,Yunus Emre,Konak,https://media.api-sports.io/football/players/430734.png,2006-01-10,20.0,Türkiye,181.0,76.0,Midfielder,Brentford,55,https://media.api-sports.io/football/teams/55.png,2025,
138828,Y. Larouci,Yasser,Larouci,https://media.api-sports.io/football/players/138828.png,2001-01-01,24.0,France,176.0,68.0,Defender,Sheffield Utd,62,https://media.api-sports.io/football/teams/62.png,2023,
2484,Y. Mina,Yerry Fernando,Mina González,https://media.api-sports.io/football/players/2484.png,1994-09-23,31.0,Colombia,195.0,94.0,Defender,Everton,45,https://media.api-sports.io/football/teams/45.png,2022,
383685,Y. Minteh,Yankuba,Minteh Moat,https://media.api-sports.io/football/players/383685.png,2004-07-22,21.0,Gambia,180.0,65.0,Midfielder,Brighton,51,https://media.api-sports.io/football/teams/51.png,2025,11.0
195717,Y. Mosquera,Yerson,Mosquera Valdelamar,https://media.api-sports.io/football/players/195717.png,2001-05-02,24.0,Colombia,187.0,76.0,Defender,Wolves,39,https://media.api-sports.io/football/teams/39.png,2025,15.0
32887,Y. Sugawara,Yukinari,Sugawara,https://media.api-sports.io/football/players/32887.png,2000-06-28,25.0,Japan,179.0,69.0,Defender,Southampton,41,https://media.api-sports.io/football/teams/41.png,2024,
2926,Y. Tielemans,Youri Marion A.,Tielemans,https://media.api-sports.io/football/players/2926.png,1997-05-07,28.0,Belgium,176.0,72.0,Midfielder,Aston Villa,66,https://media.api-sports.io/football/teams/66.png,2025,8.0
18942,Y. Valery,Yan,Valery,https://media.api-sports.io/football/players/18942.png,1999-02-22,26.0,Tunisia,185.0,85.0,Defender,Southampton,41,https://media.api-sports.io/football/teams/41.png,2022,
20649,Y. Wissa,Yoane,Wissa,https://media.api-sports.io/football/players/20649.png,1996-09-03,29.0,Congo DR,176.0,74.0,Attacker,Newcastle,34,https://media.api-sports.io/football/teams/34.png,2025,9.0
263538,Y. Yarmolyuk,Yehor,Yarmolyuk,https://media.api-sports.io/football/players/263538.png,2004-03-01,21.0,Ukraine,180.0,72.0,Midfielder,Brentford,55,https://media.api-sports.io/football/teams/55.png,2025,18.0
376039,Y. Özcan,Yasin,Özcan,https://media.api-sports.io/football/players/376039.png,2006-04-20,19.0,Türkiye,185.0,75.0,Defender,Aston Villa,66,https://media.api-sports.io/football/teams/66.png,2024,
284415,Yago Alonso,Yago,de Santiago Alonso,https://media.api-sports.io/football/players/284415.png,2003-04-15,22.0,Spain,180.0,73.0,Attacker,Tottenham,47,https://media.api-sports.io/football/teams/47.png,2024,
197448,Yan Couto,Yan,Bueno Couto,https://media.api-sports.io/football/players/197448.png,2002-06-03,23.0,Brazil,168.0,60.0,Defender,Manchester City,50,https://media.api-sports.io/football/teams/50.png,2024,
423708,Yang Min-Hyeok,Min-Hyeok,Yang,https://media.api-sports.io/football/players/423708.png,2006-04-16,19.0,Korea Republic,172.0,62.0,Attacker,Tottenham,47,https://media.api-sports.io/football/teams/47.png,2024,
184226,Yeremy Pino,Yeremy Jesús,Pino Santos,https://media.api-sports.io/football/players/184226.png,2002-10-20,23.0,Spain,172.0,65.0,Midfielder,Crystal Palace,52,https://media.api-sports.io/football/teams/52.png,2025,10.0
330412,Youssef Chermiti,Youssef,Ramalho Chermiti,https://media.api-sports.io/football/players/330412.png,2004-05-24,21.0,Portugal,192.0,84.0,Attacker,Everton,45,https://media.api-sports.io/football/teams/45.png,2025,
329357,Z. Abbott,Zach,Abbott,https://media.api-sports.io/football/players/329357.png,2006-05-13,19.0,England,180.0,70.0,Defender,Nottingham Forest,65,https://media.api-sports.io/football/teams/65.png,2025,44.0
123469,Z. Amdouni,Mohamed Zeki,Amdouni,https://media.api-sports.io/football/players/123469.png,2000-12-04,25.0,Switzerland,185.0,79.0,Attacker,Burnley,44,https://media.api-sports.io/football/teams/44.png,2023,
36927,Z. Flemming,Zian,Flemming,https://media.api-sports.io/football/players/36927.png,1998-08-01,27.0,Netherlands,185.0,84.0,Midfielder,Burnley,44,https://media.api-sports.io/football/teams/44.png,2025,19.0
363974,Z. Marsh,Zach,Marsh,https://media.api-sports.io/football/players/363974.png,2005-10-06,20.0,England,176.0,60.0,Attacker,Crystal Palace,52,https://media.api-sports.io/football/teams/52.png,2025,
284557,Z. Monlouis,Zane,Monlouis,https://media.api-sports.io/football/players/284557.png,2003-10-16,22.0,England,185.0,75.0,Defender,Arsenal,42,https://media.api-sports.io/football/teams/42.png,2024,
379627,Z. Nelson,Zack,Nelson,https://media.api-sports.io/football/players/379627.png,2005-04-21,20.0,England,183.0,74.0,Midfielder,Luton,1359,https://media.api-sports.io/football/teams/1359.png,2023,
298060,Z. Silcott-Duberry,Zain Rio,Silcott-Duberry,https://media.api-sports.io/football/players/298060.png,2005-07-09,20.0,England,183.0,73.0,Attacker,Bournemouth,35,https://media.api-sports.io/football/teams/35.png,2024,
50828,Z. Steffen,Zackary Thomas,Steffen,https://media.api-sports.io/football/players/50828.png,1995-04-02,30.0,USA,191.0,86.0,Goalkeeper,Manchester City,50,https://media.api-sports.io/football/teams/50.png,2023,
284532,Zak Norton Sturge,Zak,Norton Sturge,https://media.api-sports.io/football/players/284532.png,2004-06-15,21.0,England,,,Defender,Chelsea,49,https://media.api-sports.io/football/teams/49.png,2024,
284295,Zidane Iqbal,Zidane Aamar,Iqbal,https://media.api-sports.io/football/players/284295.png,2003-04-27,22.0,Iraq,181.0,71.0,Midfielder,Manchester United,33,https://media.api-sports.io/football/teams/33.png,2022,
342467,Á. Pécsi,Ármin,Pécsi,https://media.api-sports.io/football/players/342467.png,2005-02-24,20.0,Hungary,190.0,,Goalkeeper,Liverpool,40,https://media.api-sports.io/football/teams/40.png,2025,1.0
330437,Álex Jiménez,Alejandro,Jiménez Sánchez,https://media.api-sports.io/football/players/330437.png,2005-05-08,20.0,Spain,177.0,73.0,Defender,Bournemouth,35,https://media.api-sports.io/football/teams/35.png,2025,20.0
47547,Álex Moreno,Alexandre,Moreno Lopera,https://media.api-sports.io/football/players/47547.png,1993-06-08,32.0,Spain,179.0,68.0,Defender,Nottingham Forest,65,https://media.api-sports.io/football/teams/65.png,2024,
284300,Álvaro Fernández,Álvaro,Fernández Carreras,https://media.api-sports.io/football/players/284300.png,2003-03-23,22.0,Spain,186.0,78.0,Defender,Manchester United,33,https://media.api-sports.io/football/teams/33.png,2023,
288055,Ângelo,Ângelo Gabriel,Borges Damaceno,https://media.api-sports.io/football/players/288055.png,2004-12-21,21.0,Brazil,180.0,78.0,Attacker,Chelsea,49,https://media.api-sports.io/football/teams/49.png,2024,
18776,Ç. Söyüncü,Çağlar,Söyüncü,https://media.api-sports.io/football/players/18776.png,1996-05-23,29.0,Türkiye,185.0,82.0,Defender,Leicester,46,https://media.api-sports.io/football/teams/46.png,2022,
2986,É. Mendy,Édouard Osoque,Mendy,https://media.api-sports.io/football/players/2986.png,1992-03-01,33.0,Senegal,194.0,86.0,Goalkeeper,Chelsea,49,https://media.api-sports.io/football/teams/49.png,2022,
118307,Đ. Petrović,Đorđe,Petrović,https://media.api-sports.io/football/players/118307.png,1999-10-08,26.0,Serbia,194.0,89.0,Goalkeeper,Bournemouth,35,https://media.api-sports.io/football/teams/35.png,2025,1.0
633,İ. Gündoğan,İlkay,Gündoğan,https://media.api-sports.io/football/players/633.png,1990-10-24,35.0,Germany,180.0,80.0,Midfielder,Manchester City,50,https://media.api-sports.io/football/teams/50.png,2025,
2997,Ł. Fabiański,Łukasz Marek,Fabiański,https://media.api-sports.io/football/players/2997.png,1985-04-18,40.0,Poland,190.0,83.0,Goalkeeper,West Ham,48,https://media.api-sports.io/football/teams/48.png,2025,
284326,Žan-Luk Leban,Žan-Luk,Leban,https://media.api-sports.io/football/players/284326.png,2002-12-15,23.0,Slovenia,188.0,74.0,Goalkeeper,Everton,45,https://media.api-sports.io/football/teams/45.png,2024,
