player_id,season,appearances,minutes,duels_per_90_current,tackles_per_90_current,fouls_per_90_current,duels_per_90_prev,tackles_per_90_prev,fouls_per_90_prev,minutes_vs_last_season,duels_per_90_vs_last_season,appearances_pace,prev_season_appearances
5,2022,30.0,2286.0,6.062992125984252,1.4173228346456692,0.9448818897637795,,,,,,30.0,
17,2022,29.0,830.0,11.602409638554217,1.1927710843373494,1.0843373493975905,,,,,,29.0,
18,2022,26.0,1698.0,8.586572438162545,0.8480565371024734,0.4770318021201414,,,,,,26.0,
23,2022,32.0,350.0,8.742857142857142,2.314285714285714,0.2571428571428571,,,,,,32.0,
44,2022,37.0,2920.0,9.678082191780822,2.065068493150685,1.4486301369863013,,,,,,37.0,
49,2022,33.0,2485.0,10.140845070422536,2.535211267605634,1.3400402414486923,,,,,,33.0,
54,2022,23.0,1248.0,12.403846153846155,0.21634615384615385,2.0913461538461537,,,,,,23.0,
76,2022,0.0,0.0,,,,,,,,,,
80,2022,19.0,733.0,20.50477489768076,2.0873124147339697,1.8417462482946796,,,,,,19.0,
83,2022,9.0,162.0,8.333333333333332,1.1111111111111112,,,,,,,9.0,
95,2022,18.0,912.0,8.68421052631579,1.381578947368421,0.888157894736842,,,,,,18.0,
104,2022,28.0,1144.0,13.138111888111888,0.3146853146853147,1.652097902097902,,,,,,28.0,
130,2022,36.0,2651.0,10.965673330818559,2.4104111655978877,1.5956242927197286,,,,,,36.0,
133,2022,26.0,2027.0,8.25851011346818,1.6872224962999505,1.021213616181549,,,,,,26.0,
147,2022,20.0,781.0,13.482714468629963,2.189500640204866,1.8437900128040972,,,,,,20.0,
150,2022,0.0,0.0,,,,,,,,,,
158,2022,0.0,0.0,,,,,,,,,,
159,2022,26.0,2205.0,0.6938775510204082,0.04081632653061225,,,,,,,26.0,
161,2022,0.0,0.0,,,,,,,,,,
163,2022,24.0,1949.0,10.759363776295537,2.9553617239610053,0.8311954848640329,,,,,,24.0,
164,2022,31.0,2289.0,8.92529488859764,1.1009174311926606,1.1795543905635648,,,,,,31.0,
168,2022,18.0,865.0,9.572254335260116,2.4971098265895955,0.7283236994219653,,,,,,18.0,
169,2022,38.0,3348.0,8.440860215053764,1.9086021505376345,1.2903225806451613,,,,,,38.0,
171,2022,31.0,2653.0,10.855635130041463,2.069355446664154,0.8480964945344892,,,,,,31.0,
172,2022,3.0,38.0,14.210526315789473,,,,,,,,3.0,
174,2022,29.0,2067.0,5.44267053701016,0.957910014513788,0.5660377358490566,,,,,,29.0,
175,2022,33.0,2817.0,6.325878594249201,0.9584664536741214,0.7987220447284344,,,,,,33.0,
178,2022,15.0,139.0,27.194244604316548,5.179856115107914,1.9424460431654678,,,,,,15.0,
180,2022,23.0,1496.0,9.204545454545455,2.0454545454545454,1.3836898395721926,,,,,,23.0,
182,2022,0.0,0.0,,,,,,,,,,
184,2022,38.0,3408.0,10.827464788732394,0.3961267605633803,0.8186619718309859,,,,,,38.0,
186,2022,36.0,2899.0,7.9475681269403236,0.7450845119006555,0.40358744394618834,,,,,,36.0,
190,2022,6.0,195.0,1.3846153846153846,,0.46153846153846156,,,,,,6.0,
190,2022,2.0,27.0,10.0,,3.333333333333333,,,,,,2.0,
207,2022,34.0,2110.0,9.213270142180095,1.7488151658767772,1.2796208530805686,,,,,,34.0,
247,2022,21.0,1465.0,14.129692832764505,1.5972696245733788,1.5972696245733788,,,,,,21.000000000000004,
253,2022,5.0,306.0,0.29411764705882354,,0.29411764705882354,,,,,,5.0,
259,2022,27.0,2352.0,6.1607142857142865,1.568877551020408,0.38265306122448983,,,,,,27.0,
261,2022,27.0,2230.0,7.869955156950673,1.73542600896861,1.251121076233184,,,,,,27.0,
263,2022,3.0,135.0,7.333333333333334,2.0,0.6666666666666667,,,,,,3.0,
279,2022,0.0,0.0,,,,,,,,,,
280,2022,37.0,3330.0,0.6216216216216216,,0.027027027027027025,,,,,,37.0,
281,2022,1.0,90.0,,,,,,,,,1.0,
283,2022,37.0,2931.0,6.724667349027635,1.750255885363357,0.6755373592630501,,,,,,37.0,
284,2022,21.0,1460.0,9.061643835616438,1.726027397260274,0.8013698630136986,,,,,,21.000000000000004,
286,2022,14.0,1092.0,7.912087912087912,1.2362637362637363,0.8241758241758242,,,,,,14.0,
289,2022,34.0,2587.0,6.2968689601855425,1.3219945883262467,0.7653652879783532,,,,,,34.0,
290,2022,33.0,2835.0,5.936507936507937,0.8571428571428572,0.41269841269841273,,,,,,33.0,
292,2022,35.0,2075.0,5.595180722891566,1.3879518072289156,0.7807228915662651,,,,,,35.0,
293,2022,18.0,1039.0,11.953801732435036,2.9451395572666024,1.1260827718960538,,,,,,18.0,
294,2022,8.0,292.0,12.945205479452055,1.5410958904109588,3.698630136986301,,,,,,8.0,
295,2022,16.0,729.0,7.283950617283951,1.1111111111111112,0.24691358024691357,,,,,,16.0,
296,2022,31.0,893.0,13.706606942889138,2.620380739081747,1.612541993281075,,,,,,31.0,
296,2022,31.0,893.0,13.706606942889138,2.620380739081747,1.612541993281075,,,,,,31.0,
297,2022,9.0,334.0,11.856287425149702,1.347305389221557,0.8083832335329341,,,,,,9.0,
299,2022,36.0,2677.0,8.505790063503921,2.1852820321255138,1.7818453492715727,,,,,,36.0,
302,2022,25.0,1212.0,10.396039603960396,1.2623762376237624,0.6683168316831682,,,,,,25.0,
306,2022,38.0,3297.0,8.871701546860782,0.5732484076433121,0.545950864422202,,,,,,38.0,
318,2022,23.0,1800.0,7.95,2.25,1.1,,,,,,23.0,
326,2022,0.0,0.0,,,,,,,,,,
371,2022,16.0,1419.0,11.923890063424949,2.66384778012685,0.9513742071881607,,,,,,16.0,
378,2022,0.0,0.0,,,,,,,,,,
415,2022,19.0,1440.0,10.1875,1.8125000000000002,1.3125,,,,,,19.0,
507,2022,18.0,1254.0,12.559808612440191,3.086124401913876,1.291866028708134,,,,,,18.0,
533,2022,26.0,1959.0,9.234303215926493,2.8483920367534457,0.8728943338437978,,,,,,26.0,
537,2022,33.0,2194.0,8.73746581586144,2.543299908842297,1.1075660893345487,,,,,,33.0,
537,2022,33.0,2194.0,8.73746581586144,2.543299908842297,1.1075660893345487,,,,,,33.0,
547,2022,7.0,164.0,9.878048780487806,,2.1951219512195124,,,,,,7.0,
548,2022,18.0,653.0,13.506891271056661,2.756508422664625,1.653905053598775,,,,,,18.0,
566,2022,0.0,0.0,,,,,,,,,,
567,2022,32.0,1997.0,6.219328993490235,0.9464196294441662,0.85628442663996,,,,,,32.0,
583,2022,16.0,944.0,13.15677966101695,1.3347457627118644,1.4300847457627117,,,,,,16.0,
617,2022,35.0,3150.0,0.5142857142857142,0.08571428571428572,0.02857142857142857,,,,,,35.0,
622,2022,27.0,993.0,6.61631419939577,0.9969788519637462,0.45317220543806647,,,,,,27.0,
623,2022,,,,,,,,,,,,
626,2022,29.0,1848.0,5.0649350649350655,1.12012987012987,0.487012987012987,,,,,,29.0,
627,2022,27.0,1957.0,5.196729688298416,0.5978538579458355,0.6898313745528871,,,,,,27.0,
629,2022,32.0,2425.0,7.7195876288659795,1.0391752577319588,0.7422680412371134,,,,,,32.0,
630,2022,,,,,,,,,,,,
631,2022,33.0,1872.0,10.048076923076923,0.7692307692307693,0.4807692307692308,,,,,,33.0,
632,2022,0.0,0.0,,,,,,,,,,
633,2022,31.0,2377.0,7.307530500631047,1.1358855700462769,0.8708456037021456,,,,,,31.0,
635,2022,38.0,1924.0,10.057172557172558,1.4033264033264035,0.7484407484407485,,,,,,38.0,
636,2022,38.0,2222.0,8.870387038703871,1.7821782178217822,1.2556255625562556,,,,,,38.0,
638,2022,0.0,0.0,,,,,,,,,,
641,2022,27.0,2135.0,7.840749414519907,1.6861826697892273,0.2529274004683841,,,,,,27.0,
643,2022,26.0,2075.0,18.520481927710843,1.4313253012048193,1.8650602409638553,,,,,,26.0,
645,2022,28.0,1903.0,10.877561744613768,0.8512874408828167,0.9931686810299528,,,,,,28.0,
657,2022,31.0,2575.0,10.73009708737864,2.900970873786408,1.4679611650485436,,,,,,31.0,
662,2022,0.0,0.0,,,,,,,,,,
665,2022,20.0,275.0,13.09090909090909,2.290909090909091,0.6545454545454545,,,,,,20.0,
671,2022,8.0,240.0,11.625000000000002,0.375,0.75,,,,,,8.0,
691,2022,13.0,739.0,13.27469553450609,1.7050067658998647,0.3653585926928281,,,,,,13.0,
697,2022,19.0,560.0,14.142857142857142,3.375,0.8035714285714285,,,,,,19.0,
723,2022,32.0,2664.0,16.013513513513512,2.364864864864865,2.1959459459459456,,,,,,32.0,
727,2022,22.0,225.0,17.2,1.6,3.2,,,,,,22.0,
731,2022,17.0,1530.0,0.411764705882353,,,,,,,,17.0,
739,2022,0.0,0.0,,,,,,,,,,
742,2022,24.0,1915.0,5.4986945169712795,1.1279373368146215,0.5639686684073107,,,,,,24.0,
747,2022,28.0,2126.0,13.631232361241768,3.7676387582314206,2.031984948259643,,,,,,28.0,
766,2022,4.0,279.0,0.6451612903225806,,,,,,,,4.0,
842,2022,0.0,0.0,,,,,,,,,,
855,2022,17.0,1279.0,12.032838154808445,2.0406567630961687,0.9147771696637998,,,,,,17.0,
863,2022,18.0,1506.0,10.099601593625497,2.6892430278884465,1.4342629482071714,,,,,,18.0,
874,2022,10.0,520.0,8.134615384615385,0.34615384615384615,1.2115384615384617,,,,,,10.0,
882,2022,38.0,3427.0,0.3151444412022177,,,,,,,,38.0,
883,2022,,,,,,,,,,,,
886,2022,26.0,2155.0,7.517401392111369,2.2552204176334105,0.877030162412993,,,,,,26.0,
888,2022,0.0,0.0,,,,,,,,,,
889,2022,20.0,1360.0,6.75,1.4558823529411766,0.6617647058823529,,,,,,20.0,
889,2022,30.0,1387.0,6.61860129776496,1.4275414563806776,0.6488824801730353,,,,,,30.0,
891,2022,35.0,2562.0,8.957845433255269,1.9320843091334894,1.6159250585480094,,,,,,35.0,
894,2022,29.0,2038.0,7.021589793915604,2.2080471050049066,1.0598626104023552,,,,,,29.0,
895,2022,16.0,795.0,10.075471698113208,1.811320754716981,1.811320754716981,,,,,,16.0,
895,2022,0.0,0.0,,,,,,,,,,
899,2022,33.0,2718.0,8.079470198675498,0.5960264900662252,1.3576158940397351,,,,,,33.0,
900,2022,29.0,927.0,4.951456310679611,0.38834951456310673,0.7766990291262135,,,,,,29.0,
903,2022,26.0,1165.0,14.137339055793992,2.4721030042918453,2.163090128755365,,,,,,26.0,
905,2022,35.0,1265.0,13.517786561264822,3.3438735177865615,2.3478260869565215,,,,,,35.0,
906,2022,0.0,0.0,,,,,,,,,,
908,2022,21.0,979.0,9.101123595505618,0.45965270684371806,0.735444330949949,,,,,,21.000000000000004,
909,2022,35.0,2889.0,9.40809968847352,0.6230529595015576,0.4672897196261683,,,,,,35.0,
912,2022,27.0,2386.0,0.5658005029337804,0.11316010058675607,,,,,,,27.0,
925,2022,13.0,709.0,10.409026798307476,1.0155148095909732,1.3963328631875882,,,,,,13.0,
935,2022,31.0,1943.0,10.468347915594443,1.1116829644879054,1.3432835820895521,,,,,,31.0,
946,2022,14.0,141.0,15.957446808510639,1.9148936170212765,2.5531914893617023,,,,,,14.0,
978,2022,35.0,2579.0,12.702597906165181,1.1865063978286159,2.093834819697557,,,,,,35.0,
983,2022,33.0,1983.0,13.570347957639939,0.6354009077155824,1.3161875945537065,,,,,,33.0,
1003,2022,0.0,0.0,,,,,,,,,,
1093,2022,6.0,211.0,12.796208530805687,4.265402843601896,0.8530805687203792,,,,,,6.0,
1098,2022,30.0,1181.0,12.497883149872989,1.0668924640135478,1.7527519051651144,,,,,,30.0,
1100,2022,36.0,2776.0,7.035302593659942,0.09726224783861673,1.005043227665706,,,,,,36.0,
1117,2022,27.0,777.0,7.760617760617761,2.3166023166023164,0.5791505791505791,,,,,,27.0,
1119,2022,9.0,766.0,8.224543080939947,1.2924281984334205,0.5874673629242819,,,,,,9.0,
1125,2022,32.0,1841.0,14.665942422596414,1.6621401412275938,1.7599130907115696,,,,,,32.0,
1131,2022,0.0,0.0,,,,,,,,,,
1135,2022,35.0,1806.0,14.252491694352159,1.245847176079734,1.3953488372093024,,,,,,35.0,
1145,2022,18.0,1551.0,9.806576402321083,2.2050290135396517,1.6827852998065762,,,,,,18.0,
1150,2022,24.0,2157.0,10.514603616133519,3.713490959666203,1.5438108484005564,,,,,,24.0,
1159,2022,11.0,628.0,10.031847133757962,1.7197452229299361,1.1464968152866242,,,,,,11.0,
1161,2022,12.0,162.0,8.88888888888889,0.5555555555555556,0.5555555555555556,,,,,,12.0,
1165,2022,17.0,971.0,13.625128733264674,0.6488156539649845,1.8537590113285274,,,,,,17.0,
1166,2022,0.0,0.0,,,,,,,,,,
1231,2022,27.0,2139.0,9.08835904628331,2.4403927068723705,1.262272089761571,,,,,,27.0,
1243,2022,36.0,2819.0,12.930117062788224,2.458318552678255,1.596310748492373,,,,,,36.0,
1330,2022,1.0,11.0,8.181818181818182,8.181818181818182,,,,,,,1.0,
1370,2022,13.0,313.0,17.827476038338656,1.4376996805111821,0.8626198083067093,,,,,,13.0,
1427,2022,9.0,536.0,2.6865671641791042,0.16791044776119401,0.16791044776119401,,,,,,9.0,
1427,2022,6.0,195.0,7.384615384615385,0.46153846153846156,0.46153846153846156,,,,,,6.0,
1438,2022,36.0,3240.0,0.4722222222222222,,0.027777777777777776,,,,,,36.0,
1438,2022,0.0,0.0,,,,,,,,,,
1439,2022,0.0,0.0,,,,,,,,,,
1440,2022,14.0,558.0,9.193548387096774,1.2903225806451613,0.8064516129032258,,,,,,14.0,
1452,2022,9.0,117.0,3.8461538461538463,0.7692307692307693,0.7692307692307693,,,,,,9.0,
1455,2022,38.0,3382.0,8.409225310467178,1.8361916026020106,0.5056179775280899,,,,,,38.0,
1456,2022,22.0,1404.0,9.102564102564104,2.884615384615384,0.8333333333333333,,,,,,22.0,
1456,2022,0.0,0.0,,,,,,,,,,
1460,2022,38.0,3194.0,12.257357545397621,1.775203506574828,1.2116468378209142,,,,,,38.0,
1463,2022,35.0,2577.0,9.813736903376018,1.7811408614668218,1.2223515715948776,,,,,,35.0,
1464,2022,37.0,3004.0,7.130492676431424,1.018641810918775,0.7789613848202396,,,,,,37.0,
1465,2022,15.0,550.0,5.072727272727273,0.16363636363636364,0.8181818181818181,,,,,,15.0,
1468,2022,30.0,1069.0,13.470533208606174,1.0944808231992516,2.5257249766136574,,,,,,30.0,
1469,2022,32.0,1856.0,9.067887931034482,0.7273706896551725,1.2122844827586206,,,,,,32.0,
1469,2022,32.0,1856.0,9.067887931034482,0.7273706896551725,1.2122844827586206,,,,,,32.0,
1485,2022,37.0,3325.0,9.52781954887218,1.8406015037593986,1.1368421052631579,,,,,,37.0,
1558,2022,4.0,360.0,1.0,,,,,,,,4.0,
1564,2022,19.0,1368.0,10.328947368421053,3.0921052631578947,1.5789473684210527,,,,,,19.0,
1566,2022,26.0,1736.0,11.30184331797235,2.7995391705069124,1.0887096774193548,,,,,,26.0,
1578,2022,0.0,0.0,,,,,,,,,,
1590,2022,36.0,3240.0,0.5277777777777778,0.027777777777777776,0.027777777777777776,,,,,,36.0,
1600,2022,20.0,768.0,8.7890625,1.640625,1.5234375,,,,,,20.0,
1605,2022,32.0,1771.0,10.519480519480519,1.3721061547148505,1.32128740824393,,,,,,32.0,
1646,2022,28.0,2170.0,14.764976958525345,2.9447004608294933,2.0737327188940093,,,,,,28.0,
1649,2022,0.0,0.0,,,,,,,,,,
1697,2022,32.0,1502.0,8.568575233022637,1.7976031957390146,0.8388814913448736,,,,,,32.0,
1746,2022,30.0,2222.0,7.695769576957695,2.146714671467147,1.0936093609360935,,,,,,30.0,
1835,2022,0.0,0.0,,,,,,,,,,
1853,2022,0.0,0.0,,,,,,,,,,
1864,2022,18.0,970.0,10.298969072164947,1.0206185567010309,0.7422680412371134,,,,,,18.0,
1902,2022,13.0,945.0,6.0,1.3333333333333335,0.8571428571428572,,,,,,13.0,
1904,2022,24.0,1783.0,11.660123387549074,2.927650028042625,1.7162086371284353,,,,,,24.0,
1914,2022,2.0,9.0,50.0,20.0,,,,,,,2.0,
1946,2022,20.0,929.0,9.590958019375673,1.16254036598493,0.8719052744886975,,,,,,20.0,
1946,2022,16.0,1326.0,6.719457013574661,0.8144796380090499,0.6108597285067874,,,,,,16.0,
1972,2022,0.0,0.0,,,,,,,,,,
2048,2022,16.0,1264.0,7.120253164556963,1.7800632911392407,1.0680379746835444,,,,,,16.0,
2056,2022,13.0,768.0,9.4921875,1.40625,1.5234375,,,,,,13.0,
2061,2022,4.0,148.0,12.162162162162163,1.8243243243243243,1.2162162162162162,,,,,,4.0,
2114,2022,16.0,715.0,14.853146853146853,2.3916083916083917,1.3846153846153846,,,,,,16.0,
2165,2022,34.0,2655.0,7.559322033898305,1.966101694915254,0.983050847457627,,,,,,34.0,
2273,2022,29.0,2566.0,0.8417770849571318,0.0701480904130943,,,,,,,29.0,
2275,2022,0.0,0.0,,,,,,,,,,
2278,2022,0.0,0.0,,,,,,,,,,
2279,2022,0.0,0.0,,,,,,,,,,
2280,2022,25.0,1522.0,9.224704336399475,2.542706964520368,1.5965834428383707,,,,,,25.0,
2281,2022,,,,,,,,,,,,
2284,2022,22.0,1321.0,8.448145344436034,1.7713853141559426,0.8856926570779713,,,,,,22.0,
2284,2022,0.0,0.0,,,,,,,,,,
2287,2022,0.0,0.0,,,,,,,,,,
2288,2022,,,,,,,,,,,,
2289,2022,14.0,853.0,9.81242672919109,1.899179366940211,0.6330597889800704,,,,,,14.0,
2289,2022,18.0,1282.0,6.528861154446178,1.263650546021841,0.421216848673947,,,,,,18.0,
2290,2022,7.0,520.0,9.346153846153847,2.769230769230769,0.8653846153846154,,,,,,7.0,
2291,2022,27.0,1704.0,8.609154929577466,1.9014084507042253,0.9507042253521126,,,,,,27.0,
2292,2022,25.0,1543.0,11.84057031756319,1.458198314970836,0.5832793259883344,,,,,,25.0,
2294,2022,27.0,2142.0,7.563025210084034,0.546218487394958,0.46218487394957986,,,,,,27.0,
2298,2022,0.0,0.0,,,,,,,,,,
2413,2022,27.0,1006.0,14.940357852882705,1.878727634194831,1.2524850894632207,,,,,,27.0,
2461,2022,10.0,123.0,13.902439024390244,,2.9268292682926833,,,,,,10.0,
2467,2022,27.0,2115.0,7.787234042553192,2.2978723404255317,0.8936170212765958,,,,,,27.0,
2473,2022,10.0,245.0,5.877551020408164,0.7346938775510204,0.3673469387755102,,,,,,10.0,
2484,2022,24.0,596.0,10.268456375838927,2.2651006711409396,0.9060402684563758,,,,,,24.0,
2489,2022,17.0,996.0,17.259036144578314,1.536144578313253,1.8072289156626506,,,,,,17.0,
2490,2022,37.0,3255.0,7.880184331797235,1.3824884792626728,1.023041474654378,,,,,,37.0,
2507,2022,34.0,2508.0,8.433014354066986,1.6507177033492824,0.7894736842105263,,,,,,34.0,
2597,2022,21.0,652.0,11.733128834355828,3.7269938650306744,0.8282208588957056,,,,,,21.000000000000004,
2676,2022,35.0,3020.0,7.956953642384106,2.3543046357615895,1.1324503311258278,,,,,,35.0,
2677,2022,31.0,1784.0,8.778026905829597,2.5728699551569507,1.56390134529148,,,,,,31.0,
2678,2022,22.0,1131.0,14.323607427055702,1.830238726790451,1.5119363395225462,,,,,,22.0,
2699,2022,15.0,125.0,15.84,1.44,2.16,,,,,,15.0,
2724,2022,28.0,1500.0,9.12,1.8,1.14,,,,,,28.0,
2724,2022,28.0,1500.0,9.12,1.8,1.14,,,,,,28.0,
2726,2022,25.0,1991.0,4.79156202913109,0.40683073832245104,0.6328478151682572,,,,,,25.0,
2729,2022,32.0,2784.0,7.564655172413794,1.3577586206896552,0.872844827586207,,,,,,32.0,
2731,2022,18.0,1099.0,6.223839854413103,1.392174704276615,0.7370336669699727,,,,,,18.0,
2734,2022,36.0,2786.0,10.33740129217516,2.035175879396985,0.9691313711414214,,,,,,36.0,
2735,2022,35.0,3133.0,8.100861793807852,1.6086817746568782,1.091605489945739,,,,,,35.0,
2778,2022,28.0,1120.0,12.535714285714286,0.5625,1.4464285714285712,,,,,,28.0,
2784,2022,0.0,0.0,,,,,,,,,,
2806,2022,37.0,3209.0,8.24555936428794,1.3181676534746027,0.5609224057338735,,,,,,37.0,
2807,2022,28.0,2165.0,6.983833718244804,1.7875288683602772,0.9976905311778291,,,,,,28.0,
2810,2022,7.0,413.0,9.152542372881356,1.9612590799031475,1.089588377723971,,,,,,7.0,
2823,2022,12.0,407.0,11.056511056511058,1.769041769041769,2.8746928746928746,,,,,,12.0,
2825,2022,24.0,2015.0,17.910669975186106,0.6253101736972705,1.5186104218362284,,,,,,24.0,
2852,2022,3.0,76.0,13.026315789473685,1.1842105263157894,1.1842105263157894,,,,,,3.0,
2855,2022,1.0,1.0,,,,,,,,,1.0,
2864,2022,22.0,1527.0,12.20039292730845,1.0609037328094302,1.119842829076621,,,,,,22.0,
2887,2022,15.0,842.0,11.971496437054633,0.9619952494061756,1.496437054631829,,,,,,15.0,
2920,2022,37.0,3256.0,9.066339066339067,2.404791154791155,0.6910319410319411,,,,,,37.0,
2922,2022,20.0,689.0,7.445573294629899,2.481857764876633,0.13062409288824384,,,,,,20.0,
2922,2022,4.0,212.0,24.19811320754717,8.066037735849056,0.4245283018867924,,,,,,4.0,
2925,2022,22.0,639.0,9.71830985915493,1.6901408450704225,1.267605633802817,,,,,,22.0,
2926,2022,31.0,2351.0,9.378987664823478,2.526584432156529,1.2632922160782645,,,,,,31.0,
2927,2022,0.0,0.0,,,,,,,,,,
2928,2022,0.0,0.0,,,,,,,,,,
2930,2022,0.0,0.0,,,,,,,,,,
2930,2022,0.0,0.0,,,,,,,,,,
2931,2022,0.0,0.0,,,,,,,,,,
2932,2022,37.0,3330.0,0.5135135135135135,,0.027027027027027025,,,,,,37.0,
2933,2022,25.0,1416.0,9.597457627118644,1.3347457627118644,0.826271186440678,,,,,,25.0,
2934,2022,12.0,983.0,11.719226856561546,0.6408952187182095,0.6408952187182095,,,,,,12.0,
2935,2022,31.0,778.0,8.2133676092545,0.9254498714652956,0.9254498714652956,,,,,,31.0,
2936,2022,38.0,3420.0,8.236842105263158,1.3421052631578947,1.0526315789473684,,,,,,38.0,
2937,2022,37.0,3272.0,7.674205378973105,2.172982885085575,0.632640586797066,,,,,,37.0,
2938,2022,38.0,3373.0,7.817966202193893,1.7343611028757784,0.9072042691965609,,,,,,38.0,
2939,2022,32.0,1886.0,9.257688229056205,0.42948038176033937,1.0021208907741253,,,,,,32.0,
2986,2022,23.0,855.0,0.631578947368421,,,,,,,,23.0,
2990,2022,33.0,2594.0,10.894371626831148,3.3654587509637626,1.491904394757132,,,,,,33.0,
2991,2022,21.0,879.0,11.058020477815699,3.0716723549488054,2.2525597269624575,,,,,,21.000000000000004,
2997,2022,36.0,3114.0,0.6647398843930635,0.057803468208092484,,,,,,,36.0,
2999,2022,3.0,99.0,4.545454545454545,2.7272727272727275,0.9090909090909092,,,,,,3.0,
2999,2022,2.0,160.0,2.8125,1.6875,0.5625,,,,,,2.0,
3008,2022,14.0,266.0,13.872180451127818,4.060150375939849,3.3834586466165413,,,,,,14.0,
3240,2022,0.0,0.0,,,,,,,,,,
3246,2022,0.0,0.0,,,,,,,,,,
3247,2022,27.0,2294.0,14.908456843940716,1.2554489973844813,1.3731473408892763,,,,,,27.0,
3339,2022,34.0,2786.0,8.076094759511845,2.4874371859296485,1.2275664034458005,,,,,,34.0,
3421,2022,20.0,1610.0,5.478260869565218,1.0621118012422361,0.391304347826087,,,,,,20.0,
3428,2022,38.0,2721.0,19.250275633958104,2.183020948180816,1.587651598676957,,,,,,38.0,
5996,2022,18.0,1551.0,9.980657640232108,2.611218568665377,0.6382978723404256,,,,,,18.0,
6009,2022,31.0,1451.0,10.544452101998623,1.6126809097174364,1.3025499655410062,,,,,,31.0,
6610,2022,31.0,2496.0,6.346153846153846,1.8028846153846156,1.0456730769230769,,,,,,31.0,
6716,2022,35.0,2886.0,10.50935550935551,2.182952182952183,1.0914760914760915,,,,,,35.0,
7722,2022,1.0,45.0,2.0,,,,,,,,1.0,
8598,2022,29.0,1434.0,12.11297071129707,1.0669456066945606,1.506276150627615,,,,,,29.0,
8694,2022,31.0,2787.0,7.330462863293865,1.8083961248654468,0.7427341227125942,,,,,,31.0,
9926,2022,6.0,179.0,13.072625698324023,2.513966480446927,2.011173184357542,,,,,,6.0,
9971,2022,25.0,1817.0,9.212988442487617,1.089708310401761,0.7429829389102917,,,,,,25.0,
10122,2022,28.0,2222.0,9.5994599459946,2.106210621062106,1.1746174617461747,,,,,,28.0,
10135,2022,32.0,2735.0,12.965265082266912,2.56672760511883,1.4808043875685557,,,,,,32.0,
13489,2022,12.0,150.0,22.8,1.2000000000000002,5.3999999999999995,,,,,,12.0,
15745,2022,20.0,1102.0,6.6152450090744095,1.7967332123411979,0.32667876588021777,,,,,,20.0,
15799,2022,21.0,843.0,13.772241992882563,2.0284697508896796,1.6014234875444842,,,,,,21.000000000000004,
15812,2022,11.0,409.0,25.08557457212714,0.6601466992665037,3.080684596577017,,,,,,11.0,
15908,2022,26.0,980.0,11.387755102040815,2.846938775510204,1.193877551020408,,,,,,26.0,
17365,2022,19.0,933.0,7.331189710610932,1.639871382636656,0.9646302250803859,,,,,,19.0,
17448,2022,0.0,0.0,,,,,,,,,,
17715,2022,0.0,0.0,,,,,,,,,,
17736,2022,12.0,1080.0,0.25,,,,,,,,12.0,
17772,2022,0.0,0.0,,,,,,,,,,
18146,2022,26.0,2340.0,0.4230769230769231,0.038461538461538464,,,,,,,26.0,
18739,2022,0.0,0.0,,,,,,,,,,
18739,2022,20.0,687.0,6.943231441048035,1.7030567685589522,0.6550218340611353,,,,,,20.0,
18740,2022,18.0,1262.0,11.26782884310618,2.4247226624405704,0.9270998415213947,,,,,,18.0,
18741,2022,24.0,2096.0,4.165076335877862,0.601145038167939,0.4723282442748092,,,,,,24.0,
18741,2022,0.0,0.0,,,,,,,,,,
18742,2022,12.0,667.0,10.659670164917541,2.0239880059970017,1.4842578710644678,,,,,,12.0,
18744,2022,37.0,3308.0,6.5840386940749696,0.9794437726723096,0.4897218863361548,,,,,,37.0,
18745,2022,21.0,30.0,27.0,6.0,,,,,,,21.000000000000004,
18746,2022,2.0,180.0,203.0,12.999999999999998,16.0,,,,,,2.0,
18746,2022,35.0,2977.0,12.27410144440712,0.7860262008733624,0.9674168626133691,,,,,,35.0,
18751,2022,0.0,0.0,,,,,,,,,,
18752,2022,0.0,0.0,,,,,,,,,,
18753,2022,34.0,1483.0,15.05057316250843,0.8496291301416049,1.2744436952124072,,,,,,34.0,
18758,2022,23.0,1663.0,7.955502104630186,1.894167167769092,0.5411906193625977,,,,,,23.0,
18762,2022,34.0,539.0,11.187384044526901,2.504638218923933,1.6697588126159555,,,,,,34.0,
18765,2022,0.0,0.0,,,,,,,,,,
18766,2022,17.0,1174.0,16.788756388415674,0.30664395229982966,1.686541737649063,,,,,,17.0,
18769,2022,20.0,1134.0,7.857142857142857,1.0317460317460316,0.5555555555555556,,,,,,20.0,
18770,2022,0.0,0.0,,,,,,,,,,
18771,2022,10.0,451.0,10.776053215077605,2.1951219512195124,0.7982261640798226,,,,,,10.0,
18772,2022,13.0,1052.0,6.159695817490494,1.1121673003802282,0.7699619771863118,,,,,,13.0,
18776,2022,7.0,534.0,11.629213483146069,2.359550561797753,1.1797752808988764,,,,,,7.0,
18777,2022,6.0,233.0,7.339055793991416,1.5450643776824033,0.7725321888412017,,,,,,6.0,
18778,2022,34.0,2720.0,11.084558823529413,0.8602941176470589,1.2573529411764706,,,,,,34.0,
18779,2022,0.0,0.0,,,,,,,,,,
18781,2022,33.0,2512.0,11.464968152866241,1.1823248407643312,0.8598726114649681,,,,,,33.0,
18784,2022,30.0,2485.0,11.625754527162979,1.8470824949698188,1.1227364185110664,,,,,,30.0,
18785,2022,19.0,749.0,7.209612817089453,1.5620827770360481,1.081441922563418,,,,,,19.0,
18786,2022,27.0,1681.0,10.707911957168353,3.2659131469363474,1.552647233789411,,,,,,27.0,
18788,2022,37.0,1852.0,10.205183585313176,0.48596112311015116,1.0205183585313176,,,,,,37.0,
18803,2022,4.0,10.0,62.99999999999999,9.0,18.0,,,,,,4.0,
18805,2022,25.0,1526.0,9.790301441677588,1.8283093053735255,1.2385321100917432,,,,,,25.0,
18806,2022,27.0,828.0,10.543478260869566,3.1521739130434785,2.065217391304348,,,,,,27.0,
18812,2022,0.0,0.0,,,,,,,,,,
18813,2022,28.0,2235.0,5.033557046979865,0.8456375838926173,0.36241610738255037,,,,,,28.0,
18814,2022,25.0,2010.0,5.731343283582089,1.2537313432835822,0.7164179104477612,,,,,,25.0,
18814,2022,0.0,0.0,,,,,,,,,,
18815,2022,12.0,530.0,5.60377358490566,0.5094339622641509,0.5094339622641509,,,,,,12.0,
18817,2022,16.0,1236.0,5.825242718446601,0.8009708737864077,0.14563106796116507,,,,,,16.0,
18819,2022,33.0,1836.0,15.980392156862745,0.6862745098039216,1.3725490196078431,,,,,,33.0,
18820,2022,1.0,0.0,,,,,,,,,1.0,
18823,2022,17.0,859.0,8.381839348079163,2.0954598370197908,0.31431897555296856,,,,,,17.0,
18826,2022,,,,,,,,,,,,
18835,2022,27.0,2430.0,0.5555555555555556,,0.037037037037037035,,,,,,27.0,
18836,2022,4.0,270.0,0.6666666666666667,0.33333333333333337,,,,,,,4.0,
18843,2022,34.0,2546.0,11.276512175962294,2.3330714846818537,1.8028279654359782,,,,,,34.0,
18844,2022,6.0,336.0,6.428571428571428,1.0714285714285714,0.8035714285714285,,,,,,6.0,
18846,2022,19.0,1436.0,8.147632311977715,2.5069637883008355,0.6894150417827298,,,,,,19.0,
18847,2022,28.0,2254.0,8.624667258207632,1.9964507542147294,1.157941437444543,,,,,,28.0,
18849,2022,4.0,51.0,10.588235294117647,1.7647058823529411,,,,,,,4.0,
18852,2022,18.0,503.0,9.840954274353876,2.326043737574553,2.68389662027833,,,,,,18.0,
18853,2022,6.0,58.0,12.413793103448276,3.103448275862069,3.103448275862069,,,,,,6.0,
18854,2022,0.0,0.0,,,,,,,,,,
18858,2022,38.0,90.0,1.0,,,,,,,,38.0,
18860,2022,12.0,1034.0,0.3481624758220503,,,,,,,,12.0,
18861,2022,30.0,1882.0,5.6429330499468655,1.2433581296493093,0.5738575982996812,,,,,,30.0,
18862,2022,22.0,1642.0,4.9878197320341044,1.4799025578562728,0.5481120584652862,,,,,,22.0,
18863,2022,12.0,959.0,5.255474452554744,0.7507820646506778,0.4692387904066736,,,,,,12.0,
18866,2022,26.0,2198.0,7.0837124658780715,1.8425841674249317,0.6551410373066424,,,,,,26.0,
18869,2022,37.0,2949.0,6.927772126144456,1.4954221770091558,0.8850457782299085,,,,,,37.0,
18870,2022,6.0,170.0,12.705882352941176,0.5294117647058824,1.588235294117647,,,,,,6.0,
18872,2022,28.0,1712.0,7.149532710280373,1.9450934579439252,0.7885514018691588,,,,,,28.0,
18873,2022,8.0,311.0,6.366559485530547,0.5787781350482315,0.8681672025723474,,,,,,8.0,
18878,2022,4.0,57.0,3.1578947368421053,,,,,,,,4.0,
18883,2022,33.0,2872.0,13.944986072423397,0.4700557103064067,1.2534818941504178,,,,,,33.0,
18884,2022,20.0,305.0,19.18032786885246,1.4754098360655739,3.5409836065573774,,,,,,20.0,
18885,2022,0.0,0.0,,,,,,,,,,
18886,2022,0.0,0.0,,,,,,,,,,
18886,2022,0.0,0.0,,,,,,,,,,
18892,2022,0.0,0.0,,,,,,,,,,
18893,2022,0.0,0.0,,,,,,,,,,
18894,2022,7.0,214.0,7.149532710280373,0.4205607476635514,2.5233644859813085,,,,,,7.0,
18896,2022,4.0,33.0,8.181818181818182,8.181818181818182,,,,,,,4.0,
18901,2022,33.0,2517.0,8.724672228843861,1.5017878426698452,1.036948748510131,,,,,,33.0,
18902,2022,0.0,0.0,,,,,,,,,,
18903,2022,7.0,32.0,14.0625,2.8125,,,,,,,7.0,
18904,2022,8.0,542.0,0.49815498154981547,0.16605166051660517,0.16605166051660517,,,,,,8.0,
18904,2022,3.0,34.0,7.9411764705882355,2.6470588235294117,2.6470588235294117,,,,,,3.0,
18906,2022,8.0,380.0,18.0,2.6052631578947367,1.657894736842105,,,,,,8.0,
18911,2022,37.0,3262.0,0.3034947884733292,0.0275904353157572,0.0275904353157572,,,,,,37.0,
18917,2022,37.0,3272.0,9.187041564792176,1.2377750611246943,0.3850855745721271,,,,,,37.0,
18929,2022,36.0,2500.0,11.628,2.3040000000000003,0.792,,,,,,36.0,
18931,2022,7.0,376.0,16.03723404255319,1.196808510638298,0.9574468085106382,,,,,,7.0,
18931,2022,18.0,437.0,13.79862700228833,1.0297482837528604,0.8237986270022883,,,,,,18.0,
18932,2022,14.0,1214.0,0.4448105436573311,0.07413509060955518,,,,,,,14.0,
18935,2022,6.0,540.0,0.5,,,,,,,,6.0,
18936,2022,0.0,0.0,,,,,,,,,,
18940,2022,15.0,1171.0,5.226302305721605,1.1528608027327072,0.6148590947907772,,,,,,15.0,
18940,2022,2.0,44.0,139.0909090909091,30.68181818181818,16.363636363636363,,,,,,2.0,
18941,2022,29.0,630.0,9.571428571428571,1.8571428571428572,1.4285714285714284,,,,,,29.0,
18942,2022,1.0,46.0,7.826086956521739,,,,,,,,1.0,
18943,2022,0.0,0.0,,,,,,,,,,
18945,2022,32.0,1403.0,11.482537419814683,2.052744119743407,1.090520313613685,,,,,,32.0,
18946,2022,33.0,2180.0,12.055045871559633,1.8990825688073396,1.6926605504587158,,,,,,33.0,
18947,2022,19.0,1303.0,8.772064466615502,2.6247122026093628,1.2432847275518035,,,,,,19.0,
18948,2022,1.0,1.0,,,,,,,,,1.0,
18949,2022,1.0,75.0,8.4,1.2000000000000002,1.2000000000000002,,,,,,1.0,
18955,2022,17.0,771.0,10.505836575875486,1.1673151750972763,0.933852140077821,,,,,,17.0,
18955,2022,18.0,819.0,9.89010989010989,1.098901098901099,0.8791208791208791,,,,,,18.0,
18959,2022,23.0,2070.0,0.391304347826087,0.043478260869565216,0.043478260869565216,,,,,,23.0,
18960,2022,37.0,1350.0,0.26666666666666666,,0.06666666666666667,,,,,,37.0,
18961,2022,38.0,3115.0,8.20545746388443,1.7335473515248796,1.0112359550561798,,,,,,38.0,
18962,2022,0.0,0.0,,,,,,,,,,
18962,2022,4.0,2.0,225.0,,,,,,,,4.0,
18963,2022,36.0,3240.0,6.083333333333333,0.8333333333333333,0.5,,,,,,36.0,
18963,2022,36.0,3240.0,6.083333333333333,0.8333333333333333,0.5,,,,,,36.0,
18968,2022,23.0,1003.0,7.447657028913261,1.435692921236291,1.5254237288135593,,,,,,23.0,
18970,2022,37.0,3245.0,6.517719568567026,1.6363636363636362,0.9707241910631742,,,,,,37.0,
18972,2022,0.0,0.0,,,,,,,,,,
18973,2022,33.0,2724.0,11.56387665198238,1.751101321585903,1.5198237885462555,,,,,,33.0,
18973,2022,33.0,2724.0,11.56387665198238,1.751101321585903,1.5198237885462555,,,,,,33.0,
18978,2022,0.0,0.0,,,,,,,,,,
18985,2022,0.0,0.0,,,,,,,,,,
18996,2022,0.0,0.0,,,,,,,,,,
19004,2022,36.0,2486.0,8.833467417538214,1.5205148833467417,1.2308930008045054,,,,,,36.0,
19012,2022,0.0,0.0,,,,,,,,,,
19015,2022,0.0,0.0,,,,,,,,,,
19016,2022,14.0,342.0,7.894736842105263,2.3684210526315788,1.8421052631578947,,,,,,14.0,
19023,2022,33.0,2899.0,5.122456019317006,0.9313556398758193,0.5588133839254915,,,,,,33.0,
19025,2022,33.0,967.0,9.865563598759048,1.5822130299896586,0.7445708376421925,,,,,,33.0,
19027,2022,17.0,764.0,11.42670157068063,2.0026178010471205,0.9424083769633509,,,,,,17.0,
19032,2022,17.0,811.0,9.099876695437732,1.7755856966707768,1.6646115906288534,,,,,,17.0,
19035,2022,32.0,1613.0,9.373837569745815,1.5065096094234345,0.7811531308121512,,,,,,32.0,
19043,2022,0.0,0.0,,,,,,,,,,
19071,2022,38.0,2420.0,14.169421487603305,1.8966942148760328,1.5991735537190084,,,,,,38.0,
19073,2022,13.0,803.0,10.423412204234122,2.2415940224159403,1.1207970112079702,,,,,,13.0,
19076,2022,2.0,9.0,10.0,,,,,,,,2.0,
19088,2022,18.0,1620.0,0.16666666666666669,,0.05555555555555555,,,,,,18.0,
19088,2022,18.0,1620.0,0.16666666666666669,,0.05555555555555555,,,,,,18.0,
19116,2022,29.0,2048.0,13.271484375,2.900390625,0.6591796875,,,,,,29.0,
19118,2022,18.0,1426.0,10.35063113604488,2.3983169705469845,0.7573632538569425,,,,,,18.0,
19124,2022,12.0,723.0,6.0995850622406635,0.6224066390041494,0.24896265560165975,,,,,,12.0,
19126,2022,0.0,0.0,,,,,,,,,,
19127,2022,12.0,477.0,11.320754716981131,2.2641509433962264,1.1320754716981132,,,,,,12.0,
19128,2022,36.0,2728.0,12.173753665689148,1.3196480938416424,1.2536656891495601,,,,,,36.0,
19130,2022,12.0,290.0,10.862068965517242,1.8620689655172413,3.103448275862069,,,,,,12.0,
19134,2022,28.0,1521.0,12.071005917159763,0.5325443786982248,1.4792899408284024,,,,,,28.0,
19143,2022,30.0,810.0,0.4444444444444444,,0.1111111111111111,,,,,,30.0,
19145,2022,25.0,2083.0,6.653864618338933,1.2962073931829092,0.7345175228036487,,,,,,25.0,
19147,2022,17.0,1417.0,2.985179957657022,0.6351446718419196,0.38108680310515175,,,,,,17.0,
19147,2022,8.0,720.0,5.875,1.25,0.75,,,,,,8.0,
19150,2022,8.0,507.0,9.40828402366864,1.952662721893491,1.5976331360946745,,,,,,8.0,
19163,2022,36.0,1243.0,8.761061946902656,1.0860820595333869,0.5792437650844731,,,,,,36.0,
19173,2022,0.0,0.0,,,,,,,,,,
19174,2022,0.0,0.0,,,,,,,,,,
19177,2022,0.0,0.0,,,,,,,,,,
19179,2022,35.0,3150.0,4.800000000000001,0.4285714285714286,0.5142857142857142,,,,,,35.0,
19179,2022,35.0,3150.0,4.800000000000001,0.4285714285714286,0.5142857142857142,,,,,,35.0,
19182,2022,0.0,0.0,,,,,,,,,,
19185,2022,0.0,0.0,,,,,,,,,,
19187,2022,33.0,2063.0,11.778962675714979,1.0906446921958313,1.177896267571498,,,,,,33.0,
19191,2022,35.0,2702.0,11.558105107327906,2.1983715766099188,1.3656550703182828,,,,,,35.0,
19192,2022,35.0,2647.0,11.458254627880619,2.3460521344918774,1.1900264450321119,,,,,,35.0,
19195,2022,0.0,0.0,,,,,,,,,,
19197,2022,0.0,0.0,,,,,,,,,,
19220,2022,24.0,1657.0,9.885334942667471,1.792395896197948,1.5208207604103803,,,,,,24.0,
19221,2022,29.0,1096.0,10.593065693430656,1.7244525547445255,0.9032846715328468,,,,,,29.0,
19229,2022,0.0,0.0,,,,,,,,,,
19229,2022,0.0,0.0,,,,,,,,,,
19235,2022,4.0,3.0,90.0,,,,,,,,4.0,
19245,2022,23.0,1749.0,14.459691252144083,1.6981132075471697,1.0806174957118353,,,,,,23.0,
19263,2022,23.0,2041.0,5.556099951004409,1.455169034786869,0.7496325330720235,,,,,,23.0,
19265,2022,31.0,1996.0,6.538076152304609,0.9919839679358718,0.45090180360721444,,,,,,31.0,
19281,2022,11.0,250.0,16.2,0.36,2.16,,,,,,11.0,
19298,2022,26.0,1819.0,7.866959868059374,2.721275426058274,1.039032435404068,,,,,,26.0,
19298,2022,26.0,1819.0,7.866959868059374,2.721275426058274,1.039032435404068,,,,,,26.0,
19299,2022,11.0,492.0,9.878048780487806,3.292682926829268,1.646341463414634,,,,,,11.0,
19305,2022,26.0,1839.0,10.717781402936378,1.8597063621533443,2.4469820554649266,,,,,,26.0,
19307,2022,0.0,0.0,,,,,,,,,,
19308,2022,,,,,,,,,,,,
19309,2022,0.0,0.0,,,,,,,,,,
19329,2022,20.0,611.0,9.574468085106384,1.32569558101473,0.2945990180032733,,,,,,20.0,
19329,2022,4.0,199.0,29.39698492462312,4.07035175879397,0.9045226130653267,,,,,,4.0,
19341,2022,18.0,180.0,1.5,0.5,,,,,,,18.0,
19345,2022,3.0,17.0,5.294117647058823,,,,,,,,3.0,
19346,2022,37.0,3244.0,9.07213316892725,1.5813810110974105,0.8877928483353884,,,,,,37.0,
19350,2022,0.0,0.0,,,,,,,,,,
19352,2022,5.0,72.0,17.5,,3.75,,,,,,5.0,
19354,2022,38.0,3330.0,6.243243243243243,1.135135135135135,0.32432432432432434,,,,,,38.0,
19354,2022,38.0,3330.0,6.243243243243243,1.135135135135135,0.32432432432432434,,,,,,38.0,
19356,2022,1.0,8.0,11.25,,,,,,,,1.0,
19361,2022,35.0,2070.0,10.173913043478262,1.0869565217391304,0.6956521739130435,,,,,,35.0,
19362,2022,36.0,1380.0,9.91304347826087,1.1739130434782608,0.9130434782608695,,,,,,36.0,
19364,2022,27.0,1113.0,,,,,,,,,27.0,
19364,2022,0.0,0.0,,,,,,,,,,
19366,2022,37.0,3136.0,10.417729591836734,0.545280612244898,0.7461734693877552,,,,,,37.0,
19393,2022,5.0,14.0,25.71428571428571,6.428571428571428,,,,,,,5.0,
19428,2022,38.0,3237.0,11.621872103799813,1.0843373493975905,0.7228915662650601,,,,,,38.0,
19454,2022,7.0,285.0,7.894736842105263,2.210526315789474,2.8421052631578947,,,,,,7.0,
19465,2022,38.0,3420.0,0.6052631578947368,,,,,,,,38.0,
19480,2022,37.0,2882.0,7.838306731436502,1.3740458015267174,1.1866759195003471,,,,,,37.0,
19482,2022,20.0,1018.0,7.426326129666013,1.768172888015717,1.5029469548133596,,,,,,20.0,
19484,2022,30.0,1334.0,8.973013493253372,0.9445277361319341,1.1469265367316341,,,,,,30.0,
19495,2022,26.0,1808.0,7.217920353982301,1.3440265486725664,0.8462389380530975,,,,,,26.0,
19524,2022,28.0,1998.0,13.693693693693694,0.7657657657657658,1.7117117117117118,,,,,,28.0,
19545,2022,16.0,1244.0,10.635048231511254,2.242765273311897,0.6511254019292604,,,,,,16.0,
19549,2022,35.0,3089.0,8.565878925218517,1.8064098413726126,0.9614762058918744,,,,,,35.0,
19569,2022,15.0,200.0,23.85,2.6999999999999997,2.6999999999999997,,,,,,15.0,
19586,2022,38.0,2643.0,12.360953461975027,1.4301929625425651,0.9194097616345063,,,,,,38.0,
19599,2022,37.0,3147.0,0.6291706387035272,,0.028598665395614873,,,,,,37.0,
19599,2022,37.0,3147.0,0.6291706387035272,,0.028598665395614873,,,,,,37.0,
19610,2022,0.0,0.0,,,,,,,,,,
19617,2022,37.0,2757.0,13.2208922742111,1.8933623503808488,0.9140369967355823,,,,,,37.0,
19657,2022,2.0,180.0,0.5,,,,,,,,2.0,
19719,2022,5.0,368.0,6.114130434782608,1.2228260869565217,0.24456521739130435,,,,,,5.0,
19720,2022,25.0,1604.0,7.743142144638404,1.7394014962593516,0.6172069825436408,,,,,,25.0,
19733,2022,21.0,754.0,8.355437665782494,1.909814323607427,0.9549071618037135,,,,,,21.000000000000004,
19760,2022,14.0,1254.0,9.904306220095695,1.4354066985645932,0.5741626794258373,,,,,,14.0,
19769,2022,10.0,293.0,9.829351535836178,1.5358361774744027,1.2286689419795223,,,,,,10.0,
19789,2022,30.0,2700.0,8.0,1.7333333333333334,0.2,,,,,,30.0,
19804,2022,27.0,1270.0,17.64566929133858,0.9921259842519685,1.8425196850393701,,,,,,27.0,
19824,2022,19.0,1457.0,9.63623884694578,2.409059711736445,1.0501029512697322,,,,,,19.0,
19825,2022,21.0,1226.0,14.314845024469822,2.2756933115823816,0.734094616639478,,,,,,21.000000000000004,
19831,2022,0.0,0.0,,,,,,,,,,
19842,2022,0.0,0.0,,,,,,,,,,
19860,2022,0.0,0.0,,,,,,,,,,
19866,2022,2.0,10.0,,,,,,,,,2.0,
19959,2022,38.0,3067.0,7.306814476687316,1.7606781871535702,0.8216498206716661,,,,,,38.0,
19964,2022,6.0,104.0,21.634615384615387,2.5961538461538463,0.8653846153846154,,,,,,6.0,
19974,2022,33.0,2953.0,14.690145614629191,0.7009820521503556,1.5848289874703692,,,,,,33.0,
20069,2022,0.0,0.0,,,,,,,,,,
20079,2022,12.0,991.0,7.537840565085771,1.3622603430877902,0.4540867810292634,,,,,,12.0,
20093,2022,0.0,0.0,,,,,,,,,,
20110,2022,28.0,612.0,11.323529411764707,2.2058823529411766,1.6176470588235292,,,,,,28.0,
20224,2022,0.0,0.0,,,,,,,,,,
20319,2022,0.0,0.0,,,,,,,,,,
20355,2022,38.0,3420.0,0.3157894736842105,0.026315789473684213,,,,,,,38.0,
20503,2022,13.0,580.0,10.39655172413793,2.4827586206896552,0.7758620689655172,,,,,,13.0,
20557,2022,18.0,819.0,11.208791208791208,2.7472527472527473,1.978021978021978,,,,,,18.0,
20589,2022,38.0,2931.0,10.501535312180144,0.7983623336745138,0.8290685772773797,,,,,,38.0,
20600,2022,29.0,1838.0,10.2829162132753,2.64417845484222,1.5179542981501633,,,,,,29.0,
20619,2022,34.0,3060.0,0.7352941176470589,0.058823529411764705,0.029411764705882353,,,,,,34.0,
20649,2022,38.0,1599.0,10.131332082551594,0.9568480300187618,1.1819887429643527,,,,,,38.0,
20850,2022,0.0,0.0,,,,,,,,,,
21090,2022,3.0,204.0,5.735294117647058,0.4411764705882353,0.8823529411764706,,,,,,3.0,
21138,2022,21.0,1068.0,12.808988764044942,2.7808988764044944,1.2640449438202246,,,,,,21.000000000000004,
21636,2022,0.0,0.0,,,,,,,,,,
21694,2022,18.0,1595.0,6.996865203761756,1.5235109717868338,0.45141065830721006,,,,,,18.0,
22090,2022,27.0,2416.0,6.7052980132450335,1.2665562913907285,0.7077814569536424,,,,,,27.0,
22094,2022,2.0,180.0,69.0,15.0,5.5,,,,,,2.0,
22094,2022,16.0,1187.0,10.46335299073294,2.2746419545071612,0.8340353833192923,,,,,,16.0,
22166,2022,0.0,0.0,,,,,,,,,,
22173,2022,25.0,1131.0,13.050397877984084,0.7957559681697614,0.47745358090185674,,,,,,25.0,
22224,2022,38.0,3411.0,8.021108179419524,1.266490765171504,0.6596306068601583,,,,,,38.0,
22233,2022,26.0,1634.0,11.12607099143207,3.13953488372093,1.7074663402692778,,,,,,26.0,
22265,2022,0.0,0.0,,,,,,,,,,
24882,2022,27.0,1557.0,8.497109826589595,1.6184971098265895,1.2716763005780347,,,,,,27.0,
24888,2022,27.0,1128.0,12.367021276595743,1.595744680851064,1.595744680851064,,,,,,27.0,
25004,2022,38.0,270.0,0.33333333333333337,,,,,,,,38.0,
25061,2022,24.0,1885.0,7.877984084880636,1.7665782493368702,0.42970822281167104,,,,,,24.0,
25073,2022,35.0,2208.0,8.60054347826087,2.2010869565217392,0.8967391304347825,,,,,,35.0,
25114,2022,0.0,0.0,,,,,,,,,,
25416,2022,17.0,807.0,11.375464684014869,1.2267657992565055,1.5613382899628254,,,,,,17.0,
25916,2022,15.0,1162.0,6.583476764199656,1.3941480206540449,0.9294320137693632,,,,,,15.0,
25927,2022,29.0,753.0,15.179282868525895,0.8366533864541833,1.9123505976095616,,,,,,29.0,
26238,2022,36.0,3178.0,9.09062303335431,1.5009439899307742,0.9911894273127754,,,,,,36.0,
26475,2022,22.0,618.0,8.300970873786408,1.0194174757281553,2.1844660194174756,,,,,,22.0,
30407,2022,22.0,1770.0,10.322033898305085,2.6440677966101696,1.7796610169491527,,,,,,22.0,
30435,2022,30.0,2079.0,12.554112554112555,1.645021645021645,1.5584415584415585,,,,,,30.0,
30471,2022,0.0,0.0,,,,,,,,,,
30476,2022,21.0,1172.0,8.754266211604095,1.8430034129692832,1.2286689419795223,,,,,,21.000000000000004,
30544,2022,16.0,929.0,10.07534983853606,0.9687836383207751,1.55005382131324,,,,,,16.0,
30776,2022,2.0,180.0,126.49999999999999,34.0,21.0,,,,,,2.0,
31057,2022,7.0,429.0,16.573426573426573,3.5664335664335662,0.8391608391608392,,,,,,7.0,
36865,2022,0.0,0.0,,,,,,,,,,
36922,2022,0.0,0.0,,,,,,,,,,
37122,2022,0.0,0.0,,,,,,,,,,
37127,2022,37.0,3149.0,8.031120990790727,1.0288980628771038,0.8574150523975865,,,,,,37.0,
37130,2022,0.0,0.0,,,,,,,,,,
37145,2022,22.0,1392.0,9.504310344827587,2.974137931034483,2.521551724137931,,,,,,22.0,
37161,2022,19.0,874.0,15.446224256292906,2.1624713958810067,1.4416475972540046,,,,,,19.0,
37276,2022,0.0,0.0,,,,,,,,,,
37276,2022,0.0,0.0,,,,,,,,,,
37440,2022,1.0,10.0,18.0,,,,,,,,1.0,
37724,2022,28.0,1417.0,13.211009174311927,1.9054340155257588,1.397318278052223,,,,,,28.0,
38695,2022,8.0,291.0,12.061855670103093,2.4742268041237114,2.1649484536082477,,,,,,8.0,
38695,2022,8.0,291.0,12.061855670103093,2.4742268041237114,2.1649484536082477,,,,,,8.0,
38731,2022,0.0,0.0,,,,,,,,,,
38734,2022,36.0,3128.0,5.437979539641944,1.0933503836317136,0.43158567774936063,,,,,,36.0,
39105,2022,0.0,0.0,,,,,,,,,,
39243,2022,0.0,0.0,,,,,,,,,,
40401,2022,1.0,15.0,,,,,,,,,1.0,
40434,2022,0.0,0.0,,,,,,,,,,
40911,2022,0.0,0.0,,,,,,,,,,
41104,2022,35.0,3113.0,13.674911660777385,4.221008673305493,1.3877288788949567,,,,,,35.0,
41577,2022,0.0,0.0,,,,,,,,,,
41606,2022,17.0,980.0,8.357142857142858,1.3775510204081631,1.469387755102041,,,,,,17.0,
41621,2022,34.0,2479.0,12.63412666397741,2.4324324324324325,1.3432835820895521,,,,,,34.0,
41725,2022,22.0,499.0,8.837675350701403,1.0821643286573146,0.5410821643286573,,,,,,22.0,
44811,2022,20.0,1573.0,5.378258105530833,0.6865861411315957,0.45772409408773046,,,,,,20.0,
44871,2022,28.0,1929.0,8.818040435458787,1.7729393468118195,0.9331259720062208,,,,,,28.0,
44912,2022,0.0,0.0,,,,,,,,,,
46731,2022,35.0,2682.0,9.53020134228188,2.046979865771812,1.4093959731543624,,,,,,35.0,
46792,2022,0.0,0.0,,,,,,,,,,
47302,2022,8.0,648.0,7.5,1.8055555555555554,0.8333333333333333,,,,,,8.0,
47341,2022,32.0,2329.0,10.201803349076856,2.550450837269214,1.5457277801631601,,,,,,32.0,
47380,2022,24.0,1678.0,9.600715137067938,3.539928486293206,0.8581644815256257,,,,,,24.0,
47380,2022,0.0,0.0,,,,,,,,,,
47438,2022,37.0,2830.0,9.604240282685513,2.2261484098939928,1.017667844522968,,,,,,37.0,
47480,2022,22.0,1973.0,8.62138874809934,2.3264064875823616,1.1860111505321844,,,,,,22.0,
47519,2022,15.0,1137.0,10.606860158311346,1.978891820580475,0.9498680738786279,,,,,,15.0,
47522,2022,37.0,2933.0,9.604500511421753,2.2400272758267987,1.4728946471189908,,,,,,37.0,
47547,2022,19.0,1334.0,10.794602698650674,1.5517241379310345,1.1469265367316341,,,,,,19.0,
50739,2022,36.0,2384.0,13.477348993288592,1.6988255033557047,0.6040268456375839,,,,,,36.0,
50816,2022,0.0,0.0,,,,,,,,,,
50999,2022,0.0,0.0,,,,,,,,,,
51572,2022,16.0,468.0,17.30769230769231,3.653846153846154,1.3461538461538463,,,,,,16.0,
51617,2022,29.0,1699.0,11.33608004708652,0.5826957033549146,1.324308416715715,,,,,,29.0,
56296,2022,0.0,0.0,,,,,,,,,,
60353,2022,0.0,0.0,,,,,,,,,,
61178,2022,1.0,0.0,,,,,,,,,1.0,
61431,2022,18.0,431.0,6.473317865429234,1.4617169373549883,0.2088167053364269,,,,,,18.0,
63577,2022,19.0,661.0,13.071104387291982,1.497730711043873,1.0892586989409985,,,,,,19.0,
64003,2022,29.0,2204.0,11.515426497277677,3.4301270417422867,1.1842105263157894,,,,,,29.0,
64304,2022,0.0,0.0,,,,,,,,,,
64304,2022,0.0,0.0,,,,,,,,,,
66240,2022,0.0,0.0,,,,,,,,,,
67971,2022,37.0,3330.0,6.837837837837839,1.4054054054054053,0.6486486486486487,,,,,,37.0,
67972,2022,35.0,1614.0,15.111524163568774,2.5650557620817844,1.9516728624535316,,,,,,35.0,
68127,2022,0.0,0.0,,,,,,,,,,
69257,2022,0.0,0.0,,,,,,,,,,
70078,2022,4.0,60.0,12.0,1.5,1.5,,,,,,4.0,
70747,2022,20.0,800.0,15.3,1.4625000000000001,1.4625000000000001,,,,,,20.0,
70747,2022,20.0,800.0,15.3,1.4625000000000001,1.4625000000000001,,,,,,20.0,
70767,2022,0.0,0.0,,,,,,,,,,
84081,2022,10.0,22.0,16.363636363636363,8.181818181818182,,,,,,,10.0,
90494,2022,0.0,0.0,,,,,,,,,,
90590,2022,11.0,264.0,27.272727272727273,3.409090909090909,1.7045454545454546,,,,,,11.0,
90590,2022,11.0,264.0,27.272727272727273,3.409090909090909,1.7045454545454546,,,,,,11.0,
92987,2022,0.0,0.0,,,,,,,,,,
105971,2022,32.0,2880.0,0.59375,0.03125,0.03125,,,,,,32.0,
106086,2022,0.0,0.0,,,,,,,,,,
106725,2022,10.0,317.0,10.220820189274448,0.28391167192429023,0.28391167192429023,,,,,,10.0,
106835,2022,33.0,2316.0,11.619170984455959,1.7098445595854923,1.1269430051813472,,,,,,33.0,
106835,2022,33.0,2316.0,11.619170984455959,1.7098445595854923,1.1269430051813472,,,,,,33.0,
116117,2022,37.0,3140.0,10.777070063694268,2.8662420382165603,1.8630573248407643,,,,,,37.0,
126791,2022,0.0,0.0,,,,,,,,,,
126949,2022,27.0,443.0,6.907449209932279,1.8284424379232505,0.4063205417607223,,,,,,27.0,
127472,2022,2.0,66.0,9.545454545454545,2.7272727272727275,1.3636363636363638,,,,,,2.0,
127605,2022,0.0,0.0,,,,,,,,,,
127769,2022,36.0,2806.0,11.7712045616536,0.9942979330007128,1.2508909479686388,,,,,,36.0,
129643,2022,21.0,956.0,8.284518828451883,0.5648535564853556,0.8472803347280335,,,,,,21.000000000000004,
129707,2022,1.0,0.0,,,,,,,,,1.0,
129711,2022,38.0,2941.0,8.415504930295818,1.0404624277456647,1.1322679360761645,,,,,,38.0,
129712,2022,1.0,7.0,51.42857142857142,,,,,,,,1.0,
130419,2022,0.0,0.0,,,,,,,,,,
130423,2022,0.0,0.0,,,,,,,,,,
130423,2022,30.0,521.0,7.08253358925144,0.8637236084452974,1.381957773512476,,,,,,30.0,
131278,2022,0.0,0.0,,,,,,,,,,
135525,2022,0.0,0.0,,,,,,,,,,
136723,2022,12.0,645.0,16.046511627906977,1.6744186046511627,0.5581395348837209,,,,,,12.0,
137220,2022,1.0,11.0,,,,,,,,,1.0,
137220,2022,1.0,11.0,,,,,,,,,1.0,
137302,2022,6.0,43.0,14.651162790697676,,4.186046511627907,,,,,,6.0,
138411,2022,0.0,0.0,,,,,,,,,,
138417,2022,19.0,1277.0,10.853563038371183,3.453406421299922,0.9866875489428347,,,,,,19.0,
138780,2022,31.0,1876.0,13.144989339019189,3.454157782515992,1.5831556503198294,,,,,,31.0,
138786,2022,11.0,221.0,14.660633484162897,,,,,,,,11.0,
138787,2022,16.0,480.0,34.6875,6.375,3.75,,,,,,16.0,
138787,2022,16.0,1096.0,15.19160583941606,2.791970802919708,1.6423357664233575,,,,,,16.0,
138793,2022,1.0,4.0,45.0,,,,,,,,1.0,
138804,2022,0.0,0.0,,,,,,,,,,
138806,2022,0.0,0.0,,,,,,,,,,
138815,2022,20.0,438.0,13.356164383561643,2.2602739726027394,1.2328767123287672,,,,,,20.0,
138822,2022,12.0,286.0,20.13986013986014,1.2587412587412588,0.6293706293706294,,,,,,12.0,
138835,2022,0.0,0.0,,,,,,,,,,
138849,2022,0.0,0.0,,,,,,,,,,
138877,2022,0.0,0.0,,,,,,,,,,
138908,2022,22.0,393.0,18.778625954198475,2.519083969465649,1.3740458015267174,,,,,,22.0,
138929,2022,1.0,22.0,4.090909090909091,,,,,,,,1.0,
138935,2022,14.0,344.0,11.25,3.4011627906976742,0.5232558139534884,,,,,,14.0,
138935,2022,0.0,0.0,,,,,,,,,,
138937,2022,0.0,0.0,,,,,,,,,,
144709,2022,0.0,0.0,,,,,,,,,,
144720,2022,0.0,0.0,,,,,,,,,,
144723,2022,0.0,0.0,,,,,,,,,,
144725,2022,0.0,0.0,,,,,,,,,,
144733,2022,0.0,0.0,,,,,,,,,,
144741,2022,0.0,0.0,,,,,,,,,,
148099,2022,31.0,2315.0,10.691144708423327,2.060475161987041,1.4384449244060475,,,,,,31.0,
148270,2022,0.0,0.0,,,,,,,,,,
148284,2022,0.0,0.0,,,,,,,,,,
149550,2022,4.0,146.0,14.794520547945204,1.8493150684931505,1.8493150684931505,,,,,,4.0,
149564,2022,0.0,0.0,,,,,,,,,,
151754,2022,0.0,0.0,,,,,,,,,,
151756,2022,0.0,0.0,,,,,,,,,,
152418,2022,8.0,86.0,11.511627906976745,3.13953488372093,2.0930232558139537,,,,,,8.0,
152949,2022,0.0,0.0,,,,,,,,,,
152953,2022,17.0,1218.0,7.315270935960591,0.5911330049261083,0.5911330049261083,,,,,,17.0,
152955,2022,0.0,0.0,,,,,,,,,,
152957,2022,0.0,0.0,,,,,,,,,,
152969,2022,17.0,1070.0,8.57943925233645,1.9345794392523366,1.0093457943925233,,,,,,17.0,
152976,2022,0.0,0.0,,,,,,,,,,
152977,2022,0.0,0.0,,,,,,,,,,
152979,2022,0.0,0.0,,,,,,,,,,
152982,2022,14.0,358.0,11.815642458100559,1.2569832402234635,0.25139664804469275,,,,,,14.0,
153066,2022,13.0,342.0,15.0,2.1052631578947367,1.5789473684210527,,,,,,13.0,
153261,2022,0.0,0.0,,,,,,,,,,
153400,2022,18.0,411.0,14.014598540145986,3.284671532846715,2.408759124087591,,,,,,18.0,
153407,2022,0.0,0.0,,,,,,,,,,
153411,2022,1.0,70.0,12.857142857142856,6.428571428571428,1.2857142857142856,,,,,,1.0,
153420,2022,0.0,0.0,,,,,,,,,,
153429,2022,0.0,0.0,,,,,,,,,,
153430,2022,16.0,420.0,11.142857142857142,0.6428571428571428,0.6428571428571428,,,,,,16.0,
153430,2022,27.0,437.0,10.709382151029748,0.6178489702517163,0.6178489702517163,,,,,,27.0,
154800,2022,0.0,0.0,,,,,,,,,,
154807,2022,0.0,0.0,,,,,,,,,,
156428,2022,0.0,0.0,,,,,,,,,,
156490,2022,0.0,0.0,,,,,,,,,,
157912,2022,10.0,406.0,11.970443349753696,2.6600985221674875,2.2167487684729066,,,,,,10.0,
157997,2022,0.0,0.0,,,,,,,,,,
158432,2022,5.0,69.0,22.17391304347826,2.608695652173913,,,,,,,5.0,
158694,2022,2.0,26.0,24.23076923076923,6.923076923076923,,,,,,,2.0,
158694,2022,2.0,26.0,24.23076923076923,6.923076923076923,,,,,,,2.0,
158696,2022,,,,,,,,,,,,
158698,2022,0.0,0.0,,,,,,,,,,
158710,2022,12.0,895.0,11.865921787709498,3.8212290502793294,1.7094972067039107,,,,,,12.0,
161671,2022,5.0,297.0,5.454545454545455,1.2121212121212122,0.30303030303030304,,,,,,5.0,
161948,2022,0.0,0.0,,,,,,,,,,
162114,2022,,,,,,,,,,,,
162128,2022,24.0,1350.0,14.933333333333334,1.8666666666666667,1.8666666666666667,,,,,,24.0,
162148,2022,0.0,0.0,,,,,,,,,,
162150,2022,0.0,0.0,,,,,,,,,,
162493,2022,3.0,13.0,27.692307692307693,27.692307692307693,,,,,,,3.0,
162517,2022,,,,,,,,,,,,
162590,2022,0.0,0.0,,,,,,,,,,
162607,2022,0.0,0.0,,,,,,,,,,
162714,2022,33.0,2496.0,12.584134615384615,2.5961538461538463,1.5865384615384615,,,,,,33.0,
162904,2022,0.0,0.0,,,,,,,,,,
163054,2022,0.0,0.0,,,,,,,,,,
167658,2022,0.0,0.0,,,,,,,,,,
167663,2022,0.0,0.0,,,,,,,,,,
169291,2022,0.0,0.0,,,,,,,,,,
169295,2022,0.0,0.0,,,,,,,,,,
171058,2022,0.0,0.0,,,,,,,,,,
171058,2022,0.0,0.0,,,,,,,,,,
171059,2022,0.0,0.0,,,,,,,,,,
174174,2022,0.0,0.0,,,,,,,,,,
174918,2022,0.0,0.0,,,,,,,,,,
178077,2022,18.0,727.0,16.21733149931224,1.4855570839064647,1.609353507565337,,,,,,18.0,
180289,2022,0.0,0.0,,,,,,,,,,
180316,2022,0.0,0.0,,,,,,,,,,
180560,2022,0.0,0.0,,,,,,,,,,
180866,2022,,,,,,,,,,,,
181796,2022,,,,,,,,,,,,
181797,2022,0.0,0.0,,,,,,,,,,
181822,2022,0.0,0.0,,,,,,,,,,
182201,2022,36.0,2896.0,7.178867403314917,2.2064917127071824,1.0255524861878453,,,,,,36.0,
190686,2022,22.0,540.0,26.333333333333332,2.3333333333333335,3.333333333333333,,,,,,22.0,
191337,2022,0.0,0.0,,,,,,,,,,
191971,2022,3.0,86.0,7.325581395348838,,1.0465116279069768,,,,,,3.0,
192349,2022,0.0,0.0,,,,,,,,,,
195103,2022,17.0,650.0,14.26153846153846,4.015384615384615,2.353846153846154,,,,,,17.0,
195106,2022,0.0,0.0,,,,,,,,,,
195717,2022,0.0,0.0,,,,,,,,,,
195962,2022,0.0,0.0,,,,,,,,,,
195993,2022,18.0,1035.0,12.08695652173913,0.8695652173913043,1.391304347826087,,,,,,18.0,
196000,2022,,,,,,,,,,,,
196855,2022,30.0,1245.0,11.63855421686747,2.168674698795181,0.6506024096385542,,,,,,30.0,
199837,2022,18.0,967.0,13.774560496380559,1.3960703205791107,0.8376421923474664,,,,,,18.0,
202086,2022,20.0,199.0,16.733668341708544,2.7135678391959797,1.8090452261306533,,,,,,20.0,
202086,2022,20.0,199.0,16.733668341708544,2.7135678391959797,1.8090452261306533,,,,,,20.0,
204033,2022,6.0,172.0,7.325581395348838,2.6162790697674416,1.0465116279069768,,,,,,6.0,
215873,2022,0.0,0.0,,,,,,,,,,
215874,2022,2.0,23.0,15.652173913043478,,,,,,,,2.0,
216809,2022,1.0,5.0,18.0,,,,,,,,1.0,
231029,2022,0.0,0.0,,,,,,,,,,
231062,2022,0.0,0.0,,,,,,,,,,
237129,2022,11.0,211.0,13.222748815165875,2.9857819905213274,1.7061611374407584,,,,,,11.0,
263538,2022,0.0,0.0,,,,,,,,,,
265820,2022,3.0,66.0,13.636363636363637,2.7272727272727275,,,,,,,3.0,
265820,2022,3.0,66.0,13.636363636363637,2.7272727272727275,,,,,,,3.0,
266203,2022,0.0,0.0,,,,,,,,,,
270357,2022,0.0,0.0,,,,,,,,,,
272728,2022,0.0,0.0,,,,,,,,,,
272730,2022,0.0,0.0,,,,,,,,,,
273757,2022,0.0,0.0,,,,,,,,,,
273758,2022,0.0,0.0,,,,,,,,,,
273760,2022,0.0,0.0,,,,,,,,,,
274550,2022,0.0,0.0,,,,,,,,,,
275170,2022,13.0,982.0,8.065173116089612,1.64969450101833,0.3665987780040733,,,,,,13.0,
276263,2022,0.0,0.0,,,,,,,,,,
278041,2022,0.0,0.0,,,,,,,,,,
278085,2022,17.0,559.0,16.422182468694096,2.737030411449016,0.16100178890876565,,,,,,17.0,
278123,2022,0.0,0.0,,,,,,,,,,
278128,2022,0.0,0.0,,,,,,,,,,
278129,2022,0.0,0.0,,,,,,,,,,
278133,2022,0.0,0.0,,,,,,,,,,
278232,2022,0.0,0.0,,,,,,,,,,
278235,2022,0.0,0.0,,,,,,,,,,
278240,2022,0.0,0.0,,,,,,,,,,
278242,2022,0.0,0.0,,,,,,,,,,
280334,2022,0.0,0.0,,,,,,,,,,
280672,2022,0.0,0.0,,,,,,,,,,
280687,2022,21.0,1314.0,8.767123287671232,2.2602739726027394,0.4794520547945205,,,,,,21.000000000000004,
282124,2022,1.0,7.0,38.57142857142857,25.71428571428571,,,,,,,1.0,
282125,2022,29.0,2229.0,10.296096904441454,2.4226110363391657,1.1305518169582773,,,,,,29.0,
282254,2022,2.0,23.0,19.565217391304348,3.9130434782608696,,,,,,,2.0,
282903,2022,0.0,0.0,,,,,,,,,,
283289,2022,,,,,,,,,,,,
283290,2022,0.0,0.0,,,,,,,,,,
284059,2022,0.0,0.0,,,,,,,,,,
284060,2022,0.0,0.0,,,,,,,,,,
284186,2022,0.0,0.0,,,,,,,,,,
284187,2022,0.0,0.0,,,,,,,,,,
284230,2022,37.0,903.0,7.87375415282392,1.5946843853820598,0.9966777408637875,,,,,,37.0,
284237,2022,1.0,22.0,4.090909090909091,,,,,,,,1.0,
284247,2022,,,,,,,,,,,,
284248,2022,0.0,0.0,,,,,,,,,,
284253,2022,,,,,,,,,,,,
284262,2022,0.0,0.0,,,,,,,,,,
284264,2022,5.0,151.0,12.516556291390728,4.172185430463577,0.5960264900662252,,,,,,5.0,
284266,2022,0.0,0.0,,,,,,,,,,
284267,2022,3.0,32.0,5.625,,,,,,,,3.0,
284286,2022,0.0,0.0,,,,,,,,,,
284295,2022,0.0,0.0,,,,,,,,,,
284322,2022,8.0,10.0,9.0,,,,,,,,8.0,
284323,2022,0.0,0.0,,,,,,,,,,
284324,2022,19.0,562.0,15.533807829181494,0.8007117437722421,1.281138790035587,,,,,,19.0,
284324,2022,28.0,560.0,15.589285714285714,0.8035714285714285,1.2857142857142856,,,,,,28.0,
284327,2022,0.0,0.0,,,,,,,,,,
284356,2022,1.0,27.0,23.333333333333332,13.333333333333332,,,,,,,1.0,
284362,2022,,,,,,,,,,,,
284363,2022,0.0,0.0,,,,,,,,,,
284366,2022,0.0,0.0,,,,,,,,,,
284390,2022,0.0,0.0,,,,,,,,,,
284390,2022,0.0,0.0,,,,,,,,,,
284391,2022,,,,,,,,,,,,
284396,2022,0.0,0.0,,,,,,,,,,
284405,2022,,,,,,,,,,,,
284406,2022,0.0,0.0,,,,,,,,,,
284408,2022,0.0,0.0,,,,,,,,,,
284409,2022,3.0,35.0,30.857142857142858,2.571428571428571,7.714285714285714,,,,,,3.0,
284414,2022,0.0,0.0,,,,,,,,,,
284415,2022,0.0,0.0,,,,,,,,,,
284418,2022,0.0,0.0,,,,,,,,,,
284419,2022,0.0,0.0,,,,,,,,,,
284423,2022,0.0,0.0,,,,,,,,,,
284424,2022,0.0,0.0,,,,,,,,,,
284427,2022,0.0,0.0,,,,,,,,,,
284428,2022,1.0,22.0,4.090909090909091,,,,,,,,1.0,
284439,2022,0.0,0.0,,,,,,,,,,
284446,2022,0.0,0.0,,,,,,,,,,
284449,2022,0.0,0.0,,,,,,,,,,
284457,2022,0.0,0.0,,,,,,,,,,
284457,2022,0.0,0.0,,,,,,,,,,
284459,2022,,,,,,,,,,,,
284464,2022,,,,,,,,,,,,
284470,2022,0.0,0.0,,,,,,,,,,
284471,2022,0.0,0.0,,,,,,,,,,
284474,2022,0.0,0.0,,,,,,,,,,
284475,2022,3.0,10.0,18.0,,9.0,,,,,,3.0,
284487,2022,0.0,0.0,,,,,,,,,,
284492,2022,9.0,658.0,11.899696048632219,3.1458966565349544,0.41033434650455924,,,,,,9.0,
284493,2022,0.0,0.0,,,,,,,,,,
284500,2022,0.0,0.0,,,,,,,,,,
284523,2022,0.0,0.0,,,,,,,,,,
284539,2022,,,,,,,,,,,,
284540,2022,0.0,0.0,,,,,,,,,,
284549,2022,2.0,180.0,,,,,,,,,2.0,
284551,2022,0.0,0.0,,,,,,,,,,
284554,2022,0.0,0.0,,,,,,,,,,
284556,2022,0.0,0.0,,,,,,,,,,
284557,2022,,,,,,,,,,,,
284797,2022,19.0,1245.0,15.614457831325302,2.024096385542169,0.4337349397590362,,,,,,19.0,
284797,2022,19.0,1244.0,15.627009646302252,2.0257234726688105,0.4340836012861737,,,,,,19.0,
286373,2022,0.0,0.0,,,,,,,,,,
286764,2022,,,,,,,,,,,,
287111,2022,0.0,0.0,,,,,,,,,,
288106,2022,0.0,0.0,,,,,,,,,,
288109,2022,0.0,0.0,,,,,,,,,,
288115,2022,,,,,,,,,,,,
288116,2022,0.0,0.0,,,,,,,,,,
288118,2022,0.0,0.0,,,,,,,,,,
288121,2022,0.0,0.0,,,,,,,,,,
288125,2022,0.0,0.0,,,,,,,,,,
288279,2022,0.0,0.0,,,,,,,,,,
288699,2022,1.0,18.0,,,,,,,,,1.0,
289608,2022,0.0,0.0,,,,,,,,,,
289624,2022,0.0,0.0,,,,,,,,,,
290962,2022,0.0,0.0,,,,,,,,,,
291022,2022,,,,,,,,,,,,
291476,2022,3.0,68.0,25.147058823529413,3.9705882352941178,3.9705882352941178,,,,,,3.0,
293162,2022,,,,,,,,,,,,
293163,2022,0.0,0.0,,,,,,,,,,
293167,2022,,,,,,,,,,,,
296085,2022,0.0,0.0,,,,,,,,,,
296121,2022,0.0,0.0,,,,,,,,,,
297187,2022,0.0,0.0,,,,,,,,,,
301295,2022,0.0,0.0,,,,,,,,,,
303019,2022,0.0,0.0,,,,,,,,,,
303460,2022,2.0,24.0,26.25,,,,,,,,2.0,
303462,2022,1.0,6.0,45.0,,,,,,,,1.0,
304320,2022,1.0,0.0,,,,,,,,,1.0,
305730,2022,3.0,8.0,11.25,11.25,,,,,,,3.0,
305730,2022,3.0,8.0,11.25,11.25,,,,,,,3.0,
305732,2022,,,,,,,,,,,,
305733,2022,0.0,0.0,,,,,,,,,,
307123,2022,0.0,0.0,,,,,,,,,,
308843,2022,0.0,0.0,,,,,,,,,,
309501,2022,0.0,0.0,,,,,,,,,,
309505,2022,0.0,0.0,,,,,,,,,,
310187,2022,11.0,527.0,12.808349146110055,1.537001897533207,1.1954459203036054,,,,,,11.0,
311334,2022,13.0,563.0,10.071047957371226,0.3197158081705151,1.4387211367673178,,,,,,13.0,
311520,2022,1.0,0.0,,,,,,,,,1.0,
311817,2022,0.0,0.0,,,,,,,,,,
312118,2022,0.0,0.0,,,,,,,,,,
312260,2022,0.0,0.0,,,,,,,,,,
313059,2022,3.0,23.0,15.652173913043478,,,,,,,,3.0,
313236,2022,1.0,1.0,,,,,,,,,1.0,
313245,2022,,,,,,,,,,,,
313636,2022,0.0,0.0,,,,,,,,,,
325686,2022,0.0,0.0,,,,,,,,,,
325967,2022,0.0,0.0,,,,,,,,,,
327730,2022,0.0,0.0,,,,,,,,,,
327736,2022,0.0,0.0,,,,,,,,,,
328089,2022,0.0,0.0,,,,,,,,,,
328093,2022,0.0,0.0,,,,,,,,,,
328101,2022,,,,,,,,,,,,
328105,2022,4.0,14.0,,,,,,,,,4.0,
328808,2022,3.0,31.0,23.225806451612904,2.903225806451613,,,,,,,3.0,
330982,2022,0.0,0.0,,,,,,,,,,
331009,2022,0.0,0.0,,,,,,,,,,
334035,2022,1.0,3.0,180.0,,,,,,,,1.0,
334725,2022,0.0,0.0,,,,,,,,,,
334729,2022,6.0,12.0,15.0,,7.5,,,,,,6.0,
334734,2022,0.0,0.0,,,,,,,,,,
335116,2022,0.0,0.0,,,,,,,,,,
337929,2022,2.0,1.0,,,,,,,,,2.0,
339138,2022,0.0,0.0,,,,,,,,,,
342054,2022,0.0,0.0,,,,,,,,,,
343576,2022,2.0,24.0,30.0,11.25,3.75,,,,,,2.0,
344908,2022,,,,,,,,,,,,
347066,2022,0.0,0.0,,,,,,,,,,
349595,2022,0.0,0.0,,,,,,,,,,
350590,2022,,,,,,,,,,,,
350627,2022,,,,,,,,,,,,
357047,2022,0.0,0.0,,,,,,,,,,
359386,2022,0.0,0.0,,,,,,,,,,
364809,2022,0.0,0.0,,,,,,,,,,
378868,2022,0.0,0.0,,,,,,,,,,
382160,2022,0.0,0.0,,,,,,,,,,
382163,2022,1.0,8.0,,,,,,,,,1.0,
382166,2022,0.0,0.0,,,,,,,,,,
382167,2022,0.0,0.0,,,,,,,,,,
382170,2022,0.0,0.0,,,,,,,,,,
382925,2022,0.0,0.0,,,,,,,,,,
382930,2022,0.0,0.0,,,,,,,,,,
390769,2022,0.0,0.0,,,,,,,,,,
393195,2022,0.0,0.0,,,,,,,,,,
5,2023,34.0,2514.0,5.799522673031027,1.503579952267303,0.6085918854415274,6.062992125984252,1.4173228346456692,0.9448818897637795,1.099737532808399,0.9565446486687538,34.0,30.0
14,2023,17.0,454.0,7.533039647577092,1.7841409691629957,1.1894273127753305,,,,,,17.0,
18,2023,3.0,76.0,18.94736842105263,1.1842105263157894,,8.586572438162545,0.8480565371024734,0.4770318021201414,0.0447585394581861,2.2066276803118905,3.0,26.0
22,2023,32.0,1251.0,10.359712230215829,0.6474820143884893,0.9352517985611511,,,,,,32.0,
23,2023,32.0,54.0,11.666666666666666,1.6666666666666665,3.333333333333333,8.742857142857142,2.314285714285714,0.2571428571428571,0.15428571428571428,1.3344226579520697,32.0,32.0
44,2023,35.0,2938.0,10.415248468345814,2.1443158611300204,1.2559564329475834,9.678082191780822,2.065068493150685,1.4486301369863013,1.0061643835616438,1.0761686315488244,35.0,37.0
49,2023,14.0,788.0,7.880710659898477,1.598984771573604,1.1421319796954315,10.140845070422536,2.535211267605634,1.3400402414486923,0.317102615694165,0.7771256345177664,14.0,33.0
54,2023,,,,,,12.403846153846155,0.21634615384615385,2.0913461538461537,,,,23.0
62,2023,0.0,0.0,,,,,,,,,,
74,2023,21.0,944.0,9.915254237288135,2.5741525423728815,2.288135593220339,,,,,,21.000000000000004,
76,2023,13.0,1133.0,8.976169461606354,3.1774051191526915,1.9064430714916154,,,,,,13.0,0.0
76,2023,0.0,0.0,,,,,,,,,,0.0
80,2023,0.0,0.0,,,,20.50477489768076,2.0873124147339697,1.8417462482946796,0.0,,,19.0
83,2023,28.0,595.0,8.016806722689076,0.9075630252100841,0.9075630252100841,8.333333333333332,1.1111111111111112,,3.6728395061728394,0.9620168067226892,28.0,9.0
84,2023,,,,,,,,,,,,
95,2023,25.0,1337.0,6.93343305908751,1.413612565445026,1.144353029169783,8.68421052631579,1.381578947368421,0.888157894736842,1.4660087719298245,0.7983953219555314,25.0,18.0
104,2023,13.0,320.0,12.09375,0.84375,1.125,13.138111888111888,0.3146853146853147,1.652097902097902,0.27972027972027974,0.9205089820359281,13.0,28.0
105,2023,22.0,80.0,20.25,4.5,4.5,,,,,,22.0,
110,2023,3.0,13.0,13.846153846153847,6.923076923076923,,,,,,,3.0,
130,2023,36.0,3093.0,10.126091173617848,2.2987390882638215,1.396702230843841,10.965673330818559,2.4104111655978877,1.5956242927197286,1.1667295360241419,0.9234354214400039,36.0,36.0
133,2023,14.0,1156.0,5.294117647058823,1.0121107266435987,0.23356401384083045,8.25851011346818,1.6872224962999505,1.021213616181549,0.5703009373458313,0.6410499683744465,14.0,26.0
147,2023,2.0,24.0,26.25,,,13.482714468629963,2.189500640204866,1.8437900128040972,0.030729833546734954,1.9469373219373218,2.0,20.0
159,2023,0.0,0.0,,,,0.6938775510204082,0.04081632653061225,,0.0,,,26.0
161,2023,0.0,0.0,,,,,,,,,,0.0
163,2023,12.0,834.0,12.410071942446043,2.158273381294964,0.8633093525179856,10.759363776295537,2.9553617239610053,0.8311954848640329,0.4279117496151873,1.1534206111505645,12.0,24.0
164,2023,30.0,1093.0,9.79871912168344,1.9762122598353156,0.6587374199451053,8.92529488859764,1.1009174311926606,1.1795543905635648,0.47750109217999126,1.0978594258215073,30.0,31.0
168,2023,1.0,76.0,8.289473684210526,,2.3684210526315788,9.572254335260116,2.4971098265895955,0.7283236994219653,0.08786127167630058,0.8659897025171623,1.0,18.0
169,2023,28.0,2239.0,9.004019651630193,2.2912014292094685,1.0853059401518534,8.440860215053764,1.9086021505376345,1.2903225806451613,0.668757467144564,1.0667182517217935,28.0,38.0
172,2023,0.0,0.0,,,,14.210526315789473,,,0.0,,,3.0
174,2023,33.0,1160.0,5.974137931034482,1.396551724137931,0.5431034482758621,5.44267053701016,0.957910014513788,0.5660377358490566,0.5611998064828253,1.097648275862069,33.0,29.0
175,2023,4.0,197.0,5.025380710659898,0.9137055837563451,,6.325878594249201,0.9584664536741214,0.7987220447284344,0.06993255236066738,0.7944162436548223,4.0,33.0
178,2023,,,,,,27.194244604316548,5.179856115107914,1.9424460431654678,,,,15.0
180,2023,21.0,695.0,8.676258992805755,2.330935251798561,1.0359712230215827,9.204545454545455,2.0454545454545454,1.3836898395721926,0.464572192513369,0.9426059152677857,21.000000000000004,23.0
184,2023,0.0,0.0,,,,10.827464788732394,0.3961267605633803,0.8186619718309859,0.0,,,38.0
186,2023,35.0,2948.0,7.021709633649933,0.641112618724559,0.36635006784260515,7.9475681269403236,0.7450845119006555,0.40358744394618834,1.0169023801310797,0.88350417656038,35.0,36.0
190,2023,3.0,59.0,3.0508474576271185,,,1.3846153846153846,,0.46153846153846156,0.30256410256410254,2.2033898305084745,3.0,6.0
207,2023,5.0,98.0,18.367346938775512,2.7551020408163263,1.8367346938775508,9.213270142180095,1.7488151658767772,1.2796208530805686,0.046445497630331754,1.9935752078609223,5.0,34.0
247,2023,35.0,1652.0,13.456416464891042,1.4164648910411624,1.5254237288135593,14.129692832764505,1.5972696245733788,1.5972696245733788,1.1276450511945393,0.9523502473944626,35.0,21.0
253,2023,31.0,2702.0,0.6661732050333087,0.03330866025166543,0.06661732050333086,0.29411764705882354,,0.29411764705882354,8.830065359477125,2.2649888971132492,31.0,5.0
259,2023,31.0,2527.0,5.021764938662446,1.0328452710724179,0.3561535417491096,6.1607142857142865,1.568877551020408,0.38265306122448983,1.0744047619047619,0.8151270625075273,31.0,27.0
261,2023,4.0,18.0,30.0,5.0,10.0,7.869955156950673,1.73542600896861,1.251121076233184,0.008071748878923767,3.8119658119658117,4.0,27.0
269,2023,11.0,435.0,10.758620689655173,1.0344827586206897,1.6551724137931034,,,,,,11.0,
277,2023,38.0,2197.0,7.086936731907146,0.4915794264906691,0.6554392353208921,,,,,,38.0,
279,2023,0.0,0.0,,,,,,,,,,0.0
280,2023,28.0,2520.0,0.5357142857142857,,0.03571428571428571,0.6216216216216216,,0.027027027027027025,0.7567567567567568,0.8618012422360248,28.0,37.0
281,2023,10.0,900.0,0.4,,,,,,10.0,,10.0,1.0
283,2023,28.0,2161.0,7.788061082832023,1.6242480333179083,0.3748264692272096,6.724667349027635,1.750255885363357,0.6755373592630501,0.7372910269532583,1.1581332843115504,28.0,37.0
284,2023,32.0,1777.0,10.281373100731571,2.3804164321890826,1.4181204276871129,9.061643835616438,1.726027397260274,0.8013698630136986,1.2171232876712328,1.1346035319023502,32.0,21.0
285,2023,,,,,,,,,,,,
286,2023,10.0,783.0,8.045977011494253,1.379310344827586,0.8045977011494253,7.912087912087912,1.2362637362637363,0.8241758241758242,0.717032967032967,1.0169220945083015,10.0,14.0
289,2023,23.0,1691.0,6.067415730337078,1.862803075103489,0.4790065050266115,6.2968689601855425,1.3219945883262467,0.7653652879783532,0.653652879783533,0.9635607424421131,23.0,34.0
290,2023,36.0,3178.0,7.278162366268093,1.1327879169288861,0.6513530522341096,5.936507936507937,0.8571428571428572,0.41269841269841273,1.1209876543209876,1.2260006124997056,36.0,33.0
292,2023,0.0,0.0,,,,5.595180722891566,1.3879518072289156,0.7807228915662651,0.0,,,35.0
293,2023,27.0,1165.0,11.356223175965665,2.0858369098712446,1.2360515021459226,11.953801732435036,2.9451395572666024,1.1260827718960538,1.1212704523580366,0.9500093300988989,27.0,18.0
295,2023,25.0,850.0,7.305882352941176,0.8470588235294116,0.8470588235294116,7.283950617283951,1.1111111111111112,0.24691358024691357,1.1659807956104253,1.0030109670987037,25.0,16.0
296,2023,17.0,778.0,8.2133676092545,2.3136246786632393,1.1568123393316196,13.706606942889138,2.620380739081747,1.612541993281075,0.8712206047032475,0.5992269015575382,17.0,31.0
297,2023,,,,,,11.856287425149702,1.347305389221557,0.8083832335329341,,,,9.0
299,2023,0.0,0.0,,,,8.505790063503921,2.1852820321255138,1.7818453492715727,0.0,,,36.0
303,2023,13.0,340.0,13.5,1.3235294117647058,1.3235294117647058,,,,,,13.0,
305,2023,20.0,598.0,13.093645484949832,0.9030100334448161,2.1070234113712374,,,,,,20.0,
306,2023,32.0,2535.0,7.988165680473372,0.6035502958579881,0.4260355029585799,8.871701546860782,0.5732484076433121,0.545950864422202,0.7688808007279345,0.9004096495220755,32.0,38.0
371,2023,7.0,373.0,12.064343163538874,2.89544235924933,2.4128686327077746,11.923890063424949,2.66384778012685,0.9513742071881607,0.262861169837914,1.011779134105299,7.0,16.0
378,2023,,,,,,,,,,,,0.0
507,2023,1.0,5.0,,,,12.559808612440191,3.086124401913876,1.291866028708134,0.003987240829346092,,1.0,18.0
526,2023,38.0,3420.0,0.631578947368421,0.052631578947368425,0.026315789473684213,,,,,,38.0,
537,2023,29.0,1591.0,10.974230043997485,3.0546825895663106,0.9616593337523569,8.73746581586144,2.543299908842297,1.1075660893345487,0.7251595259799453,1.2559969074872448,29.0,33.0
542,2023,31.0,1138.0,12.574692442882249,2.0562390158172232,1.5817223198594026,,,,,,31.0,
547,2023,1.0,2.0,,,,9.878048780487806,,2.1951219512195124,0.012195121951219513,,1.0,7.0
548,2023,0.0,0.0,,,,13.506891271056661,2.756508422664625,1.653905053598775,0.0,,,18.0
557,2023,5.0,450.0,0.4,,,,,,,,5.0,
557,2023,19.0,450.0,0.4,,,,,,,,19.0,
567,2023,35.0,2557.0,6.335549472037544,1.3727023856081344,0.8095424325381306,6.219328993490235,0.9464196294441662,0.85628442663996,1.2804206309464197,1.0186869803268097,35.0,32.0
616,2023,10.0,900.0,0.7,0.1,,,,,,,10.0,
617,2023,33.0,2788.0,0.5164992826398852,,0.06456241032998565,0.5142857142857142,0.08571428571428572,0.02857142857142857,0.8850793650793651,1.0043041606886658,33.0,35.0
622,2023,1.0,11.0,,,,6.61631419939577,0.9969788519637462,0.45317220543806647,0.011077542799597181,,1.0,27.0
626,2023,27.0,1064.0,3.7218045112781954,0.16917293233082706,0.3383458646616541,5.0649350649350655,1.12012987012987,0.487012987012987,0.5757575757575758,0.7348178137651821,27.0,29.0
627,2023,32.0,2767.0,5.952294904228406,1.2359956631731117,0.748102638236357,5.196729688298416,0.5978538579458355,0.6898313745528871,1.4138988247317323,1.1453924412561447,32.0,27.0
627,2023,35.0,2767.0,5.952294904228406,1.2359956631731117,0.748102638236357,5.196729688298416,0.5978538579458355,0.6898313745528871,1.4138988247317323,1.1453924412561447,35.0,27.0
629,2023,21.0,1235.0,8.234817813765183,1.0202429149797572,0.8016194331983805,7.7195876288659795,1.0391752577319588,0.7422680412371134,0.5092783505154639,1.0667432264092185,21.000000000000004,32.0
631,2023,37.0,2874.0,8.987473903966597,0.9707724425887264,0.43841336116910234,10.048076923076923,0.7692307692307693,0.4807692307692308,1.5352564102564104,0.8944471636483503,37.0,33.0
635,2023,0.0,0.0,,,,10.057172557172558,1.4033264033264035,0.7484407484407485,0.0,,,38.0
636,2023,35.0,2581.0,8.194498256489734,1.7783804726850059,0.7671445176288261,8.870387038703871,1.7821782178217822,1.2556255625562556,1.1615661566156616,0.9238039130350171,35.0,38.0
641,2023,32.0,1730.0,7.959537572254335,2.601156069364162,0.36416184971098264,7.840749414519907,1.6861826697892273,0.2529274004683841,0.810304449648712,1.0151501025545402,32.0,27.0
643,2023,27.0,1481.0,15.070898041863606,1.4584740040513167,1.5800135043889263,18.520481927710843,1.4313253012048193,1.8650602409638553,0.7137349397590361,0.8137422179772829,27.0,26.0
645,2023,31.0,1983.0,12.75340393343419,0.9531013615733737,1.5431164901664145,10.877561744613768,0.8512874408828167,0.9931686810299528,1.0420388859695218,1.1724506128176457,31.0,28.0
657,2023,28.0,891.0,9.393939393939394,2.7272727272727275,1.6161616161616164,10.73009708737864,2.900970873786408,1.4679611650485436,0.3460194174757282,0.8754757126092632,28.0,31.0
662,2023,0.0,0.0,,,,,,,,,,0.0
665,2023,28.0,128.0,13.359375,2.109375,1.40625,13.09090909090909,2.290909090909091,0.6545454545454545,0.46545454545454545,1.0205078125,28.0,20.0
671,2023,2.0,10.0,27.0,9.0,,11.625000000000002,0.375,0.75,0.041666666666666664,2.32258064516129,2.0,8.0
697,2023,5.0,198.0,12.272727272727272,1.3636363636363638,0.9090909090909092,14.142857142857142,3.375,0.8035714285714285,0.3535714285714286,0.8677685950413223,5.0,19.0
723,2023,20.0,1282.0,15.374414976599065,2.7379095163806553,1.965678627145086,16.013513513513512,2.364864864864865,2.1959459459459456,0.48123123123123124,0.9600900491715872,20.0,32.0
727,2023,30.0,276.0,12.391304347826088,2.934782608695652,1.6304347826086958,17.2,1.6,3.2,1.2266666666666666,0.7204246713852377,30.0,22.0
739,2023,16.0,1122.0,11.871657754010695,3.609625668449198,0.8021390374331551,,,,,,16.0,0.0
739,2023,9.0,410.0,32.48780487804878,9.878048780487806,2.1951219512195124,,,,,,9.0,0.0
739,2023,0.0,0.0,,,,,,,,,,0.0
742,2023,22.0,1373.0,4.129643117261471,1.1798980335032776,0.5243991260014567,5.4986945169712795,1.1279373368146215,0.5639686684073107,0.7169712793733681,0.7510224662446076,22.0,24.0
747,2023,26.0,1985.0,12.513853904282117,3.7632241813602016,1.3602015113350125,13.631232361241768,3.7676387582314206,2.031984948259643,0.9336782690498588,0.918028067650234,26.0,28.0
766,2023,5.0,404.0,0.8910891089108911,,,0.6451612903225806,,,1.4480286738351253,1.3811881188118813,5.0,4.0
786,2023,25.0,846.0,18.29787234042553,2.021276595744681,2.5531914893617023,,,,,,25.0,
792,2023,38.0,1942.0,11.910401647785788,1.297631307929969,2.4098867147270853,,,,,,38.0,
842,2023,0.0,0.0,,,,,,,,,,0.0
855,2023,0.0,0.0,,,,12.032838154808445,2.0406567630961687,0.9147771696637998,0.0,,,17.0
863,2023,23.0,1007.0,13.227408142999007,2.0556107249255215,1.7874875868917577,10.099601593625497,2.6892430278884465,1.4342629482071714,0.6686586985391766,1.3096960330937875,23.0,18.0
882,2023,,,,,,0.3151444412022177,,,,,,38.0
885,2023,0.0,0.0,,,,,,,,,,
886,2023,36.0,3174.0,7.882797731568997,2.2967863894139886,1.275992438563327,7.517401392111369,2.2552204176334105,0.877030162412993,1.4728538283062644,1.048606735279703,36.0,26.0
888,2023,,,,,,,,,,,,0.0
889,2023,19.0,1331.0,5.74755822689707,1.01427498121713,1.01427498121713,6.75,1.4558823529411766,0.6617647058823529,0.9786764705882353,0.8514901076884548,19.0,20.0
889,2023,21.0,1338.0,5.7174887892376685,1.0089686098654709,1.0089686098654709,6.75,1.4558823529411766,0.6617647058823529,0.9838235294117647,0.8470353761833583,21.000000000000004,20.0
891,2023,12.0,962.0,6.82952182952183,1.0291060291060292,1.30977130977131,8.957845433255269,1.9320843091334894,1.6159250585480094,0.375487900078064,0.7624067506420448,12.0,35.0
894,2023,31.0,2289.0,8.728702490170381,2.083879423328965,1.2975098296199215,7.021589793915604,2.2080471050049066,1.0598626104023552,1.1231599607458291,1.243123387488975,31.0,29.0
895,2023,37.0,3006.0,9.071856287425149,2.4850299401197606,1.1676646706586826,10.075471698113208,1.811320754716981,1.811320754716981,3.781132075471698,0.900390230774406,37.0,16.0
897,2023,0.0,0.0,,,,,,,,,,
899,2023,37.0,2638.0,7.949203942380592,0.8529188779378316,0.750568612585292,8.079470198675498,0.5960264900662252,1.3576158940397351,0.9705665930831494,0.9838768813930076,37.0,33.0
900,2023,,,,,,4.951456310679611,0.38834951456310673,0.7766990291262135,,,,29.0
903,2023,34.0,1919.0,10.646169880145909,2.2511724856696196,1.3600833767587284,14.137339055793992,2.4721030042918453,2.163090128755365,1.6472103004291845,0.7530533036047349,34.0,26.0
905,2023,0.0,0.0,,,,13.517786561264822,3.3438735177865615,2.3478260869565215,0.0,,,35.0
906,2023,38.0,1993.0,11.921726041144005,1.625689914701455,0.9483191169091822,,,,,,38.0,0.0
907,2023,,,,,,,,,,,,
908,2023,13.0,445.0,10.719101123595506,0.8089887640449439,0.6067415730337079,9.101123595505618,0.45965270684371806,0.735444330949949,0.45454545454545453,1.1777777777777778,13.0,21.0
909,2023,33.0,2278.0,9.837576821773485,0.7506584723441616,0.5136084284460052,9.40809968847352,0.6230529595015576,0.4672897196261683,0.7885081343025269,1.0456497217845326,33.0,35.0
912,2023,32.0,2880.0,0.40624999999999994,,0.03125,0.5658005029337804,0.11316010058675607,,1.2070410729253982,0.7180092592592592,32.0,27.0
925,2023,0.0,0.0,,,,10.409026798307476,1.0155148095909732,1.3963328631875882,0.0,,,13.0
946,2023,0.0,0.0,,,,15.957446808510639,1.9148936170212765,2.5531914893617023,0.0,,,14.0
978,2023,37.0,2639.0,14.221295945433877,1.193633952254642,1.6710875331564987,12.702597906165181,1.1865063978286159,2.093834819697557,1.0232648313299728,1.1195580660340039,37.0,35.0
983,2023,36.0,2072.0,11.554054054054053,0.5646718146718146,1.1293436293436292,13.570347957639939,0.6354009077155824,1.3161875945537065,1.0448814926878467,0.8514191448974057,36.0,33.0
1096,2023,33.0,2108.0,9.990512333965844,1.366223908918406,1.2381404174573056,,,,,,33.0,
1100,2023,32.0,2556.0,6.47887323943662,0.2112676056338028,0.6338028169014085,7.035302593659942,0.09726224783861673,1.005043227665706,0.920749279538905,0.9209089663428601,32.0,36.0
1117,2023,0.0,0.0,,,,7.760617760617761,2.3166023166023164,0.5791505791505791,0.0,,,27.0
1119,2023,29.0,1861.0,9.188608275120902,1.8377216550241804,1.2090274046211715,8.224543080939947,1.2924281984334205,0.5874673629242819,2.4295039164490864,1.1172180855147003,29.0,9.0
1125,2023,37.0,2918.0,12.98492117888965,2.652501713502399,1.4804660726525016,14.665942422596414,1.6621401412275938,1.7599130907115696,1.5850081477457902,0.885379255197624,37.0,32.0
1135,2023,30.0,1554.0,14.131274131274132,1.38996138996139,1.7953667953667953,14.252491694352159,1.245847176079734,1.3953488372093024,0.8604651162790697,0.9914949914949917,30.0,35.0
1145,2023,33.0,1586.0,11.349306431273645,2.0428751576292563,1.4186633039092056,9.806576402321083,2.2050290135396517,1.6827852998065762,1.0225660863958737,1.157315862912914,33.0,18.0
1150,2023,5.0,118.0,11.440677966101694,3.0508474576271185,,10.514603616133519,3.713490959666203,1.5438108484005564,0.054705609643022714,1.0880750605326877,5.0,24.0
1161,2023,13.0,346.0,8.0635838150289,1.0404624277456647,1.300578034682081,8.88888888888889,0.5555555555555556,0.5555555555555556,2.1358024691358026,0.9071531791907513,13.0,12.0
1161,2023,31.0,363.0,7.685950413223141,0.9917355371900827,1.2396694214876034,8.88888888888889,0.5555555555555556,0.5555555555555556,2.240740740740741,0.8646694214876033,31.0,12.0
1165,2023,32.0,2454.0,13.679706601466993,1.1002444987775062,1.136919315403423,13.625128733264674,0.6488156539649845,1.8537590113285274,2.5272914521112257,1.0040056772505255,32.0,17.0
1165,2023,32.0,2453.0,13.685283326538933,1.10069302894415,1.1373827965756216,13.625128733264674,0.6488156539649845,1.8537590113285274,2.526261585993821,1.00441497430607,32.0,17.0
1166,2023,13.0,815.0,6.625766871165645,0.7730061349693252,0.3312883435582822,,,,,,13.0,0.0
1231,2023,36.0,3140.0,7.996815286624203,1.8343949044585985,0.9171974522292993,9.08835904628331,2.4403927068723705,1.262272089761571,1.4679756895745675,0.8798964968152866,36.0,27.0
1243,2023,37.0,2876.0,10.952712100139081,1.6585535465924894,1.2830319888734354,12.930117062788224,2.458318552678255,1.596310748492373,1.0202199361475701,0.8470698329298235,37.0,36.0
1411,2023,12.0,583.0,6.483704974271013,1.5437392795883362,0.9262435677530018,,,,,,12.0,
1422,2023,31.0,1599.0,16.322701688555348,2.1951219512195124,0.8442776735459663,,,,,,31.0,
1427,2023,17.0,1310.0,9.206106870229007,1.9923664122137406,1.2366412213740459,2.6865671641791042,0.16791044776119401,0.16791044776119401,2.4440298507462686,3.4267175572519086,17.0,9.0
1427,2023,0.0,0.0,,,,2.6865671641791042,0.16791044776119401,0.16791044776119401,0.0,,,9.0
1438,2023,38.0,3420.0,0.368421052631579,,,0.4722222222222222,,0.027777777777777776,1.0555555555555556,0.780185758513932,38.0,36.0
1440,2023,0.0,0.0,,,,9.193548387096774,1.2903225806451613,0.8064516129032258,0.0,,,14.0
1440,2023,0.0,0.0,,,,9.193548387096774,1.2903225806451613,0.8064516129032258,0.0,,,14.0
1445,2023,19.0,1498.0,7.690253671562083,1.6822429906542056,0.9012016021361816,,,,,,19.0,
1452,2023,16.0,36.0,10.0,,2.5,3.8461538461538463,0.7692307692307693,0.7692307692307693,0.3076923076923077,2.6,16.0,9.0
1455,2023,30.0,2202.0,0.32697547683923706,0.08174386920980926,,8.409225310467178,1.8361916026020106,0.5056179775280899,0.6510940272028386,0.03888294875774612,30.0,38.0
1455,2023,2.0,140.0,5.142857142857142,1.2857142857142856,,8.409225310467178,1.8361916026020106,0.5056179775280899,0.04139562389118864,0.6115732368896926,2.0,38.0
1460,2023,35.0,2933.0,12.857142857142856,2.0252301397886123,1.2580975110808046,12.257357545397621,1.775203506574828,1.2116468378209142,0.9182842830306825,1.0489326765188833,35.0,38.0
1463,2023,9.0,419.0,11.16945107398568,2.79236276849642,0.6443914081145585,9.813736903376018,1.7811408614668218,1.2223515715948776,0.16259216142801708,1.1381445400419572,9.0,35.0
1465,2023,0.0,0.0,,,,5.072727272727273,0.16363636363636364,0.8181818181818181,0.0,,,15.0
1468,2023,27.0,1072.0,13.348880597014926,1.007462686567164,2.014925373134328,13.470533208606174,1.0944808231992516,2.5257249766136574,1.0028063610851263,0.9909689832089553,27.0,30.0
1468,2023,38.0,1081.0,13.237742830712303,0.9990749306197965,1.998149861239593,13.470533208606174,1.0944808231992516,2.5257249766136574,1.011225444340505,0.9827185476410731,38.0,30.0
1469,2023,30.0,1703.0,8.297122724603641,1.849677040516735,0.6341749853200235,9.067887931034482,0.7273706896551725,1.2122844827586206,0.9175646551724138,0.9150005809188567,30.0,32.0
1485,2023,35.0,3119.0,9.118307149727476,1.962167361333761,1.1830714972747676,9.52781954887218,1.8406015037593986,1.1368421052631579,0.9380451127819549,0.9570192952286571,35.0,37.0
1566,2023,22.0,1153.0,13.581960104076323,2.8100607111882048,1.092801387684302,11.30184331797235,2.7995391705069124,1.0887096774193548,0.6641705069124424,1.2017473364259172,22.0,26.0
1578,2023,22.0,495.0,16.18181818181818,4.0,2.1818181818181817,,,,,,22.0,0.0
1590,2023,35.0,3038.0,0.7109940750493746,,,0.5277777777777778,0.027777777777777776,0.027777777777777776,0.9376543209876543,1.3471466685146045,35.0,36.0
1600,2023,13.0,676.0,10.251479289940828,2.529585798816568,1.4644970414201184,8.7890625,1.640625,1.5234375,0.8802083333333334,1.1663905325443786,13.0,20.0
1605,2023,0.0,0.0,,,,10.519480519480519,1.3721061547148505,1.32128740824393,0.0,,,32.0
1646,2023,31.0,2638.0,16.239575435936317,2.422289613343442,1.6034874905231236,14.764976958525345,2.9447004608294933,2.0737327188940093,1.215668202764977,1.0998713700368854,31.0,28.0
1697,2023,21.0,452.0,11.349557522123893,1.991150442477876,0.5973451327433629,8.568575233022637,1.7976031957390146,0.8388814913448736,0.3009320905459387,1.3245559749984528,21.000000000000004,32.0
1736,2023,38.0,2648.0,0.7817220543806647,0.16993957703927492,0.033987915407854986,,,,,,38.0,
1746,2023,14.0,439.0,7.585421412300684,1.4350797266514808,0.6150341685649203,7.695769576957695,2.146714671467147,1.0936093609360935,0.19756975697569756,0.9856611917036328,14.0,30.0
1746,2023,7.0,439.0,7.585421412300684,1.4350797266514808,0.6150341685649203,7.695769576957695,2.146714671467147,1.0936093609360935,0.19756975697569756,0.9856611917036328,7.0,30.0
1835,2023,34.0,135.0,0.6666666666666667,,,,,,,,34.0,0.0
1853,2023,0.0,0.0,,,,,,,,,,0.0
1864,2023,20.0,1520.0,10.302631578947368,0.41447368421052627,0.888157894736842,10.298969072164947,1.0206185567010309,0.7422680412371134,1.5670103092783505,1.0003556187766716,20.0,18.0
1904,2023,20.0,1659.0,11.55515370705244,2.332730560578662,1.8987341772151898,11.660123387549074,2.927650028042625,1.7162086371284353,0.9304542905215928,0.9909975497678933,20.0,24.0
1914,2023,,,,,,50.0,20.0,,,,,2.0
1934,2023,0.0,0.0,,,,,,,,,,
1934,2023,37.0,3005.0,9.853577371048253,2.276206322795341,1.1980033277870217,,,,,,37.0,
1946,2023,34.0,1647.0,9.453551912568305,1.4754098360655739,0.819672131147541,9.590958019375673,1.16254036598493,0.8719052744886975,1.7728740581270184,0.9856733700085246,34.0,20.0
1949,2023,31.0,2650.0,8.388679245283019,2.1735849056603773,1.1547169811320754,,,,,,31.0,
1972,2023,1.0,90.0,,,,,,,,,1.0,0.0
2028,2023,0.0,0.0,,,,,,,,,,
2056,2023,30.0,1749.0,9.210977701543738,1.0291595197255574,1.0806174957118353,9.4921875,1.40625,1.5234375,2.27734375,0.9703746055947313,30.0,13.0
2061,2023,11.0,202.0,13.366336633663366,0.44554455445544555,0.8910891089108911,12.162162162162163,1.8243243243243243,1.2162162162162162,1.364864864864865,1.0990099009900989,11.0,4.0
2109,2023,0.0,0.0,,,,,,,,,,
2165,2023,28.0,2472.0,8.11893203883495,2.5121359223300974,0.8373786407766991,7.559322033898305,1.966101694915254,0.983050847457627,0.9310734463276836,1.0740291262135921,28.0,34.0
2273,2023,0.0,0.0,,,,0.8417770849571318,0.0701480904130943,,0.0,,,29.0
2276,2023,,,,,,,,,,,,
2279,2023,0.0,0.0,,,,,,,,,,0.0
2284,2023,36.0,3142.0,9.309357097390198,3.0362826225334185,0.9166136218968809,8.448145344436034,1.7713853141559426,0.8856926570779713,2.3785011355034067,1.1019409252376748,36.0,22.0
2287,2023,32.0,2622.0,13.043478260869566,1.5789473684210527,0.8581235697940504,,,,,,32.0,0.0
2289,2023,24.0,914.0,8.172866520787746,2.363238512035011,0.8862144420131292,9.81242672919109,1.899179366940211,0.6330597889800704,1.071512309495897,0.8329098138867321,24.0,14.0
2291,2023,34.0,1581.0,7.741935483870968,2.049335863377609,0.9108159392789374,8.609154929577466,1.9014084507042253,0.9507042253521126,0.9278169014084507,0.8992677617257074,34.0,27.0
2294,2023,31.0,2061.0,7.816593886462883,0.7860262008733624,0.3930131004366812,7.563025210084034,0.546218487394958,0.46218487394957986,0.9621848739495799,1.033527413876759,31.0,27.0
2298,2023,0.0,0.0,,,,,,,,,,0.0
2298,2023,30.0,1864.0,9.415236051502147,0.8690987124463521,0.6759656652360515,,,,,,30.0,0.0
2413,2023,29.0,1510.0,13.649006622516557,0.9536423841059603,1.1920529801324504,14.940357852882705,1.878727634194831,1.2524850894632207,1.5009940357852882,0.9135662449934567,29.0,27.0
2467,2023,11.0,656.0,5.899390243902439,1.646341463414634,0.823170731707317,7.787234042553192,2.2978723404255317,0.8936170212765958,0.31016548463356974,0.7575719712115153,11.0,27.0
2468,2023,14.0,801.0,7.3033707865168545,2.471910112359551,0.6741573033707865,,,,,,14.0,
2473,2023,,,,,,5.877551020408164,0.7346938775510204,0.3673469387755102,,,,10.0
2489,2023,37.0,2645.0,14.39319470699433,1.1909262759924386,1.837429111531191,17.259036144578314,1.536144578313253,1.8072289156626506,2.6556224899598395,0.8339512465483625,37.0,17.0
2490,2023,28.0,2403.0,9.850187265917603,1.5730337078651686,1.610486891385768,7.880184331797235,1.3824884792626728,1.023041474654378,0.7382488479262673,1.249994524388374,28.0,37.0
2507,2023,33.0,1947.0,8.135593220338983,1.6640986132511557,0.7395993836671803,8.433014354066986,1.6507177033492824,0.7894736842105263,0.7763157894736842,0.96473133790119,33.0,34.0
2549,2023,0.0,0.0,,,,,,,,,,
2597,2023,23.0,1143.0,8.425196850393702,1.5748031496062993,1.1023622047244095,11.733128834355828,3.7269938650306744,0.8282208588957056,1.7530674846625767,0.7180690648962998,23.0,21.0
2677,2023,,,,,,8.778026905829597,2.5728699551569507,1.56390134529148,,,,31.0
2678,2023,21.0,1150.0,14.947826086956521,1.8,2.1130434782608694,14.323607427055702,1.830238726790451,1.5119363395225462,1.0167992926613616,1.0435797101449276,21.000000000000004,22.0
2699,2023,19.0,729.0,11.728395061728396,3.4567901234567904,1.6049382716049383,15.84,1.44,2.16,5.832,0.740428981169722,19.0,15.0
2724,2023,33.0,2417.0,8.564335953661564,1.7501034340091022,1.079851055026893,9.12,1.8,1.14,1.6113333333333333,0.9390719247435926,33.0,28.0
2726,2023,33.0,2840.0,5.22887323943662,0.7288732394366196,0.76056338028169,4.79156202913109,0.40683073832245104,0.6328478151682572,1.4264188849824209,1.0912669412702631,33.0,25.0
2729,2023,38.0,3418.0,7.636044470450556,1.4745465184318316,1.1322410766530135,7.564655172413794,1.3577586206896552,0.872844827586207,1.2277298850574712,1.0094372177461703,38.0,32.0
2731,2023,14.0,1091.0,7.919340054995416,1.4023831347387716,0.9074243813015582,6.223839854413103,1.392174704276615,0.7370336669699727,0.9927206551410374,1.2724202807660763,14.0,18.0
2734,2023,29.0,1392.0,12.219827586206897,2.133620689655172,1.228448275862069,10.33740129217516,2.035175879396985,0.9691313711414214,0.4996410624551328,1.1820985991379311,29.0,36.0
2735,2023,36.0,1287.0,9.86013986013986,2.237762237762238,1.3986013986013985,8.100861793807852,1.6086817746568782,1.091605489945739,0.4107883817427386,1.2171717171717171,36.0,35.0
2771,2023,25.0,1719.0,9.476439790575915,2.4607329842931938,0.9424083769633509,,,,,,25.0,
2784,2023,0.0,0.0,,,,,,,,,,0.0
2790,2023,26.0,1189.0,8.55340622371741,0.9840201850294364,0.6812447434819175,,,,,,26.0,
2806,2023,36.0,3054.0,8.81139489194499,1.237721021611002,1.119842829076621,8.24555936428794,1.3181676534746027,0.5609224057338735,0.9516983483951387,1.068623061536337,36.0,37.0
2807,2023,0.0,0.0,,,,6.983833718244804,1.7875288683602772,0.9976905311778291,0.0,,,28.0
2823,2023,33.0,1134.0,10.079365079365079,2.619047619047619,2.142857142857143,11.056511056511058,1.769041769041769,2.8746928746928746,2.786240786240786,0.9116225749559081,33.0,12.0
2825,2023,1.0,32.0,16.875,,,17.910669975186106,0.6253101736972705,1.5186104218362284,0.01588089330024814,0.9421758104738154,1.0,24.0
2855,2023,28.0,926.0,8.55291576673866,2.041036717062635,0.9719222462203023,,,,926.0,,28.0,1.0
2864,2023,31.0,2265.0,7.152317880794702,0.1986754966887417,0.5562913907284768,12.20039292730845,1.0609037328094302,1.119842829076621,1.4833005893909628,0.5862366829830118,31.0,22.0
2869,2023,31.0,2383.0,11.254720939991607,3.0214015946286192,1.2463281577843055,,,,,,31.0,
2887,2023,0.0,0.0,,,,11.971496437054633,0.9619952494061756,1.496437054631829,0.0,,,15.0
2887,2023,29.0,1436.0,14.164345403899722,1.128133704735376,1.065459610027855,11.971496437054633,0.9619952494061756,1.496437054631829,1.7054631828978621,1.1831725029844806,29.0,15.0
2910,2023,0.0,0.0,,,,,,,,,,
2919,2023,16.0,1440.0,0.375,,,,,,,,16.0,
2920,2023,35.0,2634.0,6.93621867881549,1.674259681093394,0.7517084282460137,9.066339066339067,2.404791154791155,0.6910319410319411,0.808968058968059,0.7650517621349334,35.0,37.0
2922,2023,8.0,113.0,15.13274336283186,4.778761061946903,0.7964601769911505,7.445573294629899,2.481857764876633,0.13062409288824384,0.16400580551523947,2.032448377581121,8.0,20.0
2926,2023,32.0,1641.0,10.091407678244972,2.2486288848263256,1.206581352833638,9.378987664823478,2.526584432156529,1.2632922160782645,0.698000850701829,1.0759591588006319,32.0,31.0
2931,2023,0.0,0.0,,,,,,,,,,0.0
2932,2023,38.0,3420.0,0.2631578947368421,0.026315789473684213,0.026315789473684213,0.5135135135135135,,0.027027027027027025,1.027027027027027,0.5124653739612188,38.0,37.0
2933,2023,14.0,756.0,10.357142857142856,1.7857142857142856,1.3095238095238095,9.597457627118644,1.3347457627118644,0.826271186440678,0.5338983050847458,1.0791548407442446,14.0,25.0
2934,2023,9.0,435.0,10.344827586206897,1.4482758620689655,1.0344827586206897,11.719226856561546,0.6408952187182095,0.6408952187182095,0.44252288911495424,0.8827227011494253,9.0,12.0
2935,2023,25.0,1667.0,8.422315536892622,1.295740851829634,1.13377324535093,8.2133676092545,0.9254498714652956,0.9254498714652956,2.1426735218508997,1.02543998242605,25.0,31.0
2936,2023,38.0,3420.0,10.236842105263158,1.605263157894737,1.1842105263157894,8.236842105263158,1.3421052631578947,1.0526315789473684,1.0,1.2428115015974441,38.0,38.0
2937,2023,38.0,3232.0,8.326113861386139,2.3112623762376234,0.9467821782178218,7.674205378973105,2.172982885085575,0.632640586797066,0.9877750611246944,1.0849480109301253,38.0,37.0
2937,2023,0.0,0.0,,,,7.674205378973105,2.172982885085575,0.632640586797066,0.0,,,37.0
2938,2023,37.0,3005.0,6.049916805324459,1.3477537437603995,0.718801996672213,7.817966202193893,1.7343611028757784,0.9072042691965609,0.8908983101096947,0.7738479099112401,37.0,38.0
2939,2023,20.0,993.0,11.782477341389729,0.45317220543806647,1.4501510574018126,9.257688229056205,0.42948038176033937,1.0021208907741253,0.5265111346765642,1.2727234974719945,20.0,32.0
2952,2023,,,,,,,,,,,,
2990,2023,25.0,1895.0,10.448548812664908,3.467018469656992,1.662269129287599,10.894371626831148,3.3654587509637626,1.491904394757132,0.7305319969159599,0.9590776935616693,25.0,33.0
2991,2023,12.0,204.0,18.52941176470588,3.5294117647058822,2.6470588235294117,11.058020477815699,3.0716723549488054,2.2525597269624575,0.23208191126279865,1.6756535947712419,12.0,21.0
2997,2023,10.0,718.0,0.5013927576601671,0.12534818941504178,,0.6647398843930635,0.057803468208092484,,0.23057161207450225,0.7542691050018167,10.0,36.0
3240,2023,0.0,0.0,,,,,,,,,,0.0
3246,2023,0.0,0.0,,,,,,,,,,0.0
3247,2023,0.0,0.0,,,,14.908456843940716,1.2554489973844813,1.3731473408892763,0.0,,,27.0
3339,2023,12.0,921.0,8.990228013029316,3.3224755700325734,0.9771986970684039,8.076094759511845,2.4874371859296485,1.2275664034458005,0.33058147882268485,1.1131900108577633,12.0,34.0
3428,2023,35.0,2551.0,17.781262250098,2.293218345746766,1.6228929831438652,19.250275633958104,2.183020948180816,1.587651598676957,0.9375229694965086,0.9236887090973015,35.0,38.0
5996,2023,28.0,2215.0,10.564334085778782,2.0316027088036117,1.3408577878103838,9.980657640232108,2.611218568665377,0.6382978723404256,1.4281108961960025,1.0584807601448896,28.0,18.0
6009,2023,38.0,2657.0,6.43582988332706,0.8129469326307865,0.7790741437711705,10.544452101998623,1.6126809097174364,1.3025499655410062,1.8311509303928326,0.6103522327259846,38.0,31.0
6056,2023,32.0,1518.0,11.383399209486166,3.7351778656126484,1.541501976284585,,,,,,32.0,
6610,2023,32.0,2268.0,9.722222222222221,2.1825396825396823,1.626984126984127,6.346153846153846,1.8028846153846156,1.0456730769230769,0.9086538461538461,1.531986531986532,32.0,31.0
6716,2023,33.0,2611.0,13.374186135580237,3.4124856376867103,1.826886250478744,10.50935550935551,2.182952182952183,1.0914760914760915,0.9047124047124047,1.2725981268474962,33.0,35.0
7029,2023,0.0,0.0,,,,,,,,,,
7600,2023,34.0,1636.0,6.986552567237164,1.3753056234718826,1.1552567237163813,,,,,,34.0,
7722,2023,20.0,176.0,17.897727272727273,3.068181818181818,3.068181818181818,2.0,,,3.911111111111111,8.948863636363637,20.0,1.0
8471,2023,38.0,3406.0,0.39635936582501463,0.05284791544333529,,,,,,,38.0,
8500,2023,29.0,1722.0,13.536585365853659,2.508710801393728,2.613240418118467,,,,,,29.0,
8589,2023,21.0,133.0,17.593984962406015,2.0300751879699246,0.6766917293233082,,,,,,21.000000000000004,
8598,2023,20.0,1055.0,11.090047393364928,0.7677725118483412,0.7677725118483412,12.11297071129707,1.0669456066945606,1.506276150627615,0.7357043235704324,0.9155514082950668,20.0,29.0
8661,2023,34.0,2323.0,10.809298321136461,2.4795523030563924,1.0460611278519156,,,,,,34.0,
9926,2023,0.0,0.0,,,,13.072625698324023,2.513966480446927,2.011173184357542,0.0,,,6.0
9971,2023,29.0,1322.0,14.364599092284418,2.723146747352496,1.2934947049924357,9.212988442487617,1.089708310401761,0.7429829389102917,0.7275729223995597,1.5591682527288404,29.0,25.0
10135,2023,37.0,3268.0,13.85250917992656,2.423500611995104,1.3769889840881273,12.965265082266912,2.56672760511883,1.4808043875685557,1.1948811700182815,1.0684323916271612,37.0,32.0
10169,2023,38.0,2679.0,12.497200447928332,4.1993281075028,1.612541993281075,,,,,,38.0,
10329,2023,31.0,2041.0,14.728074473297402,1.3669769720725133,0.8378245957863791,,,,,,31.0,
10329,2023,31.0,2045.0,14.699266503667483,1.3643031784841075,0.8361858190709046,,,,,,31.0,
13489,2023,23.0,505.0,14.257425742574258,1.0693069306930694,2.1386138613861387,22.8,1.2000000000000002,5.3999999999999995,3.3666666666666667,0.6253256904637832,23.0,12.0
13736,2023,16.0,1440.0,12.312500000000002,3.4375000000000004,1.875,,,,,,16.0,
14206,2023,1.0,4.0,67.5,,67.5,,,,,,1.0,
14382,2023,9.0,772.0,1.16580310880829,,,,,,,,9.0,
15632,2023,12.0,399.0,6.992481203007518,1.3533834586466165,1.3533834586466165,,,,,,12.0,
15745,2023,34.0,1987.0,8.243583291394062,2.1741318570709613,0.4529441368897836,6.6152450090744095,1.7967332123411979,0.32667876588021777,1.8030852994555353,1.24614935351389,34.0,20.0
15799,2023,26.0,1155.0,13.636363636363637,2.883116883116883,1.87012987012987,13.772241992882563,2.0284697508896796,1.6014234875444842,1.3701067615658362,0.9901338971106413,26.0,21.0
15908,2023,23.0,832.0,13.846153846153847,3.137019230769231,1.5144230769230769,11.387755102040815,2.846938775510204,1.193877551020408,0.8489795918367347,1.2158808933002483,23.0,26.0
15911,2023,33.0,2487.0,19.215922798552473,2.3522316043425815,1.4113389626055488,,,,,,33.0,
17365,2023,32.0,1485.0,6.181818181818182,1.5757575757575757,1.0303030303030303,7.331189710610932,1.639871382636656,0.9646302250803859,1.5916398713826367,0.8432216905901116,32.0,19.0
17407,2023,0.0,0.0,,,,,,,,,,
17597,2023,34.0,2894.0,9.391845196959226,1.2128541810642708,1.1195577055977886,,,,,,34.0,
17641,2023,27.0,1418.0,15.232722143864597,0.2538787023977433,1.7136812411847675,,,,,,27.0,
17661,2023,35.0,3117.0,7.853705486044274,1.9056785370548603,0.7218479307025987,,,,,,35.0,
17715,2023,0.0,0.0,,,,,,,,,,0.0
17772,2023,0.0,0.0,,,,,,,,,,0.0
17879,2023,0.0,0.0,,,,,,,,,,
18331,2023,5.0,109.0,9.08256880733945,0.8256880733944955,2.4770642201834865,,,,,,5.0,
18592,2023,0.0,0.0,,,,,,,,,,
18739,2023,23.0,1454.0,10.955983493810178,2.847317744154058,1.2379642365887207,,,,,,23.0,0.0
18740,2023,8.0,11.0,8.181818181818182,,,11.26782884310618,2.4247226624405704,0.9270998415213947,0.008716323296354992,0.7261219792865362,8.0,18.0
18742,2023,30.0,1136.0,12.200704225352114,2.4559859154929575,1.0299295774647887,10.659670164917541,2.0239880059970017,1.4842578710644678,1.7031484257871063,1.1445667676947764,30.0,12.0
18744,2023,38.0,3420.0,6.7105263157894735,1.236842105263158,1.0,6.5840386940749696,0.9794437726723096,0.4897218863361548,1.0338573155985489,1.0192112512686675,38.0,37.0
18746,2023,37.0,3160.0,11.93354430379747,1.0253164556962024,1.0537974683544304,203.0,12.999999999999998,16.0,17.555555555555557,0.058785932531022024,37.0,2.0
18747,2023,,,,,,,,,,,,
18747,2023,11.0,500.0,5.04,1.44,0.36,,,,,,11.0,
18751,2023,,,,,,,,,,,,0.0
18753,2023,,,,,,15.05057316250843,0.8496291301416049,1.2744436952124072,,,,34.0
18753,2023,19.0,404.0,12.252475247524753,0.8910891089108911,1.113861386138614,15.05057316250843,0.8496291301416049,1.2744436952124072,0.2724207687120701,0.8140869530501437,19.0,34.0
18755,2023,0.0,0.0,,,,,,,,,,
18758,2023,12.0,662.0,7.341389728096677,2.311178247734139,0.8157099697885197,7.955502104630186,1.894167167769092,0.5411906193625977,0.39807576668671074,0.9228065848695974,12.0,23.0
18762,2023,,,,,,11.187384044526901,2.504638218923933,1.6697588126159555,,,,34.0
18762,2023,10.0,214.0,17.242990654205606,4.205607476635514,2.9439252336448596,11.187384044526901,2.504638218923933,1.6697588126159555,0.3970315398886827,1.541288882689357,10.0,34.0
18765,2023,12.0,503.0,11.630218687872764,1.2524850894632207,3.0417495029821073,,,,,,12.0,0.0
18766,2023,32.0,2185.0,17.752860411899313,0.5354691075514874,1.276887871853547,16.788756388415674,0.30664395229982966,1.686541737649063,1.8611584327086883,1.0574255770456515,32.0,17.0
18772,2023,23.0,1391.0,8.023005032350827,1.4234363767074047,1.0999281092739037,6.159695817490494,1.1121673003802282,0.7699619771863118,1.3222433460076046,1.3025001996964616,23.0,13.0
18778,2023,21.0,794.0,9.181360201511335,0.6801007556675063,0.5667506297229219,11.084558823529413,0.8602941176470589,1.2573529411764706,0.29191176470588237,0.828301815857739,21.000000000000004,34.0
18781,2023,0.0,0.0,,,,11.464968152866241,1.1823248407643312,0.8598726114649681,0.0,,,33.0
18784,2023,28.0,2154.0,10.445682451253482,1.3788300835654597,0.8774373259052926,11.625754527162979,1.8470824949698188,1.1227364185110664,0.8668008048289738,0.8984950118160229,28.0,30.0
18805,2023,32.0,2643.0,9.63677639046538,1.4642451759364357,1.804767309875142,9.790301441677588,1.8283093053735255,1.2385321100917432,1.7319790301441678,0.9843186594277222,32.0,25.0
18806,2023,31.0,1904.0,10.399159663865547,2.883403361344538,1.8434873949579833,10.543478260869566,3.1521739130434785,2.065217391304348,2.2995169082125604,0.9863120505934332,31.0,27.0
18812,2023,0.0,0.0,,,,,,,,,,0.0
18813,2023,11.0,431.0,3.967517401392111,0.6264501160092807,0.4176334106728538,5.033557046979865,0.8456375838926173,0.36241610738255037,0.19284116331096196,0.7882134570765661,11.0,28.0
18814,2023,21.0,1426.0,6.50070126227209,1.8934081346423561,1.072931276297335,5.731343283582089,1.2537313432835822,0.7164179104477612,0.709452736318408,1.1342369389901823,21.000000000000004,25.0
18815,2023,0.0,0.0,,,,5.60377358490566,0.5094339622641509,0.5094339622641509,0.0,,,12.0
18817,2023,11.0,633.0,5.118483412322274,1.5639810426540284,0.14218009478672985,5.825242718446601,0.8009708737864077,0.14563106796116507,0.5121359223300971,0.8786729857819906,11.0,16.0
18819,2023,26.0,1708.0,13.278688524590164,0.7903981264637002,1.3173302107728337,15.980392156862745,0.6862745098039216,1.3725490196078431,0.9302832244008714,0.8309363371215931,26.0,33.0
18820,2023,0.0,0.0,,,,,,,,,,1.0
18823,2023,25.0,550.0,12.763636363636364,1.8,0.49090909090909096,8.381839348079163,2.0954598370197908,0.31431897555296856,0.640279394644936,1.522772727272727,25.0,17.0
18835,2023,0.0,0.0,,,,0.5555555555555556,,0.037037037037037035,0.0,,,27.0
18836,2023,0.0,0.0,,,,0.6666666666666667,0.33333333333333337,,0.0,,,4.0
18843,2023,29.0,1356.0,12.278761061946904,2.52212389380531,1.592920353982301,11.276512175962294,2.3330714846818537,1.8028279654359782,0.5326001571091908,1.088879333462794,29.0,34.0
18844,2023,4.0,5.0,36.0,,,6.428571428571428,1.0714285714285714,0.8035714285714285,0.01488095238095238,5.6000000000000005,4.0,6.0
18846,2023,22.0,1782.0,7.575757575757576,2.121212121212121,0.8585858585858586,8.147632311977715,2.5069637883008355,0.6894150417827298,1.2409470752089136,0.92981092981093,22.0,19.0
18847,2023,26.0,1981.0,9.040888440181726,2.04442200908632,0.9994952044422009,8.624667258207632,1.9964507542147294,1.157941437444543,0.8788819875776398,1.0482593901321815,26.0,28.0
18849,2023,,,,,,10.588235294117647,1.7647058823529411,,,,,4.0
18852,2023,,,,,,9.840954274353876,2.326043737574553,2.68389662027833,,,,18.0
18853,2023,9.0,229.0,10.218340611353712,3.537117903930131,1.1790393013100435,12.413793103448276,3.103448275862069,3.103448275862069,3.9482758620689653,0.8231441048034934,9.0,6.0
18854,2023,,,,,,,,,,,,0.0
18854,2023,30.0,1228.0,9.161237785016286,1.5390879478827362,0.9527687296416938,,,,,,30.0,0.0
18858,2023,,,,,,1.0,,,,,,38.0
18860,2023,0.0,0.0,,,,0.3481624758220503,,,0.0,,,12.0
18860,2023,29.0,360.0,1.0,,0.25,0.3481624758220503,,,0.3481624758220503,2.8722222222222222,29.0,12.0
18861,2023,35.0,2052.0,6.315789473684211,1.1403508771929824,0.43859649122807015,5.6429330499468655,1.2433581296493093,0.5738575982996812,1.0903294367693943,1.11923877490336,35.0,30.0
18862,2023,19.0,1337.0,5.048616305160808,1.6155572176514585,0.40388930441286464,4.9878197320341044,1.4799025578562728,0.5481120584652862,0.8142509135200975,1.012189007701349,19.0,22.0
18863,2023,0.0,0.0,,,,5.255474452554744,0.7507820646506778,0.4692387904066736,0.0,,,12.0
18866,2023,10.0,614.0,12.45928338762215,1.758957654723127,2.198697068403909,7.0837124658780715,1.8425841674249317,0.6551410373066424,0.27934485896269334,1.758863512266762,10.0,26.0
18869,2023,28.0,2158.0,6.923076923076923,1.5430954587581094,1.2511584800741427,6.927772126144456,1.4954221770091558,0.8850457782299085,0.731773482536453,0.9993222636394443,28.0,37.0
18870,2023,13.0,272.0,10.588235294117647,1.6544117647058825,1.9852941176470589,12.705882352941176,0.5294117647058824,1.588235294117647,1.6,0.8333333333333334,13.0,6.0
18872,2023,33.0,2792.0,8.671203438395416,1.9663323782234958,1.257163323782235,7.149532710280373,1.9450934579439252,0.7885514018691588,1.6308411214953271,1.2128349907298166,33.0,28.0
18873,2023,0.0,0.0,,,,6.366559485530547,0.5787781350482315,0.8681672025723474,0.0,,,8.0
18878,2023,,,,,,3.1578947368421053,,,,,,4.0
18883,2023,38.0,3332.0,14.504801920768307,0.6212484993997599,1.134453781512605,13.944986072423397,0.4700557103064067,1.2534818941504178,1.16016713091922,1.0401445971647085,38.0,33.0
18884,2023,0.0,0.0,,,,19.18032786885246,1.4754098360655739,3.5409836065573774,0.0,,,20.0
18885,2023,0.0,0.0,,,,,,,,,,0.0
18886,2023,23.0,1984.0,0.6804435483870968,,0.0907258064516129,,,,,,23.0,0.0
18891,2023,,,,,,,,,,,,
18892,2023,5.0,15.0,18.0,6.0,6.0,,,,,,5.0,0.0
18894,2023,16.0,1081.0,9.574468085106384,1.1655874190564293,1.4153561517113784,7.149532710280373,0.4205607476635514,2.5233644859813085,5.0514018691588785,1.3391739674593244,16.0,7.0
18896,2023,0.0,0.0,,,,8.181818181818182,8.181818181818182,,0.0,,,4.0
18899,2023,,,,,,,,,,,,
18901,2023,35.0,2748.0,8.08951965065502,1.7685589519650655,0.7860262008733624,8.724672228843861,1.5017878426698452,1.036948748510131,1.0917759237187128,0.9272004080463884,35.0,33.0
18903,2023,13.0,116.0,11.63793103448276,3.8793103448275863,1.5517241379310345,14.0625,2.8125,,3.625,0.8275862068965518,13.0,7.0
18904,2023,0.0,0.0,,,,0.49815498154981547,0.16605166051660517,0.16605166051660517,0.0,,,8.0
18911,2023,18.0,1346.0,0.5349182763744428,,,0.3034947884733292,0.0275904353157572,0.0275904353157572,0.41263028816676883,1.7625287045792246,18.0,37.0
18917,2023,16.0,1275.0,8.541176470588235,1.835294117647059,0.49411764705882355,9.187041564792176,1.2377750611246943,0.3850855745721271,0.38966992665036676,0.929698250557708,16.0,37.0
18918,2023,28.0,2330.0,7.416309012875537,1.351931330472103,0.7725321888412017,,,,,,28.0,
18922,2023,4.0,23.0,43.04347826086957,7.826086956521739,15.652173913043478,,,,,,4.0,
18924,2023,0.0,0.0,,,,,,,,,,
18929,2023,35.0,2897.0,8.791853641698308,1.3669313082499137,0.5591991715567829,11.628,2.3040000000000003,0.792,1.1588,0.756093364439139,35.0,36.0
18931,2023,31.0,1808.0,12.544247787610619,0.34845132743362833,1.095132743362832,16.03723404255319,1.196808510638298,0.9574468085106382,4.808510638297872,0.782195218597279,31.0,7.0
18932,2023,0.0,0.0,,,,0.4448105436573311,0.07413509060955518,,0.0,,,14.0
18941,2023,11.0,85.0,8.470588235294118,2.1176470588235294,,9.571428571428571,1.8571428571428572,1.4285714285714284,0.1349206349206349,0.8849868305531168,11.0,29.0
18947,2023,35.0,2975.0,9.680672268907564,2.722689075630252,1.3008403361344538,8.772064466615502,2.6247122026093628,1.2432847275518035,2.2831926323867995,1.1035796995963743,35.0,19.0
18948,2023,12.0,145.0,13.03448275862069,1.2413793103448276,2.4827586206896552,,,,145.0,,12.0,1.0
18955,2023,20.0,389.0,12.262210796915166,1.3881748071979434,0.9254498714652956,10.505836575875486,1.1673151750972763,0.933852140077821,0.5045395590142672,1.1671808054841473,20.0,17.0
18957,2023,6.0,30.0,15.0,,,,,,,,6.0,
18959,2023,16.0,1434.0,0.2510460251046025,,,0.391304347826087,0.043478260869565216,0.043478260869565216,0.6927536231884058,0.6415620641562063,16.0,23.0
18959,2023,0.0,0.0,,,,0.391304347826087,0.043478260869565216,0.043478260869565216,0.0,,,23.0
18960,2023,38.0,1530.0,0.29411764705882354,,,0.26666666666666666,,0.06666666666666667,1.1333333333333333,1.1029411764705883,38.0,37.0
18961,2023,33.0,2732.0,9.948755490483164,2.0095168374816983,1.054172767203514,8.20545746388443,1.7335473515248796,1.0112359550561798,0.8770465489566613,1.2124559214732025,33.0,38.0
18963,2023,33.0,2873.0,5.701357466063348,0.8458057779324748,0.7205012182387749,6.083333333333333,0.8333333333333333,0.5,0.8867283950617284,0.9372094464761668,33.0,36.0
18968,2023,28.0,2083.0,11.320211233797407,3.3701392222755637,1.512241958713394,7.447657028913261,1.435692921236291,1.5254237288135593,2.076769690927218,1.5199694601738687,28.0,23.0
18970,2023,36.0,3114.0,7.167630057803468,2.0231213872832368,0.6647398843930635,6.517719568567026,1.6363636363636362,0.9707241910631742,0.9596302003081664,1.0997143989395866,36.0,37.0
18972,2023,,,,,,,,,,,,0.0
18973,2023,8.0,558.0,13.06451612903226,3.0645161290322585,1.935483870967742,11.56387665198238,1.751101321585903,1.5198237885462555,0.20484581497797358,1.1297695852534564,8.0,33.0
18996,2023,,,,,,,,,,,,0.0
19004,2023,33.0,1424.0,8.974719101123595,1.3904494382022472,1.0112359550561798,8.833467417538214,1.5205148833467417,1.2308930008045054,0.5728077232502011,1.0159905139067968,33.0,36.0
19012,2023,18.0,,,,,,,,,,18.0,0.0
19016,2023,31.0,159.0,6.792452830188679,1.6981132075471697,1.6981132075471697,7.894736842105263,2.3684210526315788,1.8421052631578947,0.4649122807017544,0.860377358490566,31.0,14.0
19023,2023,31.0,1505.0,5.8006644518272426,1.196013289036545,0.47840531561461797,5.122456019317006,0.9313556398758193,0.5588133839254915,0.5191445325974474,1.1323990737944225,31.0,33.0
19025,2023,38.0,1500.0,8.82,1.44,0.9,9.865563598759048,1.5822130299896586,0.7445708376421925,1.5511892450879008,0.8940188679245284,38.0,33.0
19032,2023,0.0,0.0,,,,9.099876695437732,1.7755856966707768,1.6646115906288534,0.0,,,17.0
19035,2023,34.0,1337.0,7.875841436050861,1.8175018698578909,0.47120418848167545,9.373837569745815,1.5065096094234345,0.7811531308121512,0.828890266584005,0.8401939309755316,34.0,32.0
19043,2023,0.0,0.0,,,,,,,,,,0.0
19061,2023,0.0,0.0,,,,,,,,,,
19070,2023,25.0,1249.0,9.43955164131305,2.089671737389912,0.8646917534027221,,,,,,25.0,
19071,2023,0.0,0.0,,,,14.169421487603305,1.8966942148760328,1.5991735537190084,0.0,,,38.0
19073,2023,38.0,1129.0,10.044286979627989,2.391496899911426,0.6377325066430469,10.423412204234122,2.2415940224159403,1.1207970112079702,1.405977584059776,0.9636275322152061,38.0,13.0
19076,2023,0.0,0.0,,,,10.0,,,0.0,,,2.0
19083,2023,38.0,2866.0,16.14096301465457,0.471039776692254,1.5387299371946963,,,,,,38.0,
19088,2023,0.0,0.0,,,,0.16666666666666669,,0.05555555555555555,0.0,,,18.0
19088,2023,25.0,1620.0,0.4444444444444444,0.05555555555555555,,0.16666666666666669,,0.05555555555555555,1.0,2.666666666666666,25.0,18.0
19090,2023,13.0,969.0,9.75232198142415,1.671826625386997,1.7647058823529411,,,,,,13.0,
19091,2023,8.0,319.0,11.567398119122258,1.974921630094044,0.8463949843260189,,,,,,8.0,
19093,2023,6.0,484.0,7.809917355371901,1.115702479338843,1.115702479338843,,,,,,6.0,
19102,2023,9.0,89.0,15.168539325842696,1.0112359550561798,2.0224719101123596,,,,,,9.0,
19105,2023,27.0,1433.0,8.039078855547801,2.575017445917655,0.942079553384508,,,,,,27.0,
19115,2023,0.0,0.0,,,,,,,,,,
19128,2023,29.0,2218.0,10.428313796212805,1.5013525698827772,0.8115419296663661,12.173753665689148,1.3196480938416424,1.2536656891495601,0.8130498533724341,0.8566227050908924,29.0,36.0
19130,2023,8.0,307.0,3.811074918566775,0.8794788273615635,0.8794788273615635,10.862068965517242,1.8620689655172413,3.103448275862069,1.0586206896551724,0.35086086551884593,8.0,12.0
19130,2023,4.0,89.0,13.146067415730336,3.033707865168539,3.033707865168539,10.862068965517242,1.8620689655172413,3.103448275862069,0.30689655172413793,1.2102728731942214,4.0,12.0
19143,2023,24.0,1797.0,0.25041736227045075,0.05008347245409015,0.05008347245409015,0.4444444444444444,,0.1111111111111111,2.2185185185185183,0.5634390651085143,24.0,30.0
19145,2023,20.0,1616.0,7.351485148514851,1.1695544554455446,0.556930693069307,6.653864618338933,1.2962073931829092,0.7345175228036487,0.7758041286605857,1.10484441301273,20.0,25.0
19147,2023,25.0,2211.0,7.204884667571235,1.2211668928086838,0.814111261872456,2.985179957657022,0.6351446718419196,0.38108680310515175,1.5603387438249823,2.4135511995149974,25.0,17.0
19150,2023,10.0,714.0,6.302521008403361,1.5126050420168067,1.0084033613445378,9.40828402366864,1.952662721893491,1.5976331360946745,1.4082840236686391,0.6698905977485332,10.0,8.0
19150,2023,0.0,0.0,,,,9.40828402366864,1.952662721893491,1.5976331360946745,0.0,,,8.0
19163,2023,21.0,1193.0,8.298407376362112,1.5088013411567478,0.5280804694048618,8.761061946902656,1.0860820595333869,0.5792437650844731,0.9597747385358005,0.9471919530595138,21.000000000000004,36.0
19169,2023,21.0,811.0,12.872996300863132,1.5536374845869296,1.9975339087546238,,,,,,21.000000000000004,
19170,2023,14.0,640.0,13.078125000000002,1.125,1.6875,,,,,,14.0,
19173,2023,0.0,0.0,,,,,,,,,,0.0
19174,2023,,,,,,,,,,,,0.0
19177,2023,0.0,0.0,,,,,,,,,,0.0
19179,2023,1.0,31.0,2.903225806451613,,,4.800000000000001,0.4285714285714286,0.5142857142857142,0.009841269841269842,0.6048387096774193,1.0,35.0
19185,2023,0.0,0.0,,,,,,,,,,0.0
19187,2023,29.0,1021.0,10.842311459353576,1.1459353574926543,0.5288932419196866,11.778962675714979,1.0906446921958313,1.177896267571498,0.4949103247697528,0.9204810099031451,29.0,33.0
19191,2023,35.0,3009.0,11.455633100697906,1.7647058823529411,1.1665004985044867,11.558105107327906,2.1983715766099188,1.3656550703182828,1.113619541080681,0.9911341862979743,35.0,35.0
19192,2023,16.0,848.0,9.870283018867925,1.6981132075471697,0.7429245283018868,11.458254627880619,2.3460521344918774,1.1900264450321119,0.320362674726105,0.8614124349140586,16.0,35.0
19192,2023,16.0,856.0,9.778037383177569,1.6822429906542056,0.7359813084112149,11.458254627880619,2.3460521344918774,1.1900264450321119,0.3233849641103136,0.8533618514101888,16.0,35.0
19197,2023,0.0,0.0,,,,,,,,,,0.0
19201,2023,34.0,2795.0,10.207513416815742,2.1252236135957068,1.223613595706619,,,,,,34.0,
19220,2023,14.0,541.0,13.641404805914972,3.6598890942698707,1.6635859519408505,9.885334942667471,1.792395896197948,1.5208207604103803,0.3264936632468316,1.3799638439194815,14.0,24.0
19221,2023,36.0,1622.0,8.489519112207152,1.1652281134401972,1.1652281134401972,10.593065693430656,1.7244525547445255,0.9032846715328468,1.47992700729927,0.8014223037880309,36.0,29.0
19229,2023,0.0,0.0,,,,,,,,,,0.0
19235,2023,0.0,0.0,,,,90.0,,,0.0,,,4.0
19245,2023,30.0,2129.0,12.724283701268202,2.2404884922498827,0.8454673555659934,14.459691252144083,1.6981132075471697,1.0806174957118353,1.21726700971984,0.8799830839667095,30.0,23.0
19263,2023,23.0,1558.0,6.874197689345314,1.386392811296534,0.9820282413350448,5.556099951004409,1.455169034786869,0.7496325330720235,0.7633512983831455,1.2372343460276707,23.0,23.0
19265,2023,27.0,1143.0,6.929133858267716,1.1023622047244095,0.7086614173228346,6.538076152304609,0.9919839679358718,0.45090180360721444,0.5726452905811623,1.0598123510423265,27.0,31.0
19268,2023,33.0,2248.0,9.088078291814947,2.442170818505338,1.52135231316726,,,,,,33.0,
19281,2023,36.0,2120.0,16.93867924528302,1.0188679245283019,1.8254716981132075,16.2,0.36,2.16,8.48,1.0455974842767297,36.0,11.0
19294,2023,34.0,2886.0,6.7983367983367975,1.340956340956341,0.5925155925155925,,,,,,34.0,
19298,2023,31.0,2142.0,9.117647058823529,2.26890756302521,1.2605042016806722,7.866959868059374,2.721275426058274,1.039032435404068,1.1775700934579438,1.1589797344514323,31.0,26.0
19299,2023,,,,,,9.878048780487806,3.292682926829268,1.646341463414634,,,,11.0
19302,2023,29.0,1369.0,6.508400292184076,1.4463111760409055,0.5259313367421475,,,,,,29.0,
19305,2023,35.0,1985.0,13.012594458438286,2.9924433249370272,2.448362720403023,10.717781402936378,1.8597063621533443,2.4469820554649266,1.0793909733550844,1.2141126945239984,35.0,26.0
19312,2023,0.0,0.0,,,,,,,,,,
19321,2023,0.0,0.0,,,,,,,,,,
19331,2023,14.0,819.0,5.604395604395604,1.3186813186813187,0.5494505494505495,,,,,,14.0,
19337,2023,24.0,1295.0,22.656370656370655,1.1814671814671815,1.3204633204633205,,,,,,24.0,
19340,2023,0.0,0.0,,,,,,,,,,
19341,2023,38.0,382.0,0.706806282722513,,,1.5,0.5,,2.1222222222222222,0.47120418848167533,38.0,18.0
19345,2023,0.0,0.0,,,,5.294117647058823,,,0.0,,,3.0
19346,2023,5.0,402.0,9.402985074626866,1.5671641791044777,0.8955223880597015,9.07213316892725,1.5813810110974105,0.8877928483353884,0.12392108508014797,1.0364690309918299,5.0,37.0
19352,2023,0.0,0.0,,,,17.5,,3.75,0.0,,,5.0
19354,2023,35.0,3073.0,6.413927757891312,1.5815164334526521,0.41002277904328016,6.243243243243243,1.135135135135135,0.32432432432432434,0.9228228228228228,1.0273390781038032,35.0,38.0
19356,2023,0.0,0.0,,,,11.25,,,0.0,,,1.0
19361,2023,13.0,616.0,11.396103896103895,1.168831168831169,0.7305194805194805,10.173913043478262,1.0869565217391304,0.6956521739130435,0.2975845410628019,1.1201298701298699,13.0,35.0
19362,2023,3.0,22.0,49.090909090909086,8.181818181818182,8.181818181818182,9.91304347826087,1.1739130434782608,0.9130434782608695,0.015942028985507246,4.952153110047846,3.0,36.0
19364,2023,29.0,1315.0,11.771863117870724,0.6844106463878327,1.3003802281368821,,,,1.1814914645103325,,29.0,27.0
19364,2023,2.0,112.0,138.21428571428572,8.035714285714286,15.267857142857144,,,,0.10062893081761007,,2.0,27.0
19365,2023,30.0,1993.0,11.741093828399396,0.7676869041645761,0.3612644254892122,,,,,,30.0,
19366,2023,37.0,3221.0,8.997205836696677,0.335299596398634,0.614715926730829,10.417729591836734,0.545280612244898,0.7461734693877552,1.0271045918367347,0.8636436334215115,37.0,37.0
19408,2023,25.0,1663.0,9.254359591100421,2.0024052916416117,1.0823812387251954,,,,,,25.0,
19428,2023,34.0,3020.0,11.3841059602649,1.2516556291390728,0.8344370860927153,11.621872103799813,1.0843373493975905,0.7228915662650601,0.9329626197096077,0.9795414937101937,34.0,38.0
19465,2023,32.0,2880.0,0.375,0.03125,,0.6052631578947368,,,0.8421052631578947,0.6195652173913043,32.0,38.0
19465,2023,0.0,0.0,,,,0.6052631578947368,,,0.0,,,38.0
19466,2023,21.0,1722.0,9.041811846689894,2.613240418118467,1.1498257839721255,,,,,,21.000000000000004,
19480,2023,27.0,1323.0,8.70748299319728,1.9727891156462585,1.7687074829931975,7.838306731436502,1.3740458015267174,1.1866759195003471,0.4590562109646079,1.1108882685433625,27.0,37.0
19482,2023,11.0,380.0,8.052631578947368,1.657894736842105,0.9473684210526315,7.426326129666013,1.768172888015717,1.5029469548133596,0.37328094302554027,1.0843358395989973,11.0,20.0
19485,2023,14.0,1111.0,9.558955895589559,0.7290729072907292,0.8910891089108911,,,,,,14.0,
19495,2023,32.0,2650.0,7.369811320754717,1.290566037735849,0.4075471698113208,7.217920353982301,1.3440265486725664,0.8462389380530975,1.4657079646017699,1.0210435914118414,32.0,26.0
19545,2023,10.0,420.0,12.214285714285714,3.0,0.8571428571428572,10.635048231511254,2.242765273311897,0.6511254019292604,0.33762057877813506,1.1484936831875607,10.0,16.0
19549,2023,37.0,3270.0,9.935779816513762,2.5596330275229358,0.9357798165137615,8.565878925218517,1.8064098413726126,0.9614762058918744,1.0585950145678213,1.1599253156920262,37.0,35.0
19565,2023,0.0,0.0,,,,,,,,,,
19586,2023,27.0,2063.0,14.832767813863308,1.5269025690741638,1.177896267571498,12.360953461975027,1.4301929625425651,0.9194097616345063,0.7805524025728339,1.1999695540875643,27.0,38.0
19592,2023,0.0,0.0,,,,,,,,,,
19599,2023,34.0,3015.0,0.417910447761194,,0.029850746268656716,0.6291706387035272,,0.028598665395614873,0.9580552907530981,0.6642243328810492,34.0,37.0
19603,2023,,,,,,,,,,,,
19610,2023,0.0,0.0,,,,,,,,,,0.0
19617,2023,19.0,1277.0,15.43461237274863,1.3390759592795614,0.9162098668754894,13.2208922742111,1.8933623503808488,0.9140369967355823,0.46318462096481683,1.1674410510745672,19.0,37.0
19655,2023,0.0,0.0,,,,,,,,,,
19657,2023,0.0,0.0,,,,0.5,,,0.0,,,2.0
19684,2023,1.0,3.0,30.0,,,,,,,,1.0,
19720,2023,13.0,950.0,6.91578947368421,1.5157894736842106,0.28421052631578947,7.743142144638404,1.7394014962593516,0.6172069825436408,0.5922693266832918,0.8931502669717772,13.0,25.0
19733,2023,0.0,0.0,,,,8.355437665782494,1.909814323607427,0.9549071618037135,0.0,,,21.0
19750,2023,14.0,14.0,,,,,,,,,14.0,
19756,2023,0.0,0.0,,,,,,,,,,
19757,2023,0.0,0.0,,,,,,,,,,
19759,2023,17.0,310.0,11.903225806451614,2.032258064516129,1.7419354838709677,,,,,,17.0,
19767,2023,27.0,1093.0,8.398902104300092,1.070448307410796,0.7410795974382433,,,,,,27.0,
19772,2023,0.0,0.0,,,,,,,,,,
19779,2023,0.0,0.0,,,,,,,,,,
19789,2023,29.0,2529.0,8.469750889679714,1.2455516014234875,0.1423487544483986,8.0,1.7333333333333334,0.2,0.9366666666666666,1.0587188612099643,29.0,30.0
19802,2023,19.0,1019.0,18.724239450441612,1.6781157998037293,1.6781157998037293,,,,,,19.0,
19804,2023,8.0,100.0,19.8,,4.5,17.64566929133858,0.9921259842519685,1.8425196850393701,0.07874015748031496,1.1220883534136548,8.0,27.0
19808,2023,24.0,408.0,15.882352941176471,3.5294117647058822,1.7647058823529411,,,,,,24.0,
19827,2023,33.0,2068.0,8.486460348162476,1.8278529980657638,1.0444874274661509,,,,,,33.0,
19829,2023,37.0,2937.0,7.722165474974465,1.9305413687436161,0.9499489274770174,,,,,,37.0,
19842,2023,,,,,,,,,,,,0.0
19866,2023,0.0,0.0,,,,,,,0.0,,,2.0
19959,2023,37.0,2995.0,5.919866444073456,1.4424040066777963,0.5709515859766278,7.306814476687316,1.7606781871535702,0.8216498206716661,0.9765242908379524,0.8101843098604771,37.0,38.0
19964,2023,0.0,0.0,,,,21.634615384615387,2.5961538461538463,0.8653846153846154,0.0,,,6.0
19974,2023,18.0,1449.0,14.099378881987578,0.9316770186335404,1.4906832298136647,14.690145614629191,0.7009820521503556,1.5848289874703692,0.4906874365052489,0.9597848279969875,18.0,33.0
20069,2023,0.0,0.0,,,,,,,,,,0.0
20093,2023,1.0,15.0,66.0,18.0,6.0,,,,,,1.0,0.0
20110,2023,21.0,241.0,11.576763485477176,1.4937759336099585,1.120331950207469,11.323529411764707,2.2058823529411766,1.6176470588235292,0.3937908496732026,1.0223635285875947,21.000000000000004,28.0
20189,2023,23.0,1305.0,12.827586206896552,2.0689655172413794,0.9655172413793103,,,,,,23.0,
20203,2023,14.0,1173.0,8.593350383631714,1.918158567774936,1.1508951406649617,,,,,,14.0,
20206,2023,21.0,1848.0,8.912337662337663,1.996753246753247,1.12012987012987,,,,,,21.000000000000004,
20224,2023,0.0,0.0,,,,,,,,,,0.0
20319,2023,0.0,0.0,,,,,,,,,,0.0
20355,2023,6.0,540.0,0.16666666666666669,,,0.3157894736842105,0.026315789473684213,,0.15789473684210525,0.5277777777777779,6.0,38.0
20386,2023,0.0,0.0,,,,,,,,,,
20503,2023,0.0,0.0,,,,10.39655172413793,2.4827586206896552,0.7758620689655172,0.0,,,13.0
20589,2023,25.0,1960.0,12.214285714285714,0.6887755102040816,1.010204081632653,10.501535312180144,0.7983623336745138,0.8290685772773797,0.6687137495735244,1.163095238095238,25.0,38.0
20649,2023,34.0,2509.0,9.972100438421682,1.00438421681945,1.3630928656835393,10.131332082551594,0.9568480300187618,1.1819887429643527,1.5691056910569106,0.9842832469775475,34.0,38.0
20665,2023,22.0,964.0,13.443983402489627,1.5871369294605808,0.9336099585062241,,,,,,22.0,
21090,2023,27.0,1827.0,5.911330049261084,1.3300492610837438,1.2807881773399015,5.735294117647058,0.4411764705882353,0.8823529411764706,8.955882352941176,1.030693444486548,27.0,3.0
21138,2023,33.0,2345.0,14.315565031982942,2.724946695095949,0.9594882729211087,12.808988764044942,2.7808988764044944,1.2640449438202246,2.195692883895131,1.1176186735495457,33.0,21.0
21138,2023,33.0,2343.0,14.327784891165173,2.7272727272727275,0.9603072983354672,12.808988764044942,2.7808988764044944,1.2640449438202246,2.193820224719101,1.1185726800997373,33.0,21.0
21694,2023,21.0,1859.0,6.5357719203873055,1.2587412587412588,0.48413125336202256,6.996865203761756,1.5235109717868338,0.45141065830721006,1.1655172413793105,0.9341000190876122,21.000000000000004,18.0
21998,2023,31.0,2580.0,7.151162790697675,1.1511627906976745,0.5930232558139534,,,,,,31.0,
22090,2023,38.0,3420.0,6.131578947368421,1.0789473684210527,0.5789473684210527,6.7052980132450335,1.2665562913907285,0.7077814569536424,1.4155629139072847,0.9144379467186484,38.0,27.0
22094,2023,0.0,0.0,,,,69.0,15.0,5.5,0.0,,,2.0
22149,2023,24.0,1043.0,11.562799616490892,3.624161073825503,1.8983700862895494,,,,,,24.0,
22166,2023,0.0,0.0,,,,,,,,,,0.0
22173,2023,0.0,0.0,,,,13.050397877984084,0.7957559681697614,0.47745358090185674,0.0,,,25.0
22224,2023,36.0,3044.0,7.8942181340341655,1.419185282522996,1.0348226018396847,8.021108179419524,1.266490765171504,0.6596306068601583,0.8924069187921431,0.9841804844733385,36.0,38.0
24882,2023,20.0,1571.0,8.134945894334818,1.5467854869509867,1.3176320814767664,8.497109826589595,1.6184971098265895,1.2716763005780347,1.0089916506101477,0.9573779862040296,20.0,27.0
24888,2023,29.0,2125.0,10.291764705882352,0.8470588235294116,1.3129411764705883,12.367021276595743,1.595744680851064,1.595744680851064,1.8838652482269505,0.8321943074003796,29.0,27.0
25004,2023,38.0,632.0,0.2848101265822785,,,0.33333333333333337,,,2.3407407407407406,0.8544303797468354,38.0,38.0
25073,2023,38.0,3071.0,6.828394659719961,1.846304135460762,0.7912732009117552,8.60054347826087,2.2010869565217392,0.8967391304347825,1.3908514492753623,0.7939492053007727,38.0,35.0
25416,2023,,,,,,11.375464684014869,1.2267657992565055,1.5613382899628254,,,,17.0
25628,2023,15.0,1239.0,8.934624697336561,2.542372881355932,0.7990314769975787,,,,,,15.0,
25916,2023,33.0,1465.0,5.406143344709897,2.580204778156997,0.6757679180887372,6.583476764199656,1.3941480206540449,0.9294320137693632,1.2607573149741824,0.8211684400722746,33.0,15.0
25927,2023,35.0,2284.0,13.397548161120842,0.8669001751313485,1.3791593695271454,15.179282868525895,0.8366533864541833,1.9123505976095616,3.0332005312084993,0.8826206268874885,35.0,29.0
26232,2023,37.0,3285.0,0.7123287671232877,0.027397260273972605,0.05479452054794521,,,,,,37.0,
26475,2023,0.0,0.0,,,,8.300970873786408,1.0194174757281553,2.1844660194174756,0.0,,,22.0
27778,2023,,,,,,,,,,,,
30407,2023,31.0,2513.0,11.388778352566653,2.90091524074811,1.468364504576204,10.322033898305085,2.6440677966101696,1.7796610169491527,1.419774011299435,1.1033463428594952,31.0,22.0
30435,2023,36.0,2767.0,12.75027105168052,2.016624503071919,1.7564148897723164,12.554112554112555,1.645021645021645,1.5584415584415585,1.3309283309283308,1.015625038944207,36.0,30.0
30544,2023,0.0,0.0,,,,10.07534983853606,0.9687836383207751,1.55005382131324,0.0,,,16.0
30765,2023,13.0,180.0,,,,,,,,,13.0,
30776,2023,33.0,2793.0,8.635875402792696,2.1267454350161117,0.9989258861439312,126.49999999999999,34.0,21.0,15.516666666666667,0.06826778974539681,33.0,2.0
31057,2023,10.0,51.0,24.705882352941178,1.7647058823529411,,16.573426573426573,3.5664335664335662,0.8391608391608392,0.11888111888111888,1.490692479523455,10.0,7.0
31146,2023,9.0,439.0,7.380410022779043,1.4350797266514808,1.8451025056947608,,,,,,9.0,
31354,2023,38.0,3420.0,0.8157894736842105,,,,,,,,38.0,
33095,2023,10.0,594.0,9.848484848484848,1.6666666666666665,1.5151515151515151,,,,,,10.0,
36929,2023,36.0,2923.0,7.5128292849811835,1.2008210742387957,1.539514197742046,,,,,,36.0,
37127,2023,35.0,3104.0,8.727448453608247,1.4207474226804124,0.8698453608247423,8.031120990790727,1.0288980628771038,0.8574150523975865,0.9857097491267068,1.0867036449352458,35.0,37.0
37145,2023,0.0,0.0,,,,9.504310344827587,2.974137931034483,2.521551724137931,0.0,,,22.0
37161,2023,20.0,692.0,18.208092485549134,2.991329479768786,1.4306358381502888,15.446224256292906,2.1624713958810067,1.4416475972540046,0.7917620137299771,1.178805394990366,20.0,19.0
37381,2023,16.0,412.0,13.325242718446601,2.1844660194174756,,,,,,,16.0,
38695,2023,28.0,2367.0,7.832699619771863,1.7870722433460078,0.532319391634981,12.061855670103093,2.4742268041237114,2.1649484536082477,8.1340206185567,0.6493776607845049,28.0,8.0
38734,2023,17.0,1385.0,5.913357400722022,1.2996389891696751,0.5848375451263538,5.437979539641944,1.0933503836317136,0.43158567774936063,0.4427749360613811,1.0874181040246023,17.0,36.0
38746,2023,2.0,71.0,11.408450704225352,2.535211267605634,3.8028169014084505,,,,,,2.0,
40911,2023,17.0,612.0,9.705882352941178,2.7941176470588234,1.1764705882352942,,,,,,17.0,0.0
41104,2023,33.0,2707.0,14.130033247137051,5.053564831917251,1.7288511267085334,13.674911660777385,4.221008673305493,1.3877288788949567,0.8695791840668166,1.0332815010180325,33.0,35.0
41577,2023,8.0,455.0,7.912087912087912,2.175824175824176,1.5824175824175823,,,,,,8.0,0.0
41577,2023,0.0,0.0,,,,,,,,,,0.0
41606,2023,35.0,2778.0,7.3542116630669545,1.42548596112311,1.2311015118790496,8.357142857142858,1.3775510204081631,1.469387755102041,2.8346938775510204,0.8799911391704047,35.0,17.0
41621,2023,2.0,180.0,46.0,5.0,4.0,12.63412666397741,2.4324324324324325,1.3432835820895521,0.07260992335619201,3.6409323116219667,2.0,34.0
41621,2023,33.0,661.0,12.526475037821482,1.361573373676248,1.0892586989409985,12.63412666397741,2.4324324324324325,1.3432835820895521,0.26663977410246065,0.9914792981723964,33.0,34.0
41725,2023,11.0,291.0,10.515463917525773,0.9278350515463918,2.4742268041237114,8.837675350701403,1.0821643286573146,0.5410821643286573,0.5831663326653307,1.1898450101690161,11.0,22.0
44809,2023,10.0,500.0,10.62,3.7800000000000002,1.26,,,,,,10.0,
44811,2023,6.0,417.0,7.1223021582733805,0.8633093525179856,0.6474820143884893,5.378258105530833,0.6865861411315957,0.45772409408773046,0.26509853782581055,1.3242767488137148,6.0,20.0
44871,2023,9.0,720.0,8.375,2.0,1.25,8.818040435458787,1.7729393468118195,0.9331259720062208,0.37325038880248834,0.9497574955908289,9.0,28.0
44912,2023,0.0,0.0,,,,,,,,,,0.0
44922,2023,0.0,0.0,,,,,,,,,,
45815,2023,,,,,,,,,,,,
46731,2023,19.0,1246.0,9.462279293739968,1.8780096308186196,1.5890850722311396,9.53020134228188,2.046979865771812,1.4093959731543624,0.4645786726323639,0.9928729681459544,19.0,35.0
46815,2023,34.0,2463.0,5.663824604141292,1.0596833130328869,0.6577344701583434,,,,,,34.0,
47380,2023,21.0,1785.0,10.336134453781511,3.1260504201680672,1.1596638655462184,9.600715137067938,3.539928486293206,0.8581644815256257,1.0637663885578068,1.076600472591271,21.000000000000004,24.0
47438,2023,32.0,2220.0,9.891891891891891,2.1891891891891895,1.135135135135135,9.604240282685513,2.2261484098939928,1.017667844522968,0.784452296819788,1.029950480281606,32.0,37.0
47499,2023,16.0,363.0,16.363636363636363,1.487603305785124,2.479338842975207,,,,,,16.0,
47519,2023,35.0,3093.0,8.845780795344327,2.6479146459747818,1.0766246362754608,10.606860158311346,1.978891820580475,0.9498680738786279,2.7203166226912927,0.8339678909043532,35.0,15.0
47522,2023,35.0,3003.0,8.661338661338661,1.7382617382617385,1.5284715284715285,9.604500511421753,2.2400272758267987,1.4728946471189908,1.0238663484486874,0.9018000104262084,35.0,37.0
47547,2023,21.0,1028.0,8.929961089494164,1.575875486381323,0.9630350194552529,10.794602698650674,1.5517241379310345,1.1469265367316341,0.7706146926536732,0.827261673151751,21.000000000000004,19.0
47903,2023,8.0,439.0,6.765375854214122,0.8200455580865603,1.6400911161731206,,,,,,8.0,
48649,2023,0.0,0.0,,,,,,,,,,
50132,2023,0.0,0.0,,,,,,,,,,
50737,2023,0.0,0.0,,,,,,,,,,
50737,2023,38.0,2604.0,7.983870967741936,1.6244239631336406,0.7949308755760368,,,,,,38.0,
50816,2023,0.0,0.0,,,,,,,,,,0.0
50828,2023,0.0,0.0,,,,,,,,,,
50892,2023,0.0,0.0,,,,,,,,,,
50999,2023,17.0,1530.0,0.411764705882353,,,,,,,,17.0,0.0
50999,2023,0.0,0.0,,,,,,,,,,0.0
51617,2023,36.0,2047.0,10.024425989252565,0.9672691744015632,1.2310698583292623,11.33608004708652,0.5826957033549146,1.324308416715715,1.2048263684520306,0.8842938606303276,36.0,29.0
61431,2023,38.0,971.0,6.395468589083419,1.8537590113285274,0.9268795056642637,6.473317865429234,1.4617169373549883,0.2088167053364269,2.2529002320185616,0.9879738214677253,38.0,18.0
61742,2023,0.0,0.0,,,,,,,,,,
63577,2023,35.0,1586.0,11.576292559899116,1.1916771752837327,1.248423707440101,13.071104387291982,1.497730711043873,1.0892586989409985,2.399394856278366,0.885639974779319,35.0,19.0
64167,2023,,,,,,,,,,,,
64304,2023,0.0,0.0,,,,,,,,,,0.0
67971,2023,25.0,2022.0,6.632047477744806,1.2462908011869436,0.6231454005934718,6.837837837837839,1.4054054054054053,0.6486486486486487,0.6072072072072072,0.969904176587185,25.0,37.0
67972,2023,37.0,3137.0,12.107108702582085,2.4386356391456805,2.381255977048135,15.111524163568774,2.5650557620817844,1.9516728624535316,1.9436183395291202,0.8011838231228982,37.0,35.0
68127,2023,0.0,0.0,,,,,,,,,,0.0
69257,2023,,,,,,,,,,,,0.0
69403,2023,0.0,0.0,,,,,,,,,,
69539,2023,0.0,0.0,,,,,,,,,,
69680,2023,0.0,0.0,,,,,,,,,,
70078,2023,9.0,165.0,21.81818181818182,2.7272727272727275,2.1818181818181817,12.0,1.5,1.5,2.75,1.8181818181818183,9.0,4.0
70747,2023,12.0,475.0,11.557894736842105,1.1368421052631579,1.1368421052631579,15.3,1.4625000000000001,1.4625000000000001,0.59375,0.7554179566563467,12.0,20.0
82855,2023,0.0,0.0,,,,,,,,,,
83029,2023,,,,,,,,,,,,
84081,2023,0.0,0.0,,,,16.363636363636363,8.181818181818182,,0.0,,,10.0
84082,2023,5.0,36.0,42.5,2.5,5.0,,,,,,5.0,
84088,2023,0.0,0.0,,,,,,,,,,
87858,2023,0.0,0.0,,,,,,,,,,
94360,2023,,,,,,,,,,,,
98936,2023,24.0,1920.0,13.59375,0.890625,1.125,,,,,,24.0,
105789,2023,0.0,0.0,,,,,,,,,,
106086,2023,0.0,0.0,,,,,,,,,,0.0
106725,2023,30.0,1440.0,10.0625,1.0625,0.5625,10.220820189274448,0.28391167192429023,0.28391167192429023,4.542586750788644,0.9845100308641975,30.0,10.0
106835,2023,19.0,1485.0,11.090909090909092,0.7878787878787878,0.8484848484848484,11.619170984455959,1.7098445595854923,1.1269430051813472,0.6411917098445595,0.9545353197527111,19.0,33.0
107087,2023,0.0,0.0,,,,,,,,,,
116117,2023,35.0,2874.0,10.929018789144049,2.849686847599165,1.5657620041753655,10.777070063694268,2.8662420382165603,1.8630573248407643,0.9152866242038217,1.0140992611676216,35.0,37.0
116117,2023,0.0,0.0,,,,10.777070063694268,2.8662420382165603,1.8630573248407643,0.0,,,37.0
118307,2023,23.0,1986.0,0.2719033232628399,,,,,,,,23.0,
123469,2023,34.0,1972.0,12.961460446247466,1.2322515212981744,1.0040567951318458,,,,,,34.0,
125618,2023,0.0,0.0,,,,,,,,,,
125743,2023,30.0,936.0,20.961538461538463,1.3461538461538463,2.019230769230769,,,,,,30.0,
126949,2023,35.0,2097.0,7.939914163090128,1.9742489270386265,0.5150214592274678,6.907449209932279,1.8284424379232505,0.4063205417607223,4.733634311512415,1.149471233414682,35.0,27.0
127472,2023,0.0,0.0,,,,9.545454545454545,2.7272727272727275,1.3636363636363638,0.0,,,2.0
127605,2023,0.0,0.0,,,,,,,,,,0.0
127769,2023,35.0,2029.0,12.331197634302614,1.330704780680138,1.020206998521439,11.7712045616536,0.9942979330007128,1.2508909479686388,0.7230933713471134,1.0475731323600708,35.0,36.0
129033,2023,35.0,2328.0,8.621134020618557,2.1262886597938144,0.7731958762886598,,,,,,35.0,
129058,2023,38.0,1890.0,0.5238095238095238,0.04761904761904762,0.04761904761904762,,,,,,38.0,
129169,2023,6.0,149.0,12.080536912751677,0.6040268456375839,2.4161073825503356,,,,,,6.0,
129643,2023,28.0,1388.0,9.46685878962536,0.9077809798270894,1.5561959654178676,8.284518828451883,0.5648535564853556,0.8472803347280335,1.4518828451882846,1.1427167932931621,28.0,21.0
129707,2023,0.0,0.0,,,,,,,,,,1.0
129711,2023,32.0,2091.0,1.0329985652797704,0.17216642754662842,0.043041606886657105,8.415504930295818,1.0404624277456647,1.1322679360761645,0.7109826589595376,0.12274944567627494,32.0,38.0
129711,2023,3.0,240.0,9.0,1.5,0.375,8.415504930295818,1.0404624277456647,1.1322679360761645,0.08160489629377762,1.0694545454545454,3.0,38.0
129712,2023,0.0,0.0,,,,51.42857142857142,,,0.0,,,1.0
129791,2023,8.0,261.0,13.10344827586207,2.413793103448276,2.758620689655172,,,,,,8.0,
130416,2023,0.0,0.0,,,,,,,,,,
130419,2023,,,,,,,,,,,,0.0
130423,2023,31.0,2125.0,6.903529411764707,1.1011764705882354,0.931764705882353,,,,,,31.0,0.0
134428,2023,,,,,,,,,,,,
135334,2023,30.0,820.0,8.560975609756097,1.4268292682926829,1.0975609756097562,,,,,,30.0,
135525,2023,,,,,,,,,,,,0.0
135775,2023,24.0,522.0,11.896551724137932,0.8620689655172413,1.0344827586206897,,,,,,24.0,
136723,2023,23.0,1055.0,14.587677725118484,1.4502369668246446,0.6824644549763034,16.046511627906977,1.6744186046511627,0.5581395348837209,1.6356589147286822,0.9090871625798476,23.0,12.0
137220,2023,0.0,0.0,,,,,,,0.0,,,1.0
137302,2023,29.0,1836.0,0.04901960784313726,,0.04901960784313726,14.651162790697676,,4.186046511627907,42.69767441860465,0.0033457827575474634,29.0,6.0
137302,2023,1.0,5.0,18.0,,18.0,14.651162790697676,,4.186046511627907,0.11627906976744186,1.2285714285714284,1.0,6.0
138417,2023,20.0,996.0,10.75301204819277,3.072289156626506,1.6265060240963856,10.853563038371183,3.453406421299922,0.9866875489428347,0.7799530148786218,0.9907356699525374,20.0,19.0
138777,2023,,,,,,,,,,,,
138780,2023,31.0,1665.0,13.783783783783782,3.72972972972973,1.2432432432432432,13.144989339019189,3.454157782515992,1.5831556503198294,0.8875266524520256,1.0485960412967712,31.0,31.0
138787,2023,35.0,2900.0,11.700000000000001,1.706896551724138,1.1793103448275863,34.6875,6.375,3.75,6.041666666666667,0.33729729729729735,35.0,16.0
138793,2023,0.0,0.0,,,,45.0,,,0.0,,,1.0
138804,2023,0.0,0.0,,,,,,,,,,0.0
138806,2023,0.0,0.0,,,,,,,,,,0.0
138815,2023,19.0,913.0,8.576122672508214,2.0700985761226725,1.0843373493975905,13.356164383561643,2.2602739726027394,1.2328767123287672,2.084474885844749,0.6421096975313844,19.0,20.0
138816,2023,12.0,199.0,14.472361809045227,1.3567839195979898,2.261306532663317,,,,,,12.0,
138816,2023,20.0,222.0,12.972972972972974,1.2162162162162162,2.0270270270270268,,,,,,20.0,
138821,2023,0.0,0.0,,,,,,,,,,
138822,2023,8.0,81.0,84.44444444444444,3.333333333333333,4.444444444444445,20.13986013986014,1.2587412587412588,0.6293706293706294,0.28321678321678323,4.192901234567901,8.0,12.0
138822,2023,13.0,453.0,15.09933774834437,0.5960264900662252,0.7947019867549668,20.13986013986014,1.2587412587412588,0.6293706293706294,1.583916083916084,0.7497240618101545,13.0,12.0
138828,2023,11.0,532.0,9.81203007518797,2.87593984962406,0.8458646616541353,,,,,,11.0,
138835,2023,0.0,0.0,,,,,,,,,,0.0
138842,2023,,,,,,,,,,,,
138843,2023,,,,,,,,,,,,
138901,2023,,,,,,,,,,,,
138906,2023,4.0,9.0,50.0,10.0,20.0,,,,,,4.0,
138908,2023,21.0,1022.0,14.794520547945204,2.1135029354207435,1.8493150684931505,18.778625954198475,2.519083969465649,1.3740458015267174,2.600508905852417,0.7878382893417974,21.000000000000004,22.0
138908,2023,21.0,1022.0,14.794520547945204,2.1135029354207435,1.8493150684931505,18.778625954198475,2.519083969465649,1.3740458015267174,2.600508905852417,0.7878382893417974,21.000000000000004,22.0
138931,2023,1.0,3.0,,,,,,,,,1.0,
138934,2023,,,,,,,,,,,,
138935,2023,9.0,222.0,13.378378378378379,2.4324324324324325,1.2162162162162162,11.25,3.4011627906976742,0.5232558139534884,0.6453488372093024,1.1891891891891893,9.0,14.0
138937,2023,0.0,0.0,,,,,,,,,,0.0
140947,2023,,,,,,,,,,,,
140947,2023,24.0,1734.0,10.847750865051903,2.698961937716263,1.4013840830449826,,,,,,24.0,
144709,2023,0.0,0.0,,,,,,,,,,0.0
144723,2023,0.0,0.0,,,,,,,,,,0.0
144725,2023,,,,,,,,,,,,0.0
144729,2023,0.0,0.0,,,,,,,,,,
144732,2023,,,,,,,,,,,,
144732,2023,32.0,1246.0,4.478330658105939,1.8780096308186196,0.7945425361155698,,,,,,32.0,
144733,2023,0.0,0.0,,,,,,,,,,0.0
144741,2023,,,,,,,,,,,,0.0
145476,2023,0.0,0.0,,,,,,,,,,
146325,2023,0.0,0.0,,,,,,,,,,
147835,2023,11.0,780.0,4.5,1.1538461538461537,0.6923076923076923,,,,,,11.0,
148270,2023,0.0,0.0,,,,,,,,,,0.0
149550,2023,0.0,0.0,,,,14.794520547945204,1.8493150684931505,1.8493150684931505,0.0,,,4.0
149564,2023,0.0,0.0,,,,,,,,,,0.0
151756,2023,,,,,,,,,,,,0.0
152418,2023,20.0,333.0,17.83783783783784,3.5135135135135136,2.4324324324324325,11.511627906976745,3.13953488372093,2.0930232558139537,3.872093023255814,1.5495495495495495,20.0,8.0
152849,2023,28.0,2342.0,7.801024765157985,1.883005977796755,0.4995730145175064,,,,,,28.0,
152953,2023,23.0,1799.0,8.754863813229573,2.4013340744858254,1.2506948304613674,7.315270935960591,0.5911330049261083,0.5911330049261083,1.4770114942528736,1.1967928310340763,23.0,17.0
152955,2023,0.0,0.0,,,,,,,,,,0.0
152967,2023,33.0,2300.0,6.182608695652174,1.9173913043478261,0.5869565217391304,,,,,,33.0,
152968,2023,0.0,0.0,,,,,,,,,,
152969,2023,12.0,920.0,8.608695652173914,1.9565217391304348,0.9782608695652174,8.57943925233645,1.9345794392523366,1.0093457943925233,0.8598130841121495,1.0034100596760445,12.0,17.0
152976,2023,,,,,,,,,,,,0.0
152979,2023,,,,,,,,,,,,0.0
152980,2023,,,,,,,,,,,,
152982,2023,33.0,2618.0,7.872421695951108,0.7906799083269672,0.7906799083269672,11.815642458100559,1.2569832402234635,0.25139664804469275,7.312849162011173,0.666271150626595,33.0,14.0
152982,2023,1.0,10.0,2061.0,206.99999999999997,206.99999999999997,11.815642458100559,1.2569832402234635,0.25139664804469275,0.027932960893854747,174.42978723404255,1.0,14.0
153066,2023,,,,,,15.0,2.1052631578947367,1.5789473684210527,,,,13.0
153261,2023,,,,,,,,,,,,0.0
153420,2023,0.0,0.0,,,,,,,,,,0.0
153422,2023,0.0,0.0,,,,,,,,,,
153425,2023,12.0,222.0,21.08108108108108,3.6486486486486487,1.2162162162162162,,,,,,12.0,
153429,2023,0.0,0.0,,,,,,,,,,0.0
153429,2023,33.0,2470.0,8.125506072874494,1.9676113360323886,1.2753036437246963,,,,,,33.0,0.0
153430,2023,36.0,2433.0,8.618988902589395,1.220715166461159,0.33292231812577067,11.142857142857142,0.6428571428571428,0.6428571428571428,5.792857142857143,0.7734990040785354,36.0,16.0
153430,2023,0.0,0.0,,,,11.142857142857142,0.6428571428571428,0.6428571428571428,0.0,,,16.0
153430,2023,36.0,2434.0,8.61544782251438,1.2202136400986032,0.33278553820870993,11.142857142857142,0.6428571428571428,0.6428571428571428,5.795238095238095,0.7731812148410341,36.0,16.0
153434,2023,,,,,,,,,,,,
154806,2023,0.0,0.0,,,,,,,,,,
154807,2023,,,,,,,,,,,,0.0
156428,2023,0.0,0.0,,,,,,,,,,0.0
157912,2023,24.0,805.0,14.198757763975156,3.9130434782608696,2.571428571428571,11.970443349753696,2.6600985221674875,2.2167487684729066,1.9827586206896552,1.1861513687600644,24.0,10.0
157997,2023,9.0,387.0,15.116279069767442,2.325581395348837,1.1627906976744184,,,,,,9.0,0.0
158693,2023,1.0,7.0,38.57142857142857,25.71428571428571,,,,,,,1.0,
158694,2023,33.0,1312.0,8.78048780487805,1.5777439024390245,0.20579268292682926,24.23076923076923,6.923076923076923,,50.46153846153846,0.3623693379790941,33.0,2.0
158697,2023,30.0,1825.0,,,,,,,,,30.0,
158697,2023,1.0,0.0,,,,,,,,,1.0,
158698,2023,17.0,1189.0,9.007569386038687,1.8923465096719934,0.7569386038687973,,,,,,17.0,0.0
161671,2023,37.0,3330.0,7.621621621621621,1.5945945945945945,0.6486486486486487,5.454545454545455,1.2121212121212122,0.30303030303030304,11.212121212121213,1.397297297297297,37.0,5.0
161907,2023,27.0,1754.0,10.210946408209805,2.8221208665906503,1.12884834663626,,,,,,27.0,
161921,2023,13.0,230.0,16.434782608695652,2.739130434782609,1.1739130434782608,,,,,,13.0,
162075,2023,,,,,,,,,,,,
162189,2023,,,,,,,,,,,,
162489,2023,28.0,2520.0,0.9285714285714286,0.07142857142857142,,,,,,,28.0,
162493,2023,0.0,0.0,,,,27.692307692307693,27.692307692307693,,0.0,,,3.0
162498,2023,9.0,424.0,7.004716981132075,1.0613207547169812,1.2735849056603774,,,,,,9.0,
162528,2023,0.0,0.0,,,,,,,,,,
162552,2023,4.0,18.0,45.0,5.0,5.0,,,,,,4.0,
162590,2023,,,,,,,,,,,,0.0
162590,2023,0.0,0.0,,,,,,,,,,0.0
162687,2023,,,,,,,,,,,,
162714,2023,31.0,2090.0,11.75598086124402,3.0574162679425836,1.5933014354066986,12.584134615384615,2.5961538461538463,1.5865384615384615,0.8373397435897436,0.9341906472354369,31.0,33.0
162904,2023,,,,,,,,,,,,0.0
163054,2023,0.0,0.0,,,,,,,,,,0.0
167656,2023,0.0,0.0,,,,,,,,,,
167657,2023,1.0,0.0,,,,,,,,,1.0,
167663,2023,0.0,0.0,,,,,,,,,,0.0
169291,2023,0.0,0.0,,,,,,,,,,0.0
169295,2023,0.0,0.0,,,,,,,,,,0.0
171035,2023,8.0,139.0,15.539568345323742,4.532374100719425,2.589928057553957,,,,,,8.0,
171058,2023,0.0,0.0,,,,,,,,,,0.0
178077,2023,11.0,330.0,19.636363636363637,0.8181818181818181,2.7272727272727275,16.21733149931224,1.4855570839064647,1.609353507565337,0.45392022008253097,1.2108258154059681,11.0,18.0
179400,2023,16.0,1311.0,9.19908466819222,1.8535469107551488,1.7162471395881007,,,,,,16.0,
179651,2023,0.0,0.0,,,,,,,,,,
180308,2023,3.0,10.0,99.00000000000001,,18.0,,,,,,3.0,
180317,2023,11.0,761.0,14.19185282522996,3.902759526938239,0.9461235216819974,,,,,,11.0,
180560,2023,5.0,129.0,20.232558139534884,2.0930232558139537,3.488372093023256,,,,,,5.0,0.0
180560,2023,14.0,138.0,18.913043478260867,1.9565217391304348,3.2608695652173916,,,,,,14.0,0.0
180731,2023,15.0,1240.0,12.338709677419354,2.540322580645161,2.3951612903225805,,,,,,15.0,
180866,2023,0.0,0.0,,,,,,,,,,
180940,2023,0.0,0.0,,,,,,,,,,
181796,2023,0.0,0.0,,,,,,,,,,
181797,2023,0.0,0.0,,,,,,,,,,0.0
181822,2023,,,,,,,,,,,,0.0
181827,2023,0.0,0.0,,,,,,,,,,
182201,2023,37.0,3208.0,7.5187032418952615,2.973815461346634,0.6172069825436408,7.178867403314917,2.2064917127071824,1.0255524861878453,1.1077348066298343,1.0473383640465934,37.0,36.0
191337,2023,0.0,0.0,,,,,,,,,,0.0
191971,2023,0.0,0.0,,,,7.325581395348838,,1.0465116279069768,0.0,,,3.0
192349,2023,0.0,0.0,,,,,,,,,,0.0
192351,2023,,,,,,,,,,,,
195103,2023,35.0,2667.0,14.240719910011247,4.319460067491564,2.2272215973003373,14.26153846153846,4.015384615384615,2.353846153846154,4.103076923076923,0.9985402310148125,35.0,17.0
195106,2023,26.0,1596.0,17.19924812030075,0.39473684210526316,1.4097744360902256,,,,,,26.0,0.0
195717,2023,0.0,0.0,,,,,,,,,,0.0
195962,2023,0.0,0.0,,,,,,,,,,0.0
196855,2023,3.0,153.0,15.294117647058824,1.7647058823529411,2.3529411764705883,11.63855421686747,2.168674698795181,0.6506024096385542,0.12289156626506025,1.3140908537327973,3.0,30.0
196856,2023,0.0,0.0,,,,,,,,,,
197448,2023,,,,,,,,,,,,
199310,2023,28.0,434.0,17.004608294930875,2.28110599078341,1.4516129032258065,,,,,,28.0,
200233,2023,0.0,0.0,,,,,,,,,,
201373,2023,1.0,27.0,10.0,3.333333333333333,,,,,,,1.0,
202086,2023,0.0,0.0,,,,16.733668341708544,2.7135678391959797,1.8090452261306533,0.0,,,20.0
204031,2023,,,,,,,,,,,,
204033,2023,0.0,0.0,,,,7.325581395348838,2.6162790697674416,1.0465116279069768,0.0,,,6.0
204039,2023,28.0,2398.0,11.296914095079234,2.5521267723102588,1.9140950792326938,,,,,,28.0,
206254,2023,31.0,1983.0,8.441754916792739,2.1331316187594553,1.13464447806354,,,,,,31.0,
206404,2023,0.0,0.0,,,,,,,,,,
215874,2023,1.0,0.0,,,,15.652173913043478,,,0.0,,1.0,2.0
216770,2023,0.0,0.0,,,,,,,,,,
216809,2023,0.0,0.0,,,,18.0,,,0.0,,,1.0
231062,2023,0.0,0.0,,,,,,,,,,0.0
237129,2023,34.0,2085.0,8.848920863309353,1.4676258992805755,1.381294964028777,13.222748815165875,2.9857819905213274,1.7061611374407584,9.881516587677725,0.6692194631391661,34.0,11.0
263538,2023,27.0,674.0,12.818991097922849,2.2700296735905043,1.6023738872403561,,,,,,27.0,0.0
264437,2023,0.0,0.0,,,,,,,,,,
265820,2023,0.0,0.0,,,,13.636363636363637,2.7272727272727275,,0.0,,,3.0
266203,2023,0.0,0.0,,,,,,,,,,0.0
270139,2023,0.0,0.0,,,,,,,,,,
270357,2023,0.0,0.0,,,,,,,,,,0.0
270507,2023,11.0,67.0,41.64179104477612,6.716417910447761,5.3731343283582085,,,,,,11.0,
270508,2023,12.0,294.0,13.16326530612245,4.285714285714286,1.2244897959183674,,,,,,12.0,
273757,2023,0.0,0.0,,,,,,,,,,0.0
273758,2023,0.0,0.0,,,,,,,,,,0.0
274550,2023,,,,,,,,,,,,0.0
275170,2023,29.0,1797.0,7.262103505843072,1.7529215358931554,0.6510851419031719,8.065173116089612,1.64969450101833,0.3665987780040733,1.829938900203666,0.9004274801436739,29.0,13.0
277716,2023,2.0,11.0,16.363636363636363,,,,,,,,2.0,
278041,2023,0.0,0.0,,,,,,,,,,0.0
278075,2023,,,,,,,,,,,,
278079,2023,,,,,,,,,,,,
278079,2023,17.0,524.0,10.820610687022901,2.9198473282442747,1.202290076335878,,,,,,17.0,
278086,2023,,,,,,,,,,,,
278088,2023,,,,,,,,,,,,
278123,2023,0.0,0.0,,,,,,,,,,0.0
278128,2023,,,,,,,,,,,,0.0
278133,2023,14.0,291.0,12.061855670103093,2.1649484536082477,0.6185567010309279,,,,,,14.0,0.0
280672,2023,0.0,0.0,,,,,,,,,,0.0
280683,2023,,,,,,,,,,,,
280687,2023,22.0,730.0,11.58904109589041,2.589041095890411,0.863013698630137,8.767123287671232,2.2602739726027394,0.4794520547945205,0.5555555555555556,1.321875,22.0,21.0
280688,2023,,,,,,,,,,,,
281975,2023,0.0,0.0,,,,,,,,,,
282125,2023,1.0,32.0,8.4375,2.8125,2.8125,10.296096904441454,2.4226110363391657,1.1305518169582773,0.014356213548676536,0.819485294117647,1.0,29.0
282130,2023,,,,,,,,,,,,
282133,2023,0.0,0.0,,,,,,,,,,
282136,2023,,,,,,,,,,,,
282254,2023,0.0,0.0,,,,19.565217391304348,3.9130434782608696,,0.0,,,2.0
283058,2023,35.0,2804.0,11.522824536376604,0.6740370898716119,0.8987161198288159,,,,,,35.0,
284059,2023,0.0,0.0,,,,,,,,,,0.0
284060,2023,0.0,0.0,,,,,,,,,,0.0
284062,2023,,,,,,,,,,,,
284186,2023,0.0,0.0,,,,,,,,,,0.0
284187,2023,0.0,0.0,,,,,,,,,,0.0
284212,2023,0.0,0.0,,,,,,,,,,
284230,2023,38.0,806.0,7.369727047146402,1.1166253101736974,0.7816377171215881,7.87375415282392,1.5946843853820598,0.9966777408637875,0.8925802879291251,0.9359864308823068,38.0,37.0
284231,2023,0.0,0.0,,,,,,,,,,
284236,2023,0.0,0.0,,,,,,,,,,
284239,2023,0.0,0.0,,,,,,,,,,
284241,2023,,,,,,,,,,,,
284242,2023,13.0,87.0,7.241379310344827,2.0689655172413794,1.0344827586206897,,,,,,13.0,
284248,2023,,,,,,,,,,,,0.0
284259,2023,0.0,0.0,,,,,,,,,,
284260,2023,,,,,,,,,,,,
284262,2023,0.0,0.0,,,,,,,,,,0.0
284266,2023,1.0,0.0,,,,,,,,,1.0,0.0
284278,2023,1.0,0.0,,,,,,,,,1.0,
284287,2023,,,,,,,,,,,,
284291,2023,,,,,,,,,,,,
284297,2023,0.0,0.0,,,,,,,,,,
284300,2023,0.0,0.0,,,,,,,,,,
284305,2023,,,,,,,,,,,,
284322,2023,29.0,1939.0,10.582774626095926,2.181536874677669,0.6962351727694688,9.0,,,193.9,1.1758638473439917,29.0,8.0
284323,2023,0.0,0.0,,,,,,,,,,0.0
284324,2023,36.0,2578.0,11.101629169899146,0.7680372381691233,0.6982156710628394,15.533807829181494,0.8007117437722421,1.281138790035587,4.587188612099644,0.7146753257140115,36.0,19.0
284324,2023,38.0,2593.0,11.03740840725029,0.7635942923254918,0.6941766293868106,15.533807829181494,0.8007117437722421,1.281138790035587,4.6138790035587185,0.7105410681414276,38.0,19.0
284357,2023,,,,,,,,,,,,
284359,2023,0.0,0.0,,,,,,,,,,
284361,2023,0.0,0.0,,,,,,,,,,
284363,2023,0.0,0.0,,,,,,,,,,0.0
284366,2023,0.0,0.0,,,,,,,,,,0.0
284367,2023,,,,,,,,,,,,
284373,2023,,,,,,,,,,,,
284375,2023,,,,,,,,,,,,
284382,2023,0.0,0.0,,,,,,,,,,
284385,2023,0.0,0.0,,,,,,,,,,
284390,2023,0.0,0.0,,,,,,,,,,0.0
284400,2023,0.0,0.0,,,,,,,,,,
284404,2023,5.0,1.0,,,,,,,,,5.0,
284406,2023,11.0,199.0,9.045226130653267,1.8090452261306533,1.8090452261306533,,,,,,11.0,0.0
284409,2023,5.0,75.0,13.2,,1.2000000000000002,30.857142857142858,2.571428571428571,7.714285714285714,2.142857142857143,0.42777777777777776,5.0,3.0
284415,2023,0.0,0.0,,,,,,,,,,0.0
284416,2023,0.0,0.0,,,,,,,,,,
284428,2023,0.0,0.0,,,,4.090909090909091,,,0.0,,,1.0
284439,2023,,,,,,,,,,,,0.0
284439,2023,,,,,,,,,,,,0.0
284446,2023,,,,,,,,,,,,0.0
284449,2023,6.0,140.0,16.714285714285715,2.571428571428571,0.6428571428571428,,,,,,6.0,0.0
284457,2023,,,,,,,,,,,,0.0
284466,2023,,,,,,,,,,,,
284470,2023,0.0,0.0,,,,,,,,,,0.0
284471,2023,,,,,,,,,,,,0.0
284474,2023,8.0,51.0,40.588235294117645,5.294117647058823,3.5294117647058822,,,,,,8.0,0.0
284475,2023,5.0,74.0,9.72972972972973,1.2162162162162162,2.4324324324324325,18.0,,9.0,7.4,0.5405405405405406,5.0,3.0
284492,2023,18.0,777.0,11.35135135135135,3.2432432432432434,0.5791505791505791,11.899696048632219,3.1458966565349544,0.41033434650455924,1.1808510638297873,0.9539194366780573,18.0,9.0
284492,2023,0.0,0.0,,,,11.899696048632219,3.1458966565349544,0.41033434650455924,0.0,,,9.0
284493,2023,0.0,0.0,,,,,,,,,,0.0
284500,2023,9.0,157.0,18.9171974522293,4.012738853503184,5.159235668789809,,,,,,9.0,0.0
284502,2023,0.0,0.0,,,,,,,,,,
284523,2023,,,,,,,,,,,,0.0
284531,2023,0.0,0.0,,,,,,,,,,
284532,2023,0.0,0.0,,,,,,,,,,
284536,2023,,,,,,,,,,,,
284540,2023,0.0,0.0,,,,,,,,,,0.0
284549,2023,0.0,0.0,,,,,,,0.0,,,2.0
284551,2023,0.0,0.0,,,,,,,,,,0.0
284554,2023,0.0,0.0,,,,,,,,,,0.0
284556,2023,0.0,0.0,,,,,,,,,,0.0
284559,2023,,,,,,,,,,,,
284571,2023,0.0,0.0,,,,,,,,,,
284797,2023,30.0,1219.0,15.356849876948317,3.3223954060705494,1.1074651353568499,15.614457831325302,2.024096385542169,0.4337349397590362,0.9791164658634538,0.9835019597119679,30.0,19.0
284797,2023,32.0,1234.0,15.170178282009724,3.2820097244732573,1.0940032414910859,15.614457831325302,2.024096385542169,0.4337349397590362,0.9911646586345382,0.9715469115793264,32.0,19.0
286458,2023,0.0,0.0,,,,,,,,,,
286764,2023,2.0,1.0,90.0,,,,,,,,2.0,
286773,2023,0.0,0.0,,,,,,,,,,
286774,2023,0.0,0.0,,,,,,,,,,
287109,2023,3.0,1.0,180.0,,90.0,,,,,,3.0,
287111,2023,0.0,0.0,,,,,,,,,,0.0
287868,2023,,,,,,,,,,,,
288006,2023,30.0,2169.0,9.25311203319502,0.4564315352697096,0.8298755186721992,,,,,,30.0,
288055,2023,,,,,,,,,,,,
288102,2023,16.0,1305.0,10.0,3.310344827586207,1.2413793103448276,,,,,,16.0,
288106,2023,0.0,0.0,,,,,,,,,,0.0
288107,2023,,,,,,,,,,,,
288112,2023,16.0,336.0,5.892857142857143,0.8035714285714285,1.0714285714285714,,,,,,16.0,
288116,2023,8.0,1.0,90.0,,,,,,,,8.0,0.0
288118,2023,0.0,0.0,,,,,,,,,,0.0
288279,2023,0.0,0.0,,,,,,,,,,0.0
288699,2023,0.0,0.0,,,,,,,0.0,,,1.0
289618,2023,1.0,0.0,,,,,,,,,1.0,
290962,2023,0.0,0.0,,,,,,,,,,0.0
291022,2023,,,,,,,,,,,,
291363,2023,3.0,32.0,5.625,,2.8125,,,,,,3.0,
291476,2023,16.0,901.0,14.1842397336293,0.9988901220865705,1.6981132075471697,25.147058823529413,3.9705882352941178,3.9705882352941178,13.25,0.564051638530288,16.0,3.0
291476,2023,15.0,901.0,14.1842397336293,0.9988901220865705,1.6981132075471697,25.147058823529413,3.9705882352941178,3.9705882352941178,13.25,0.564051638530288,15.0,3.0
293162,2023,0.0,0.0,,,,,,,,,,
293163,2023,13.0,3.0,180.0,,30.0,,,,,,13.0,0.0
293164,2023,6.0,1.0,,,,,,,,,6.0,
293168,2023,0.0,0.0,,,,,,,,,,
294638,2023,3.0,8.0,,,,,,,,,3.0,
296121,2023,,,,,,,,,,,,0.0
296458,2023,1.0,20.0,,,,,,,,,1.0,
296458,2023,1.0,20.0,,,,,,,,,1.0,
297635,2023,0.0,0.0,,,,,,,,,,
297641,2023,0.0,0.0,,,,,,,,,,
298061,2023,0.0,0.0,,,,,,,,,,
298062,2023,0.0,0.0,,,,,,,,,,
298099,2023,0.0,0.0,,,,,,,,,,
298128,2023,3.0,3.0,30.0,,,,,,,,3.0,
298129,2023,,,,,,,,,,,,
301281,2023,0.0,0.0,,,,,,,,,,
301295,2023,0.0,0.0,,,,,,,,,,0.0
301771,2023,31.0,2231.0,11.174361272971762,1.815329448677723,1.1698789780367547,,,,,,31.0,
303010,2023,1.0,0.0,,,,,,,,,1.0,
303016,2023,,,,,,,,,,,,
303019,2023,7.0,180.0,14.500000000000002,2.5,2.5,,,,,,7.0,0.0
303667,2023,0.0,0.0,,,,,,,,,,
304161,2023,19.0,391.0,15.882352941176471,0.9207161125319694,2.3017902813299234,,,,,,19.0,
304319,2023,0.0,0.0,,,,,,,,,,
304320,2023,9.0,147.0,17.142857142857142,6.122448979591837,1.2244897959183674,,,,,,9.0,1.0
304853,2023,25.0,1017.0,14.601769911504427,2.1238938053097343,1.7699115044247786,,,,,,25.0,
305730,2023,16.0,869.0,5.903337169159954,1.4499424626006905,1.139240506329114,11.25,11.25,,108.625,0.5247410817031071,16.0,3.0
305735,2023,0.0,0.0,,,,,,,,,,
305834,2023,1.0,7.0,,,,,,,,,1.0,
305834,2023,0.0,0.0,,,,,,,,,,
308843,2023,,,,,,,,,,,,0.0
308867,2023,0.0,0.0,,,,,,,,,,
309501,2023,0.0,0.0,,,,,,,,,,0.0
309505,2023,0.0,0.0,,,,,,,,,,0.0
309507,2023,0.0,0.0,,,,,,,,,,
310186,2023,0.0,0.0,,,,,,,,,,
310187,2023,1.0,26.0,31.153846153846153,13.846153846153847,3.4615384615384617,12.808349146110055,1.537001897533207,1.1954459203036054,0.04933586337760911,2.4323076923076927,1.0,11.0
310531,2023,,,,,,,,,,,,
311157,2023,19.0,238.0,16.26050420168067,1.134453781512605,2.26890756302521,,,,,,19.0,
311334,2023,27.0,1367.0,16.196049743964885,2.765179224579371,2.238478419897586,10.071047957371226,0.3197158081705151,1.4387211367673178,2.428063943161634,1.6081791897446613,27.0,13.0
311344,2023,8.0,42.0,19.285714285714285,2.142857142857143,,,,,,,8.0,
311520,2023,0.0,0.0,,,,,,,,,,1.0
311817,2023,0.0,0.0,,,,,,,,,,0.0
312118,2023,0.0,0.0,,,,,,,,,,0.0
312256,2023,2.0,9.0,,,,,,,,,2.0,
312260,2023,0.0,0.0,,,,,,,,,,0.0
313236,2023,2.0,13.0,20.76923076923077,,6.923076923076923,,,,13.0,,2.0,1.0
313245,2023,0.0,0.0,,,,,,,,,,
313671,2023,,,,,,,,,,,,
313925,2023,,,,,,,,,,,,
314661,2023,2.0,7.0,51.42857142857142,,25.71428571428571,,,,,,2.0,
315237,2023,21.0,781.0,17.63124199743918,0.23047375160051214,1.7285531370038412,,,,,,21.000000000000004,
315237,2023,30.0,804.0,17.12686567164179,0.22388059701492538,1.6791044776119401,,,,,,30.0,
318056,2023,2.0,11.0,32.72727272727273,8.181818181818182,16.363636363636363,,,,,,2.0,
319572,2023,6.0,305.0,13.868852459016393,3.2459016393442623,2.0655737704918034,,,,,,6.0,
323449,2023,15.0,1055.0,6.739336492890995,1.0236966824644549,0.5118483412322274,,,,,,15.0,
325967,2023,0.0,0.0,,,,,,,,,,0.0
327602,2023,0.0,0.0,,,,,,,,,,
327604,2023,0.0,0.0,,,,,,,,,,
327609,2023,0.0,0.0,,,,,,,,,,
327728,2023,,,,,,,,,,,,
327730,2023,0.0,0.0,,,,,,,,,,0.0
327738,2023,0.0,0.0,,,,,,,,,,
327748,2023,0.0,0.0,,,,,,,,,,
328093,2023,0.0,0.0,,,,,,,,,,0.0
328095,2023,0.0,0.0,,,,,,,,,,
328097,2023,0.0,0.0,,,,,,,,,,
328098,2023,0.0,0.0,,,,,,,,,,
328104,2023,9.0,24.0,7.5,,,,,,,,9.0,
328105,2023,18.0,1205.0,8.215767634854771,2.4647302904564317,0.37344398340248963,,,,86.07142857142857,,18.0,4.0
328107,2023,0.0,0.0,,,,,,,,,,
328118,2023,0.0,0.0,,,,,,,,,,
328126,2023,0.0,0.0,,,,,,,,,,
328808,2023,0.0,0.0,,,,23.225806451612904,2.903225806451613,,0.0,,,3.0
329347,2023,2.0,35.0,7.714285714285714,2.571428571428571,,,,,,,2.0,
329357,2023,,,,,,,,,,,,
329358,2023,,,,,,,,,,,,
329362,2023,,,,,,,,,,,,
330412,2023,18.0,192.0,33.75,1.40625,5.15625,,,,,,18.0,
330636,2023,,,,,,,,,,,,
330986,2023,,,,,,,,,,,,
331009,2023,0.0,0.0,,,,,,,,,,0.0
331563,2023,2.0,7.0,,,,,,,,,2.0,
334037,2023,0.0,0.0,,,,,,,,,,
334725,2023,1.0,0.0,,,,,,,,,1.0,0.0
334729,2023,11.0,103.0,18.349514563106794,1.7475728155339805,3.495145631067961,15.0,,7.5,8.583333333333334,1.2233009708737863,11.0,6.0
335056,2023,0.0,0.0,,,,,,,,,,
335116,2023,0.0,0.0,,,,,,,,,,0.0
335813,2023,0.0,0.0,,,,,,,,,,
336240,2023,0.0,0.0,,,,,,,,,,
336564,2023,33.0,2118.0,9.178470254957507,0.7223796033994335,0.3824362606232295,,,,,,33.0,
336599,2023,5.0,35.0,12.857142857142856,,5.142857142857142,,,,,,5.0,
337929,2023,,,,,,,,,,,,2.0
338856,2023,0.0,0.0,,,,,,,,,,
340135,2023,3.0,62.0,10.161290322580644,1.4516129032258065,1.4516129032258065,,,,,,3.0,
340136,2023,0.0,0.0,,,,,,,,,,
340919,2023,,,,,,,,,,,,
341641,2023,4.0,13.0,48.46153846153846,,6.923076923076923,,,,,,4.0,
342191,2023,,,,,,,,,,,,
342660,2023,0.0,0.0,,,,,,,,,,
343576,2023,1.0,13.0,,,,30.0,11.25,3.75,0.5416666666666666,,1.0,2.0
344707,2023,0.0,0.0,,,,,,,,,,
347066,2023,0.0,0.0,,,,,,,,,,0.0
349288,2023,0.0,0.0,,,,,,,,,,
349384,2023,0.0,0.0,,,,,,,,,,
349987,2023,,,,,,,,,,,,
352210,2023,,,,,,,,,,,,
356041,2023,34.0,1362.0,12.687224669603525,2.643171806167401,2.643171806167401,,,,,,34.0,
356237,2023,0.0,0.0,,,,,,,,,,
359386,2023,,,,,,,,,,,,0.0
359603,2023,15.0,983.0,14.74059003051882,0.6408952187182095,1.6480162767039674,,,,,,15.0,
360010,2023,0.0,0.0,,,,,,,,,,
361388,2023,,,,,,,,,,,,
361675,2023,,,,,,,,,,,,
361736,2023,,,,,,,,,,,,
362270,2023,3.0,12.0,45.0,7.5,22.5,,,,,,3.0,
363695,2023,32.0,2793.0,7.57250268528464,1.6111707841031149,1.2244897959183674,,,,,,32.0,
363974,2023,,,,,,,,,,,,
364048,2023,,,,,,,,,,,,
365660,2023,0.0,0.0,,,,,,,,,,
365988,2023,,,,,,,,,,,,
366735,2023,4.0,12.0,7.5,,,,,,,,4.0,
373615,2023,1.0,7.0,,,,,,,,,1.0,
378981,2023,,,,,,,,,,,,
379150,2023,20.0,942.0,11.560509554140127,2.1019108280254777,1.0509554140127388,,,,,,20.0,
379626,2023,0.0,0.0,,,,,,,,,,
379627,2023,2.0,5.0,18.0,18.0,,,,,,,2.0,
380653,2023,4.0,175.0,8.742857142857142,1.0285714285714285,1.0285714285714285,,,,,,4.0,
380690,2023,2.0,2.0,45.0,,45.0,,,,,,2.0,
382160,2023,0.0,0.0,,,,,,,,,,0.0
382166,2023,0.0,0.0,,,,,,,,,,0.0
382167,2023,,,,,,,,,,,,0.0
382170,2023,0.0,0.0,,,,,,,,,,0.0
382355,2023,0.0,0.0,,,,,,,,,,
382925,2023,0.0,0.0,,,,,,,,,,0.0
382930,2023,,,,,,,,,,,,0.0
384585,2023,0.0,0.0,,,,,,,,,,
384981,2023,,,,,,,,,,,,
385726,2023,5.0,8.0,22.5,,,,,,,,5.0,
386307,2023,,,,,,,,,,,,
389315,2023,0.0,0.0,,,,,,,,,,
390769,2023,0.0,0.0,,,,,,,,,,0.0
392636,2023,0.0,0.0,,,,,,,,,,
394167,2023,0.0,0.0,,,,,,,,,,
394710,2023,0.0,0.0,,,,,,,,,,
395209,2023,0.0,0.0,,,,,,,,,,
397997,2023,0.0,0.0,,,,,,,,,,
398004,2023,0.0,0.0,,,,,,,,,,
398933,2023,0.0,0.0,,,,,,,,,,
400339,2023,0.0,0.0,,,,,,,,,,
400340,2023,0.0,0.0,,,,,,,,,,
401233,2023,0.0,0.0,,,,,,,,,,
402329,2023,0.0,0.0,,,,,,,,,,
402524,2023,,,,,,,,,,,,
403064,2023,0.0,0.0,,,,,,,,,,
403065,2023,0.0,0.0,,,,,,,,,,
404021,2023,,,,,,,,,,,,
404574,2023,,,,,,,,,,,,
406507,2023,19.0,75.0,4.800000000000001,,1.2000000000000002,,,,,,19.0,
406508,2023,0.0,0.0,,,,,,,,,,
407032,2023,0.0,0.0,,,,,,,,,,
408221,2023,0.0,0.0,,,,,,,,,,
408893,2023,0.0,0.0,,,,,,,,,,
411808,2023,,,,,,,,,,,,
412736,2023,0.0,0.0,,,,,,,,,,
415001,2023,2.0,11.0,32.72727272727273,8.181818181818182,,,,,,,2.0,
430734,2023,0.0,0.0,,,,,,,,,,
430827,2023,0.0,0.0,,,,,,,,,,
436879,2023,0.0,0.0,,,,,,,,,,
441198,2023,,,,,,,,,,,,
441200,2023,0.0,0.0,,,,,,,,,,
445918,2023,0.0,0.0,,,,,,,,,,
455010,2023,0.0,0.0,,,,,,,,,,
456129,2023,0.0,0.0,,,,,,,,,,
5,2024,28.0,2020.0,5.391089108910891,0.8465346534653465,0.7574257425742574,5.799522673031027,1.503579952267303,0.6085918854415274,0.8035003977724742,0.9295746241290794,28.0,34.0
14,2024,0.0,0.0,,,,7.533039647577092,1.7841409691629957,1.1894273127753305,0.0,,,17.0
18,2024,31.0,1764.0,8.16326530612245,0.6632653061224489,0.30612244897959184,18.94736842105263,1.1842105263157894,,23.210526315789473,0.43083900226757377,31.0,3.0
18,2024,0.0,0.0,,,,18.94736842105263,1.1842105263157894,,0.0,,,3.0
23,2024,0.0,0.0,,,,11.666666666666666,1.6666666666666665,3.333333333333333,0.0,,,32.0
44,2024,5.0,80.0,6.75,2.25,1.125,10.415248468345814,2.1443158611300204,1.2559564329475834,0.02722940776038121,0.6480882352941176,5.0,35.0
49,2024,35.0,2798.0,9.64974982130093,2.8627591136526087,1.4474624731951393,7.880710659898477,1.598984771573604,1.1421319796954315,3.550761421319797,1.2244771109798926,35.0,14.0
74,2024,,,,,,9.915254237288135,2.5741525423728815,2.288135593220339,,,,21.0
80,2024,0.0,0.0,,,,,,,,,,0.0
83,2024,,,,,,8.016806722689076,0.9075630252100841,0.9075630252100841,,,,28.0
95,2024,22.0,333.0,7.837837837837838,2.4324324324324325,1.6216216216216217,6.93343305908751,1.413612565445026,1.144353029169783,0.24906507105459985,1.1304411207323828,22.0,25.0
104,2024,3.0,33.0,10.90909090909091,,,12.09375,0.84375,1.125,0.103125,0.9020436927413672,3.0,13.0
105,2024,,,,,,20.25,4.5,4.5,,,,22.0
130,2024,34.0,2891.0,9.868557592528537,1.9301279833967484,1.4942926323071601,10.126091173617848,2.2987390882638215,1.396702230843841,0.934691238279987,0.9745673254690538,34.0,36.0
131,2024,26.0,358.0,6.5363128491620115,1.5083798882681565,0.5027932960893855,,,,,,26.0,
133,2024,,,,,,5.294117647058823,1.0121107266435987,0.23356401384083045,,,,14.0
138,2024,32.0,1855.0,7.762803234501348,2.280323450134771,0.7762803234501349,,,,,,32.0,
147,2024,0.0,0.0,,,,26.25,,,0.0,,,2.0
161,2024,0.0,0.0,,,,,,,,,,0.0
164,2024,24.0,1330.0,9.879699248120302,1.218045112781955,1.150375939849624,9.79871912168344,1.9762122598353156,0.6587374199451053,1.2168344007319305,1.008264358374929,24.0,30.0
169,2024,25.0,1310.0,9.068702290076336,2.6106870229007635,1.099236641221374,9.004019651630193,2.2912014292094685,1.0853059401518534,0.5850826261723984,1.0071837513631405,25.0,28.0
171,2024,33.0,2922.0,8.963039014373717,1.3552361396303902,0.8624229979466118,,,,,,33.0,
172,2024,,,,,,,,,,,,0.0
174,2024,35.0,1092.0,5.1923076923076925,1.565934065934066,0.6593406593406593,5.974137931034482,1.396551724137931,0.5431034482758621,0.9413793103448276,0.8691308691308692,35.0,33.0
180,2024,24.0,1121.0,7.867975022301517,1.6859946476360392,1.6859946476360392,8.676258992805755,2.330935251798561,1.0359712230215827,1.6129496402877699,0.9068395755388979,24.0,21.0
180,2024,0.0,0.0,,,,8.676258992805755,2.330935251798561,1.0359712230215827,0.0,,,21.0
182,2024,22.0,1539.0,5.614035087719298,1.4035087719298245,0.5263157894736842,,,,,,22.0,
186,2024,30.0,2116.0,8.208884688090738,0.723062381852552,0.2551984877126654,7.021709633649933,0.641112618724559,0.36635006784260515,0.7177747625508819,1.1690720802169803,30.0,35.0
190,2024,,,,,,3.0508474576271185,,,,,,3.0
247,2024,35.0,1945.0,9.67095115681234,1.295629820051414,0.9254498714652956,13.456416464891042,1.4164648910411624,1.5254237288135593,1.1773607748184018,0.7186869685584338,35.0,35.0
249,2024,17.0,332.0,10.843373493975903,1.897590361445783,0.27108433734939763,,,,,,17.0,
253,2024,26.0,2260.0,0.19911504424778761,0.07964601769911504,,0.6661732050333087,0.03330866025166543,0.06661732050333086,0.8364174685418209,0.29889380530973453,26.0,31.0
259,2024,,,,,,5.021764938662446,1.0328452710724179,0.3561535417491096,,,,31.0
269,2024,27.0,912.0,11.743421052631579,1.1842105263157894,1.5789473684210527,10.758620689655173,1.0344827586206897,1.6551724137931034,2.0965517241379312,1.091535931174089,27.0,11.0
277,2024,0.0,0.0,,,,7.086936731907146,0.4915794264906691,0.6554392353208921,0.0,,,38.0
279,2024,,,,,,,,,,,,0.0
280,2024,28.0,2509.0,0.4304503786369071,0.03587086488640893,,0.5357142857142857,,0.03571428571428571,0.9956349206349207,0.80350737345556,28.0,28.0
281,2024,10.0,900.0,0.5,,,0.4,,,1.0,1.25,10.0,10.0
283,2024,33.0,2377.0,8.026924694993689,2.7261253681110644,0.41649137568363487,7.788061082832023,1.6242480333179083,0.3748264692272096,1.099953725127256,1.0306704851979418,33.0,28.0
284,2024,9.0,518.0,6.602316602316603,2.2586872586872584,0.3474903474903475,10.281373100731571,2.3804164321890826,1.4181204276871129,0.2915025323579066,0.6421629229511003,9.0,32.0
285,2024,0.0,0.0,,,,,,,,,,
286,2024,,,,,,8.045977011494253,1.379310344827586,0.8045977011494253,,,,10.0
289,2024,38.0,2492.0,4.622792937399679,1.4085072231139648,0.3972712680577849,6.067415730337078,1.862803075103489,0.4790065050266115,1.4736842105263157,0.761904761904762,38.0,23.0
290,2024,38.0,3330.0,6.810810810810811,1.027027027027027,0.45945945945945943,7.278162366268093,1.1327879169288861,0.6513530522341096,1.0478288231592197,0.9357871490167211,38.0,36.0
293,2024,34.0,1735.0,9.02593659942363,2.0230547550432276,0.9337175792507204,11.356223175965665,2.0858369098712446,1.2360515021459226,1.4892703862660943,0.7948009174851496,34.0,27.0
295,2024,14.0,357.0,13.109243697478993,2.0168067226890756,2.0168067226890756,7.305882352941176,0.8470588235294116,0.8470588235294116,0.42,1.7943409247757076,14.0,25.0
296,2024,4.0,173.0,5.722543352601155,2.601156069364162,1.5606936416184969,8.2133676092545,2.3136246786632393,1.1568123393316196,0.22236503856041132,0.6967353252462752,4.0,17.0
305,2024,,,,,,13.093645484949832,0.9030100334448161,2.1070234113712374,,,,20.0
306,2024,38.0,3377.0,8.341723423156647,0.5863192182410424,0.6662718389102754,7.988165680473372,0.6035502958579881,0.4260355029585799,1.3321499013806706,1.0442601914914618,38.0,32.0
371,2024,,,,,,12.064343163538874,2.89544235924933,2.4128686327077746,,,,7.0
454,2024,,,,,,,,,,,,
507,2024,,,,,,,,,,,,1.0
526,2024,34.0,3060.0,0.38235294117647056,0.058823529411764705,,0.631578947368421,0.052631578947368425,0.026315789473684213,0.8947368421052632,0.6053921568627451,34.0,38.0
532,2024,30.0,2128.0,6.7669172932330826,1.268796992481203,0.6766917293233082,,,,,,30.0,
537,2024,24.0,1699.0,9.799882283696292,2.27781047675103,1.4302530900529724,10.974230043997485,3.0546825895663106,0.9616593337523569,1.0678818353236958,0.8929904188637343,24.0,29.0
542,2024,37.0,3168.0,9.204545454545455,1.960227272727273,1.3352272727272727,12.574692442882249,2.0562390158172232,1.5817223198594026,2.7838312829525482,0.7319897084048028,37.0,31.0
545,2024,37.0,2848.0,11.060393258426966,3.634129213483146,1.2008426966292134,,,,,,37.0,
547,2024,0.0,0.0,,,,,,,0.0,,,1.0
557,2024,,,,,,0.4,,,,,,5.0
557,2024,0.0,0.0,,,,0.4,,,0.0,,,5.0
567,2024,27.0,2273.0,4.672239331280246,0.6731192256929168,0.4751429828420589,6.335549472037544,1.3727023856081344,0.8095424325381306,0.8889323425889715,0.737463948770592,27.0,35.0
583,2024,12.0,363.0,17.60330578512397,1.9834710743801653,1.487603305785124,,,,,,12.0,
616,2024,18.0,1620.0,1.0555555555555556,,,0.7,0.1,,1.8,1.5079365079365081,18.0,10.0
617,2024,26.0,2321.0,0.34898750538560963,,0.03877638948728996,0.5164992826398852,,0.06456241032998565,0.8324964131994261,0.6756785868160275,26.0,33.0
626,2024,15.0,545.0,4.293577981651376,0.9908256880733946,0.3302752293577982,3.7218045112781954,0.16917293233082706,0.3383458646616541,0.5122180451127819,1.153628023352794,15.0,27.0
627,2024,17.0,973.0,5.91983556012333,1.5724563206577593,0.5549845837615621,5.952294904228406,1.2359956631731117,0.748102638236357,0.3516443801951572,0.9945467513576961,17.0,32.0
629,2024,33.0,1715.0,7.661807580174927,0.8396501457725948,0.8921282798833818,8.234817813765183,1.0202429149797572,0.8016194331983805,1.388663967611336,0.930416161407673,33.0,21.0
631,2024,33.0,1786.0,7.206047032474804,0.6550951847704367,0.251959686450168,8.987473903966597,0.9707724425887264,0.43841336116910234,0.6214335421016005,0.8017878115111339,33.0,37.0
633,2024,33.0,2242.0,6.583407671721677,1.0035682426404995,0.6021409455842998,,,,,,33.0,
636,2024,38.0,2671.0,8.255335080494197,1.853238487457881,0.9097716211156871,8.194498256489734,1.7783804726850059,0.7671445176288261,1.0348702053467649,1.00742410604045,38.0,35.0
641,2024,31.0,542.0,8.63468634686347,0.8302583025830258,1.3284132841328413,7.959537572254335,2.601156069364162,0.36416184971098264,0.3132947976878613,1.084822612932012,31.0,32.0
643,2024,17.0,603.0,14.477611940298507,1.492537313432836,2.08955223880597,15.070898041863606,1.4584740040513167,1.5800135043889263,0.4071573261309926,0.9606336596586957,17.0,27.0
645,2024,17.0,496.0,12.883064516129034,1.6330645161290325,2.1774193548387095,12.75340393343419,0.9531013615733737,1.5431164901664145,0.25012607160867373,1.0101667431982553,17.0,31.0
645,2024,0.0,0.0,,,,12.75340393343419,0.9531013615733737,1.5431164901664145,0.0,,,31.0
657,2024,24.0,1779.0,9.662731871838112,2.833052276559865,1.7706576728499155,9.393939393939394,2.7272727272727275,1.6161616161616164,1.9966329966329965,1.0286133928085732,24.0,28.0
665,2024,0.0,0.0,,,,13.359375,2.109375,1.40625,0.0,,,28.0
665,2024,5.0,71.0,17.746478873239436,6.338028169014085,,13.359375,2.109375,1.40625,0.5546875,1.3283914010378057,5.0,28.0
697,2024,0.0,0.0,,,,12.272727272727272,1.3636363636363638,0.9090909090909092,0.0,,,5.0
723,2024,29.0,2404.0,13.814475873544094,2.133943427620632,2.1713810316139766,15.374414976599065,2.7379095163806553,1.965678627145086,1.8751950078003121,0.8985366854329542,29.0,20.0
727,2024,11.0,486.0,0.7407407407407408,0.1851851851851852,0.1851851851851852,12.391304347826088,2.934782608695652,1.6304347826086958,1.7608695652173914,0.059779077322936976,11.0,30.0
727,2024,2.0,2.0,180.0,45.0,45.0,12.391304347826088,2.934782608695652,1.6304347826086958,0.007246376811594203,14.526315789473683,2.0,30.0
739,2024,,,,,,11.871657754010695,3.609625668449198,0.8021390374331551,,,,16.0
739,2024,4.0,194.0,12.061855670103093,1.8556701030927836,0.9278350515463918,11.871657754010695,3.609625668449198,0.8021390374331551,0.17290552584670232,1.0160211758149902,4.0,16.0
742,2024,,,,,,4.129643117261471,1.1798980335032776,0.5243991260014567,,,,22.0
746,2024,13.0,745.0,7.006711409395973,0.8456375838926173,1.3288590604026846,,,,,,13.0,
747,2024,38.0,1513.0,13.205551883674818,4.937210839391937,1.1896893588896233,12.513853904282117,3.7632241813602016,1.3602015113350125,0.7622166246851385,1.0552745768556566,38.0,26.0
766,2024,4.0,223.0,0.40358744394618834,0.40358744394618834,,0.8910891089108911,,,0.551980198019802,0.452914798206278,4.0,5.0
786,2024,,,,,,18.29787234042553,2.021276595744681,2.5531914893617023,,,,25.0
792,2024,34.0,2356.0,9.855687606112054,0.8786078098471987,1.7954159592529713,11.910401647785788,1.297631307929969,2.4098867147270853,1.2131822863027806,0.8274857471279554,34.0,38.0
855,2024,0.0,0.0,,,,,,,,,,0.0
863,2024,26.0,1654.0,11.263603385731559,2.176541717049577,1.8500604594921404,13.227408142999007,2.0556107249255215,1.7874875868917577,1.6425024826216486,0.8515351808882642,26.0,23.0
879,2024,30.0,1615.0,13.26315789473684,1.894736842105263,1.0030959752321982,,,,,,30.0,
886,2024,33.0,2814.0,8.443496801705757,2.1748400852878462,1.279317697228145,7.882797731568997,2.2967863894139886,1.275992438563327,0.8865784499054821,1.0711294503842557,33.0,36.0
889,2024,16.0,693.0,6.4935064935064934,0.9090909090909092,1.0389610389610389,5.74755822689707,1.01427498121713,1.01427498121713,0.5206611570247934,1.1297852474323062,16.0,19.0
889,2024,23.0,725.0,6.206896551724138,0.8689655172413794,0.9931034482758619,5.74755822689707,1.01427498121713,1.01427498121713,0.5447032306536439,1.0799188640973632,23.0,19.0
891,2024,8.0,348.0,3.6206896551724137,1.0344827586206897,0.7758620689655172,6.82952182952183,1.0291060291060292,1.30977130977131,0.36174636174636177,0.5301527318532514,8.0,12.0
894,2024,32.0,1868.0,8.142398286937901,2.7944325481798713,1.4453961456102784,8.728702490170381,2.083879423328965,1.2975098296199215,0.8160768894713849,0.932830314254297,32.0,31.0
895,2024,21.0,1595.0,8.52037617554859,2.652037617554859,1.128526645768025,9.071856287425149,2.4850299401197606,1.1676646706586826,0.5306054557551564,0.9392097830472703,21.000000000000004,37.0
897,2024,,,,,,,,,,,,0.0
899,2024,33.0,2024.0,8.359683794466404,1.067193675889328,1.2450592885375493,7.949203942380592,0.8529188779378316,0.750568612585292,0.7672479150871873,1.0516378564521875,33.0,37.0
903,2024,2.0,22.0,16.363636363636363,,,10.646169880145909,2.2511724856696196,1.3600833767587284,0.011464304325169358,1.5370444533440129,2.0,34.0
907,2024,0.0,0.0,,,,,,,,,,
908,2024,,,,,,10.719101123595506,0.8089887640449439,0.6067415730337079,,,,13.0
909,2024,10.0,441.0,9.795918367346939,2.0408163265306123,0.20408163265306123,9.837576821773485,0.7506584723441616,0.5136084284460052,0.1935908691834943,0.9957653744228616,10.0,33.0
909,2024,15.0,983.0,4.3947100712105795,0.9155645981688708,0.09155645981688708,9.837576821773485,0.7506584723441616,0.5136084284460052,0.4315188762071993,0.44672688720293174,15.0,33.0
912,2024,0.0,0.0,,,,0.40624999999999994,,0.03125,0.0,,,32.0
912,2024,2.0,180.0,1.0,,,0.40624999999999994,,0.03125,0.0625,2.4615384615384617,2.0,32.0
925,2024,29.0,985.0,10.873096446700508,1.4619289340101524,1.3705583756345179,,,,,,29.0,0.0
930,2024,31.0,1403.0,8.275124732715609,0.962223806129722,1.6678545972915182,,,,,,31.0,
946,2024,0.0,0.0,,,,,,,,,,0.0
978,2024,23.0,1875.0,13.536000000000001,0.768,1.8239999999999998,14.221295945433877,1.193633952254642,1.6710875331564987,0.7104964001515726,0.951811990407674,23.0,37.0
983,2024,29.0,1151.0,10.243266724587315,0.5473501303214596,0.9383145091225022,11.554054054054053,0.5646718146718146,1.1293436293436292,0.5555019305019305,0.8865517399058028,29.0,36.0
1096,2024,36.0,2495.0,8.585170340681362,1.442885771543086,1.5871743486973946,9.990512333965844,1.366223908918406,1.2381404174573056,1.1835863377609108,0.8593323398934621,36.0,33.0
1098,2024,23.0,721.0,15.977808599167822,2.4965325936199725,1.8723994452149793,,,,,,23.0,
1100,2024,32.0,2741.0,7.157971543232398,0.3940167821962787,0.7880335643925575,6.47887323943662,0.2112676056338028,0.6338028169014085,1.072378716744914,1.1048173468902178,32.0,32.0
1117,2024,13.0,250.0,9.0,2.52,0.36,,,,,,13.0,0.0
1119,2024,26.0,1460.0,8.383561643835616,1.6643835616438356,0.8013698630136986,9.188608275120902,1.8377216550241804,1.2090274046211715,0.784524449220849,0.9123864455659697,26.0,29.0
1125,2024,29.0,2131.0,11.867667761614266,2.280619427498827,1.8160488033786955,12.98492117888965,2.652501713502399,1.4804660726525016,0.7302947224126114,0.9139576280915922,29.0,37.0
1135,2024,4.0,25.0,50.400000000000006,3.6,14.4,14.131274131274132,1.38996138996139,1.7953667953667953,0.016087516087516088,3.5665573770491803,4.0,30.0
1135,2024,2.0,115.0,10.956521739130435,0.782608695652174,3.130434782608696,14.131274131274132,1.38996138996139,1.7953667953667953,0.074002574002574,0.7753385602280827,2.0,30.0
1145,2024,32.0,2565.0,7.298245614035088,1.43859649122807,0.9473684210526315,11.349306431273645,2.0428751576292563,1.4186633039092056,1.6172761664564943,0.643056530214425,32.0,33.0
1150,2024,29.0,1965.0,11.633587786259541,3.8015267175572522,2.0610687022900764,11.440677966101694,3.0508474576271185,,16.652542372881356,1.0168617472434267,29.0,5.0
1161,2024,0.0,0.0,,,,8.0635838150289,1.0404624277456647,1.300578034682081,0.0,,,13.0
1161,2024,34.0,2061.0,6.812227074235809,1.3537117903930131,0.8296943231441049,8.0635838150289,1.0404624277456647,1.300578034682081,5.956647398843931,0.8448138235432222,34.0,13.0
1165,2024,33.0,2603.0,13.62274298885901,1.313868613138686,1.4521705724164427,13.679706601466993,1.1002444987775062,1.136919315403423,1.0607171964140178,0.9958359039219544,33.0,32.0
1165,2024,33.0,2600.0,13.638461538461538,1.3153846153846154,1.4538461538461538,13.679706601466993,1.1002444987775062,1.136919315403423,1.0594947025264874,0.9969849453495565,33.0,32.0
1166,2024,18.0,508.0,8.681102362204724,1.0629921259842519,0.5314960629921259,6.625766871165645,0.7730061349693252,0.3312883435582822,0.6233128834355828,1.3102034120734907,18.0,13.0
1231,2024,22.0,1062.0,11.016949152542374,1.864406779661017,1.864406779661017,7.996815286624203,1.8343949044585985,0.9171974522292993,0.3382165605095541,1.3776670784142993,22.0,36.0
1243,2024,35.0,2572.0,11.687402799377917,1.6096423017107309,1.6446345256609642,10.952712100139081,1.6585535465924894,1.2830319888734354,0.894297635605007,1.0670784270162188,35.0,37.0
1361,2024,6.0,388.0,9.04639175257732,2.319587628865979,1.1597938144329896,,,,,,6.0,
1422,2024,33.0,1532.0,18.387728459530024,1.821148825065274,0.5874673629242819,16.322701688555348,2.1951219512195124,0.8442776735459663,0.9580988117573483,1.1265125596470693,33.0,31.0
1427,2024,0.0,0.0,,,,9.206106870229007,1.9923664122137406,1.2366412213740459,0.0,,,17.0
1438,2024,38.0,3420.0,0.4210526315789474,0.052631578947368425,,0.368421052631579,,,1.0,1.1428571428571428,38.0,38.0
1440,2024,0.0,0.0,,,,,,,,,,0.0
1445,2024,33.0,2038.0,7.684003925417076,1.5456329735034346,0.7507360157016683,7.690253671562083,1.6822429906542056,0.9012016021361816,1.3604806408544727,0.9991873159960747,33.0,19.0
1452,2024,,,,,,10.0,,2.5,,,,16.0
1455,2024,38.0,2994.0,7.845691382765532,1.3226452905811623,0.5711422845691383,0.32697547683923706,0.08174386920980926,,1.3596730245231607,23.994739478957918,38.0,30.0
1460,2024,25.0,1735.0,12.605187319884726,1.5561959654178676,0.7780979827089338,12.857142857142856,2.0252301397886123,1.2580975110808046,0.5915444936924651,0.9804034582132566,25.0,35.0
1463,2024,32.0,1075.0,12.306976744186045,2.511627906976744,1.9255813953488372,11.16945107398568,2.79236276849642,0.6443914081145585,2.5656324582338903,1.1018425760286223,32.0,9.0
1468,2024,0.0,0.0,,,,13.348880597014926,1.007462686567164,2.014925373134328,0.0,,,27.0
1468,2024,2.0,,,,,13.348880597014926,1.007462686567164,2.014925373134328,,,2.0,27.0
1469,2024,30.0,2122.0,7.676720075400565,1.1027332704995287,0.46654099905749297,8.297122724603641,1.849677040516735,0.6341749853200235,1.24603640634175,0.9252267720033377,30.0,30.0
1485,2024,37.0,3024.0,10.68452380952381,2.5,0.9523809523809523,9.118307149727476,1.962167361333761,1.1830714972747676,0.9695415197178583,1.1717661660304066,37.0,35.0
1566,2024,0.0,0.0,,,,13.581960104076323,2.8100607111882048,1.092801387684302,0.0,,,22.0
1578,2024,0.0,0.0,,,,16.18181818181818,4.0,2.1818181818181817,0.0,,,22.0
1590,2024,33.0,2609.0,1.2073591414334994,0.06899195093905712,0.13798390187811424,0.7109940750493746,,,0.858788676761027,1.6981282739235977,33.0,35.0
1600,2024,18.0,834.0,8.848920863309353,3.345323741007194,0.9712230215827339,10.251479289940828,2.529585798816568,1.4644970414201184,1.2337278106508875,0.8631847768538417,18.0,13.0
1605,2024,2.0,46.0,11.739130434782608,,,,,,,,2.0,0.0
1646,2024,33.0,2384.0,15.36493288590604,2.4916107382550337,2.0008389261744965,16.239575435936317,2.422289613343442,1.6034874905231236,0.9037149355572404,0.9461412920873046,33.0,31.0
1736,2024,0.0,0.0,,,,0.7817220543806647,0.16993957703927492,0.033987915407854986,0.0,,,38.0
1746,2024,0.0,0.0,,,,7.585421412300684,1.4350797266514808,0.6150341685649203,0.0,,,14.0
1835,2024,0.0,0.0,,,,0.6666666666666667,,,0.0,,,34.0
1864,2024,35.0,2267.0,9.44861049845611,0.8734009704455227,0.8337009263343627,10.302631578947368,0.41447368421052627,0.888157894736842,1.4914473684210525,0.9171065107058294,35.0,20.0
1864,2024,0.0,0.0,,,,10.302631578947368,0.41447368421052627,0.888157894736842,0.0,,,20.0
1902,2024,,,,,,,,,,,,
1904,2024,27.0,1735.0,11.567723342939482,2.593659942363112,1.5561959654178676,11.55515370705244,2.332730560578662,1.8987341772151898,1.0458107293550332,1.0010877947802088,27.0,20.0
1934,2024,31.0,2232.0,7.459677419354839,2.0161290322580645,1.25,,,,,,31.0,0.0
1946,2024,38.0,2551.0,9.878479027832222,1.093688749509996,0.9525676205409643,9.453551912568305,1.4754098360655739,0.819672131147541,1.548876745598057,1.0449489376261831,38.0,34.0
1972,2024,,,,,,,,,,,,1.0
2032,2024,35.0,2601.0,10.899653979238755,0.34602076124567477,1.5916955017301038,,,,,,35.0,
2056,2024,23.0,805.0,11.06832298136646,1.7888198757763976,1.7888198757763976,9.210977701543738,1.0291595197255574,1.0806174957118353,0.4602630074328187,1.2016447482563588,23.0,30.0
2061,2024,0.0,0.0,,,,13.366336633663366,0.44554455445544555,0.8910891089108911,0.0,,,11.0
2165,2024,35.0,3084.0,7.529182879377432,1.8385214007782102,0.6420233463035019,8.11893203883495,2.5121359223300974,0.8373786407766991,1.2475728155339805,0.9273612395526165,35.0,28.0
2218,2024,38.0,2719.0,9.566016917984554,0.7282089003310042,0.46340566384700255,,,,,,38.0,
2273,2024,31.0,2790.0,0.6451612903225806,0.03225806451612903,0.06451612903225806,,,,,,31.0,0.0
2273,2024,0.0,0.0,,,,,,,,,,0.0
2273,2024,32.0,2790.0,0.6451612903225806,0.03225806451612903,0.06451612903225806,,,,,,32.0,0.0
2284,2024,35.0,2132.0,8.062851782363978,2.5328330206378986,1.0553470919324577,9.309357097390198,3.0362826225334185,0.9166136218968809,0.6785486950986632,0.8661018906047049,35.0,36.0
2287,2024,20.0,566.0,10.176678445229681,2.2261484098939928,1.2720848056537102,13.043478260869566,1.5789473684210527,0.8581235697940504,0.21586575133485889,0.7802120141342755,20.0,32.0
2289,2024,15.0,705.0,9.446808510638299,1.5319148936170213,1.9148936170212765,8.172866520787746,2.363238512035011,0.8862144420131292,0.7713347921225383,1.1558745620780997,15.0,24.0
2291,2024,33.0,2207.0,9.501585863162665,2.8137743543271405,0.978704123244223,7.741935483870968,2.049335863377609,0.9108159392789374,1.3959519291587603,1.2272881739918442,33.0,34.0
2294,2024,0.0,0.0,,,,7.816593886462883,0.7860262008733624,0.3930131004366812,0.0,,,31.0
2298,2024,32.0,2218.0,6.289449954914337,0.9332732191163209,0.4869251577998197,,,,,,32.0,0.0
2413,2024,17.0,514.0,14.708171206225682,0.8754863813229572,1.2256809338521402,13.649006622516557,0.9536423841059603,1.1920529801324504,0.3403973509933775,1.0776001223387084,17.0,29.0
2467,2024,22.0,1754.0,6.311288483466363,2.0524515393386547,1.12884834663626,5.899390243902439,1.646341463414634,0.823170731707317,2.673780487804878,1.0698204767839623,22.0,11.0
2468,2024,,,,,,7.3033707865168545,2.471910112359551,0.6741573033707865,,,,14.0
2476,2024,36.0,1172.0,8.447098976109215,2.7645051194539247,1.3822525597269624,,,,,,36.0,
2489,2024,36.0,2413.0,12.830501450476586,1.45462080397845,1.790302527973477,14.39319470699433,1.1909262759924386,1.837429111531191,0.9122873345935728,0.8914283250987803,36.0,37.0
2490,2024,34.0,2290.0,9.117903930131003,1.3755458515283843,1.3755458515283843,9.850187265917603,1.5730337078651686,1.610486891385768,0.9529754473574699,0.9256579275075962,34.0,28.0
2507,2024,9.0,150.0,8.4,1.8,0.6000000000000001,8.135593220338983,1.6640986132511557,0.7395993836671803,0.07704160246533127,1.0325000000000002,9.0,33.0
2597,2024,1.0,16.0,,,,8.425196850393702,1.5748031496062993,1.1023622047244095,0.01399825021872266,,1.0,23.0
2601,2024,35.0,1593.0,9.887005649717514,2.655367231638418,1.5819209039548021,,,,,,35.0,
2678,2024,26.0,1194.0,12.814070351758794,1.0552763819095476,1.7336683417085426,14.947826086956521,1.8,2.1130434782608694,1.0382608695652173,0.8572531067203382,26.0,21.0
2699,2024,,,,,,11.728395061728396,3.4567901234567904,1.6049382716049383,,,,19.0
2724,2024,38.0,2358.0,8.435114503816795,2.480916030534351,0.8015267175572519,8.564335953661564,1.7501034340091022,1.079851055026893,0.9755895738518825,0.9849116790205408,38.0,33.0
2726,2024,0.0,0.0,,,,5.22887323943662,0.7288732394366196,0.76056338028169,0.0,,,33.0
2729,2024,29.0,2584.0,0.24380804953560373,0.0348297213622291,0.0696594427244582,7.636044470450556,1.4745465184318316,1.1322410766530135,0.7559976594499708,0.03192857905412619,29.0,38.0
2729,2024,1.0,90.0,7.0,1.0,2.0,7.636044470450556,1.4745465184318316,1.1322410766530135,0.02633118782913985,0.9167049808429119,1.0,38.0
2731,2024,0.0,0.0,,,,7.919340054995416,1.4023831347387716,0.9074243813015582,0.0,,,14.0
2734,2024,10.0,177.0,17.796610169491526,7.118644067796611,1.5254237288135593,12.219827586206897,2.133620689655172,1.228448275862069,0.1271551724137931,1.4563716258631514,10.0,29.0
2735,2024,0.0,0.0,,,,9.86013986013986,2.237762237762238,1.3986013986013985,0.0,,,36.0
2752,2024,11.0,195.0,9.23076923076923,4.153846153846154,0.46153846153846156,,,,,,11.0,
2771,2024,35.0,3002.0,7.584943371085942,1.6489007328447702,0.6895403064623584,9.476439790575915,2.4607329842931938,0.9424083769633509,1.7463641652123327,0.8004001015897322,35.0,25.0
2778,2024,,,,,,,,,,,,
2806,2024,34.0,2937.0,7.691521961184882,1.1031664964249233,1.0725229826353422,8.81139489194499,1.237721021611002,1.119842829076621,0.9616895874263262,0.8729062827743823,34.0,36.0
2807,2024,,,,,,,,,,,,0.0
2807,2024,0.0,0.0,,,,,,,,,,0.0
2817,2024,37.0,3330.0,6.027027027027027,1.3513513513513513,0.5405405405405406,,,,,,37.0,
2823,2024,30.0,2356.0,9.779286926994907,2.597623089983022,2.5212224108658745,10.079365079365079,2.619047619047619,2.142857142857143,2.0776014109347445,0.970228466772723,30.0,33.0
2855,2024,26.0,349.0,7.9942693409742125,1.0315186246418337,1.2893982808022924,8.55291576673866,2.041036717062635,0.9719222462203023,0.37688984881209503,0.9346835113310759,26.0,28.0
2864,2024,34.0,2769.0,9.263271939328277,0.39003250270855905,0.8775731310942578,7.152317880794702,0.1986754966887417,0.5562913907284768,1.2225165562913907,1.2951426507764536,34.0,31.0
2869,2024,28.0,1783.0,11.306786315199103,2.523836231071228,2.1200224340998317,11.254720939991607,3.0214015946286192,1.2463281577843055,0.7482165337809484,1.0046260920626198,28.0,31.0
2887,2024,38.0,2505.0,14.802395209580837,1.2574850299401197,1.401197604790419,,,,,,38.0,0.0
2910,2024,0.0,0.0,,,,,,,,,,0.0
2919,2024,38.0,3420.0,0.763157894736842,0.026315789473684213,0.026315789473684213,0.375,,,2.375,2.0350877192982453,38.0,16.0
2920,2024,33.0,1651.0,9.267110841913992,2.5075711689884916,0.8176862507571169,6.93621867881549,1.674259681093394,0.7517084282460137,0.6268033409263477,1.3360465220362043,33.0,35.0
2922,2024,0.0,0.0,,,,15.13274336283186,4.778761061946903,0.7964601769911505,0.0,,,8.0
2925,2024,,,,,,,,,,,,
2926,2024,36.0,3032.0,9.825197889182057,2.4934036939313984,1.2170184696569921,10.091407678244972,2.2486288848263256,1.206581352833638,1.8476538695917124,0.9736201531490192,36.0,32.0
2931,2024,0.0,0.0,,,,,,,,,,0.0
2932,2024,38.0,3420.0,0.39473684210526316,0.026315789473684213,,0.2631578947368421,0.026315789473684213,0.026315789473684213,1.0,1.5,38.0,38.0
2933,2024,8.0,253.0,10.67193675889328,2.4901185770750986,0.7114624505928854,10.357142857142856,1.7857142857142856,1.3095238095238095,0.33465608465608465,1.0303938939621098,8.0,14.0
2933,2024,12.0,262.0,10.305343511450381,2.404580152671756,0.6870229007633587,10.357142857142856,1.7857142857142856,1.3095238095238095,0.34656084656084657,0.9949986838641749,12.0,14.0
2934,2024,14.0,1046.0,6.539196940726578,1.0325047801147227,0.7743785850860421,10.344827586206897,1.4482758620689655,1.0344827586206897,2.4045977011494255,0.6321223709369025,14.0,9.0
2935,2024,30.0,1764.0,8.16326530612245,1.5306122448979593,0.9183673469387754,8.422315536892622,1.295740851829634,1.13377324535093,1.0581883623275345,0.9692423978138264,30.0,25.0
2936,2024,33.0,2924.0,8.956908344733243,1.9699042407660738,1.0772913816689467,10.236842105263158,1.605263157894737,1.1842105263157894,0.8549707602339182,0.8749679102824248,33.0,38.0
2937,2024,35.0,2833.0,7.497352629721143,1.6837274973526295,0.6671373102717967,8.326113861386139,2.3112623762376234,0.9467821782178218,0.8765470297029703,0.9004624191474817,35.0,38.0
2938,2024,9.0,399.0,5.1879699248120295,0.9022556390977443,1.5789473684210527,6.049916805324459,1.3477537437603995,0.718801996672213,0.13277870216306156,0.8575274820715153,9.0,37.0
2938,2024,1.0,16.0,129.375,22.5,39.375,6.049916805324459,1.3477537437603995,0.718801996672213,0.005324459234608985,21.384591584158414,1.0,37.0
2939,2024,18.0,368.0,10.760869565217392,0.4891304347826087,0.9782608695652174,11.782477341389729,0.45317220543806647,1.4501510574018126,0.37059415911379656,0.913294314381271,18.0,20.0
2990,2024,37.0,3070.0,11.403908794788274,3.899022801302932,1.6123778501628665,10.448548812664908,3.467018469656992,1.662269129287599,1.6200527704485488,1.0914347053597868,37.0,25.0
2991,2024,,,,,,18.52941176470588,3.5294117647058822,2.6470588235294117,,,,12.0
2997,2024,14.0,1160.0,0.9310344827586207,0.07758620689655173,0.15517241379310345,0.5013927576601671,0.12534818941504178,,1.615598885793872,1.856896551724138,14.0,10.0
2999,2024,30.0,2535.0,7.349112426035504,1.2781065088757395,1.1005917159763314,,,,,,30.0,
3080,2024,14.0,1079.0,11.260426320667284,2.0018535681186282,1.5848007414272474,,,,,,14.0,
3339,2024,17.0,462.0,11.103896103896103,3.116883116883117,1.3636363636363638,8.990228013029316,3.3224755700325734,0.9771986970684039,0.501628664495114,1.2351072840203274,17.0,12.0
3428,2024,30.0,1642.0,0.2740560292326431,0.05481120584652862,0.05481120584652862,17.781262250098,2.293218345746766,1.6228929831438652,0.6436691493531949,0.015412630744543047,30.0,35.0
3428,2024,1.0,20.0,22.5,4.5,4.5,17.781262250098,2.293218345746766,1.6228929831438652,0.007840062720501764,1.2653769841269842,1.0,35.0
5996,2024,36.0,2948.0,10.379918588873814,1.9843962008141114,1.5875169606512889,10.564334085778782,2.0316027088036117,1.3408577878103838,1.3309255079006772,0.9825435758271579,36.0,28.0
6009,2024,0.0,0.0,,,,6.43582988332706,0.8129469326307865,0.7790741437711705,0.0,,,38.0
6056,2024,37.0,1970.0,11.238578680203046,3.9289340101522843,1.5076142131979697,11.383399209486166,3.7351778656126484,1.541501976284585,1.297760210803689,0.987277918781726,37.0,32.0
6610,2024,21.0,1118.0,13.041144901610018,3.13953488372093,1.7710196779964222,9.722222222222221,2.1825396825396823,1.626984126984127,0.4929453262786596,1.341374904165602,21.000000000000004,32.0
6716,2024,35.0,2607.0,12.359033371691599,3.3486766398158805,2.140391254315305,13.374186135580237,3.4124856376867103,1.826886250478744,0.9984680199157411,0.9240961092063793,35.0,33.0
7029,2024,0.0,0.0,,,,,,,,,,0.0
7600,2024,23.0,967.0,4.281282316442606,0.4653567735263702,0.8376421923474664,6.986552567237164,1.3753056234718826,1.1552567237163813,0.5910757946210269,0.6127889649781368,23.0,34.0
7722,2024,0.0,0.0,,,,17.897727272727273,3.068181818181818,3.068181818181818,0.0,,,20.0
8500,2024,20.0,257.0,17.509727626459146,4.202334630350195,5.252918287937743,13.536585365853659,2.508710801393728,2.613240418118467,0.14924506387921022,1.293511410242928,20.0,29.0
8598,2024,33.0,477.0,20.0,1.1320754716981132,1.509433962264151,11.090047393364928,0.7677725118483412,0.7677725118483412,0.45213270142180095,1.8034188034188035,33.0,20.0
8694,2024,34.0,2811.0,6.147278548559232,1.3447171824973319,0.736392742796158,,,,,,34.0,
8794,2024,26.0,649.0,14.838212634822805,0.41602465331278893,1.802773497688752,,,,,,26.0,
9971,2024,8.0,133.0,18.94736842105263,4.060150375939849,1.3533834586466165,14.364599092284418,2.723146747352496,1.2934947049924357,0.10060514372163389,1.3190321776003988,8.0,29.0
10135,2024,38.0,3282.0,12.723948811700183,2.2760511882998173,1.7824497257769654,13.85250917992656,2.423500611995104,1.3769889840881273,1.0042839657282743,0.9185302566078242,38.0,37.0
10329,2024,27.0,1955.0,13.488491048593351,0.7365728900255754,1.19693094629156,14.728074473297402,1.3669769720725133,0.8378245957863791,0.9578637922586967,0.9158353369986371,27.0,31.0
10329,2024,27.0,1953.0,13.502304147465438,0.7373271889400922,1.1981566820276497,14.728074473297402,1.3669769720725133,0.8378245957863791,0.9568838804507594,0.9167732124077498,27.0,31.0
10373,2024,0.0,0.0,,,,,,,,,,
13109,2024,,,,,,,,,,,,
13489,2024,20.0,626.0,15.239616613418532,1.1501597444089455,2.0127795527156547,14.257425742574258,1.0693069306930694,2.1386138613861387,1.2396039603960396,1.0688897763578276,20.0,23.0
13736,2024,37.0,3233.0,12.415712960098979,3.4240643365295393,1.5589236003711722,12.312500000000002,3.4375000000000004,1.875,2.245138888888889,1.0083827784851962,37.0,16.0
14206,2024,,,,,,67.5,,67.5,,,,1.0
15745,2024,19.0,1096.0,7.801094890510949,1.478102189781022,0.4927007299270073,8.243583291394062,2.1741318570709613,0.4529441368897836,0.5515853044791142,0.9463232934948264,19.0,34.0
15797,2024,30.0,1978.0,9.691607684529828,2.0020222446916076,1.0920121334681496,,,,,,30.0,
15799,2024,2.0,23.0,11.739130434782608,,7.826086956521739,13.636363636363637,2.883116883116883,1.87012987012987,0.019913419913419914,0.8608695652173912,2.0,26.0
15812,2024,25.0,1067.0,22.09934395501406,0.5904404873477038,2.3617619493908153,,,,,,25.0,
15870,2024,27.0,2386.0,0.37720033528918695,0.037720033528918694,,,,,,,27.0,
15884,2024,25.0,1241.0,13.561643835616438,3.263497179693795,1.087832393231265,,,,,,25.0,
15908,2024,38.0,2930.0,10.720136518771332,2.5494880546075085,0.552901023890785,13.846153846153847,3.137019230769231,1.5144230769230769,3.5216346153846154,0.7742320819112628,38.0,23.0
15911,2024,32.0,2604.0,16.762672811059907,1.3133640552995391,1.3479262672811059,19.215922798552473,2.3522316043425815,1.4113389626055488,1.0470446320868516,0.872332439445616,32.0,33.0
17365,2024,24.0,135.0,5.333333333333334,3.333333333333333,0.6666666666666667,6.181818181818182,1.5757575757575757,1.0303030303030303,0.09090909090909091,0.8627450980392158,24.0,32.0
17579,2024,22.0,1001.0,8.541458541458542,1.4385614385614385,0.8091908091908093,,,,,,22.0,
17597,2024,36.0,3123.0,8.933717579250722,1.4121037463976944,0.6051873198847262,9.391845196959226,1.2128541810642708,1.1195577055977886,1.079129232895646,0.95122070177894,36.0,34.0
17661,2024,30.0,2510.0,6.669322709163347,1.2908366533864541,0.43027888446215135,7.853705486044274,1.9056785370548603,0.7218479307025987,0.8052614693615656,0.8491943988750879,30.0,35.0
17714,2024,15.0,1185.0,3.7215189873417724,0.6835443037974683,0.37974683544303794,,,,,,15.0,
17736,2024,0.0,0.0,,,,,,,,,,
17739,2024,1.0,1.0,,,,,,,,,1.0,
18146,2024,2.0,134.0,0.6716417910447761,,,,,,,,2.0,
18397,2024,33.0,846.0,9.042553191489363,2.127659574468085,1.702127659574468,,,,,,33.0,
18592,2024,33.0,2441.0,13.088897992625972,1.9541171650962719,0.8848832445718968,,,,,,33.0,0.0
18737,2024,0.0,0.0,,,,,,,,,,
18739,2024,29.0,146.0,9.246575342465754,3.698630136986301,0.6164383561643836,10.955983493810178,2.847317744154058,1.2379642365887207,0.10041265474552957,0.8439749245414442,29.0,23.0
18741,2024,22.0,1714.0,3.4130688448074684,0.6826137689614936,0.4200700116686114,,,,,,22.0,
18742,2024,30.0,2113.0,7.411263606247042,1.6185518220539519,0.766682442025556,12.200704225352114,2.4559859154929575,1.0299295774647887,1.8600352112676057,0.6074455596462222,30.0,30.0
18744,2024,,,,,,6.7105263157894735,1.236842105263158,1.0,,,,38.0
18744,2024,38.0,3349.0,7.2558972827709765,1.0480740519558076,0.6180949537175277,6.7105263157894735,1.236842105263158,1.0,0.9792397660818714,1.081270967628616,38.0,38.0
18746,2024,34.0,2822.0,10.970942593905033,1.371367824238129,1.2119064493267186,11.93354430379747,1.0253164556962024,1.0537974683544304,0.8930379746835443,0.9193364783012437,34.0,37.0
18753,2024,37.0,1794.0,12.240802675585284,1.0033444816053512,1.2040133779264215,,,,,,37.0,
18755,2024,0.0,0.0,,,,,,,,,,0.0
18758,2024,5.0,215.0,5.8604651162790695,1.255813953488372,,7.341389728096677,2.311178247734139,0.8157099697885197,0.324773413897281,0.7982773471145564,5.0,12.0
18765,2024,,,,,,11.630218687872764,1.2524850894632207,3.0417495029821073,,,,12.0
18766,2024,26.0,1629.0,15.6353591160221,0.49723756906077343,1.4917127071823204,17.752860411899313,0.5354691075514874,1.276887871853547,0.745537757437071,0.8807233737692263,26.0,32.0
18771,2024,18.0,392.0,11.25,2.984693877551021,1.3775510204081631,,,,,,18.0,
18772,2024,7.0,314.0,10.031847133757962,2.2929936305732483,1.4331210191082802,8.023005032350827,1.4234363767074047,1.0999281092739037,0.22573687994248742,1.2503852475857817,7.0,23.0
18777,2024,,,,,,,,,,,,
18778,2024,34.0,1766.0,8.306908267270668,0.8154020385050963,0.7644394110985276,9.181360201511335,0.6801007556675063,0.5667506297229219,2.2241813602015115,0.9047579100429232,34.0,21.0
18779,2024,4.0,130.0,5.538461538461538,0.6923076923076923,0.6923076923076923,,,,,,4.0,
18784,2024,31.0,1817.0,12.432581177765547,1.5354980737479362,1.585030269675289,10.445682451253482,1.3788300835654597,0.8774373259052926,0.8435468895078923,1.190212438084755,31.0,28.0
18786,2024,28.0,2336.0,13.754280821917806,3.3133561643835616,1.502568493150685,,,,,,28.0,
18788,2024,35.0,2840.0,6.81338028169014,0.602112676056338,0.7922535211267606,,,,,,35.0,
18805,2024,33.0,2577.0,9.953434225844005,1.6763678696158324,1.7112922002328288,9.63677639046538,1.4642451759364357,1.804767309875142,0.9750283768444948,1.0328593113037183,33.0,32.0
18806,2024,33.0,2118.0,11.643059490084985,2.8045325779036827,2.7620396600566575,10.399159663865547,2.883403361344538,1.8434873949579833,1.1123949579831933,1.1196154176324147,33.0,31.0
18812,2024,0.0,0.0,,,,,,,,,,0.0
18813,2024,18.0,822.0,3.8321167883211675,1.2043795620437956,0.43795620437956206,3.967517401392111,0.6264501160092807,0.4176334106728538,1.9071925754060324,0.9658727109745165,18.0,11.0
18814,2024,30.0,1357.0,5.372144436256448,1.724392041267502,0.6632277081798084,6.50070126227209,1.8934081346423561,1.072931276297335,0.9516129032258065,0.8263946025999671,30.0,21.0
18815,2024,,,,,,,,,,,,0.0
18817,2024,,,,,,5.118483412322274,1.5639810426540284,0.14218009478672985,,,,11.0
18819,2024,14.0,844.0,10.770142180094787,0.2132701421800948,1.2796208530805686,13.278688524590164,0.7903981264637002,1.3173302107728337,0.49414519906323184,0.8110847814639284,14.0,26.0
18823,2024,,,,,,12.763636363636364,1.8,0.49090909090909096,,,,25.0
18823,2024,32.0,1366.0,11.002928257686676,2.5036603221083458,1.7789165446559299,12.763636363636364,1.8,0.49090909090909096,2.4836363636363634,0.8620527837218905,32.0,25.0
18836,2024,0.0,0.0,,,,,,,,,,0.0
18843,2024,12.0,92.0,13.695652173913045,1.9565217391304348,0.9782608695652174,12.278761061946904,2.52212389380531,1.592920353982301,0.06784660766961652,1.1153936545240892,12.0,29.0
18844,2024,,,,,,36.0,,,,,,4.0
18846,2024,36.0,3155.0,8.957210776545166,1.9968304278922346,0.7131537242472267,7.575757575757576,2.121212121212121,0.8585858585858586,1.7704826038159371,1.1823518225039618,36.0,22.0
18846,2024,0.0,0.0,,,,7.575757575757576,2.121212121212121,0.8585858585858586,0.0,,,22.0
18847,2024,2.0,71.0,10.140845070422536,2.535211267605634,5.070422535211268,9.040888440181726,2.04442200908632,0.9994952044422009,0.035840484603735484,1.1216646613348433,2.0,26.0
18853,2024,,,,,,10.218340611353712,3.537117903930131,1.1790393013100435,,,,9.0
18858,2024,0.0,0.0,,,,,,,,,,
18860,2024,5.0,450.0,0.4,,,,,,,,5.0,0.0
18860,2024,23.0,450.0,0.4,,,,,,,,23.0,0.0
18861,2024,19.0,688.0,5.101744186046512,1.177325581395349,0.2616279069767442,6.315789473684211,1.1403508771929824,0.43859649122807015,0.33528265107212474,0.8077761627906976,19.0,35.0
18862,2024,13.0,479.0,6.012526096033402,2.2546972860125263,0.3757828810020876,5.048616305160808,1.6155572176514585,0.40388930441286464,0.3582647718773373,1.1909255393180236,13.0,19.0
18866,2024,0.0,0.0,,,,12.45928338762215,1.758957654723127,2.198697068403909,0.0,,,10.0
18869,2024,25.0,1597.0,6.5936130244207884,1.3525360050093926,1.0707576706324358,6.923076923076923,1.5430954587581094,1.2511584800741427,0.7400370713623726,0.9524107701941138,25.0,28.0
18870,2024,29.0,949.0,11.285563751317175,1.327713382507903,1.0432033719704954,10.588235294117647,1.6544117647058825,1.9852941176470589,3.488970588235294,1.065858798735511,29.0,13.0
18872,2024,36.0,2978.0,8.492276695768972,2.447951645399597,1.480859637340497,8.671203438395416,1.9663323782234958,1.257163323782235,1.066618911174785,0.979365408285294,36.0,33.0
18873,2024,,,,,,,,,,,,0.0
18873,2024,8.0,307.0,6.742671009771987,1.758957654723127,0.2931596091205212,,,,,,8.0,0.0
18883,2024,27.0,2205.0,12.408163265306122,0.7346938775510204,1.469387755102041,14.504801920768307,0.6212484993997599,1.134453781512605,0.6617647058823529,0.8554521001448376,27.0,38.0
18883,2024,0.0,0.0,,,,14.504801920768307,0.6212484993997599,1.134453781512605,0.0,,,38.0
18886,2024,10.0,900.0,0.5,,,0.6804435483870968,,0.0907258064516129,0.4536290322580645,0.7348148148148148,10.0,23.0
18892,2024,,,,,,18.0,6.0,6.0,,,,5.0
18894,2024,0.0,0.0,,,,9.574468085106384,1.1655874190564293,1.4153561517113784,0.0,,,16.0
18899,2024,,,,,,,,,,,,
18901,2024,25.0,785.0,8.94267515923567,3.095541401273885,1.0318471337579618,8.08951965065502,1.7685589519650655,0.7860262008733624,0.2856622998544396,1.1054642976868927,25.0,35.0
18903,2024,,,,,,11.63793103448276,3.8793103448275863,1.5517241379310345,,,,13.0
18904,2024,0.0,0.0,,,,,,,,,,0.0
18911,2024,31.0,2520.0,0.7142857142857142,,0.07142857142857142,0.5349182763744428,,,1.8722139673105498,1.3353174603174602,31.0,18.0
18917,2024,7.0,179.0,8.547486033519553,1.005586592178771,2.513966480446927,8.541176470588235,1.835294117647059,0.49411764705882355,0.1403921568627451,1.00073872293273,7.0,16.0
18918,2024,8.0,351.0,6.410256410256411,1.794871794871795,0.5128205128205129,7.416309012875537,1.351931330472103,0.7725321888412017,0.15064377682403435,0.8643459164292497,8.0,28.0
18929,2024,21.0,1376.0,9.549418604651162,0.8502906976744186,0.39244186046511625,8.791853641698308,1.3669313082499137,0.5591991715567829,0.474974111149465,1.0861666940586736,21.000000000000004,35.0
18931,2024,36.0,2978.0,10.214909335124245,0.18132975151108124,0.7555406312961719,12.544247787610619,0.34845132743362833,1.095132743362832,1.6471238938053097,0.8143102327118447,36.0,31.0
18932,2024,7.0,630.0,0.4285714285714286,,,,,,,,7.0,0.0
18935,2024,5.0,450.0,0.6000000000000001,,,,,,,,5.0,
18940,2024,19.0,1393.0,5.556353194544149,2.196697774587222,0.8399138549892319,,,,,,19.0,
18941,2024,18.0,20.0,4.5,,,8.470588235294118,2.1176470588235294,,0.23529411764705882,0.53125,18.0,11.0
18943,2024,20.0,1395.0,6.0,1.4193548387096775,0.7741935483870968,,,,,,20.0,
18945,2024,,,,,,,,,,,,
18945,2024,,,,,,,,,,,,
18947,2024,17.0,1363.0,9.970652971386647,3.3675715333822454,1.1225238444607484,9.680672268907564,2.722689075630252,1.3008403361344538,0.4581512605042017,1.0299546038151135,17.0,35.0
18955,2024,15.0,271.0,12.619926199261991,1.3284132841328413,,12.262210796915166,1.3881748071979434,0.9254498714652956,0.6966580976863753,1.029172178514238,15.0,20.0
18959,2024,32.0,2880.0,0.59375,,0.0625,0.2510460251046025,,,2.00836820083682,2.365104166666667,32.0,16.0
18960,2024,26.0,180.0,1.5,,,0.29411764705882354,,,0.11764705882352941,5.1,26.0,38.0
18961,2024,37.0,3330.0,8.864864864864865,1.0540540540540542,0.9189189189189189,9.948755490483164,2.0095168374816983,1.054172767203514,1.218887262079063,0.8910526420460194,37.0,33.0
18963,2024,25.0,2083.0,5.573691790686509,0.7345175228036487,0.30244839174267885,5.701357466063348,0.8458057779324748,0.7205012182387749,0.7250261051166028,0.9776078458267609,25.0,33.0
18968,2024,28.0,1407.0,10.23454157782516,3.1343283582089554,1.791044776119403,11.320211233797407,3.3701392222755637,1.512241958713394,0.6754680748919827,0.9040945761921039,28.0,28.0
18970,2024,0.0,0.0,,,,7.167630057803468,2.0231213872832368,0.6647398843930635,0.0,,,36.0
18973,2024,13.0,168.0,11.25,3.214285714285714,1.0714285714285714,13.06451612903226,3.0645161290322585,1.935483870967742,0.3010752688172043,0.861111111111111,13.0,8.0
19004,2024,,,,,,8.974719101123595,1.3904494382022472,1.0112359550561798,,,,33.0
19004,2024,23.0,740.0,9.121621621621623,1.0945945945945947,1.0945945945945947,8.974719101123595,1.3904494382022472,1.0112359550561798,0.5196629213483146,1.0163684811572138,23.0,33.0
19012,2024,0.0,0.0,,,,,,,,,,18.0
19016,2024,0.0,0.0,,,,6.792452830188679,1.6981132075471697,1.6981132075471697,0.0,,,31.0
19023,2024,0.0,0.0,,,,5.8006644518272426,1.196013289036545,0.47840531561461797,0.0,,,31.0
19025,2024,35.0,632.0,9.968354430379746,1.85126582278481,1.139240506329114,8.82,1.44,0.9,0.42133333333333334,1.1301989150090415,35.0,38.0
19030,2024,21.0,938.0,7.963752665245202,1.535181236673774,1.535181236673774,,,,,,21.000000000000004,
19032,2024,,,,,,,,,,,,0.0
19032,2024,16.0,578.0,16.505190311418687,4.204152249134948,3.114186851211073,,,,,,16.0,0.0
19035,2024,18.0,356.0,6.825842696629214,1.2640449438202246,,7.875841436050861,1.8175018698578909,0.47120418848167545,0.26626776364996263,0.8666810717372515,18.0,34.0
19043,2024,0.0,0.0,,,,,,,,,,0.0
19070,2024,14.0,85.0,5.294117647058823,2.1176470588235294,,9.43955164131305,2.089671737389912,0.8646917534027221,0.06805444355484387,0.5608441850022452,14.0,25.0
19071,2024,12.0,87.0,27.931034482758623,6.206896551724138,4.137931034482759,,,,,,12.0,0.0
19073,2024,,,,,,10.044286979627989,2.391496899911426,0.6377325066430469,,,,38.0
19073,2024,11.0,159.0,3.3962264150943393,0.5660377358490566,0.5660377358490566,10.044286979627989,2.391496899911426,0.6377325066430469,0.1408325952170062,0.3381251871817909,11.0,38.0
19076,2024,0.0,0.0,,,,,,,,,,0.0
19088,2024,38.0,3420.0,0.5263157894736842,0.052631578947368425,,,,,,,38.0,0.0
19119,2024,33.0,2746.0,7.374362709395484,1.4748725418790969,0.8849235251274582,,,,,,33.0,
19128,2024,34.0,2084.0,10.53742802303263,1.381957773512476,0.5614203454894433,10.428313796212805,1.5013525698827772,0.8115419296663661,0.939585211902615,1.0104632665406992,34.0,29.0
19130,2024,,,,,,3.811074918566775,0.8794788273615635,0.8794788273615635,,,,8.0
19130,2024,19.0,1239.0,11.404358353510895,2.542372881355932,2.0338983050847457,3.811074918566775,0.8794788273615635,0.8794788273615635,4.035830618892508,2.9924256534426026,19.0,8.0
19130,2024,0.0,0.0,,,,3.811074918566775,0.8794788273615635,0.8794788273615635,0.0,,,8.0
19136,2024,35.0,1186.0,13.279932546374367,2.4283305227655987,1.1382799325463744,,,,,,35.0,
19143,2024,7.0,630.0,,,,0.25041736227045075,0.05008347245409015,0.05008347245409015,0.35058430717863104,,7.0,24.0
19143,2024,2.0,,,,,0.25041736227045075,0.05008347245409015,0.05008347245409015,,,2.0,24.0
19145,2024,,,,,,7.351485148514851,1.1695544554455446,0.556930693069307,,,,20.0
19145,2024,22.0,1403.0,7.248752672843906,1.090520313613685,0.5131860299358517,7.351485148514851,1.1695544554455446,0.556930693069307,0.8681930693069307,0.9860256161040195,22.0,20.0
19147,2024,15.0,967.0,5.95656670113754,1.3960703205791107,0.5584281282316442,7.204884667571235,1.2211668928086838,0.814111261872456,0.43735866123925826,0.8267400487266228,15.0,25.0
19150,2024,1.0,5.0,18.0,,,6.302521008403361,1.5126050420168067,1.0084033613445378,0.0070028011204481795,2.856,1.0,10.0
19152,2024,32.0,342.0,8.421052631578947,2.894736842105263,0.5263157894736842,,,,,,32.0,
19163,2024,35.0,2379.0,7.64186633039092,1.0592686002522067,0.416141235813367,8.298407376362112,1.5088013411567478,0.5280804694048618,1.9941324392288349,0.9208834880966028,35.0,21.0
19170,2024,37.0,3129.0,12.79961649089166,1.236816874400767,1.4381591562799616,13.078125000000002,1.125,1.6875,4.8890625,0.9787042478101149,37.0,14.0
19177,2024,0.0,0.0,,,,,,,,,,0.0
19179,2024,14.0,1121.0,5.941123996431758,0.5619982158786797,0.32114183764495985,2.903225806451613,,,36.16129032258065,2.0463871543264944,14.0,1.0
19182,2024,22.0,1717.0,6.290040768782761,1.6249271986022131,0.8910891089108911,,,,,,22.0,
19187,2024,32.0,735.0,10.775510204081632,1.1020408163265305,0.6122448979591837,10.842311459353576,1.1459353574926543,0.5288932419196866,0.7198824681684622,0.993838836347547,32.0,29.0
19191,2024,34.0,2247.0,10.13351134846462,1.3217623497997328,1.7222963951935917,11.455633100697906,1.7647058823529411,1.1665004985044867,0.7467597208374875,0.8845876312019159,34.0,35.0
19192,2024,29.0,1631.0,8.88412017167382,1.6554261189454322,0.7173513182096873,9.870283018867925,1.6981132075471697,0.7429245283018868,1.9233490566037736,0.9000876828649221,29.0,16.0
19192,2024,29.0,1628.0,8.9004914004914,1.6584766584766584,0.7186732186732187,9.870283018867925,1.6981132075471697,0.7429245283018868,1.919811320754717,0.9017463211011598,29.0,16.0
19197,2024,0.0,0.0,,,,,,,,,,0.0
19220,2024,20.0,625.0,10.512,2.16,2.3040000000000003,13.641404805914972,3.6598890942698707,1.6635859519408505,1.155268022181146,0.7705951219512196,20.0,14.0
19221,2024,28.0,1163.0,8.435081685296646,1.5477214101461736,0.9286328460877042,8.489519112207152,1.1652281134401972,1.1652281134401972,0.717016029593095,0.9935876901634829,28.0,36.0
19229,2024,,,,,,,,,,,,0.0
19235,2024,25.0,1788.0,11.778523489932887,2.466442953020134,1.0570469798657718,,,,,,25.0,0.0
19245,2024,29.0,1938.0,13.328173374613003,2.043343653250774,1.5789473684210527,12.724283701268202,2.2404884922498827,0.8454673555659934,0.9102865194927195,1.0474596203230373,29.0,30.0
19248,2024,11.0,774.0,6.8604651162790695,1.6279069767441858,1.0465116279069768,,,,,,11.0,
19263,2024,,,,,,6.874197689345314,1.386392811296534,0.9820282413350448,,,,23.0
19263,2024,10.0,300.0,8.4,1.5,1.5,6.874197689345314,1.386392811296534,0.9820282413350448,0.1925545571245186,1.2219607843137257,10.0,23.0
19265,2024,21.0,888.0,6.182432432432433,1.0135135135135134,0.7094594594594594,6.929133858267716,1.1023622047244095,0.7086614173228346,0.7769028871391076,0.8922374078624081,21.000000000000004,27.0
19281,2024,37.0,3209.0,15.03272047366781,1.5425366157681522,2.047366780928638,16.93867924528302,1.0188679245283019,1.8254716981132075,1.5136792452830188,0.887478902928871,37.0,36.0
19298,2024,29.0,2077.0,8.623013962445835,2.4265767934520945,1.1699566682715454,9.117647058823529,2.26890756302521,1.2605042016806722,0.9696545284780579,0.9457499184618013,29.0,31.0
19305,2024,35.0,1905.0,12.661417322834646,1.984251968503937,2.5039370078740157,13.012594458438286,2.9924433249370272,2.448362720403023,0.9596977329974811,0.9730125197764915,35.0,35.0
19312,2024,0.0,0.0,,,,,,,,,,0.0
19321,2024,,,,,,,,,,,,0.0
19340,2024,,,,,,,,,,,,0.0
19341,2024,18.0,180.0,1.0,,,0.706806282722513,,,0.4712041884816754,1.414814814814815,18.0,38.0
19346,2024,5.0,93.0,15.483870967741936,1.935483870967742,1.935483870967742,9.402985074626866,1.5671641791044777,0.8955223880597015,0.23134328358208955,1.6466973886328726,5.0,5.0
19354,2024,35.0,2937.0,5.33197139938713,1.041879468845761,0.2757916241062308,6.413927757891312,1.5815164334526521,0.41002277904328016,0.955743573055646,0.831311421122103,35.0,35.0
19356,2024,,,,,,,,,,,,0.0
19362,2024,0.0,0.0,,,,49.090909090909086,8.181818181818182,8.181818181818182,0.0,,,3.0
19364,2024,,,,,,11.771863117870724,0.6844106463878327,1.3003802281368821,,,,29.0
19364,2024,0.0,0.0,,,,11.771863117870724,0.6844106463878327,1.3003802281368821,0.0,,,29.0
19365,2024,7.0,240.0,11.625000000000002,2.625,0.75,11.741093828399396,0.7676869041645761,0.3612644254892122,0.12042147516307075,0.9901121794871798,7.0,30.0
19366,2024,38.0,2610.0,10.0,0.3448275862068965,1.0,8.997205836696677,0.335299596398634,0.614715926730829,0.8103073579633654,1.111456176673568,38.0,37.0
19428,2024,34.0,2979.0,11.75226586102719,1.2386706948640485,0.6042296072507553,11.3841059602649,1.2516556291390728,0.8344370860927153,0.9864238410596027,1.0323398167627142,34.0,34.0
19465,2024,,,,,,0.375,0.03125,,,,,32.0
19465,2024,38.0,3420.0,0.7105263157894737,,0.026315789473684213,0.375,0.03125,,1.1875,1.894736842105263,38.0,32.0
19480,2024,12.0,99.0,20.0,5.454545454545455,5.454545454545455,8.70748299319728,1.9727891156462585,1.7687074829931975,0.07482993197278912,2.296875,12.0,27.0
19482,2024,,,,,,8.052631578947368,1.657894736842105,0.9473684210526315,,,,11.0
19482,2024,0.0,0.0,,,,8.052631578947368,1.657894736842105,0.9473684210526315,0.0,,,11.0
19484,2024,20.0,1254.0,6.172248803827752,0.8612440191387559,0.8612440191387559,,,,,,20.0,
19485,2024,10.0,446.0,9.282511210762332,0.6053811659192826,0.8071748878923767,9.558955895589559,0.7290729072907292,0.8910891089108911,0.4014401440144014,0.971080033442274,10.0,14.0
19495,2024,38.0,3420.0,8.394736842105264,1.0526315789473684,0.763157894736842,7.369811320754717,1.290566037735849,0.4075471698113208,1.290566037735849,1.1390707952677392,38.0,32.0
19524,2024,0.0,0.0,,,,,,,,,,
19541,2024,7.0,630.0,0.5714285714285714,,,,,,,,7.0,
19545,2024,19.0,1063.0,7.535277516462841,0.8466603951081844,0.6773283160865475,12.214285714285714,3.0,0.8571428571428572,2.530952380952381,0.6169233054414023,19.0,10.0
19549,2024,36.0,3167.0,10.344174297442374,2.699715819387433,0.8809598989580043,9.935779816513762,2.5596330275229358,0.9357798165137615,0.9685015290519877,1.0411034149780414,36.0,37.0
19558,2024,33.0,2755.0,8.362976406533575,2.221415607985481,1.5680580762250456,,,,,,33.0,
19565,2024,0.0,0.0,,,,,,,,,,0.0
19573,2024,3.0,270.0,1.3333333333333335,,,,,,,,3.0,
19586,2024,34.0,2603.0,11.755666538609297,1.3484441029581253,0.4494813676527084,14.832767813863308,1.5269025690741638,1.177896267571498,1.2617547261269995,0.7925470610833653,34.0,27.0
19587,2024,24.0,1470.0,8.693877551020408,1.7755102040816324,1.163265306122449,,,,,,24.0,
19599,2024,37.0,3196.0,0.6195244055068836,0.08448060075093868,0.056320400500625784,0.417910447761194,,0.029850746268656716,1.060033167495854,1.4824333988914715,37.0,34.0
19610,2024,0.0,0.0,,,,,,,,,,0.0
19617,2024,,,,,,15.43461237274863,1.3390759592795614,0.9162098668754894,,,,19.0
19657,2024,,,,,,,,,,,,0.0
19684,2024,0.0,0.0,,,,30.0,,,0.0,,,1.0
19719,2024,17.0,1076.0,6.189591078066915,1.6728624535315986,0.33457249070631967,,,,,,17.0,
19720,2024,12.0,1063.0,5.757290686735654,0.9313264346190029,0.7619943555973658,6.91578947368421,1.5157894736842106,0.28421052631578947,1.1189473684210527,0.8324849547030246,12.0,13.0
19720,2024,0.0,0.0,,,,6.91578947368421,1.5157894736842106,0.28421052631578947,0.0,,,13.0
19723,2024,,,,,,,,,,,,
19733,2024,27.0,2156.0,9.350649350649352,2.0454545454545454,2.087198515769944,,,,,,27.0,0.0
19733,2024,0.0,0.0,,,,,,,,,,0.0
19738,2024,,,,,,,,,,,,
19744,2024,,,,,,,,,,,,
19760,2024,36.0,2920.0,9.70890410958904,1.7876712328767126,0.8938356164383563,,,,,,36.0,
19789,2024,31.0,1913.0,8.32723470987977,1.6466283324621014,0.3763721902770517,8.469750889679714,1.2455516014234875,0.1423487544483986,0.756425464610518,0.9831735098639561,31.0,29.0
19804,2024,,,,,,19.8,,4.5,,,,8.0
19825,2024,32.0,2014.0,10.054617676266137,2.144985104270109,0.8937437934458788,,,,,,32.0,
19959,2024,20.0,1213.0,6.9744435284418795,1.4839241549876339,0.7419620774938169,5.919866444073456,1.4424040066777963,0.5709515859766278,0.405008347245409,1.1781420399144629,20.0,37.0
19974,2024,0.0,0.0,,,,14.099378881987578,0.9316770186335404,1.4906832298136647,0.0,,,18.0
20007,2024,28.0,869.0,6.731875719217491,1.5535097813578824,1.139240506329114,,,,,,28.0,
20031,2024,2.0,43.0,10.465116279069766,2.0930232558139537,,,,,,,2.0,
20069,2024,0.0,0.0,,,,,,,,,,0.0
20079,2024,0.0,0.0,,,,,,,,,,
20089,2024,21.0,933.0,9.453376205787782,1.2540192926045017,0.3858520900321543,,,,,,21.000000000000004,
20093,2024,10.0,448.0,12.65625,3.013392857142857,1.40625,66.0,18.0,6.0,29.866666666666667,0.19176136363636365,10.0,1.0
20110,2024,,,,,,11.576763485477176,1.4937759336099585,1.120331950207469,,,,21.0
20167,2024,0.0,0.0,,,,,,,,,,
20224,2024,,,,,,,,,,,,0.0
20355,2024,30.0,2700.0,,,,0.16666666666666669,,,5.0,,30.0,6.0
20355,2024,0.0,0.0,,,,0.16666666666666669,,,0.0,,,6.0
20415,2024,0.0,0.0,,,,,,,,,,
20457,2024,23.0,1540.0,5.5519480519480515,0.9935064935064936,0.35064935064935066,,,,,,23.0,
20503,2024,0.0,0.0,,,,,,,,,,0.0
20589,2024,38.0,3417.0,10.140474100087795,1.2906057945566287,0.6584723441615452,12.214285714285714,0.6887755102040816,1.010204081632653,1.7433673469387756,0.8302142538083576,38.0,25.0
20649,2024,35.0,2929.0,8.111983612154319,0.6759986343461932,1.0447251621713896,9.972100438421682,1.00438421681945,1.3630928656835393,1.1673973694699082,0.8134679009950114,35.0,34.0
20665,2024,37.0,1706.0,11.869871043376317,2.0574443141852288,1.6354044548651816,13.443983402489627,1.5871369294605808,0.9336099585062241,1.7697095435684647,0.8829132473622507,37.0,22.0
20995,2024,35.0,3118.0,7.562540089801154,1.962796664528544,0.981398332264272,,,,,,35.0,
21090,2024,10.0,828.0,5.108695652173913,0.8695652173913043,1.1956521739130435,5.911330049261084,1.3300492610837438,1.2807881773399015,0.45320197044334976,0.8642210144927537,10.0,27.0
21138,2024,37.0,3129.0,11.735378715244487,2.5599232981783318,0.862895493767977,14.315565031982942,2.724946695095949,0.9594882729211087,1.3343283582089551,0.819763571261493,37.0,33.0
21138,2024,37.0,3128.0,11.739130434782608,2.5607416879795397,0.8631713554987213,14.315565031982942,2.724946695095949,0.9594882729211087,1.3339019189765458,0.8200256440144539,37.0,33.0
21694,2024,0.0,0.0,,,,6.5357719203873055,1.2587412587412588,0.48413125336202256,0.0,,,21.0
21998,2024,7.0,488.0,8.852459016393443,1.6598360655737705,0.5532786885245902,7.151162790697675,1.1511627906976745,0.5930232558139534,0.18914728682170542,1.2379048380647741,7.0,31.0
21998,2024,6.0,365.0,11.835616438356164,2.219178082191781,0.7397260273972602,7.151162790697675,1.1511627906976745,0.5930232558139534,0.14147286821705427,1.6550618108920814,6.0,31.0
22090,2024,35.0,3042.0,6.982248520710059,1.8047337278106508,0.8284023668639053,6.131578947368421,1.0789473684210527,0.5789473684210527,0.8894736842105263,1.138735810244559,35.0,38.0
22094,2024,15.0,1176.0,8.877551020408163,0.9948979591836735,1.8367346938775508,,,,,,15.0,0.0
22149,2024,18.0,597.0,12.814070351758794,4.221105527638191,2.412060301507538,11.562799616490892,3.624161073825503,1.8983700862895494,0.5723873441994247,1.1082152053801344,18.0,24.0
22166,2024,,,,,,,,,,,,0.0
22224,2024,28.0,2366.0,6.2383770076077765,0.9509721048182587,0.7227387996618766,7.8942181340341655,1.419185282522996,1.0348226018396847,0.7772667542706965,0.7902463425367487,28.0,36.0
22233,2024,31.0,2171.0,7.9180101335789965,1.5338553661906955,0.9949332105020728,,,,,,31.0,
24882,2024,,,,,,8.134945894334818,1.5467854869509867,1.3176320814767664,,,,20.0
24882,2024,19.0,1262.0,7.77337559429477,1.1410459587955626,1.7115689381933439,8.134945894334818,1.5467854869509867,1.3176320814767664,0.8033099936346276,0.9555534474676906,19.0,20.0
24888,2024,21.0,650.0,8.446153846153846,0.8307692307692308,0.8307692307692308,10.291764705882352,0.8470588235294116,1.3129411764705883,0.3058823529411765,0.8206710984488763,21.000000000000004,29.0
25004,2024,38.0,1099.0,0.4913557779799818,,0.0818926296633303,0.2848101265822785,,,1.7389240506329113,1.7252047315741583,38.0,38.0
25061,2024,12.0,329.0,7.386018237082067,1.9148936170212765,0.8206686930091185,,,,,,12.0,
25073,2024,32.0,2287.0,5.627459554000874,1.4954088325317008,0.9444687363358112,6.828394659719961,1.846304135460762,0.7912732009117552,0.7447085639856724,0.8241262894771905,32.0,38.0
25287,2024,10.0,842.0,7.802850356294536,0.7482185273159145,0.9619952494061756,,,,,,10.0,
25391,2024,18.0,785.0,15.70700636942675,0.45859872611464964,2.4076433121019107,,,,,,18.0,
25916,2024,,,,,,5.406143344709897,2.580204778156997,0.6757679180887372,,,,33.0
25927,2024,37.0,2658.0,11.613995485327314,0.6094808126410836,0.9142212189616252,13.397548161120842,0.8669001751313485,1.3791593695271454,1.1637478108581436,0.8668746957022085,37.0,35.0
26232,2024,37.0,3276.0,0.4945054945054945,0.10989010989010989,,0.7123287671232877,0.027397260273972605,0.05479452054794521,0.9972602739726028,0.6942096365173288,37.0,37.0
26305,2024,0.0,0.0,,,,,,,,,,
26475,2024,0.0,0.0,,,,,,,,,,0.0
30407,2024,34.0,2829.0,9.384941675503713,2.513255567338282,1.3997879109225875,11.388778352566653,2.90091524074811,1.468364504576204,1.1257461201750896,0.8240516572516013,34.0,31.0
30410,2024,6.0,104.0,15.576923076923077,0.8653846153846154,2.5961538461538463,,,,,,6.0,
30427,2024,19.0,1122.0,8.262032085561497,2.0053475935828877,1.2834224598930482,,,,,,19.0,
30435,2024,32.0,2390.0,13.820083682008368,1.6192468619246863,1.8075313807531381,12.75027105168052,2.016624503071919,1.7564148897723164,0.8637513552584026,1.0839050892323456,32.0,36.0
30476,2024,,,,,,,,,,,,
30765,2024,,,,,,,,,,,,13.0
30776,2024,18.0,1421.0,9.310344827586206,2.2800844475721322,0.8866995073891626,8.635875402792696,2.1267454350161117,0.9989258861439312,0.5087719298245614,1.0781008749356664,18.0,33.0
31057,2024,0.0,0.0,,,,24.705882352941178,1.7647058823529411,,0.0,,,10.0
31146,2024,36.0,2631.0,8.346636259977195,1.7445838084378564,1.2656784492588369,7.380410022779043,1.4350797266514808,1.8451025056947608,5.993166287015946,1.1309176907808607,36.0,9.0
31354,2024,26.0,2160.0,0.5,,,0.8157894736842105,,,0.631578947368421,0.6129032258064516,26.0,38.0
32887,2024,35.0,1564.0,5.927109974424552,1.7838874680306906,0.8631713554987213,,,,,,35.0,
36922,2024,31.0,2588.0,9.041731066460589,1.3562596599690881,0.7998454404945905,,,,,,31.0,
36922,2024,0.0,0.0,,,,,,,,,,
37127,2024,30.0,2331.0,7.181467181467181,0.7335907335907337,0.4633204633204633,8.727448453608247,1.4207474226804124,0.8698453608247423,0.7509664948453608,0.8228598793382846,30.0,35.0
37145,2024,3.0,101.0,9.801980198019802,1.7821782178217822,2.673267326732673,,,,,,3.0,0.0
37161,2024,12.0,229.0,18.864628820960696,2.7510917030567685,1.5720524017467248,18.208092485549134,2.991329479768786,1.4306358381502888,0.3309248554913295,1.03605739238927,12.0,20.0
37276,2024,,,,,,,,,,,,
37724,2024,19.0,779.0,12.824133504492941,1.5019255455712452,1.0397946084724006,,,,,,19.0,
38695,2024,34.0,2961.0,7.90273556231003,1.3677811550151977,0.7598784194528876,7.832699619771863,1.7870722433460078,0.532319391634981,1.2509505703422052,1.0089414819842417,34.0,28.0
38734,2024,10.0,418.0,11.196172248803828,2.583732057416268,1.076555023923445,5.913357400722022,1.2996389891696751,0.5848375451263538,0.30180505415162456,1.89336978810663,10.0,17.0
38746,2024,30.0,2423.0,8.914568716467189,2.1543541064795706,1.1514651258770119,11.408450704225352,2.535211267605634,3.8028169014084505,34.12676056338028,0.7814004677397165,30.0,2.0
40165,2024,0.0,0.0,,,,,,,,,,
40911,2024,4.0,7.0,51.42857142857142,12.857142857142856,,9.705882352941178,2.7941176470588234,1.1764705882352942,0.011437908496732025,5.298701298701298,4.0,17.0
41104,2024,0.0,0.0,,,,14.130033247137051,5.053564831917251,1.7288511267085334,0.0,,,33.0
41577,2024,,,,,,7.912087912087912,2.175824175824176,1.5824175824175823,,,,8.0
41577,2024,,,,,,7.912087912087912,2.175824175824176,1.5824175824175823,,,,8.0
41606,2024,31.0,2616.0,8.01605504587156,2.0986238532110093,0.8256880733944955,7.3542116630669545,1.42548596112311,1.2311015118790496,0.9416846652267818,1.089995150143475,31.0,35.0
41621,2024,35.0,1682.0,9.845422116527942,1.8727705112960762,1.605231866825208,46.0,5.0,4.0,9.344444444444445,0.2140309155766944,35.0,2.0
41725,2024,0.0,0.0,,,,10.515463917525773,0.9278350515463918,2.4742268041237114,0.0,,,11.0
44803,2024,,,,,,,,,,,,
44871,2024,0.0,0.0,,,,8.375,2.0,1.25,0.0,,,9.0
44912,2024,0.0,0.0,,,,,,,,,,0.0
44994,2024,,,,,,,,,,,,
45078,2024,12.0,385.0,17.532467532467532,1.4025974025974026,1.6363636363636362,,,,,,12.0,
46731,2024,30.0,2402.0,10.07910074937552,2.435470441298918,1.3488759367194005,9.462279293739968,1.8780096308186196,1.5890850722311396,1.92776886035313,1.0651874074403647,30.0,19.0
46815,2024,28.0,2020.0,4.99009900990099,0.9356435643564357,0.3564356435643564,5.663824604141292,1.0596833130328869,0.6577344701583434,0.8201380430369468,0.8810475886298307,28.0,34.0
47311,2024,28.0,1581.0,16.280834914611006,2.618595825426945,2.333965844402277,,,,,,28.0,
47380,2024,36.0,2990.0,8.367892976588628,2.016722408026756,1.1137123745819397,10.336134453781511,3.1260504201680672,1.1596638655462184,1.6750700280112045,0.8095766375723958,36.0,21.0
47421,2024,0.0,0.0,,,,,,,,,,
47438,2024,24.0,853.0,7.807737397420867,1.4771395076201643,0.7385697538100822,9.891891891891891,2.1891891891891895,1.135135135135135,0.38423423423423425,0.7893067860780658,24.0,32.0
47499,2024,17.0,345.0,23.217391304347824,0.2608695652173913,1.565217391304348,16.363636363636363,1.487603305785124,2.479338842975207,0.9504132231404959,1.4188405797101449,17.0,16.0
47519,2024,33.0,2609.0,8.555001916443082,2.2767343809888847,0.8623993867382138,8.845780795344327,2.6479146459747818,1.0766246362754608,0.8435176204332363,0.9671279578785983,33.0,35.0
47522,2024,,,,,,8.661338661338661,1.7382617382617385,1.5284715284715285,,,,35.0
47547,2024,15.0,959.0,9.478623566214807,2.346193952033368,1.1261730969760166,8.929961089494164,1.575875486381323,0.9630350194552529,0.9328793774319066,1.0614406346480199,15.0,21.0
47547,2024,0.0,0.0,,,,8.929961089494164,1.575875486381323,0.9630350194552529,0.0,,,21.0
48119,2024,0.0,0.0,,,,,,,,,,
50132,2024,4.0,360.0,1.0,,,,,,,,4.0,0.0
50999,2024,0.0,0.0,,,,0.411764705882353,,,0.0,,,17.0
50999,2024,0.0,0.0,,,,0.411764705882353,,,0.0,,,17.0
51051,2024,19.0,516.0,7.151162790697675,1.744186046511628,1.2209302325581395,,,,,,19.0,
51494,2024,32.0,1796.0,13.880846325167038,3.858574610244989,2.05456570155902,,,,,,32.0,
51617,2024,30.0,1119.0,13.431635388739947,1.6890080428954422,2.171581769436997,10.024425989252565,0.9672691744015632,1.2310698583292623,0.5466536394723986,1.3398907232334634,30.0,36.0
59258,2024,0.0,0.0,,,,,,,,,,
61431,2024,37.0,1132.0,5.644876325088339,1.7491166077738516,0.7950530035335689,6.395468589083419,1.8537590113285274,0.9268795056642637,1.1658084449021626,0.8826368617811237,37.0,38.0
61742,2024,2.0,144.0,0.625,,,,,,,,2.0,0.0
63577,2024,12.0,158.0,14.81012658227848,1.139240506329114,1.139240506329114,11.576292559899116,1.1916771752837327,1.248423707440101,0.09962168978562422,1.2793497145693722,12.0,35.0
64167,2024,,,,,,,,,,,,
64304,2024,,,,,,,,,,,,0.0
67943,2024,34.0,922.0,6.637744034707158,2.1475054229934925,1.0737527114967462,,,,,,34.0,
67971,2024,34.0,3060.0,8.382352941176471,1.823529411764706,0.7058823529411764,6.632047477744806,1.2462908011869436,0.6231454005934718,1.513353115727003,1.2639163047769446,34.0,25.0
67972,2024,0.0,0.0,,,,12.107108702582085,2.4386356391456805,2.381255977048135,0.0,,,37.0
68466,2024,10.0,160.0,13.5,3.9374999999999996,3.375,,,,,,10.0,
70078,2024,0.0,0.0,,,,21.81818181818182,2.7272727272727275,2.1818181818181817,0.0,,,9.0
70100,2024,32.0,1406.0,11.58605974395448,0.8961593172119487,0.5761024182076814,,,,,,32.0,
70747,2024,13.0,878.0,5.125284738041002,,0.30751708428246016,11.557894736842105,1.1368421052631579,1.1368421052631579,1.848421052631579,0.4434444900855148,13.0,12.0
70747,2024,12.0,286.0,15.734265734265733,,0.9440559440559441,11.557894736842105,1.1368421052631579,1.1368421052631579,0.6021052631578947,1.3613435744583284,12.0,12.0
81573,2024,16.0,1190.0,9.983193277310924,0.9831932773109243,1.134453781512605,,,,,,16.0,
82097,2024,13.0,1170.0,0.6923076923076923,,0.07692307692307693,,,,,,13.0,
82855,2024,1.0,0.0,,,,,,,,,1.0,0.0
82855,2024,3.0,1.0,,,,,,,,,3.0,0.0
83029,2024,0.0,0.0,,,,,,,,,,
84082,2024,0.0,0.0,,,,42.5,2.5,5.0,0.0,,,5.0
84088,2024,0.0,0.0,,,,,,,,,,0.0
90590,2024,28.0,1672.0,16.632775119617225,2.099282296650718,1.8301435406698563,,,,,,28.0,
92993,2024,28.0,1045.0,16.019138755980862,4.9952153110047846,1.9808612440191387,,,,,,28.0,
94360,2024,,,,,,,,,,,,
105971,2024,0.0,0.0,,,,,,,,,,
106725,2024,38.0,3102.0,8.384912959381044,1.4216634429400388,0.5222437137330754,10.0625,1.0625,0.5625,2.154166666666667,0.8332832754664391,38.0,30.0
106835,2024,36.0,2610.0,11.655172413793103,1.5517241379310345,1.379310344827586,11.090909090909092,0.7878787878787878,0.8484848484848484,1.7575757575757576,1.0508762012436403,36.0,19.0
116117,2024,38.0,3356.0,10.753873659117998,3.0572109654350417,1.8772348033373065,10.929018789144049,2.849686847599165,1.5657620041753655,1.1677105080027836,0.9839743042440346,38.0,35.0
118307,2024,0.0,0.0,,,,0.2719033232628399,,,0.0,,,23.0
125743,2024,30.0,1529.0,20.601700457815568,0.8240680183126226,1.9424460431654678,20.961538461538463,1.3461538461538463,2.019230769230769,1.6335470085470085,0.9828334163361554,30.0,30.0
126690,2024,,,,,,,,,,,,
126791,2024,25.0,697.0,11.87948350071736,1.1621233859397417,0.5164992826398852,,,,,,25.0,
126949,2024,29.0,1925.0,8.36883116883117,2.1974025974025975,0.5142857142857142,7.939914163090128,1.9742489270386265,0.5150214592274678,0.9179780639008107,1.0540203580203582,29.0,35.0
127472,2024,0.0,0.0,,,,,,,,,,0.0
127579,2024,27.0,2205.0,9.020408163265307,1.6326530612244898,0.653061224489796,,,,,,27.0,
127605,2024,,,,,,,,,,,,0.0
127769,2024,33.0,2298.0,10.221932114882506,0.9007832898172324,0.6266318537859008,12.331197634302614,1.330704780680138,1.020206998521439,1.1325776244455397,0.8289488513627739,33.0,35.0
128338,2024,4.0,107.0,10.934579439252337,5.046728971962617,1.6822429906542056,,,,,,4.0,
129033,2024,38.0,3279.0,7.383348581884721,1.6193961573650504,0.43915827996340345,8.621134020618557,2.1262886597938144,0.7731958762886598,1.4085051546391754,0.8564242899166731,38.0,35.0
129058,2024,36.0,3240.0,0.5,,,0.5238095238095238,0.04761904761904762,0.04761904761904762,1.7142857142857142,0.9545454545454545,36.0,38.0
129643,2024,8.0,150.0,19.200000000000003,2.4000000000000004,1.8,9.46685878962536,0.9077809798270894,1.5561959654178676,0.10806916426512968,2.0281278538812786,8.0,28.0
129643,2024,15.0,261.0,11.034482758620689,1.379310344827586,1.0344827586206897,9.46685878962536,0.9077809798270894,1.5561959654178676,0.18804034582132564,1.1655907206214242,15.0,28.0
129705,2024,,,,,,,,,,,,
129711,2024,33.0,2178.0,7.975206611570248,1.6115702479338843,1.115702479338843,1.0329985652797704,0.17216642754662842,0.043041606886657105,1.0416068866571018,7.720443067033976,33.0,32.0
129712,2024,,,,,,,,,,,,0.0
129712,2024,0.0,0.0,,,,,,,,,,0.0
129791,2024,0.0,0.0,,,,13.10344827586207,2.413793103448276,2.758620689655172,0.0,,,8.0
130416,2024,0.0,0.0,,,,,,,,,,0.0
130421,2024,18.0,682.0,9.36950146627566,2.6392961876832848,1.4516129032258065,,,,,,18.0,
130423,2024,2.0,97.0,10.206185567010309,2.783505154639175,1.8556701030927836,6.903529411764707,1.1011764705882354,0.931764705882353,0.04564705882352941,1.478401113149073,2.0,31.0
135068,2024,16.0,1411.0,7.016300496102055,1.9135364989369241,0.44649184975194894,,,,,,16.0,
135334,2024,37.0,1716.0,7.70979020979021,2.1503496503496504,1.3636363636363638,8.560975609756097,1.4268292682926829,1.0975609756097562,2.0926829268292684,0.9005737851891699,37.0,30.0
135525,2024,,,,,,,,,,,,
135775,2024,,,,,,11.896551724137932,0.8620689655172413,1.0344827586206897,,,,24.0
136723,2024,32.0,2049.0,10.453879941434847,1.0980966325036603,0.9663250366032211,14.587677725118484,1.4502369668246446,0.6824644549763034,1.9421800947867298,0.7166239985843901,32.0,23.0
137220,2024,0.0,0.0,,,,,,,,,,0.0
137302,2024,35.0,1430.0,9.314685314685315,0.8181818181818181,1.006993006993007,0.04901960784313726,,0.04901960784313726,0.7788671023965141,190.0195804195804,35.0,29.0
137302,2024,0.0,0.0,,,,0.04901960784313726,,0.04901960784313726,0.0,,,29.0
138417,2024,10.0,343.0,12.06997084548105,2.8862973760932946,1.5743440233236152,10.75301204819277,3.072289156626506,1.6265060240963856,0.34437751004016065,1.1224734791875934,10.0,20.0
138777,2024,0.0,0.0,,,,,,,,,,
138780,2024,38.0,2599.0,10.9772989611389,3.116583301269719,0.8310888803385917,13.783783783783782,3.72972972972973,1.2432432432432432,1.560960960960961,0.7963922775728222,38.0,31.0
138787,2024,34.0,2444.0,10.56873977086743,1.1783960720130933,0.7364975450081833,11.700000000000001,1.706896551724138,1.1793103448275863,0.8427586206896551,0.9033110915271306,34.0,35.0
138806,2024,,,,,,,,,,,,0.0
138815,2024,15.0,861.0,10.871080139372824,1.7770034843205575,1.5679442508710801,8.576122672508214,2.0700985761226725,1.0843373493975905,0.9430449069003286,1.2675984887927698,15.0,19.0
138816,2024,37.0,1164.0,9.742268041237114,2.2422680412371134,0.8505154639175257,14.472361809045227,1.3567839195979898,2.261306532663317,5.849246231155779,0.6731636597938144,37.0,12.0
138822,2024,,,,,,84.44444444444444,3.333333333333333,4.444444444444445,,,,8.0
138822,2024,10.0,331.0,21.75226586102719,0.8157099697885197,1.6314199395770395,84.44444444444444,3.333333333333333,4.444444444444445,4.08641975308642,0.2575926220384799,10.0,8.0
138822,2024,0.0,0.0,,,,84.44444444444444,3.333333333333333,4.444444444444445,0.0,,,8.0
138832,2024,,,,,,,,,,,,
138836,2024,7.0,377.0,7.639257294429708,1.193633952254642,1.193633952254642,,,,,,7.0,
138844,2024,0.0,0.0,,,,,,,,,,
138906,2024,0.0,0.0,,,,50.0,10.0,20.0,0.0,,,4.0
138908,2024,,,,,,14.794520547945204,2.1135029354207435,1.8493150684931505,,,,21.0
138908,2024,37.0,2742.0,15.164113785557987,2.9868708971553612,1.575492341356674,14.794520547945204,2.1135029354207435,1.8493150684931505,2.6829745596868886,1.024981765134938,37.0,21.0
138929,2024,,,,,,,,,,,,
138931,2024,10.0,474.0,9.683544303797468,2.088607594936709,2.278481012658228,,,,158.0,,10.0,1.0
138931,2024,11.0,325.0,14.123076923076923,3.046153846153846,3.3230769230769233,,,,108.33333333333333,,11.0,1.0
138935,2024,0.0,0.0,,,,13.378378378378379,2.4324324324324325,1.2162162162162162,0.0,,,9.0
138937,2024,,,,,,,,,,,,0.0
140947,2024,0.0,0.0,,,,,,,,,,
141901,2024,31.0,891.0,18.585858585858585,2.7272727272727275,2.4242424242424243,,,,,,31.0,
144709,2024,,,,,,,,,,,,0.0
144723,2024,,,,,,,,,,,,0.0
144725,2024,0.0,0.0,,,,,,,,,,
144729,2024,,,,,,,,,,,,0.0
144729,2024,34.0,2828.0,6.778642149929279,0.8910891089108911,1.113861386138614,,,,,,34.0,0.0
144732,2024,33.0,521.0,8.119001919385797,1.9001919385796544,0.8637236084452974,,,,,,33.0,
144733,2024,,,,,,,,,,,,0.0
144741,2024,,,,,,,,,,,,
144741,2024,,,,,,,,,,,,
147832,2024,,,,,,,,,,,,
147835,2024,0.0,0.0,,,,4.5,1.1538461538461537,0.6923076923076923,0.0,,,11.0
148099,2024,,,,,,,,,,,,
148099,2024,13.0,256.0,9.4921875,2.8125,1.40625,,,,,,13.0,
148270,2024,0.0,0.0,,,,,,,,,,0.0
149551,2024,,,,,,,,,,,,
149564,2024,0.0,0.0,,,,,,,,,,0.0
151756,2024,0.0,0.0,,,,,,,,,,
152418,2024,0.0,0.0,,,,17.83783783783784,3.5135135135135136,2.4324324324324325,0.0,,,20.0
152654,2024,,,,,,,,,,,,
152849,2024,19.0,1018.0,7.691552062868369,0.8840864440078585,0.8840864440078585,7.801024765157985,1.883005977796755,0.4995730145175064,0.43467122117847995,0.985966881841145,19.0,28.0
152856,2024,32.0,2335.0,9.713062098501071,0.6167023554603854,1.4261241970021414,,,,,,32.0,
152953,2024,35.0,3150.0,7.857142857142857,1.342857142857143,1.2857142857142856,8.754863813229573,2.4013340744858254,1.2506948304613674,1.7509727626459144,0.8974603174603173,35.0,23.0
152955,2024,0.0,0.0,,,,,,,,,,0.0
152967,2024,37.0,3074.0,6.7631750162654525,1.5810019518542615,0.7612231620039037,6.182608695652174,1.9173913043478261,0.5869565217391304,1.3365217391304347,1.0939031320260577,37.0,33.0
152969,2024,14.0,1113.0,8.975741239892184,2.5067385444743935,1.293800539083558,8.608695652173914,1.9565217391304348,0.9782608695652174,1.2097826086956522,1.0426366086743444,14.0,12.0
152970,2024,10.0,900.0,0.8,0.2,,,,,,,10.0,
152976,2024,,,,,,,,,,,,
152979,2024,0.0,0.0,,,,,,,,,,
152982,2024,37.0,3199.0,7.5398562050640825,0.9565489215379807,0.4220068771491091,7.872421695951108,0.7906799083269672,0.7906799083269672,1.2219251336898396,0.9577556305122642,37.0,33.0
153066,2024,19.0,444.0,12.77027027027027,2.635135135135135,1.0135135135135134,,,,,,19.0,
153066,2024,0.0,0.0,,,,,,,,,,
153407,2024,1.0,6.0,,,,,,,,,1.0,
153420,2024,,,,,,,,,,,,0.0
153422,2024,,,,,,,,,,,,0.0
153425,2024,,,,,,21.08108108108108,3.6486486486486487,1.2162162162162162,,,,12.0
153425,2024,,,,,,21.08108108108108,3.6486486486486487,1.2162162162162162,,,,12.0
153430,2024,38.0,2511.0,9.175627240143369,0.7168458781362006,0.3225806451612903,8.618988902589395,1.220715166461159,0.33292231812577067,1.0320591861898891,1.0645827885202106,38.0,36.0
153430,2024,38.0,2508.0,9.186602870813397,0.7177033492822966,0.3229665071770335,8.618988902589395,1.220715166461159,0.33292231812577067,1.030826140567201,1.0658562129083928,38.0,36.0
153434,2024,,,,,,,,,,,,
156428,2024,1.0,90.0,4.0,,,,,,,,1.0,0.0
157052,2024,22.0,984.0,10.335365853658537,2.4695121951219514,1.4634146341463417,,,,,,22.0,
157912,2024,1.0,0.0,,,,14.198757763975156,3.9130434782608696,2.571428571428571,0.0,,1.0,24.0
157997,2024,26.0,1901.0,11.504471330878484,1.7990531299316148,0.9942135718043135,15.116279069767442,2.325581395348837,1.1627906976744184,4.912144702842378,0.761065026504269,26.0,9.0
158378,2024,0.0,0.0,,,,,,,,,,
158693,2024,0.0,0.0,,,,38.57142857142857,25.71428571428571,,0.0,,,1.0
158694,2024,37.0,2842.0,8.58198451794511,1.710063335679099,0.1900070372976777,8.78048780487805,1.5777439024390245,0.20579268292682926,2.1661585365853657,0.9773926812104151,37.0,33.0
158696,2024,,,,,,,,,,,,
158697,2024,15.0,340.0,8.205882352941176,1.0588235294117647,1.588235294117647,,,,0.1863013698630137,,15.0,30.0
158698,2024,13.0,487.0,8.685831622176591,2.217659137577002,1.6632443531827514,9.007569386038687,1.8923465096719934,0.7569386038687973,0.4095878889823381,0.9642814004451884,13.0,17.0
158702,2024,0.0,0.0,,,,,,,,,,
158710,2024,30.0,2490.0,9.397590361445783,3.1445783132530125,0.6867469879518072,,,,,,30.0,
159420,2024,1.0,12.0,,,,,,,,,1.0,
161663,2024,11.0,19.0,23.684210526315788,,,,,,,,11.0,
161671,2024,36.0,3112.0,6.53598971722365,1.5038560411311053,0.5784061696658098,7.621621621621621,1.5945945945945945,0.6486486486486487,0.9345345345345345,0.8575589345293442,36.0,37.0
161907,2024,32.0,1855.0,7.9568733153638815,2.183288409703504,0.9703504043126685,10.210946408209805,2.8221208665906503,1.12884834663626,1.057582668187001,0.7792493464627721,32.0,27.0
161921,2024,,,,,,16.434782608695652,2.739130434782609,1.1739130434782608,,,,13.0
161933,2024,14.0,763.0,9.672346002621232,1.8872870249017037,1.5334207077326345,,,,,,14.0,
161948,2024,,,,,,,,,,,,
161948,2024,37.0,2612.0,14.264931087289431,0.3790199081163859,2.4808575803981623,,,,,,37.0,
162075,2024,8.0,111.0,14.594594594594595,1.6216216216216217,1.6216216216216217,,,,,,8.0,
162148,2024,,,,,,,,,,,,
162150,2024,,,,,,,,,,,,
162168,2024,,,,,,,,,,,,
162173,2024,0.0,0.0,,,,,,,,,,
162498,2024,16.0,1253.0,6.392657621707902,0.7182761372705506,0.4309656823623304,7.004716981132075,1.0613207547169812,1.2735849056603774,2.955188679245283,0.9126218288229463,16.0,9.0
162552,2024,0.0,0.0,,,,45.0,5.0,5.0,0.0,,,4.0
162590,2024,0.0,0.0,,,,,,,,,,
162687,2024,12.0,11.0,,,,,,,,,12.0,
162714,2024,0.0,0.0,,,,11.75598086124402,3.0574162679425836,1.5933014354066986,0.0,,,31.0
162714,2024,28.0,1631.0,11.532801961986513,3.0349478847332922,1.765787860208461,11.75598086124402,3.0574162679425836,1.5933014354066986,0.7803827751196172,0.981015714308173,28.0,31.0
162904,2024,0.0,0.0,,,,,,,,,,
163054,2024,0.0,0.0,,,,,,,,,,0.0
163068,2024,,,,,,,,,,,,
167656,2024,0.0,0.0,,,,,,,,,,0.0
167657,2024,0.0,0.0,,,,,,,,,,1.0
167663,2024,0.0,0.0,,,,,,,,,,0.0
169291,2024,0.0,0.0,,,,,,,,,,0.0
169295,2024,0.0,0.0,,,,,,,,,,0.0
171035,2024,0.0,0.0,,,,15.539568345323742,4.532374100719425,2.589928057553957,0.0,,,8.0
171058,2024,0.0,0.0,,,,,,,,,,0.0
178077,2024,38.0,2300.0,15.495652173913044,1.5260869565217392,0.8217391304347826,19.636363636363637,0.8181818181818181,2.7272727272727275,6.96969696969697,0.7891304347826087,38.0,11.0
180308,2024,0.0,0.0,,,,99.00000000000001,,18.0,0.0,,,3.0
180316,2024,0.0,0.0,,,,,,,,,,
180317,2024,19.0,748.0,11.550802139037435,1.6844919786096255,1.4438502673796794,14.19185282522996,3.902759526938239,0.9461235216819974,0.9829172141918529,0.8139037433155082,19.0,11.0
180560,2024,0.0,0.0,,,,20.232558139534884,2.0930232558139537,3.488372093023256,0.0,,,5.0
180866,2024,0.0,0.0,,,,,,,,,,0.0
180919,2024,10.0,482.0,11.763485477178424,3.921161825726141,1.120331950207469,,,,,,10.0,
181796,2024,,,,,,,,,,,,0.0
181797,2024,0.0,0.0,,,,,,,,,,0.0
182201,2024,38.0,3102.0,7.601547388781431,2.611218568665377,0.6673114119922631,7.5187032418952615,2.973815461346634,0.6172069825436408,0.9669576059850374,1.0110184089225054,38.0,37.0
190686,2024,0.0,0.0,,,,,,,,,,
191337,2024,0.0,0.0,,,,,,,,,,0.0
191971,2024,1.0,0.0,,,,,,,,,1.0,0.0
195103,2024,36.0,2987.0,13.287579511215265,3.5252761968530297,2.1091396049548043,14.240719910011247,4.319460067491564,2.2272215973003373,1.1199850018747657,0.9330693669407877,36.0,35.0
195106,2024,31.0,950.0,20.936842105263157,0.9473684210526315,1.0421052631578949,17.19924812030075,0.39473684210526316,1.4097744360902256,0.5952380952380952,1.217311475409836,31.0,26.0
195717,2024,5.0,442.0,9.570135746606335,2.239819004524887,1.2217194570135748,,,,,,5.0,0.0
195962,2024,1.0,6.0,15.0,,15.0,,,,,,1.0,0.0
195993,2024,15.0,761.0,11.235216819973719,1.3009198423127464,1.5374507227332457,,,,,,15.0,
195993,2024,1.0,9.0,950.0,110.00000000000001,130.0,,,,,,1.0,
196156,2024,8.0,174.0,16.03448275862069,2.586206896551724,1.5517241379310345,,,,,,8.0,
196298,2024,32.0,327.0,14.036697247706423,1.3761467889908257,1.651376146788991,,,,,,32.0,
196855,2024,0.0,0.0,,,,15.294117647058824,1.7647058823529411,2.3529411764705883,0.0,,,3.0
196856,2024,0.0,0.0,,,,,,,,,,0.0
197448,2024,,,,,,,,,,,,
197542,2024,0.0,0.0,,,,,,,,,,
199837,2024,26.0,1405.0,13.9644128113879,1.409252669039146,1.409252669039146,,,,,,26.0,
200233,2024,,,,,,,,,,,,0.0
201368,2024,0.0,0.0,,,,,,,,,,
202086,2024,1.0,8.0,,,,,,,,,1.0,0.0
204033,2024,0.0,0.0,,,,,,,,,,0.0
204039,2024,25.0,1933.0,10.615623383341957,3.4919813760993272,1.3502327987584066,11.296914095079234,2.5521267723102588,1.9140950792326938,0.8060884070058382,0.939692317211296,25.0,28.0
206254,2024,38.0,3342.0,7.648114901256733,1.400359066427289,0.8078994614003591,8.441754916792739,2.1331316187594553,1.13464447806354,1.6853252647503782,0.9059863709194803,38.0,31.0
206404,2024,,,,,,,,,,,,0.0
215874,2024,0.0,0.0,,,,,,,,,,1.0
216809,2024,0.0,0.0,,,,,,,,,,0.0
237129,2024,36.0,1915.0,12.078328981723237,2.3028720626631856,1.597911227154047,8.848920863309353,1.4676258992805755,1.381294964028777,0.9184652278177458,1.364949372731325,36.0,34.0
263177,2024,4.0,143.0,13.846153846153847,2.5174825174825175,,,,,,,4.0,
263538,2024,31.0,1441.0,10.555170020818876,3.060374739764053,1.1866759195003471,12.818991097922849,2.2700296735905043,1.6023738872403561,2.1379821958456975,0.8234009946796206,31.0,27.0
265733,2024,,,,,,,,,,,,
265784,2024,35.0,2495.0,8.801603206412826,3.318637274549098,1.2985971943887775,,,,,,35.0,
265820,2024,34.0,1969.0,11.107160995429151,2.696800406297613,1.691213814118842,,,,,,34.0,0.0
265826,2024,6.0,540.0,0.8333333333333333,0.5,,,,,,,6.0,
266657,2024,36.0,1770.0,10.627118644067798,1.1694915254237288,0.864406779661017,,,,,,36.0,
270139,2024,20.0,1569.0,7.858508604206501,1.4913957934990438,0.7456978967495219,,,,,,20.0,0.0
270357,2024,0.0,0.0,,,,,,,,,,0.0
270507,2024,0.0,0.0,,,,41.64179104477612,6.716417910447761,5.3731343283582085,0.0,,,11.0
270508,2024,26.0,1663.0,10.228502705953098,2.5977149729404694,1.677690920024053,13.16326530612245,4.285714285714286,1.2244897959183674,5.656462585034014,0.7770490427778322,26.0,12.0
270508,2024,0.0,0.0,,,,13.16326530612245,4.285714285714286,1.2244897959183674,0.0,,,12.0
270510,2024,13.0,913.0,12.420591456736036,1.5772179627601315,1.380065717415115,,,,,,13.0,
273757,2024,0.0,0.0,,,,,,,,,,0.0
273758,2024,0.0,0.0,,,,,,,,,,0.0
274550,2024,0.0,0.0,,,,,,,,,,
275170,2024,8.0,275.0,7.2,2.618181818181818,0.6545454545454545,7.262103505843072,1.7529215358931554,0.6510851419031719,0.1530328324986088,0.991448275862069,8.0,29.0
276263,2024,,,,,,,,,,,,
277191,2024,0.0,0.0,,,,,,,,,,
278041,2024,0.0,0.0,,,,,,,,,,0.0
278074,2024,0.0,0.0,,,,,,,,,,
278085,2024,2.0,63.0,14.285714285714285,4.285714285714286,2.8571428571428568,,,,,,2.0,
278088,2024,0.0,0.0,,,,,,,,,,
278115,2024,0.0,0.0,,,,,,,,,,
278116,2024,,,,,,,,,,,,
278118,2024,0.0,0.0,,,,,,,,,,
278123,2024,,,,,,,,,,,,0.0
278128,2024,0.0,0.0,,,,,,,,,,
278129,2024,,,,,,,,,,,,
278133,2024,3.0,13.0,20.76923076923077,,,12.061855670103093,2.1649484536082477,0.6185567010309279,0.044673539518900345,1.7218934911242605,3.0,14.0
278370,2024,17.0,512.0,13.53515625,3.69140625,1.40625,,,,,,17.0,
278898,2024,6.0,90.0,12.999999999999998,5.0,1.0,,,,,,6.0,
280672,2024,0.0,0.0,,,,,,,,,,0.0
280683,2024,,,,,,,,,,,,
280687,2024,0.0,0.0,,,,11.58904109589041,2.589041095890411,0.863013698630137,0.0,,,22.0
281975,2024,,,,,,,,,,,,0.0
282125,2024,16.0,803.0,10.87173100871731,2.4657534246575343,1.7932752179327522,8.4375,2.8125,2.8125,25.09375,1.2885014528850145,16.0,1.0
282126,2024,27.0,241.0,12.323651452282158,2.987551867219917,0.7468879668049793,,,,,,27.0,
282133,2024,0.0,0.0,,,,,,,,,,0.0
282254,2024,0.0,0.0,,,,,,,,,,0.0
282770,2024,34.0,823.0,9.513973268529769,2.5151883353584448,0.43742405832320774,,,,,,34.0,
283026,2024,,,,,,,,,,,,
283058,2024,31.0,2238.0,9.490616621983914,0.8847184986595175,1.4075067024128685,11.522824536376604,0.6740370898716119,0.8987161198288159,0.7981455064194009,0.8236363047986041,31.0,35.0
283265,2024,0.0,0.0,,,,,,,,,,
283272,2024,1.0,0.0,,,,,,,,,1.0,
283289,2024,,,,,,,,,,,,
283290,2024,18.0,851.0,14.17156286721504,2.2209165687426555,1.9036427732079908,,,,,,18.0,
284059,2024,0.0,0.0,,,,,,,,,,0.0
284060,2024,0.0,0.0,,,,,,,,,,0.0
284228,2024,,,,,,,,,,,,
284230,2024,36.0,1897.0,6.784396415392726,1.423299947285187,0.5693199789140748,7.369727047146402,1.1166253101736974,0.7816377171215881,2.3535980148883375,0.9205763486206292,36.0,38.0
284231,2024,0.0,0.0,,,,,,,,,,0.0
284236,2024,0.0,0.0,,,,,,,,,,0.0
284242,2024,,,,,,7.241379310344827,2.0689655172413794,1.0344827586206897,,,,13.0
284247,2024,0.0,0.0,,,,,,,,,,
284259,2024,0.0,0.0,,,,,,,,,,0.0
284260,2024,,,,,,,,,,,,
284262,2024,0.0,0.0,,,,,,,,,,0.0
284264,2024,0.0,0.0,,,,,,,,,,
284266,2024,0.0,0.0,,,,,,,,,,1.0
284278,2024,,,,,,,,,,,,1.0
284280,2024,0.0,0.0,,,,,,,,,,
284286,2024,,,,,,,,,,,,
284287,2024,,,,,,,,,,,,
284291,2024,,,,,,,,,,,,
284305,2024,,,,,,,,,,,,
284307,2024,,,,,,,,,,,,
284322,2024,26.0,1656.0,13.152173913043478,2.5,1.467391304347826,10.582774626095926,2.181536874677669,0.6962351727694688,0.8540484785972151,1.2427907026019154,26.0,29.0
284324,2024,36.0,2196.0,10.860655737704919,1.2295081967213115,0.4918032786885246,11.101629169899146,0.7680372381691233,0.6982156710628394,0.851823118696664,0.9782938676381301,36.0,36.0
284324,2024,36.0,2195.0,10.865603644646924,1.2300683371298406,0.4920273348519362,11.101629169899146,0.7680372381691233,0.6982156710628394,0.8514352211016292,0.9787395596051632,36.0,36.0
284326,2024,0.0,0.0,,,,,,,,,,
284327,2024,0.0,0.0,,,,,,,,,,
284356,2024,0.0,0.0,,,,,,,,,,
284357,2024,0.0,0.0,,,,,,,,,,
284359,2024,0.0,0.0,,,,,,,,,,0.0
284361,2024,0.0,0.0,,,,,,,,,,0.0
284363,2024,0.0,0.0,,,,,,,,,,0.0
284366,2024,,,,,,,,,,,,0.0
284367,2024,,,,,,,,,,,,
284372,2024,,,,,,,,,,,,
284372,2024,,,,,,,,,,,,
284373,2024,0.0,0.0,,,,,,,,,,
284375,2024,0.0,0.0,,,,,,,,,,
284382,2024,0.0,0.0,,,,,,,,,,0.0
284385,2024,0.0,0.0,,,,,,,,,,0.0
284390,2024,,,,,,,,,,,,0.0
284391,2024,,,,,,,,,,,,
284400,2024,17.0,175.0,12.857142857142856,6.171428571428572,1.0285714285714285,,,,,,17.0,0.0
284403,2024,,,,,,,,,,,,
284404,2024,,,,,,,,,,,,5.0
284406,2024,0.0,0.0,,,,9.045226130653267,1.8090452261306533,1.8090452261306533,0.0,,,11.0
284409,2024,,,,,,13.2,,1.2000000000000002,,,,5.0
284409,2024,1.0,27.0,6.666666666666666,,,13.2,,1.2000000000000002,0.36,0.5050505050505051,1.0,5.0
284415,2024,0.0,0.0,,,,,,,,,,0.0
284416,2024,0.0,0.0,,,,,,,,,,0.0
284417,2024,0.0,0.0,,,,,,,,,,
284428,2024,,,,,,,,,,,,0.0
284428,2024,31.0,2594.0,12.074016962220508,1.110254433307633,1.0408635312259058,,,,,,31.0,0.0
284439,2024,,,,,,,,,,,,
284444,2024,,,,,,,,,,,,
284446,2024,0.0,0.0,,,,,,,,,,
284449,2024,0.0,0.0,,,,16.714285714285715,2.571428571428571,0.6428571428571428,0.0,,,6.0
284457,2024,8.0,476.0,11.722689075630253,2.6470588235294117,1.5126050420168067,,,,,,8.0,
284463,2024,0.0,0.0,,,,,,,,,,
284470,2024,,,,,,,,,,,,0.0
284475,2024,0.0,0.0,,,,9.72972972972973,1.2162162162162162,2.4324324324324325,0.0,,,5.0
284487,2024,0.0,0.0,,,,,,,,,,
284492,2024,,,,,,11.35135135135135,3.2432432432432434,0.5791505791505791,,,,18.0
284492,2024,27.0,2192.0,9.07390510948905,2.3813868613138687,0.3695255474452555,11.35135135135135,3.2432432432432434,0.5791505791505791,2.821106821106821,0.7993678310740354,27.0,18.0
284493,2024,,,,,,,,,,,,0.0
284493,2024,0.0,0.0,,,,,,,,,,0.0
284500,2024,,,,,,18.9171974522293,4.012738853503184,5.159235668789809,,,,9.0
284500,2024,18.0,563.0,18.22380106571936,4.635879218472469,2.3978685612788633,18.9171974522293,4.012738853503184,5.159235668789809,3.5859872611464967,0.9633457129016632,18.0,9.0
284502,2024,,,,,,,,,,,,0.0
284523,2024,0.0,0.0,,,,,,,,,,
284530,2024,0.0,0.0,,,,,,,,,,
284531,2024,,,,,,,,,,,,0.0
284532,2024,,,,,,,,,,,,0.0
284536,2024,,,,,,,,,,,,
284539,2024,0.0,0.0,,,,,,,,,,
284540,2024,,,,,,,,,,,,0.0
284549,2024,0.0,0.0,,,,,,,,,,0.0
284551,2024,0.0,0.0,,,,,,,,,,0.0
284554,2024,,,,,,,,,,,,0.0
284556,2024,0.0,0.0,,,,,,,,,,0.0
284557,2024,0.0,0.0,,,,,,,,,,
284559,2024,0.0,0.0,,,,,,,,,,
284571,2024,,,,,,,,,,,,0.0
284797,2024,32.0,2007.0,13.721973094170403,1.5695067264573992,0.7174887892376681,15.356849876948317,3.3223954060705494,1.1074651353568499,1.6464315012305168,0.8935408761641946,32.0,30.0
284797,2024,32.0,2014.0,13.674280039721946,1.5640516385302878,0.714995034756703,15.356849876948317,3.3223954060705494,1.1074651353568499,1.6521739130434783,0.8904352226720649,32.0,30.0
286458,2024,23.0,493.0,10.588235294117647,3.103448275862069,1.460446247464503,,,,,,23.0,0.0
286616,2024,6.0,540.0,0.33333333333333337,,0.16666666666666669,,,,,,6.0,
286764,2024,0.0,0.0,,,,90.0,,,0.0,,,2.0
286773,2024,,,,,,,,,,,,0.0
286774,2024,0.0,0.0,,,,,,,,,,0.0
287109,2024,0.0,0.0,,,,180.0,,90.0,0.0,,,3.0
287111,2024,,,,,,,,,,,,0.0
287868,2024,0.0,0.0,,,,,,,,,,
288006,2024,34.0,2022.0,10.72700296735905,0.13353115727002968,0.7566765578635015,9.25311203319502,0.4564315352697096,0.8298755186721992,0.9322268326417704,1.1592859709118974,34.0,30.0
288055,2024,0.0,0.0,,,,,,,,,,
288102,2024,21.0,1336.0,9.296407185628743,2.2904191616766467,0.8083832335329341,10.0,3.310344827586207,1.2413793103448276,1.0237547892720307,0.9296407185628743,21.000000000000004,16.0
288109,2024,,,,,,,,,,,,
288112,2024,0.0,0.0,,,,5.892857142857143,0.8035714285714285,1.0714285714285714,0.0,,,16.0
288116,2024,8.0,1.0,90.0,,,90.0,,,1.0,1.0,8.0,8.0
288118,2024,5.0,47.0,1.9148936170212765,,,,,,,,5.0,0.0
288125,2024,,,,,,,,,,,,
288699,2024,0.0,0.0,,,,,,,,,,0.0
289472,2024,0.0,0.0,,,,,,,,,,
289618,2024,0.0,0.0,,,,,,,,,,1.0
289624,2024,0.0,0.0,,,,,,,,,,
291363,2024,0.0,0.0,,,,5.625,,2.8125,0.0,,,3.0
291476,2024,0.0,0.0,,,,14.1842397336293,0.9988901220865705,1.6981132075471697,0.0,,,16.0
293162,2024,0.0,0.0,,,,,,,,,,0.0
293163,2024,0.0,0.0,,,,180.0,,30.0,0.0,,,13.0
293164,2024,0.0,0.0,,,,,,,0.0,,,6.0
293168,2024,0.0,0.0,,,,,,,,,,0.0
293643,2024,,,,,,,,,,,,
294638,2024,,,,,,,,,,,,3.0
296121,2024,,,,,,,,,,,,
296458,2024,20.0,180.0,18.5,2.5,1.0,,,,9.0,,20.0,1.0
296664,2024,0.0,0.0,,,,,,,,,,
297635,2024,,,,,,,,,,,,0.0
297640,2024,3.0,90.0,11.0,5.0,,,,,,,3.0,
297641,2024,0.0,0.0,,,,,,,,,,0.0
298060,2024,1.0,0.0,,,,,,,,,1.0,
298061,2024,0.0,0.0,,,,,,,,,,0.0
298062,2024,0.0,0.0,,,,,,,,,,0.0
298099,2024,,,,,,,,,,,,0.0
298128,2024,0.0,0.0,,,,30.0,,,0.0,,,3.0
298129,2024,,,,,,,,,,,,
299813,2024,13.0,144.0,24.375,0.625,5.0,,,,,,13.0,
301281,2024,0.0,0.0,,,,,,,,,,0.0
301295,2024,0.0,0.0,,,,,,,,,,0.0
301714,2024,0.0,0.0,,,,,,,,,,
301771,2024,29.0,1090.0,10.403669724770642,1.8990825688073396,1.073394495412844,11.174361272971762,1.815329448677723,1.1698789780367547,0.48857014791573283,0.9310303712781108,29.0,31.0
303010,2024,0.0,0.0,,,,,,,,,,1.0
303015,2024,,,,,,,,,,,,
303016,2024,,,,,,,,,,,,
303017,2024,,,,,,,,,,,,
303019,2024,0.0,0.0,,,,14.500000000000002,2.5,2.5,0.0,,,7.0
303322,2024,13.0,65.0,8.307692307692308,,,,,,,,13.0,
303460,2024,,,,,,,,,,,,
303467,2024,11.0,575.0,24.104347826086954,3.2869565217391306,1.7217391304347824,,,,,,11.0,
303667,2024,0.0,0.0,,,,,,,,,,0.0
304316,2024,0.0,0.0,,,,,,,,,,
304317,2024,33.0,1872.0,14.567307692307693,1.6346153846153848,1.442307692307692,,,,,,33.0,
304318,2024,,,,,,,,,,,,
304319,2024,,,,,,,,,,,,0.0
304320,2024,0.0,0.0,,,,17.142857142857142,6.122448979591837,1.2244897959183674,0.0,,,9.0
304322,2024,,,,,,,,,,,,
304853,2024,21.0,751.0,16.058588548601865,3.2356857523302263,2.03728362183755,14.601769911504427,2.1238938053097343,1.7699115044247786,0.7384464110127827,1.0997700036315214,21.000000000000004,25.0
305730,2024,26.0,1854.0,5.728155339805825,1.3106796116504855,0.8737864077669902,5.903337169159954,1.4499424626006905,1.139240506329114,2.1334867663981587,0.9703249493745151,26.0,16.0
305732,2024,0.0,0.0,,,,,,,,,,
305733,2024,1.0,0.0,,,,,,,,,1.0,
305735,2024,0.0,0.0,,,,,,,,,,0.0
305736,2024,0.0,0.0,,,,,,,,,,
305834,2024,,,,,,,,,,,,1.0
306263,2024,0.0,0.0,,,,,,,,,,
307123,2024,9.0,527.0,11.612903225806452,1.537001897533207,1.0246679316888045,,,,,,9.0,
308843,2024,0.0,0.0,,,,,,,,,,
308867,2024,0.0,0.0,,,,,,,,,,0.0
309501,2024,,,,,,,,,,,,0.0
309501,2024,0.0,0.0,,,,,,,,,,0.0
309505,2024,,,,,,,,,,,,0.0
309506,2024,0.0,0.0,,,,,,,,,,
310186,2024,,,,,,,,,,,,0.0
310187,2024,0.0,0.0,,,,31.153846153846153,13.846153846153847,3.4615384615384617,0.0,,,1.0
310529,2024,,,,,,,,,,,,
310531,2024,0.0,0.0,,,,,,,,,,
311157,2024,11.0,52.0,8.653846153846155,3.4615384615384617,,16.26050420168067,1.134453781512605,2.26890756302521,0.2184873949579832,0.5322003577817532,11.0,19.0
311334,2024,31.0,1515.0,20.257425742574256,3.148514851485148,2.1980198019801978,16.196049743964885,2.765179224579371,2.238478419897586,1.1082662765179225,1.2507633690198288,31.0,27.0
311334,2024,0.0,0.0,,,,16.196049743964885,2.765179224579371,2.238478419897586,0.0,,,27.0
311344,2024,0.0,0.0,,,,19.285714285714285,2.142857142857143,,0.0,,,8.0
311520,2024,0.0,0.0,,,,,,,,,,0.0
311817,2024,1.0,13.0,,,,,,,,,1.0,0.0
312118,2024,0.0,0.0,,,,,,,,,,0.0
312260,2024,0.0,0.0,,,,,,,,,,0.0
313229,2024,0.0,0.0,,,,,,,,,,
313236,2024,36.0,946.0,11.701902748414376,1.0465116279069768,0.8562367864693446,20.76923076923077,,6.923076923076923,72.76923076923077,0.5634249471458773,36.0,2.0
313245,2024,23.0,1370.0,8.671532846715328,1.4452554744525548,0.7226277372262774,,,,,,23.0,0.0
313671,2024,,,,,,,,,,,,
314661,2024,1.0,10.0,18.0,,,51.42857142857142,,25.71428571428571,1.4285714285714286,0.35000000000000003,1.0,2.0
315237,2024,38.0,168.0,15.535714285714285,1.0714285714285714,2.142857142857143,17.63124199743918,0.23047375160051214,1.7285531370038412,0.21510883482714468,0.8811469032057268,38.0,21.0
315767,2024,,,,,,,,,,,,
316516,2024,0.0,0.0,,,,,,,,,,
318056,2024,0.0,0.0,,,,32.72727272727273,8.181818181818182,16.363636363636363,0.0,,,2.0
319572,2024,0.0,0.0,,,,13.868852459016393,3.2459016393442623,2.0655737704918034,0.0,,,6.0
322304,2024,,,,,,,,,,,,
322305,2024,0.0,0.0,,,,,,,,,,
325851,2024,,,,,,,,,,,,
326763,2024,0.0,0.0,,,,,,,,,,
327602,2024,0.0,0.0,,,,,,,,,,0.0
327604,2024,0.0,0.0,,,,,,,,,,0.0
327609,2024,0.0,0.0,,,,,,,,,,0.0
327726,2024,,,,,,,,,,,,
327730,2024,15.0,662.0,8.021148036253775,2.8549848942598186,0.6797583081570997,,,,,,15.0,0.0
327733,2024,0.0,0.0,,,,,,,,,,
327738,2024,0.0,0.0,,,,,,,,,,0.0
327748,2024,,,,,,,,,,,,0.0
327749,2024,0.0,0.0,,,,,,,,,,
328076,2024,0.0,0.0,,,,,,,,,,
328089,2024,28.0,1746.0,5.103092783505154,0.8247422680412372,0.8762886597938144,,,,,,28.0,
328093,2024,0.0,0.0,,,,,,,,,,0.0
328095,2024,,,,,,,,,,,,0.0
328096,2024,,,,,,,,,,,,
328096,2024,,,,,,,,,,,,
328097,2024,0.0,0.0,,,,,,,,,,0.0
328098,2024,0.0,0.0,,,,,,,,,,0.0
328101,2024,8.0,166.0,11.385542168674698,2.710843373493976,,,,,,,8.0,
328104,2024,0.0,0.0,,,,7.5,,,0.0,,,9.0
328105,2024,26.0,324.0,11.38888888888889,3.888888888888889,0.8333333333333333,8.215767634854771,2.4647302904564317,0.37344398340248963,0.2688796680497925,1.386223344556678,26.0,18.0
328107,2024,0.0,0.0,,,,,,,,,,0.0
328115,2024,0.0,0.0,,,,,,,,,,
328118,2024,0.0,0.0,,,,,,,,,,0.0
328120,2024,,,,,,,,,,,,
328225,2024,28.0,698.0,12.378223495702006,2.0630372492836675,0.9025787965616047,,,,,,28.0,
328808,2024,0.0,0.0,,,,,,,,,,0.0
329344,2024,0.0,0.0,,,,,,,,,,
329347,2024,,,,,,7.714285714285714,2.571428571428571,,,,,2.0
329347,2024,0.0,0.0,,,,7.714285714285714,2.571428571428571,,0.0,,,2.0
329357,2024,0.0,0.0,,,,,,,,,,
329369,2024,,,,,,,,,,,,
330412,2024,4.0,41.0,17.5609756097561,,2.1951219512195124,33.75,1.40625,5.15625,0.21354166666666666,0.5203252032520326,4.0,18.0
330636,2024,,,,,,,,,,,,
330986,2024,,,,,,,,,,,,
330986,2024,2.0,1.0,,,,,,,,,2.0,
331563,2024,0.0,0.0,,,,,,,0.0,,,2.0
334035,2024,2.0,26.0,34.61538461538462,3.4615384615384617,3.4615384615384617,,,,,,2.0,
334037,2024,8.0,177.0,7.118644067796611,1.0169491525423728,1.5254237288135593,,,,,,8.0,0.0
334042,2024,0.0,0.0,,,,,,,,,,
334725,2024,0.0,0.0,,,,,,,,,,1.0
334729,2024,0.0,0.0,,,,18.349514563106794,1.7475728155339805,3.495145631067961,0.0,,,11.0
335056,2024,0.0,0.0,,,,,,,,,,0.0
335116,2024,,,,,,,,,,,,0.0
336240,2024,,,,,,,,,,,,0.0
336564,2024,16.0,849.0,8.692579505300355,1.4840989399293285,0.21201413427561835,9.178470254957507,0.7223796033994335,0.3824362606232295,0.40084985835694054,0.9470619028922918,16.0,33.0
336585,2024,36.0,2922.0,11.796714579055442,2.7412731006160165,1.4168377823408622,,,,,,36.0,
336599,2024,,,,,,12.857142857142856,,5.142857142857142,,,,5.0
336671,2024,7.0,176.0,17.897727272727273,4.6022727272727275,3.068181818181818,,,,,,7.0,
337929,2024,,,,,,,,,,,,
337932,2024,,,,,,,,,,,,
337933,2024,0.0,0.0,,,,,,,,,,
337934,2024,0.0,0.0,,,,,,,,,,
337936,2024,,,,,,,,,,,,
337941,2024,,,,,,,,,,,,
338856,2024,,,,,,,,,,,,0.0
339138,2024,,,,,,,,,,,,
339175,2024,0.0,0.0,,,,,,,,,,
340135,2024,0.0,0.0,,,,10.161290322580644,1.4516129032258065,1.4516129032258065,0.0,,,3.0
340136,2024,0.0,0.0,,,,,,,,,,0.0
340246,2024,0.0,0.0,,,,,,,,,,
340573,2024,32.0,2194.0,10.13217866909754,2.092069279854148,1.2306289881494987,,,,,,32.0,
340919,2024,,,,,,,,,,,,
341641,2024,,,,,,48.46153846153846,,6.923076923076923,,,,4.0
342022,2024,12.0,527.0,11.100569259962048,2.903225806451613,1.366223908918406,,,,,,12.0,
342191,2024,,,,,,,,,,,,
342243,2024,0.0,0.0,,,,,,,,,,
342320,2024,5.0,121.0,8.925619834710744,5.206611570247934,,,,,,,5.0,
342970,2024,21.0,1169.0,6.621043627031651,2.23267750213858,0.6928999144568007,,,,,,21.000000000000004,
343209,2024,0.0,0.0,,,,,,,,,,
343576,2024,0.0,0.0,,,,,,,0.0,,,1.0
344229,2024,0.0,0.0,,,,,,,,,,
344233,2024,,,,,,,,,,,,
344247,2024,,,,,,,,,,,,
344707,2024,0.0,0.0,,,,,,,,,,0.0
345107,2024,,,,,,,,,,,,
347305,2024,,,,,,,,,,,,
347316,2024,27.0,1202.0,12.429284525790349,2.9201331114808653,1.497504159733777,,,,,,27.0,
348263,2024,,,,,,,,,,,,
348818,2024,0.0,0.0,,,,,,,,,,
349288,2024,,,,,,,,,,,,0.0
349384,2024,0.0,0.0,,,,,,,,,,0.0
349987,2024,0.0,0.0,,,,,,,,,,
350625,2024,,,,,,,,,,,,
350625,2024,1.0,4.0,,,,,,,,,1.0,
350626,2024,0.0,0.0,,,,,,,,,,
352210,2024,,,,,,,,,,,,
354581,2024,,,,,,,,,,,,
356041,2024,36.0,2670.0,12.101123595505618,2.662921348314607,1.348314606741573,12.687224669603525,2.643171806167401,2.643171806167401,1.960352422907489,0.9538038389513107,36.0,34.0
356237,2024,3.0,27.0,6.666666666666666,,3.333333333333333,,,,,,3.0,0.0
357060,2024,0.0,0.0,,,,,,,,,,
358666,2024,0.0,0.0,,,,,,,,,,
359117,2024,2.0,1.0,90.0,,,,,,,,2.0,
359386,2024,2.0,21.0,25.71428571428571,,4.285714285714286,,,,,,2.0,
359842,2024,0.0,0.0,,,,,,,,,,
359942,2024,0.0,0.0,,,,,,,,,,
360011,2024,0.0,0.0,,,,,,,,,,
360114,2024,11.0,504.0,4.464285714285714,0.8928571428571428,0.5357142857142857,,,,,,11.0,
360268,2024,0.0,0.0,,,,,,,,,,
360269,2024,0.0,0.0,,,,,,,,,,
361497,2024,38.0,2422.0,7.654830718414533,1.3377374071015689,1.151940545004129,,,,,,38.0,
361675,2024,,,,,,,,,,,,
361676,2024,0.0,0.0,,,,,,,,,,
361679,2024,0.0,0.0,,,,,,,,,,
361734,2024,0.0,0.0,,,,,,,,,,
361736,2024,,,,,,,,,,,,
362270,2024,0.0,0.0,,,,45.0,7.5,22.5,0.0,,,3.0
363333,2024,13.0,24.0,7.5,3.75,,,,,,,13.0,
363695,2024,36.0,3191.0,6.148542776559072,1.4948292071450955,0.7615167659041053,7.57250268528464,1.6111707841031149,1.2244897959183674,1.1424991049051199,0.8119564999966662,36.0,32.0
363974,2024,0.0,0.0,,,,,,,,,,
364048,2024,0.0,0.0,,,,,,,,,,
364980,2024,,,,,,,,,,,,
365660,2024,0.0,0.0,,,,,,,,,,0.0
365664,2024,,,,,,,,,,,,
365988,2024,,,,,,,,,,,,
366629,2024,0.0,0.0,,,,,,,,,,
366735,2024,23.0,181.0,5.469613259668508,0.9944751381215469,,7.5,,,15.083333333333334,0.729281767955801,23.0,4.0
367634,2024,2.0,4.0,112.5,45.0,,,,,,,2.0,
376039,2024,,,,,,,,,,,,
378981,2024,0.0,0.0,,,,,,,,,,
379618,2024,0.0,0.0,,,,,,,,,,
380492,2024,9.0,28.0,22.5,6.428571428571428,,,,,,,9.0,
380653,2024,0.0,0.0,,,,8.742857142857142,1.0285714285714285,1.0285714285714285,0.0,,,4.0
380657,2024,0.0,0.0,,,,,,,,,,
380679,2024,27.0,19.0,23.684210526315788,9.473684210526315,,,,,,,27.0,
380680,2024,,,,,,,,,,,,
380689,2024,0.0,0.0,,,,,,,,,,
380690,2024,10.0,362.0,11.187845303867404,0.49723756906077343,0.7458563535911602,45.0,,45.0,181.0,0.24861878453038674,10.0,2.0
380691,2024,4.0,135.0,17.333333333333332,2.666666666666667,2.0,,,,,,4.0,
380696,2024,0.0,0.0,,,,,,,,,,
380697,2024,0.0,0.0,,,,,,,,,,
380702,2024,,,,,,,,,,,,
380715,2024,0.0,0.0,,,,,,,,,,
382160,2024,0.0,0.0,,,,,,,,,,0.0
382166,2024,,,,,,,,,,,,0.0
382170,2024,0.0,0.0,,,,,,,,,,0.0
382344,2024,,,,,,,,,,,,
382345,2024,,,,,,,,,,,,
382355,2024,0.0,0.0,,,,,,,,,,0.0
382358,2024,,,,,,,,,,,,
382452,2024,12.0,842.0,13.36104513064133,3.3135391923990496,1.817102137767221,,,,,,12.0,
382925,2024,1.0,3.0,30.0,30.0,,,,,,,1.0,0.0
383685,2024,,,,,,,,,,,,
383685,2024,33.0,1855.0,13.439353099730459,2.3288409703504045,1.0188679245283019,,,,,,33.0,
383770,2024,0.0,0.0,,,,,,,,,,
384585,2024,0.0,0.0,,,,,,,,,,0.0
384981,2024,0.0,0.0,,,,,,,,,,
385726,2024,0.0,0.0,,,,22.5,,,0.0,,,5.0
388013,2024,16.0,325.0,11.907692307692308,2.4923076923076923,0.27692307692307694,,,,,,16.0,
388509,2024,,,,,,,,,,,,
388510,2024,0.0,0.0,,,,,,,,,,
388777,2024,0.0,0.0,,,,,,,,,,
389031,2024,0.0,0.0,,,,,,,,,,
389032,2024,0.0,0.0,,,,,,,,,,
389035,2024,,,,,,,,,,,,
389302,2024,0.0,0.0,,,,,,,,,,
389309,2024,7.0,159.0,9.056603773584905,1.1320754716981132,1.6981132075471697,,,,,,7.0,
389315,2024,23.0,145.0,19.862068965517242,4.344827586206897,1.8620689655172413,,,,,,23.0,0.0
389579,2024,0.0,0.0,,,,,,,,,,
390052,2024,0.0,0.0,,,,,,,,,,
392270,2024,3.0,71.0,3.8028169014084505,1.267605633802817,,,,,,,3.0,
392607,2024,0.0,0.0,,,,,,,,,,
392610,2024,5.0,14.0,12.857142857142856,6.428571428571428,,,,,,,5.0,
393195,2024,3.0,8.0,22.5,,22.5,,,,,,3.0,
393311,2024,,,,,,,,,,,,
394165,2024,0.0,0.0,,,,,,,,,,
394167,2024,,,,,,,,,,,,0.0
394501,2024,0.0,0.0,,,,,,,,,,
394710,2024,0.0,0.0,,,,,,,,,,0.0
395762,2024,1.0,7.0,12.857142857142856,,,,,,,,1.0,
395809,2024,2.0,12.0,7.5,,,,,,,,2.0,
396206,2024,,,,,,,,,,,,
396483,2024,,,,,,,,,,,,
396729,2024,0.0,0.0,,,,,,,,,,
397997,2024,0.0,0.0,,,,,,,,,,0.0
398000,2024,0.0,0.0,,,,,,,,,,
398004,2024,0.0,0.0,,,,,,,,,,0.0
398933,2024,0.0,0.0,,,,,,,,,,0.0
400745,2024,0.0,0.0,,,,,,,,,,
400938,2024,0.0,0.0,,,,,,,,,,
401098,2024,0.0,0.0,,,,,,,,,,
401278,2024,,,,,,,,,,,,
401389,2024,0.0,0.0,,,,,,,,,,
402329,2024,4.0,170.0,,,,,,,,,4.0,0.0
402329,2024,3.0,,,,,,,,,,3.0,0.0
402330,2024,0.0,0.0,,,,,,,,,,
402331,2024,,,,,,,,,,,,
402432,2024,20.0,22.0,12.272727272727272,,,,,,,,20.0,
402434,2024,7.0,1.0,,,,,,,,,7.0,
402504,2024,,,,,,,,,,,,
402524,2024,,,,,,,,,,,,
402640,2024,15.0,146.0,16.643835616438356,5.547945205479452,1.2328767123287672,,,,,,15.0,
403064,2024,13.0,346.0,11.184971098265896,1.5606936416184969,0.5202312138728323,,,,,,13.0,0.0
404017,2024,,,,,,,,,,,,
404574,2024,12.0,140.0,16.071428571428573,0.6428571428571428,,,,,,,12.0,
404656,2024,2.0,95.0,6.63157894736842,0.9473684210526315,,,,,,,2.0,
404769,2024,0.0,0.0,,,,,,,,,,
405360,2024,3.0,45.0,22.0,,4.0,,,,,,3.0,
405530,2024,0.0,0.0,,,,,,,,,,
406098,2024,0.0,0.0,,,,,,,,,,
406303,2024,,,,,,,,,,,,
407026,2024,,,,,,,,,,,,
407032,2024,0.0,0.0,,,,,,,,,,0.0
407033,2024,0.0,0.0,,,,,,,,,,
408221,2024,0.0,0.0,,,,,,,,,,0.0
408893,2024,0.0,0.0,,,,,,,,,,0.0
410125,2024,0.0,0.0,,,,,,,,,,
411808,2024,,,,,,,,,,,,
412086,2024,0.0,0.0,,,,,,,,,,
412152,2024,0.0,0.0,,,,,,,,,,
414359,2024,1.0,0.0,,,,,,,,,1.0,
414385,2024,1.0,11.0,16.363636363636363,8.181818181818182,,,,,,,1.0,
415001,2024,0.0,0.0,,,,32.72727272727273,8.181818181818182,,0.0,,,2.0
416697,2024,0.0,0.0,,,,,,,,,,
417310,2024,2.0,1.0,270.0,90.0,,,,,,,2.0,
418210,2024,0.0,0.0,,,,,,,,,,
422780,2024,0.0,0.0,,,,,,,,,,
423708,2024,0.0,0.0,,,,,,,,,,
423803,2024,,,,,,,,,,,,
427736,2024,7.0,11.0,24.545454545454543,24.545454545454543,,,,,,,7.0,
430734,2024,10.0,72.0,35.0,5.0,3.75,,,,,,10.0,0.0
430827,2024,0.0,0.0,,,,,,,,,,0.0
431119,2024,0.0,0.0,,,,,,,,,,
434180,2024,0.0,0.0,,,,,,,,,,
434183,2024,5.0,31.0,11.612903225806452,2.903225806451613,,,,,,,5.0,
436879,2024,0.0,0.0,,,,,,,,,,0.0
437557,2024,0.0,0.0,,,,,,,,,,
437559,2024,,,,,,,,,,,,
440159,2024,0.0,0.0,,,,,,,,,,
440160,2024,,,,,,,,,,,,
441032,2024,,,,,,,,,,,,
448969,2024,,,,,,,,,,,,
449224,2024,0.0,0.0,,,,,,,,,,
449245,2024,21.0,70.0,14.142857142857142,1.2857142857142856,1.2857142857142856,,,,,,21.000000000000004,
451583,2024,0.0,0.0,,,,,,,,,,
452685,2024,0.0,0.0,,,,,,,,,,
453101,2024,0.0,0.0,,,,,,,,,,
454935,2024,0.0,0.0,,,,,,,,,,
455009,2024,0.0,0.0,,,,,,,,,,
455010,2024,,,,,,,,,,,,0.0
456206,2024,5.0,1.0,90.0,,,,,,,,5.0,
459203,2024,0.0,0.0,,,,,,,,,,
460853,2024,7.0,118.0,11.440677966101694,1.5254237288135593,,,,,,,7.0,
465310,2024,0.0,0.0,,,,,,,,,,
482888,2024,0.0,0.0,,,,,,,,,,
510473,2024,0.0,0.0,,,,,,,,,,
5,2025,0.0,,,,,5.391089108910891,0.8465346534653465,0.7574257425742574,,,,28.0
18,2025,19.0,771.0,6.653696498054475,0.5836575875486382,0.35019455252918286,8.16326530612245,0.6632653061224489,0.30612244897959184,0.4370748299319728,0.8150778210116731,22.5625,31.0
22,2025,24.0,993.0,8.157099697885196,1.0876132930513596,0.09063444108761329,,,,,,28.5,
44,2025,19.0,1335.0,10.112359550561797,2.561797752808989,0.8764044943820225,6.75,2.25,1.125,16.6875,1.49812734082397,22.5625,5.0
95,2025,8.0,471.0,6.114649681528662,1.3375796178343948,1.1464968152866242,7.837837837837838,2.4324324324324325,1.6216216216216217,1.4144144144144144,0.78014495936745,9.5,22.0
131,2025,14.0,952.0,6.239495798319328,1.5126050420168067,0.8508403361344538,6.5363128491620115,1.5083798882681565,0.5027932960893855,2.659217877094972,0.9545895281189398,16.625,26.0
138,2025,20.0,1700.0,5.717647058823529,1.9588235294117646,0.37058823529411766,7.762803234501348,2.280323450134771,0.7762803234501349,0.9164420485175202,0.7365441176470587,23.75,32.0
164,2025,3.0,138.0,9.782608695652174,3.2608695652173916,1.3043478260869565,9.879699248120302,1.218045112781955,1.150375939849624,0.1037593984962406,0.9901727218582489,3.5625,24.0
169,2025,18.0,1461.0,9.117043121149898,1.4168377823408622,1.2936344969199178,9.068702290076336,2.6106870229007635,1.099236641221374,1.115267175572519,1.0053305125173708,21.375,25.0
171,2025,19.0,1061.0,11.027332704995288,3.223374175306315,0.7634307257304429,8.963039014373717,1.3552361396303902,0.8624229979466118,0.36310746064339494,1.2303118046581227,22.5625,33.0
247,2025,30.0,2249.0,10.604713205869274,1.0404624277456647,1.4006224988883949,9.67095115681234,1.295629820051414,0.9254498714652956,1.156298200514139,1.096553279394776,35.625,35.0
249,2025,21.0,680.0,7.544117647058823,0.5294117647058824,0.2647058823529412,10.843373493975903,1.897590361445783,0.27108433734939763,2.0481927710843375,0.695735294117647,24.9375,17.0
250,2025,13.0,277.0,9.097472924187725,0.3249097472924188,0.9747292418772563,,,,,,15.4375,
253,2025,20.0,1800.0,0.45,,0.05,0.19911504424778761,0.07964601769911504,,0.7964601769911505,2.26,23.75,26.0
280,2025,25.0,2250.0,0.5599999999999999,,0.04,0.4304503786369071,0.03587086488640893,,0.8967716221602232,1.3009629629629629,29.6875,28.0
281,2025,31.0,2790.0,0.5806451612903226,0.03225806451612903,0.06451612903225806,0.5,,,3.1,1.1612903225806452,36.8125,10.0
284,2025,17.0,542.0,8.966789667896679,1.3284132841328413,1.6605166051660516,6.602316602316603,2.2586872586872584,0.3474903474903475,1.0463320463320462,1.3581277918042336,20.1875,9.0
285,2025,8.0,428.0,9.462616822429906,2.7336448598130842,0.6308411214953271,,,,,,9.5,0.0
289,2025,20.0,873.0,5.257731958762887,1.134020618556701,0.4123711340206186,4.622792937399679,1.4085072231139648,0.3972712680577849,0.3503210272873194,1.1373496563573882,23.75,38.0
290,2025,32.0,2880.0,7.874999999999999,0.6875,0.46875,6.810810810810811,1.027027027027027,0.45945945945945943,0.8648648648648649,1.1562499999999998,38.0,38.0
292,2025,29.0,1831.0,4.669579464773348,1.27799016930639,0.638995084653195,,,,,,34.4375,
293,2025,28.0,1413.0,9.426751592356688,1.8471337579617835,0.6369426751592356,9.02593659942363,2.0230547550432276,0.9337175792507204,0.8144092219020173,1.0444070250791095,33.25,34.0
296,2025,19.0,743.0,6.783310901749664,1.695827725437416,1.332436069986541,5.722543352601155,2.601156069364162,1.5606936416184969,4.294797687861272,1.1853664505077697,22.5625,4.0
306,2025,23.0,1909.0,7.967522262964903,0.6600314300680985,0.47145102147721324,8.341723423156647,0.5863192182410424,0.6662718389102754,0.565294640213207,0.9551410252762683,27.3125,38.0
526,2025,0.0,,,,,0.38235294117647056,0.058823529411764705,,,,,34.0
532,2025,13.0,1170.0,9.076923076923077,1.4615384615384617,0.46153846153846156,6.7669172932330826,1.268796992481203,0.6766917293233082,0.549812030075188,1.3413675213675214,15.4375,30.0
537,2025,20.0,868.0,10.161290322580644,3.0069124423963136,0.9331797235023042,9.799882283696292,2.27781047675103,1.4302530900529724,0.5108887580929958,1.036878814298169,23.75,24.0
542,2025,30.0,2566.0,8.417770849571317,1.8238503507404522,1.0522213561964147,9.204545454545455,1.960227272727273,1.3352272727272727,0.8099747474747475,0.9145232527929332,35.625,37.0
545,2025,16.0,723.0,9.95850622406639,2.4896265560165975,1.120331950207469,11.060393258426966,3.634129213483146,1.2008426966292134,0.2538623595505618,0.9003754198774946,19.0,37.0
567,2025,25.0,2059.0,5.900922778047596,0.5682370082564352,0.611947547353084,4.672239331280246,0.6731192256929168,0.4751429828420589,0.9058512978442587,1.2629752800849516,29.6875,27.0
575,2025,25.0,1747.0,11.385231825987407,3.8637664567830567,1.7515741270749856,,,,,,29.6875,
617,2025,0.0,,,,,0.34898750538560963,,0.03877638948728996,,,,26.0
626,2025,7.0,363.0,3.71900826446281,,,4.293577981651376,0.9908256880733946,0.3302752293577982,0.6660550458715596,0.8661792752701843,8.3125,15.0
627,2025,30.0,2557.0,7.813844348846305,1.548689870942511,0.9503324208056316,5.91983556012333,1.5724563206577593,0.5549845837615621,2.627954779033916,1.3199428040672665,35.625,17.0
631,2025,27.0,1842.0,8.403908794788274,1.4657980456026058,0.8306188925081434,7.206047032474804,0.6550951847704367,0.251959686450168,1.0313549832026876,1.1662300782821955,32.0625,33.0
633,2025,0.0,,,,,6.583407671721677,1.0035682426404995,0.6021409455842998,,,,33.0
636,2025,31.0,2339.0,7.541684480547243,1.3467293715262934,1.308251389482685,8.255335080494197,1.853238487457881,0.9097716211156871,0.8757019842755522,0.9135528003420266,36.8125,38.0
641,2025,5.0,353.0,8.6685552407932,2.54957507082153,0.254957507082153,8.63468634686347,0.8302583025830258,1.3284132841328413,0.6512915129151291,1.003922423185879,5.9375,31.0
643,2025,12.0,320.0,16.59375,1.125,1.6875,14.477611940298507,1.492537313432836,2.08955223880597,0.5306799336650083,1.146166237113402,14.25,17.0
657,2025,22.0,1802.0,10.83795782463929,3.1964483906770256,1.3485016648168702,9.662731871838112,2.833052276559865,1.7706576728499155,1.012928611579539,1.121624605586579,26.125,24.0
671,2025,12.0,638.0,12.131661442006271,1.5517241379310345,1.5517241379310345,,,,,,14.25,
697,2025,0.0,,,,,,,,,,,0.0
723,2025,25.0,1773.0,13.248730964467004,1.8781725888324872,2.030456852791878,13.814475873544094,2.133943427620632,2.1713810316139766,0.7375207986688852,0.9590469508756,29.6875,29.0
727,2025,8.0,123.0,13.902439024390244,2.1951219512195124,,0.7407407407407408,0.1851851851851852,0.1851851851851852,0.25308641975308643,18.768292682926827,9.5,11.0
747,2025,30.0,2242.0,12.323818019625335,2.850133809099019,1.726137377341659,13.205551883674818,4.937210839391937,1.1896893588896233,1.4818241903502973,0.9332300632479045,35.625,38.0
792,2025,18.0,920.0,10.760869565217392,0.9782608695652174,1.467391304347826,9.855687606112054,0.8786078098471987,1.7954159592529713,0.3904923599320883,1.0918436130771825,21.375,34.0
833,2025,18.0,1329.0,9.548532731376975,1.4221218961625284,1.0158013544018059,,,,,,21.375,
863,2025,20.0,1415.0,9.540636042402827,2.353356890459364,0.9540636042402828,11.263603385731559,2.176541717049577,1.8500604594921404,0.8555018137847642,0.8470323142315769,23.75,26.0
886,2025,30.0,2257.0,7.775808595480727,1.6747895436420026,0.877270713336287,8.443496801705757,2.1748400852878462,1.279317697228145,0.8020611229566453,0.920922785676884,35.625,33.0
889,2025,13.0,703.0,2.8165007112375533,0.6401137980085349,0.12802275960170698,6.4935064935064934,0.9090909090909092,1.0389610389610389,1.0144300144300145,0.4337411095305832,15.4375,16.0
891,2025,32.0,2716.0,8.41678939617084,2.0544918998527244,1.3254786450662739,3.6206896551724137,1.0344827586206897,0.7758620689655172,7.804597701149425,2.324637071323375,38.0,8.0
895,2025,32.0,2874.0,8.48643006263048,2.974947807933194,0.908141962421712,8.52037617554859,2.652037617554859,1.128526645768025,1.8018808777429467,0.9960158903528783,38.0,21.0
896,2025,8.0,363.0,7.685950413223141,1.9834710743801653,1.487603305785124,,,,,,9.5,
899,2025,0.0,,,,,8.359683794466404,1.067193675889328,1.2450592885375493,,,,33.0
978,2025,7.0,318.0,16.132075471698112,1.4150943396226414,1.1320754716981132,13.536000000000001,0.768,1.8239999999999998,0.1696,1.1917904456041748,8.3125,23.0
983,2025,9.0,336.0,15.0,1.875,1.3392857142857142,10.243266724587315,0.5473501303214596,0.9383145091225022,0.29192006950477845,1.4643765903307888,10.6875,29.0
1096,2025,30.0,2693.0,7.586334942443371,1.5373189751206833,0.9691793538804306,8.585170340681362,1.442885771543086,1.5871743486973946,1.0793587174348698,0.8836557274227924,35.625,36.0
1100,2025,30.0,2508.0,7.679425837320574,0.5382775119617225,0.7535885167464115,7.157971543232398,0.3940167821962787,0.7880335643925575,0.9149945275446917,1.0728494505655297,35.625,32.0
1119,2025,24.0,1638.0,9.725274725274726,1.9230769230769231,1.208791208791209,8.383561643835616,1.6643835616438356,0.8013698630136986,1.121917808219178,1.1600409394527043,28.5,26.0
1125,2025,22.0,786.0,15.114503816793894,2.519083969465649,1.717557251908397,11.867667761614266,2.280619427498827,1.8160488033786955,0.3688409197559831,1.2735866996278287,26.125,29.0
1135,2025,1.0,8.0,45.0,11.25,,50.400000000000006,3.6,14.4,0.32,0.8928571428571428,1.1875,4.0
1145,2025,30.0,2577.0,9.49941792782305,1.6414435389988358,1.0826542491268918,7.298245614035088,1.43859649122807,0.9473684210526315,1.0046783625730995,1.3016029372257543,35.625,32.0
1146,2025,26.0,2247.0,10.213618157543392,2.4432576769025367,0.9612817089452603,,,,,,30.875,
1150,2025,19.0,1440.0,9.4375,2.5625,1.75,11.633587786259541,3.8015267175572522,2.0610687022900764,0.732824427480916,0.8112286745406825,22.5625,29.0
1161,2025,31.0,1527.0,6.424361493123772,1.4145383104125735,0.2357563850687623,,,,,,36.8125,0.0
1165,2025,29.0,2165.0,13.302540415704387,1.4549653579676676,0.789838337182448,13.62274298885901,1.313868613138686,1.4521705724164427,0.831732616212063,0.9764950000586159,34.4375,33.0
1243,2025,29.0,1702.0,10.840188014101058,1.6392479435957699,1.5334900117508812,11.687402799377917,1.6096423017107309,1.6446345256609642,0.661741835147745,0.9275104315458389,34.4375,35.0
1361,2025,31.0,2595.0,7.595375722543353,1.9075144508670518,0.5202312138728323,9.04639175257732,2.319587628865979,1.1597938144329896,6.688144329896907,0.8396027864235958,36.8125,6.0
1408,2025,9.0,315.0,9.714285714285715,1.7142857142857144,1.4285714285714284,,,,,,10.6875,
1422,2025,23.0,1306.0,16.67687595712098,1.1715160796324655,1.3093415007656968,18.387728459530024,1.821148825065274,0.5874673629242819,0.8524804177545692,0.9069568323148507,27.3125,33.0
1438,2025,32.0,2880.0,0.75,0.125,,0.4210526315789474,0.052631578947368425,,0.8421052631578947,1.7812499999999998,38.0,38.0
1445,2025,25.0,1995.0,6.902255639097744,1.5338345864661656,0.406015037593985,7.684003925417076,1.5456329735034346,0.7507360157016683,0.978900883218842,0.8982628986258749,29.6875,33.0
1455,2025,26.0,2234.0,4.995523724261415,0.9668755595344674,0.2820053715308863,7.845691382765532,1.3226452905811623,0.5711422845691383,0.7461589846359385,0.6367219255188878,30.875,38.0
1460,2025,27.0,2001.0,13.358320839580209,1.6191904047976011,1.2593703148425788,12.605187319884726,1.5561959654178676,0.7780979827089338,1.153314121037464,1.0597479038258648,32.0625,25.0
1463,2025,20.0,730.0,11.958904109589042,2.219178082191781,1.8493150684931505,12.306976744186045,2.511627906976744,1.9255813953488372,0.6790697674418604,0.9717174541049298,23.75,32.0
1464,2025,28.0,2363.0,8.341091832416419,1.637748624629708,0.7236563690224291,,,,,,33.25,
1468,2025,12.0,416.0,17.524038461538463,1.7307692307692308,1.5144230769230769,,,,,,14.25,0.0
1469,2025,31.0,1901.0,7.101525512887954,0.9468700683850605,1.0889005786428196,7.676720075400565,1.1027332704995287,0.46654099905749297,0.8958529688972667,0.9250728752822737,36.8125,30.0
1485,2025,29.0,2527.0,8.476454293628809,1.7095370003957262,0.7123070834982193,10.68452380952381,2.5,0.9523809523809523,0.8356481481481481,0.7933394547797437,34.4375,37.0
1590,2025,20.0,1800.0,1.05,,,1.2073591414334994,0.06899195093905712,0.13798390187811424,0.6899195093905711,0.8696666666666667,23.75,33.0
1622,2025,28.0,2520.0,0.7857142857142857,,,,,,,,33.25,
1646,2025,18.0,1521.0,15.621301775147929,2.3076923076923075,1.6568047337278107,15.36493288590604,2.4916107382550337,2.0008389261744965,0.638003355704698,1.0166853243776321,21.375,33.0
1696,2025,18.0,815.0,9.496932515337424,0.6625766871165644,0.5521472392638037,,,,,,21.375,
1746,2025,11.0,517.0,9.052224371373308,0.6963249516441006,0.6963249516441006,,,,,,13.0625,0.0
1864,2025,30.0,2309.0,8.341273278475532,0.584668687743612,0.4677349501948896,9.44861049845611,0.8734009704455227,0.8337009263343627,1.0185266872518748,0.8828042260646138,35.625,35.0
1904,2025,18.0,1418.0,12.947813822284909,2.3483779971791257,1.0789844851904091,11.567723342939482,2.593659942363112,1.5561959654178676,0.8172910662824208,1.119305280601112,21.375,27.0
1934,2025,32.0,2686.0,7.438570364854803,1.8428890543559195,1.0387192851824274,7.459677419354839,2.0161290322580645,1.25,1.2034050179211468,0.9971705137751303,38.0,31.0
1946,2025,27.0,1721.0,9.67460778617083,1.307379430563626,0.6798373038930854,9.878479027832222,1.093688749509996,0.9525676205409643,0.6746373970991768,0.9793620818461026,32.0625,38.0
2032,2025,22.0,1405.0,12.17081850533808,0.3843416370106762,1.9857651245551602,10.899653979238755,0.34602076124567477,1.5916955017301038,0.5401768550557478,1.116624300965938,26.125,35.0
2032,2025,7.0,534.0,15.168539325842696,0.33707865168539325,2.696629213483146,10.899653979238755,0.34602076124567477,1.5916955017301038,0.20530565167243367,1.391653290529695,8.3125,35.0
2165,2025,27.0,2420.0,8.070247933884298,1.4504132231404958,0.9669421487603306,7.529182879377432,1.8385214007782102,0.6420233463035019,0.7846952010376135,1.0718623870843744,32.0625,35.0
2218,2025,21.0,1756.0,10.455580865603643,0.9225512528473804,0.5637813211845102,9.566016917984554,0.7282089003310042,0.46340566384700255,0.645825671202648,1.092992094332038,24.9375,38.0
2273,2025,0.0,,,,,0.6451612903225806,0.03225806451612903,0.06451612903225806,,,,31.0
2279,2025,29.0,2583.0,8.432055749128919,2.4738675958188154,1.32404181184669,,,,,,34.4375,
2287,2025,15.0,483.0,11.180124223602485,1.8633540372670807,0.5590062111801242,10.176678445229681,2.2261484098939928,1.2720848056537102,0.8533568904593639,1.09860248447205,17.8125,20.0
2291,2025,2.0,21.0,21.428571428571427,,,9.501585863162665,2.8137743543271405,0.978704123244223,0.0095151789759855,2.2552626200694865,2.375,33.0
2298,2025,30.0,1854.0,6.650485436893204,0.6796116504854369,0.5825242718446603,6.289449954914337,0.9332732191163209,0.4869251577998197,0.8358881875563571,1.0574033476006541,35.625,32.0
2413,2025,27.0,1565.0,14.492012779552715,1.207667731629393,1.035143769968051,14.708171206225682,0.8754863813229572,1.2256809338521402,3.044747081712062,0.9853035143769967,32.0625,17.0
2467,2025,15.0,967.0,5.30506721820062,1.2099276111685626,0.8376421923474664,6.311288483466363,2.0524515393386547,1.12884834663626,0.5513112884834663,0.840568012712185,17.8125,22.0
2476,2025,6.0,177.0,7.118644067796611,0.5084745762711864,1.0169491525423728,8.447098976109215,2.7645051194539247,1.3822525597269624,0.15102389078498293,0.8427324088341038,7.125,36.0
2490,2025,25.0,1345.0,11.576208178438662,1.3382899628252787,1.3382899628252787,9.117903930131003,1.3755458515283843,1.3755458515283843,0.5873362445414847,1.2696128701448535,29.6875,34.0
2601,2025,21.0,1502.0,10.246338215712385,2.9360852197070573,1.5579227696404792,9.887005649717514,2.655367231638418,1.5819209039548021,0.9428750784682988,1.0363439223891955,24.9375,35.0
2724,2025,27.0,1650.0,7.745454545454545,1.8,0.6545454545454545,8.435114503816795,2.480916030534351,0.8015267175572519,0.6997455470737913,0.9182394076511722,32.0625,38.0
2729,2025,29.0,2562.0,6.744730679156909,1.2997658079625294,0.9484777517564402,0.24380804953560373,0.0348297213622291,0.0696594427244582,0.9914860681114551,27.66410170625627,34.4375,29.0
2734,2025,0.0,,,,,17.796610169491526,7.118644067796611,1.5254237288135593,,,,10.0
2771,2025,16.0,1410.0,8.808510638297873,1.6595744680851063,0.8297872340425532,7.584943371085942,1.6489007328447702,0.6895403064623584,0.4696868754163891,1.1613152804642168,19.0,35.0
2806,2025,16.0,1091.0,9.404216315307057,1.154903758020165,1.2373968835930338,7.691521961184882,1.1031664964249233,1.0725229826353422,0.3714674838270344,1.2226730109808246,19.0,34.0
2817,2025,32.0,2885.0,5.708838821490468,0.779896013864818,0.43674176776429807,6.027027027027027,1.3513513513513513,0.5405405405405406,0.8663663663663663,0.9472064412338443,38.0,37.0
2823,2025,21.0,1284.0,11.635514018691588,2.663551401869159,2.7336448598130842,9.779286926994907,2.597623089983022,2.5212224108658745,0.5449915110356537,1.1898121105919002,24.9375,30.0
2855,2025,1.0,45.0,6.0,,2.0,7.9942693409742125,1.0315186246418337,1.2893982808022924,0.12893982808022922,0.7505376344086021,1.1875,26.0
2864,2025,11.0,540.0,7.166666666666667,1.0,0.8333333333333333,9.263271939328277,0.39003250270855905,0.8775731310942578,0.19501625135427952,0.7736647173489279,13.0625,34.0
2869,2025,0.0,,,,,11.306786315199103,2.523836231071228,2.1200224340998317,,,,28.0
2887,2025,31.0,2004.0,15.494011976047904,1.3922155688622755,1.841317365269461,14.802395209580837,1.2574850299401197,1.401197604790419,0.8,1.0467233009708738,36.8125,38.0
2919,2025,25.0,2132.0,0.4643527204502814,0.04221388367729831,,0.763157894736842,0.026315789473684213,0.026315789473684213,0.623391812865497,0.6084621854176102,29.6875,38.0
2920,2025,24.0,1339.0,6.923076923076923,1.882001493651979,1.0082150858849888,9.267110841913992,2.5075711689884916,0.8176862507571169,0.8110236220472441,0.7470588235294118,28.5,33.0
2926,2025,19.0,1417.0,10.479887085391674,2.7311220889202543,1.397318278052223,9.825197889182057,2.4934036939313984,1.2170184696569921,0.4673482849604222,1.0666336905977696,22.5625,36.0
2931,2025,0.0,,,,,,,,,,,0.0
2932,2025,32.0,2880.0,0.5,0.0625,0.03125,0.39473684210526316,0.026315789473684213,,0.8421052631578947,1.2666666666666666,38.0,38.0
2934,2025,27.0,2153.0,8.82025081281932,1.2540640966093821,0.5852299117510451,6.539196940726578,1.0325047801147227,0.7743785850860421,2.0583173996175907,1.3488278289779252,32.0625,14.0
2935,2025,18.0,1217.0,7.61709120788825,0.8874281018898932,0.9613804437140511,8.16326530612245,1.5306122448979593,0.9183673469387754,0.6899092970521542,0.9330936729663106,21.375,30.0
2936,2025,31.0,2790.0,9.225806451612904,1.2903225806451613,0.7419354838709677,8.956908344733243,1.9699042407660738,1.0772913816689467,0.9541723666210671,1.0300213083053122,36.8125,33.0
2937,2025,31.0,2675.0,6.829906542056074,2.0186915887850465,0.6728971962616823,7.497352629721143,1.6837274973526295,0.6671373102717967,0.9442287327920932,0.9109757642958973,36.8125,35.0
2938,2025,5.0,415.0,4.9879518072289155,0.8674698795180724,0.8674698795180724,5.1879699248120295,0.9022556390977443,1.5789473684210527,1.0401002506265664,0.9614457831325302,5.9375,9.0
2938,2025,7.0,412.0,8.519417475728154,1.3106796116504855,0.6553398058252428,5.1879699248120295,0.9022556390977443,1.5789473684210527,1.0325814536340852,1.6421485859012241,8.3125,9.0
2939,2025,26.0,1061.0,10.179076343072573,0.2544769085768143,0.8482563619227144,10.760869565217392,0.4891304347826087,0.9782608695652174,2.8831521739130435,0.9459343672350269,30.875,18.0
2990,2025,23.0,1925.0,7.293506493506493,2.0103896103896104,0.8883116883116884,11.403908794788274,3.899022801302932,1.6123778501628665,0.6270358306188925,0.6395619804360164,27.3125,37.0
2997,2025,0.0,,,,,0.9310344827586207,0.07758620689655173,0.15517241379310345,,,,14.0
3080,2025,13.0,877.0,14.572405929304448,2.1550741163055873,1.9498289623717218,11.260426320667284,2.0018535681186282,1.5848007414272474,0.8127896200185357,1.2941255965201235,15.4375,14.0
5996,2025,30.0,2583.0,9.337979094076655,1.6724738675958188,1.0452961672473868,10.379918588873814,1.9843962008141114,1.5875169606512889,0.8761872455902306,0.8996196852724828,35.625,36.0
6056,2025,21.0,953.0,11.710388247639035,3.8719832109129064,1.1332633788037776,11.238578680203046,3.9289340101522843,1.5076142131979697,0.48375634517766497,1.0419812487736628,24.9375,37.0
6168,2025,28.0,2446.0,8.462796402289452,1.0302534750613246,0.9934587080948487,,,,,,33.25,
6610,2025,31.0,2750.0,10.08,1.7672727272727273,0.9818181818181819,13.041144901610018,3.13953488372093,1.7710196779964222,2.4597495527728084,0.7729382716049383,36.8125,21.0
6716,2025,31.0,2206.0,8.404351767905712,1.7543064369900274,0.9383499546690843,12.359033371691599,3.3486766398158805,2.140391254315305,0.8461833525124665,0.6800169167886466,36.8125,35.0
7600,2025,4.0,122.0,1.4754098360655739,,0.7377049180327869,4.281282316442606,0.4653567735263702,0.8376421923474664,0.12616339193381593,0.34461867426942266,4.75,23.0
7600,2025,0.0,,,,,4.281282316442606,0.4653567735263702,0.8376421923474664,,,,23.0
7722,2025,1.0,14.0,32.142857142857146,,,,,,,,1.1875,0.0
8500,2025,8.0,206.0,12.233009708737864,3.058252427184466,0.8737864077669902,17.509727626459146,4.202334630350195,5.252918287937743,0.8015564202334631,0.698640776699029,9.5,20.0
8598,2025,12.0,281.0,18.89679715302491,0.32028469750889677,2.2419928825622777,20.0,1.1320754716981132,1.509433962264151,0.589098532494759,0.9448398576512455,14.25,33.0
9366,2025,31.0,1906.0,16.10178384050367,0.8499475341028332,1.6054564533053515,,,,,,36.8125,
10135,2025,23.0,2018.0,11.32804757185332,2.2299306243805748,1.4717542120911793,12.723948811700183,2.2760511882998173,1.7824497257769654,0.6148689823278489,0.8902933939373228,27.3125,38.0
10329,2025,32.0,2404.0,13.140599001663894,0.9359400998336106,1.1980033277870217,13.488491048593351,0.7365728900255754,1.19693094629156,1.2296675191815858,0.9742082308780019,38.0,27.0
13708,2025,23.0,1121.0,13.247100802854595,3.452274754683318,2.007136485280999,,,,,,27.3125,
13736,2025,22.0,1871.0,10.05344735435596,2.7418492784607165,1.3949759486905398,12.415712960098979,3.4240643365295393,1.5589236003711722,0.5787194556139809,0.809735807091002,26.125,37.0
15745,2025,0.0,,,,,7.801094890510949,1.478102189781022,0.4927007299270073,,,,19.0
15799,2025,6.0,88.0,16.363636363636363,2.0454545454545454,3.068181818181818,11.739130434782608,,7.826086956521739,3.8260869565217392,1.393939393939394,7.125,2.0
15870,2025,12.0,1080.0,0.6666666666666667,,,0.37720033528918695,0.037720033528918694,,0.4526404023470243,1.7674074074074075,14.25,27.0
15908,2025,27.0,1633.0,12.180036742192284,2.535211267605634,0.9369259032455604,10.720136518771332,2.5494880546075085,0.552901023890785,0.5573378839590444,1.136182988049137,32.0625,38.0
15911,2025,19.0,1545.0,15.320388349514564,1.6893203883495145,1.3398058252427185,16.762672811059907,1.3133640552995391,1.3479262672811059,0.5933179723502304,0.9139585627064358,22.5625,32.0
17661,2025,9.0,602.0,8.521594684385382,1.345514950166113,0.4485049833887043,6.669322709163347,1.2908366533864541,0.43027888446215135,0.2398406374501992,1.2777301468224198,10.6875,30.0
18592,2025,26.0,2246.0,13.584149599287622,2.404274265360641,1.0418521816562778,13.088897992625972,1.9541171650962719,0.8848832445718968,0.9201147070872593,1.0378375327656053,30.875,33.0
18737,2025,0.0,,,,,,,,,,,0.0
18739,2025,0.0,,,,,9.246575342465754,3.698630136986301,0.6164383561643836,,,,29.0
18742,2025,10.0,706.0,9.560906515580736,1.6572237960339942,2.039660056657224,7.411263606247042,1.6185518220539519,0.766682442025556,0.33412210127780406,1.2900507961316792,11.875,30.0
18744,2025,21.0,1565.0,7.5910543130990416,0.9201277955271566,0.9201277955271566,,,,,,24.9375,
18746,2025,32.0,2730.0,9.428571428571429,0.5274725274725275,0.7582417582417582,10.970942593905033,1.371367824238129,1.2119064493267186,0.9673990077958894,0.8594130675526024,38.0,34.0
18753,2025,15.0,318.0,11.60377358490566,0.2830188679245283,1.6981132075471697,12.240802675585284,1.0033444816053512,1.2040133779264215,0.17725752508361203,0.9479585524280854,17.8125,37.0
18753,2025,8.0,116.0,15.517241379310345,,0.7758620689655172,12.240802675585284,1.0033444816053512,1.2040133779264215,0.06465997770345597,1.2676653476540418,9.5,37.0
18758,2025,3.0,12.0,22.5,,,5.8604651162790695,1.255813953488372,,0.05581395348837209,3.8392857142857144,3.5625,5.0
18766,2025,29.0,2209.0,15.767315527387957,0.4074241738343142,1.5074694431869624,15.6353591160221,0.49723756906077343,1.4917127071823204,1.3560466543891958,1.0084396150025514,34.4375,26.0
18778,2025,31.0,1676.0,6.819809069212411,0.6443914081145585,0.8054892601431981,8.306908267270668,0.8154020385050963,0.7644394110985276,0.9490373725934315,0.8209804237374996,36.8125,34.0
18806,2025,28.0,1368.0,9.144736842105264,1.644736842105263,1.25,11.643059490084985,2.8045325779036827,2.7620396600566575,0.6458923512747875,0.7854238698937125,33.25,33.0
18814,2025,10.0,606.0,5.94059405940594,1.0396039603960396,1.0396039603960396,5.372144436256448,1.724392041267502,0.6632277081798084,0.44657332350773765,1.1058142851322168,11.875,30.0
18816,2025,3.0,127.0,11.338582677165354,2.8346456692913384,2.1259842519685037,,,,,,3.5625,
18846,2025,22.0,1906.0,7.130115424973767,1.4165792235047219,0.9916054564533054,8.957210776545166,1.9968304278922346,0.7131537242472267,0.6041204437400951,0.7960196095467883,26.125,36.0
18860,2025,0.0,,,,,0.4,,,,,,5.0
18861,2025,14.0,503.0,6.620278330019881,1.4314115308151092,0.3578528827037773,5.101744186046512,1.177325581395349,0.2616279069767442,0.7311046511627907,1.2976499974511904,16.625,19.0
18862,2025,8.0,506.0,6.758893280632411,2.4901185770750986,0.7114624505928854,6.012526096033402,2.2546972860125263,0.3757828810020876,1.0563674321503131,1.1241353754940713,9.5,13.0
18869,2025,19.0,827.0,6.964933494558645,1.305925030229746,1.5235792019347039,6.5936130244207884,1.3525360050093926,1.0707576706324358,0.5178459611772073,1.0563151748157793,22.5625,25.0
18870,2025,26.0,1085.0,9.290322580645162,1.327188940092166,0.9124423963133641,11.285563751317175,1.327713382507903,1.0432033719704954,1.143308746048472,0.8232041203578206,30.875,29.0
18872,2025,16.0,892.0,7.668161434977578,2.5224215246636774,0.8071748878923767,8.492276695768972,2.447951645399597,1.480859637340497,0.2995298858294157,0.9029570879147184,19.0,36.0
18883,2025,13.0,870.0,12.103448275862068,1.8620689655172413,0.9310344827586207,12.408163265306122,0.7346938775510204,1.469387755102041,0.3945578231292517,0.9754423774954627,15.4375,27.0
18885,2025,16.0,1440.0,0.5625,,,,,,,,19.0,
18886,2025,32.0,2880.0,1.03125,0.03125,,0.5,,,3.2,2.0625,38.0,10.0
18889,2025,0.0,,,,,,,,,,,
18894,2025,2.0,25.0,3.6,,,,,,,,2.375,0.0
18901,2025,18.0,969.0,10.959752321981425,3.436532507739938,0.9287925696594427,8.94267515923567,3.095541401273885,1.0318471337579618,1.2343949044585987,1.2255563493953587,21.375,25.0
18911,2025,22.0,1967.0,0.6405693950177935,0.045754956786985254,,0.7142857142857142,,0.07142857142857142,0.7805555555555556,0.896797153024911,26.125,31.0
18927,2025,6.0,78.0,20.76923076923077,,2.3076923076923075,,,,,,7.125,
18929,2025,19.0,1035.0,7.826086956521739,1.565217391304348,0.8695652173913043,9.549418604651162,0.8502906976744186,0.39244186046511625,0.7521802325581395,0.8195354377605718,22.5625,21.0
18931,2025,9.0,574.0,8.153310104529616,0.156794425087108,0.7839721254355401,10.214909335124245,0.18132975151108124,0.7555406312961719,0.19274680993955676,0.7981774323237737,10.6875,36.0
18932,2025,0.0,,,,,0.4285714285714286,,,,,,7.0
18933,2025,1.0,45.0,,,,,,,,,1.1875,
18959,2025,30.0,2615.0,0.8260038240917782,0.06883365200764818,0.06883365200764818,0.59375,,0.0625,0.9079861111111112,1.3911643353124685,35.625,32.0
18960,2025,0.0,,,,,1.5,,,,,,26.0
18961,2025,23.0,1824.0,11.595394736842104,1.529605263157895,1.6282894736842106,8.864864864864865,1.0540540540540542,0.9189189189189189,0.5477477477477477,1.3080170892169447,27.3125,37.0
18963,2025,29.0,2565.0,6.736842105263158,1.1228070175438596,0.4912280701754386,5.573691790686509,0.7345175228036487,0.30244839174267885,1.231397023523764,1.2086857971802893,34.4375,25.0
18968,2025,8.0,463.0,7.775377969762419,3.4989200863930887,0.7775377969762419,10.23454157782516,3.1343283582089554,1.791044776119403,0.3290689410092395,0.7597192224622029,9.5,28.0
18970,2025,13.0,1096.0,7.554744525547445,1.7244525547445255,0.9854014598540146,,,,,,15.4375,0.0
18973,2025,1.0,11.0,8.181818181818182,,,11.25,3.214285714285714,1.0714285714285714,0.06547619047619048,0.7272727272727273,1.1875,13.0
18979,2025,30.0,1997.0,9.14872308462694,0.27040560841261896,1.3520280420630946,,,,,,35.625,
19012,2025,0.0,,,,,,,,,,,0.0
19025,2025,20.0,592.0,7.14527027027027,0.6081081081081081,1.2162162162162162,9.968354430379746,1.85126582278481,1.139240506329114,0.9367088607594937,0.7167953667953668,23.75,35.0
19030,2025,4.0,187.0,8.663101604278074,1.9251336898395721,0.9625668449197861,7.963752665245202,1.535181236673774,1.535181236673774,0.19936034115138593,1.0878165066683847,4.75,21.0
19032,2025,25.0,1660.0,9.216867469879517,2.3855421686746987,1.680722891566265,,,,,,29.6875,
19035,2025,1.0,8.0,11.25,,,6.825842696629214,1.2640449438202246,,0.02247191011235955,1.6481481481481481,1.1875,18.0
19035,2025,4.0,109.0,3.302752293577982,,,6.825842696629214,1.2640449438202246,,0.3061797752808989,0.4838600067957866,4.75,18.0
19071,2025,30.0,1492.0,13.934316353887398,2.292225201072386,2.111260053619303,27.931034482758623,6.206896551724138,4.137931034482759,17.149425287356323,0.49888293118856114,35.625,12.0
19088,2025,30.0,2700.0,0.6666666666666667,,0.03333333333333333,0.5263157894736842,0.052631578947368425,,0.7894736842105263,1.2666666666666668,35.625,38.0
19089,2025,0.0,,,,,,,,,,,
19128,2025,11.0,263.0,8.212927756653993,1.7110266159695817,0.34220532319391633,10.53742802303263,1.381957773512476,0.5614203454894433,0.1261996161228407,0.779405348126909,13.0625,34.0
19143,2025,12.0,1080.0,0.5,0.16666666666666669,,,,,1.7142857142857142,,14.25,7.0
19145,2025,15.0,751.0,9.107856191744341,1.7976031957390146,0.5992010652463382,,,,,,17.8125,
19163,2025,27.0,1344.0,7.366071428571429,0.9375,0.40178571428571425,7.64186633039092,1.0592686002522067,0.416141235813367,0.5649432534678437,0.9639100070721358,32.0625,35.0
19170,2025,32.0,2835.0,12.095238095238095,1.0793650793650793,1.2380952380952381,12.79961649089166,1.236816874400767,1.4381591562799616,0.9060402684563759,0.9449687890137327,38.0,37.0
19179,2025,13.0,963.0,6.822429906542056,0.37383177570093457,0.4672897196261683,5.941123996431758,0.5619982158786797,0.32114183764495985,0.8590544157002676,1.1483399287137603,15.4375,14.0
19182,2025,11.0,932.0,6.5665236051502145,1.1587982832618027,0.9656652360515021,6.290040768782761,1.6249271986022131,0.8910891089108911,0.5428072218986605,1.0439556509298997,13.0625,22.0
19187,2025,20.0,1631.0,11.587982832618025,1.1587982832618027,0.7173513182096873,10.775510204081632,1.1020408163265305,0.6122448979591837,2.219047619047619,1.0753999219664454,23.75,32.0
19191,2025,25.0,1830.0,10.180327868852459,1.3278688524590165,1.278688524590164,10.13351134846462,1.3217623497997328,1.7222963951935917,0.8144192256341789,1.0046199701937406,29.6875,34.0
19192,2025,22.0,1103.0,8.812330009066184,2.1214868540344516,1.2239347234814144,8.88412017167382,1.6554261189454322,0.7173513182096873,0.6762722256284488,0.9919192715518941,26.125,29.0
19194,2025,9.0,214.0,6.308411214953271,1.2616822429906542,0.4205607476635514,,,,,,10.6875,
19201,2025,30.0,2507.0,9.513362584762664,2.0103709613083365,1.2564818508177102,,,,,,35.625,
19220,2025,18.0,820.0,9.548780487804878,1.5365853658536586,1.3170731707317074,10.512,2.16,2.3040000000000003,1.312,0.9083695289007684,21.375,20.0
19221,2025,30.0,2357.0,5.803988120492151,0.9164191769198132,0.42002545608824776,8.435081685296646,1.5477214101461736,0.9286328460877042,2.0266552020636284,0.6880772868636464,35.625,28.0
19235,2025,24.0,1819.0,10.637713029136888,1.8306761957119297,1.1379879054425508,11.778523489932887,2.466442953020134,1.0570469798657718,1.017337807606264,0.9031448668611944,28.5,25.0
19245,2025,28.0,2216.0,10.681407942238266,1.4214801444043321,1.055956678700361,13.328173374613003,2.043343653250774,1.5789473684210527,1.1434468524251806,0.801415741078504,33.25,29.0
19281,2025,20.0,1798.0,14.866518353726363,1.4015572858731924,1.9021134593993327,15.03272047366781,1.5425366157681522,2.047366780928638,0.5602991586163913,0.988943975893613,23.75,37.0
19281,2025,10.0,880.0,9.818181818181818,1.2272727272727273,1.4318181818181817,15.03272047366781,1.5425366157681522,2.047366780928638,0.2742287316921159,0.6531207598371778,11.875,37.0
19287,2025,1.0,8.0,11.25,,11.25,,,,,,1.1875,
19298,2025,29.0,2537.0,7.839968466692945,1.8092234923137565,1.3480488766259362,8.623013962445835,2.4265767934520945,1.1699566682715454,1.2214732787674532,0.909191206327261,34.4375,29.0
19305,2025,17.0,437.0,12.562929061784896,2.265446224256293,1.6475972540045767,12.661417322834646,1.984251968503937,2.5039370078740157,0.2293963254593176,0.9922213873424638,20.1875,35.0
19321,2025,29.0,2547.0,7.632508833922262,1.1307420494699647,0.4240282685512367,,,,,,34.4375,
19329,2025,15.0,422.0,7.890995260663507,1.066350710900474,0.2132701421800948,,,,,,17.8125,
19340,2025,0.0,,,,,,,,,,,
19341,2025,0.0,,,,,1.0,,,,,,18.0
19346,2025,25.0,1334.0,9.04047976011994,1.0119940029985008,1.0119940029985008,15.483870967741936,1.935483870967742,1.935483870967742,14.344086021505376,0.5838643178410794,29.6875,5.0
19354,2025,30.0,2676.0,4.405829596412556,0.6726457399103138,0.36995515695067266,5.33197139938713,1.041879468845761,0.2757916241062308,0.9111338100102145,0.8263040564919333,35.625,35.0
19366,2025,31.0,2392.0,9.481605351170568,0.7148829431438127,1.0911371237458194,10.0,0.3448275862068965,1.0,0.9164750957854406,0.9481605351170568,36.8125,38.0
19428,2025,32.0,2868.0,11.705020920502092,1.3179916317991631,0.5334728033472803,11.75226586102719,1.2386706948640485,0.6042296072507553,0.9627391742195368,0.9959799292252423,38.0,34.0
19461,2025,25.0,893.0,12.497200447928332,0.8062709966405375,1.612541993281075,,,,,,29.6875,
19465,2025,32.0,2880.0,0.625,0.03125,,,,,,,38.0,
19480,2025,6.0,62.0,4.354838709677419,,,20.0,5.454545454545455,5.454545454545455,0.6262626262626263,0.21774193548387094,7.125,12.0
19484,2025,8.0,640.0,6.609375,0.421875,1.265625,6.172248803827752,0.8612440191387559,0.8612440191387559,0.5103668261562998,1.0708212209302326,9.5,20.0
19495,2025,29.0,2432.0,7.882401315789474,0.9251644736842106,0.5921052631578947,8.394736842105264,1.0526315789473684,0.763157894736842,0.7111111111111111,0.9389694357366771,34.4375,38.0
19545,2025,27.0,1896.0,8.686708860759493,2.231012658227848,1.2816455696202531,7.535277516462841,0.8466603951081844,0.6773283160865475,1.7836312323612418,1.1528054330820652,32.0625,19.0
19549,2025,16.0,1115.0,8.878923766816143,2.905829596412556,0.8071748878923767,10.344174297442374,2.699715819387433,0.8809598989580043,0.3520682033470161,0.8583501700093629,19.0,36.0
19586,2025,1.0,84.0,9.642857142857142,1.0714285714285714,2.142857142857143,11.755666538609297,1.3484441029581253,0.4494813676527084,0.032270457164809835,0.8202731092436975,1.1875,34.0
19586,2025,26.0,1456.0,8.962912087912088,0.989010989010989,0.8653846153846154,11.755666538609297,1.3484441029581253,0.4494813676527084,0.5593545908567038,0.7624333387201033,30.875,34.0
19599,2025,27.0,2385.0,0.9811320754716981,,,0.6195244055068836,0.08448060075093868,0.056320400500625784,0.7462453066332916,1.5836859157613874,32.0625,37.0
19684,2025,0.0,,,,,,,,,,,0.0
19720,2025,29.0,2552.0,7.65282131661442,1.2343260188087775,0.7053291536050156,5.757290686735654,0.9313264346190029,0.7619943555973658,2.400752587017874,1.329240042411949,34.4375,12.0
19760,2025,23.0,1376.0,9.680232558139535,2.0276162790697674,0.6540697674418604,9.70890410958904,1.7876712328767126,0.8938356164383563,0.4712328767123288,0.997046880767811,27.3125,36.0
19789,2025,4.0,321.0,9.532710280373832,1.4018691588785046,,8.32723470987977,1.6466283324621014,0.3763721902770517,0.16779926816518556,1.1447630110706304,4.75,31.0
19827,2025,18.0,1519.0,7.169190256747861,1.8367346938775508,0.9479921000658328,,,,,,21.375,
19881,2025,0.0,,,,,,,,,,,
19910,2025,3.0,13.0,20.76923076923077,,,,,,,,3.5625,
19911,2025,9.0,344.0,7.063953488372093,0.7848837209302325,1.0465116279069768,,,,,,10.6875,
19959,2025,8.0,496.0,11.068548387096774,2.721774193548387,0.907258064516129,6.9744435284418795,1.4839241549876339,0.7419620774938169,0.4089035449299258,1.5870152711050103,9.5,20.0
20093,2025,23.0,1580.0,10.993670886075948,1.7088607594936709,0.6265822784810127,12.65625,3.013392857142857,1.40625,3.5267857142857144,0.8686357243319268,27.3125,10.0
20303,2025,28.0,1596.0,9.417293233082706,2.2556390977443606,1.4097744360902256,,,,,,33.25,
20355,2025,11.0,913.0,0.7886089813800657,,,,,,0.33814814814814814,,13.0625,30.0
20589,2025,27.0,2216.0,9.5442238267148,0.9341155234657039,0.8528880866425992,10.140474100087795,1.2906057945566287,0.6584723441615452,0.6485220954053263,0.941200947067373,32.0625,38.0
20619,2025,0.0,,,,,,,,,,,
20638,2025,30.0,2405.0,10.365904365904367,2.61954261954262,0.972972972972973,,,,,,35.625,
20649,2025,14.0,437.0,9.679633867276888,0.6178489702517163,0.8237986270022883,8.111983612154319,0.6759986343461932,1.0447251621713896,0.14919767838852852,1.1932511615005894,16.625,35.0
20665,2025,23.0,1150.0,12.208695652173914,2.0347826086956524,1.4086956521739131,11.869871043376317,2.0574443141852288,1.6354044548651816,0.6740914419695193,1.028544927536232,27.3125,37.0
20995,2025,29.0,2576.0,9.817546583850932,1.781832298136646,1.0481366459627328,7.562540089801154,1.962796664528544,0.981398332264272,0.826170622193714,1.2981810962021716,34.4375,35.0
21104,2025,24.0,1325.0,14.943396226415093,1.4943396226415095,2.309433962264151,,,,,,28.5,
21138,2025,14.0,808.0,13.254950495049505,3.2301980198019797,1.448019801980198,11.735378715244487,2.5599232981783318,0.862895493767977,0.25822946628315757,1.129486386138614,16.625,37.0
21566,2025,0.0,,,,,,,,,,,
21694,2025,2.0,180.0,5.0,0.5,,,,,,,2.375,0.0
21998,2025,8.0,720.0,4.0,0.75,0.625,8.852459016393443,1.6598360655737705,0.5532786885245902,1.4754098360655739,0.45185185185185184,9.5,7.0
22090,2025,26.0,2165.0,8.272517321016165,1.2471131639722863,0.7482678983833719,6.982248520710059,1.8047337278106508,0.8284023668639053,0.7117028270874425,1.1847927349590948,30.875,35.0
22094,2025,20.0,1367.0,11.126554498902708,1.2509144111192392,1.2509144111192392,8.877551020408163,0.9948979591836735,1.8367346938775508,1.1624149659863945,1.253336024014328,23.75,15.0
22136,2025,18.0,1286.0,7.768273716951788,1.3996889580093312,0.5598755832037325,,,,,,21.375,
22149,2025,24.0,1865.0,9.989276139410189,2.6541554959785523,1.737265415549598,12.814070351758794,4.221105527638191,2.412060301507538,3.123953098827471,0.7795552751931872,28.5,18.0
22157,2025,1.0,90.0,,,,,,,,,1.1875,
22160,2025,9.0,549.0,8.524590163934427,1.9672131147540983,1.1475409836065575,,,,,,10.6875,
22224,2025,26.0,2256.0,8.696808510638299,1.3164893617021276,0.6382978723404256,6.2383770076077765,0.9509721048182587,0.7227387996618766,0.9535080304311073,1.3940819062445946,30.875,28.0
22225,2025,19.0,1519.0,10.605661619486504,1.7774851876234365,1.6589861751152073,,,,,,22.5625,
24760,2025,7.0,630.0,0.8571428571428572,,0.14285714285714285,,,,,,8.3125,
24888,2025,21.0,1174.0,7.12947189097104,0.6132879045996593,1.686541737649063,8.446153846153846,0.8307692307692308,0.8307692307692308,1.8061538461538462,0.8441086938308152,24.9375,21.0
25004,2025,0.0,,,,,0.4913557779799818,,0.0818926296633303,,,,38.0
25004,2025,3.0,270.0,0.33333333333333337,,,0.4913557779799818,,0.0818926296633303,0.2456778889899909,0.6783950617283951,3.5625,38.0
25073,2025,22.0,1267.0,8.310970797158642,1.7048145224940807,1.207576953433307,5.627459554000874,1.4954088325317008,0.9444687363358112,0.5540008745080892,1.4768601564181676,26.125,32.0
25287,2025,18.0,967.0,12.843846949327817,1.954498448810755,1.0237849017580145,7.802850356294536,0.7482185273159145,0.9619952494061756,1.1484560570071258,1.646045529883413,21.375,10.0
25391,2025,8.0,408.0,15.220588235294118,0.4411764705882353,2.4264705882352944,15.70700636942675,0.45859872611464964,2.4076433121019107,0.5197452229299363,0.969031773293259,9.5,18.0
25927,2025,25.0,1969.0,11.838496698831895,0.41137633316404265,0.7770441848654139,11.613995485327314,0.6094808126410836,0.9142212189616252,0.7407825432656132,1.019330230822649,29.6875,37.0
26303,2025,6.0,54.0,16.666666666666664,5.0,5.0,,,,,,7.125,
26644,2025,0.0,,,,,,,,,,,
30407,2025,6.0,63.0,11.428571428571427,,1.4285714285714284,9.384941675503713,2.513255567338282,1.3997879109225875,0.022269353128313893,1.2177562550443903,7.125,34.0
30410,2025,23.0,354.0,12.203389830508474,2.0338983050847457,2.288135593220339,15.576923076923077,0.8653846153846154,2.5961538461538463,3.4038461538461537,0.783427495291902,27.3125,6.0
30776,2025,23.0,1872.0,11.25,2.7884615384615383,1.5384615384615385,9.310344827586206,2.2800844475721322,0.8866995073891626,1.3173821252638986,1.2083333333333335,27.3125,18.0
31057,2025,1.0,16.0,22.5,5.625,,,,,,,1.1875,0.0
31146,2025,30.0,2134.0,7.211808809746954,1.2230552952202436,0.8013120899718839,8.346636259977195,1.7445838084378564,1.2656784492588369,0.8110984416571646,0.8640377494737812,35.625,36.0
31354,2025,31.0,2790.0,0.5806451612903226,0.03225806451612903,,0.5,,,1.2916666666666667,1.1612903225806452,36.8125,26.0
32966,2025,22.0,849.0,7.95053003533569,2.0141342756183747,0.8480565371024734,,,,,,26.125,
36878,2025,6.0,500.0,0.54,,0.18,,,,,,7.125,
36902,2025,26.0,1503.0,6.826347305389222,0.5988023952095808,1.0778443113772456,,,,,,30.875,
36922,2025,27.0,2393.0,8.34935227747597,0.5641454241537819,0.4889260342666109,9.041731066460589,1.3562596599690881,0.7998454404945905,0.9246522411128284,0.9234240894917867,32.0625,31.0
36927,2025,23.0,1312.0,14.268292682926829,0.6859756097560975,2.3323170731707314,,,,,,27.3125,
37127,2025,20.0,1078.0,6.512059369202226,1.4192949907235621,0.5844155844155845,7.181467181467181,0.7335907335907337,0.4633204633204633,0.4624624624624625,0.9067867616254712,23.75,30.0
37143,2025,25.0,1432.0,6.222067039106146,2.136871508379888,0.8798882681564246,,,,,,29.6875,
37145,2025,2.0,24.0,3.75,3.75,,9.801980198019802,1.7821782178217822,2.673267326732673,0.2376237623762376,0.38257575757575757,2.375,3.0
37381,2025,5.0,55.0,11.454545454545453,1.6363636363636362,,,,,,,5.9375,
37724,2025,25.0,1942.0,11.446961894953656,1.529351184346035,1.8537590113285274,12.824133504492941,1.5019255455712452,1.0397946084724006,2.4929396662387675,0.8926109425594492,29.6875,19.0
37882,2025,20.0,986.0,10.405679513184584,0.7302231237322515,0.6389452332657201,,,,,,23.75,
38695,2025,30.0,2671.0,9.299887682515912,1.5162860351928116,0.7749906402096592,7.90273556231003,1.3677811550151977,0.7598784194528876,0.9020601148260723,1.176793479826052,35.625,34.0
38734,2025,19.0,1298.0,9.36055469953775,0.9707241910631742,0.6933744221879815,11.196172248803828,2.583732057416268,1.076555023923445,3.1052631578947367,0.8360495436766624,22.5625,10.0
38746,2025,30.0,2457.0,9.413919413919414,2.417582417582418,1.3919413919413919,8.914568716467189,2.1543541064795706,1.1514651258770119,1.0140321914981427,1.0560151268484603,35.625,30.0
38750,2025,25.0,1470.0,12.857142857142856,0.4285714285714286,1.4081632653061227,,,,,,29.6875,
41104,2025,27.0,1808.0,12.8429203539823,4.82853982300885,1.095132743362832,,,,,,32.0625,0.0
41606,2025,14.0,1101.0,8.583106267029974,2.6158038147138964,0.8174386920980927,8.01605504587156,2.0986238532110093,0.8256880733944955,0.4208715596330275,1.070739437031493,16.625,31.0
41621,2025,28.0,2357.0,8.285956724649978,1.8710224862112854,0.4963937208315656,9.845422116527942,1.8727705112960762,1.605231866825208,1.401307966706302,0.8416050248104628,33.25,35.0
44871,2025,18.0,617.0,8.897893030794165,1.7504051863857375,0.8752025931928687,,,,,,21.375,0.0
46815,2025,18.0,1484.0,5.761455525606469,1.2129380053908356,0.3032345013477089,4.99009900990099,0.9356435643564357,0.3564356435643564,0.7346534653465346,1.1545773969965345,21.375,28.0
47311,2025,21.0,1007.0,15.283018867924527,2.323733862959285,1.8768619662363457,16.280834914611006,2.618595825426945,2.333965844402277,0.6369386464263125,0.9387122311650613,24.9375,28.0
47315,2025,32.0,2680.0,7.522388059701493,1.914179104477612,0.9402985074626866,,,,,,38.0,
47380,2025,28.0,2170.0,7.880184331797235,1.9078341013824884,1.4516129032258065,8.367892976588628,2.016722408026756,1.1137123745819397,0.725752508361204,0.9417166727447536,33.25,36.0
47438,2025,30.0,1771.0,7.571993224167137,1.5753811405985318,0.7622811970638057,7.807737397420867,1.4771395076201643,0.7385697538100822,2.0762016412661195,0.9698063393715568,35.625,24.0
47499,2025,18.0,202.0,23.613861386138616,0.44554455445544555,2.673267326732673,23.217391304347824,0.2608695652173913,1.565217391304348,0.5855072463768116,1.0170764267437982,21.375,17.0
47519,2025,28.0,2258.0,8.370239149689992,2.032772364924712,1.0761736049601418,8.555001916443082,2.2767343809888847,0.8623993867382138,0.8654656956688387,0.9784029543701249,33.25,33.0
47521,2025,1.0,27.0,6.666666666666666,,,,,,,,1.1875,
47522,2025,8.0,331.0,8.972809667673717,2.719033232628399,1.0876132930513596,,,,,,9.5,
47522,2025,9.0,505.0,8.01980198019802,1.9603960396039604,1.4257425742574257,,,,,,10.6875,
47903,2025,16.0,1269.0,7.446808510638298,1.4184397163120566,0.35460992907801414,,,,,,19.0,
47969,2025,30.0,2463.0,11.364190012180268,2.2655298416565164,1.0962241169305724,,,,,,35.625,
48389,2025,24.0,1303.0,12.709132770529546,1.3814274750575595,1.1051419800460476,,,,,,28.5,
48648,2025,24.0,1181.0,11.354784081287045,1.7527519051651144,1.2193056731583403,,,,,,28.5,
50132,2025,6.0,540.0,1.0,,,1.0,,,1.5,1.0,7.125,4.0
50739,2025,31.0,2081.0,14.574723690533398,1.9894281595386833,0.7784718885151369,,,,,,36.8125,
50856,2025,12.0,948.0,9.873417721518988,0.569620253164557,1.9936708860759493,,,,,,14.25,
51051,2025,0.0,,,,,7.151162790697675,1.744186046511628,1.2209302325581395,,,,19.0
51494,2025,22.0,901.0,14.783573806881243,4.594894561598224,2.397336293007769,13.880846325167038,3.858574610244989,2.05456570155902,0.5016703786191536,1.065034037591605,26.125,32.0
55904,2025,26.0,2007.0,11.88340807174888,1.390134529147982,1.1210762331838566,,,,,,30.875,
61431,2025,0.0,,,,,5.644876325088339,1.7491166077738516,0.7950530035335689,,,,37.0
61742,2025,1.0,90.0,,,,0.625,,,0.625,,1.1875,2.0
64003,2025,29.0,2521.0,9.53193177310591,1.1067036890122965,0.7854026180087268,,,,,,34.4375,
64167,2025,0.0,,,,,,,,,,,
66407,2025,25.0,2130.0,7.690140845070423,1.056338028169014,1.267605633802817,,,,,,29.6875,
67943,2025,15.0,955.0,7.2565445026178015,2.261780104712042,1.0366492146596857,6.637744034707158,2.1475054229934925,1.0737527114967462,1.0357917570498916,1.093224514936865,17.8125,34.0
67971,2025,20.0,1800.0,8.049999999999999,1.5,0.7,8.382352941176471,1.823529411764706,0.7058823529411764,0.5882352941176471,0.9603508771929823,23.75,34.0
67971,2025,9.0,810.0,8.666666666666666,1.1111111111111112,0.4444444444444444,8.382352941176471,1.823529411764706,0.7058823529411764,0.2647058823529412,1.0339181286549706,10.6875,34.0
67972,2025,10.0,679.0,9.941089837997055,1.3254786450662739,1.8556701030927836,,,,,,11.875,0.0
68466,2025,7.0,163.0,8.282208588957054,3.3128834355828225,0.5521472392638037,13.5,3.9374999999999996,3.375,1.01875,0.6134969325153373,8.3125,10.0
70100,2025,18.0,550.0,13.254545454545456,1.309090909090909,1.309090909090909,11.58605974395448,0.8961593172119487,0.5761024182076814,0.3911806543385491,1.1440080361627325,21.375,32.0
70366,2025,5.0,438.0,,,,,,,,,5.9375,
80296,2025,16.0,1440.0,0.625,,0.0625,,,,,,19.0,
81573,2025,17.0,600.0,11.4,1.8,1.5,9.983193277310924,0.9831932773109243,1.134453781512605,0.5042016806722689,1.141919191919192,20.1875,16.0
82855,2025,0.0,,,,,,,,,,,1.0
84082,2025,0.0,,,,,,,,,,,0.0
84087,2025,27.0,1074.0,12.150837988826815,0.7541899441340782,1.089385474860335,,,,,,32.0625,
90590,2025,26.0,1641.0,13.93053016453382,1.5356489945155394,1.4808043875685557,16.632775119617225,2.099282296650718,1.8301435406698563,0.9814593301435407,0.8375349311434933,30.875,28.0
92993,2025,22.0,1671.0,14.111310592459605,3.4470377019748653,1.400359066427289,16.019138755980862,4.9952153110047846,1.9808612440191387,1.599043062200957,0.8809032000669227,26.125,28.0
98936,2025,23.0,1307.0,13.427697016067329,0.9640397857689365,1.4460596786534046,,,,,,27.3125,
106725,2025,30.0,1452.0,8.491735537190083,1.177685950413223,0.8057851239669421,8.384912959381044,1.4216634429400388,0.5222437137330754,0.46808510638297873,1.012739855300409,35.625,38.0
106835,2025,21.0,1436.0,10.59192200557103,0.8774373259052926,1.5041782729805016,11.655172413793103,1.5517241379310345,1.379310344827586,0.550191570881226,0.9087743732590529,24.9375,36.0
110153,2025,28.0,1279.0,17.802971071149333,0.42220484753713844,1.196247068021892,,,,,,33.25,
115589,2025,27.0,1423.0,11.890372452565003,0.3162333099086437,0.9486999297259312,,,,,,32.0625,
116117,2025,27.0,2267.0,10.08381120423467,3.0569033965593295,1.6674018526687253,10.753873659117998,3.0572109654350417,1.8772348033373065,0.6755065554231228,0.9376910612749114,32.0625,38.0
118307,2025,32.0,2880.0,0.71875,,,,,,,,38.0,0.0
119121,2025,32.0,2591.0,9.934388267078347,2.0494017753763023,0.9031262060980316,,,,,,38.0,
125743,2025,32.0,1316.0,19.696048632218844,0.9574468085106382,1.9832826747720365,20.601700457815568,0.8240680183126226,1.9424460431654678,0.8606932635709614,0.9560399478940511,38.0,30.0
126949,2025,27.0,2423.0,9.397441188609163,1.9314898885678908,0.520016508460586,8.36883116883117,2.1974025974025975,0.5142857142857142,1.2587012987012987,1.1229096392348006,32.0625,29.0
127769,2025,26.0,906.0,11.42384105960265,0.9933774834437087,0.695364238410596,10.221932114882506,0.9007832898172324,0.6266318537859008,0.39425587467362927,1.117581385907488,30.875,33.0
127817,2025,21.0,1504.0,8.79654255319149,2.333776595744681,0.9574468085106382,,,,,,24.9375,
128895,2025,7.0,165.0,9.818181818181818,1.0909090909090908,2.1818181818181817,,,,,,8.3125,
129033,2025,16.0,1304.0,6.625766871165645,1.2423312883435582,1.1042944785276074,7.383348581884721,1.6193961573650504,0.43915827996340345,0.39768222018908206,0.8973932082012454,19.0,38.0
129058,2025,32.0,2880.0,0.53125,0.03125,0.0625,0.5,,,0.8888888888888888,1.0625,38.0,36.0
129142,2025,22.0,1322.0,7.624810892586989,1.6338880484114977,1.0892586989409985,,,,,,26.125,
129682,2025,27.0,1050.0,14.485714285714286,2.914285714285714,2.2285714285714286,,,,,,32.0625,
129695,2025,10.0,343.0,11.545189504373178,0.5247813411078717,2.361516034985423,,,,,,11.875,
129711,2025,16.0,628.0,6.019108280254777,1.8630573248407643,0.28662420382165604,7.975206611570248,1.6115702479338843,1.115702479338843,0.28833792470156105,0.7547275667469721,19.0,33.0
129711,2025,12.0,697.0,7.618364418938308,0.9038737446197991,1.4203730272596844,7.975206611570248,1.6115702479338843,1.115702479338843,0.3200183654729109,0.9552560566751661,14.25,33.0
135068,2025,14.0,1101.0,8.583106267029974,2.6158038147138964,0.8174386920980927,7.016300496102055,1.9135364989369241,0.44649184975194894,0.780297661233168,1.2233093881595247,16.625,16.0
135334,2025,23.0,2013.0,7.153502235469449,1.8330849478390463,0.9388971684053652,7.70979020979021,2.1503496503496504,1.3636363636363638,1.1730769230769231,0.9278465484554478,27.3125,37.0
135525,2025,0.0,,,,,,,,,,,
136723,2025,21.0,962.0,13.378378378378379,1.683991683991684,1.2162162162162162,10.453879941434847,1.0980966325036603,0.9663250366032211,0.4694973157637872,1.2797524415171473,24.9375,32.0
137303,2025,13.0,597.0,15.527638190954775,2.7135678391959797,1.6582914572864322,,,,,,15.4375,
137303,2025,6.0,299.0,15.050167224080267,1.8060200668896322,1.2040133779264215,,,,,,7.125,
138417,2025,6.0,265.0,11.20754716981132,3.3962264150943393,0.6792452830188679,12.06997084548105,2.8862973760932946,1.5743440233236152,0.7725947521865889,0.9285479901558654,7.125,10.0
138776,2025,0.0,,,,,,,,,,,
138780,2025,31.0,2715.0,11.005524861878452,2.685082872928177,0.8618784530386739,10.9772989611389,3.116583301269719,0.8310888803385917,1.0446325509811465,1.0025712974420644,36.8125,38.0
138787,2025,26.0,1817.0,10.599889928453495,0.9411117226197029,0.6439185470555862,10.56873977086743,1.1783960720130933,0.7364975450081833,0.7434533551554828,1.0029473861842952,30.875,34.0
138816,2025,25.0,1282.0,11.58346333853354,2.527301092043682,0.842433697347894,9.742268041237114,2.2422680412371134,0.8505154639175257,1.1013745704467355,1.1889904167595273,29.6875,37.0
138822,2025,21.0,837.0,20.21505376344086,0.6451612903225806,1.2903225806451613,,,,,,24.9375,
138844,2025,0.0,,,,,,,,,,,0.0
138908,2025,32.0,2869.0,14.743813175322412,2.854653189264552,1.5057511327988846,,,,,,38.0,
141901,2025,1.0,11.0,32.72727272727273,16.363636363636363,,18.585858585858585,2.7272727272727275,2.4242424242424243,0.012345679012345678,1.7608695652173914,1.1875,31.0
147831,2025,9.0,107.0,10.093457943925234,0.8411214953271028,1.6822429906542056,,,,,,10.6875,
148099,2025,25.0,2103.0,9.586305278174038,1.7974322396576319,1.1126961483594864,,,,,,29.6875,
151756,2025,0.0,,,,,,,,,,,0.0
152654,2025,16.0,837.0,9.24731182795699,0.967741935483871,0.5376344086021506,,,,,,19.0,
152849,2025,29.0,2503.0,6.364362764682381,1.15061925689173,0.8270075908909308,7.691552062868369,0.8840864440078585,0.8840864440078585,2.4587426326129664,0.8274484411809278,34.4375,19.0
152856,2025,30.0,2295.0,9.254901960784315,0.2745098039215686,0.7843137254901962,9.713062098501071,0.6167023554603854,1.4261241970021414,0.9828693790149893,0.9528305149220182,35.625,32.0
152967,2025,24.0,2004.0,8.892215568862275,2.245508982035928,1.0329341317365268,6.7631750162654525,1.5810019518542615,0.7612231620039037,0.6519193233571894,1.3147989734816081,28.5,37.0
152982,2025,21.0,1516.0,8.845646437994723,1.187335092348285,0.712401055408971,7.5398562050640825,0.9565489215379807,0.4220068771491091,0.47389809315411063,1.173185031307841,24.9375,37.0
153066,2025,6.0,128.0,7.734375,2.109375,,12.77027027027027,2.635135135135135,1.0135135135135134,0.2882882882882883,0.6056547619047619,7.125,19.0
153430,2025,28.0,1227.0,10.19559902200489,1.0268948655256724,0.5867970660146699,9.175627240143369,0.7168458781362006,0.3225806451612903,0.4886499402628435,1.1111609871638142,33.25,38.0
156428,2025,0.0,,,,,4.0,,,,,,1.0
156477,2025,26.0,1392.0,12.86637931034483,1.5517241379310345,0.8405172413793104,,,,,,30.875,
157052,2025,22.0,1455.0,10.144329896907216,1.9175257731958764,1.5463917525773196,10.335365853658537,2.4695121951219514,1.4634146341463417,1.478658536585366,0.9815162850104916,26.125,22.0
157997,2025,26.0,1989.0,9.95475113122172,1.583710407239819,0.8144796380090499,11.504471330878484,1.7990531299316148,0.9942135718043135,1.0462914255654918,0.8652940969571327,30.875,26.0
158054,2025,28.0,1697.0,11.720683559222158,1.1667648791985858,1.0076605774896876,,,,,,33.25,
158694,2025,16.0,1254.0,7.392344497607656,1.4354066985645932,0.5023923444976076,8.58198451794511,1.710063335679099,0.1900070372976777,0.44123856439127374,0.8613793793440327,19.0,37.0
158697,2025,10.0,190.0,13.736842105263158,1.894736842105263,1.894736842105263,8.205882352941176,1.0588235294117647,1.588235294117647,0.5588235294117647,1.6740237691001698,11.875,15.0
161621,2025,23.0,891.0,10.303030303030303,1.4141414141414144,0.4040404040404041,,,,,,27.3125,
161907,2025,29.0,1832.0,7.5163755458515285,2.358078602620087,0.7368995633187773,7.9568733153638815,2.183288409703504,0.9703504043126685,0.987601078167116,0.944639338587709,34.4375,32.0
161933,2025,21.0,1375.0,11.127272727272727,2.3563636363636364,1.8327272727272728,9.672346002621232,1.8872870249017037,1.5334207077326345,1.802096985583224,1.150421286031042,24.9375,14.0
161948,2025,23.0,824.0,12.45145631067961,0.4368932038834951,1.9660194174757282,,,,,,27.3125,
162007,2025,24.0,1183.0,7.836010143702452,1.4454775993237532,1.1411665257819104,,,,,,28.5,
162016,2025,26.0,1616.0,12.698019801980196,1.8378712871287128,1.058168316831683,,,,,,30.875,
162076,2025,7.0,311.0,9.260450160771704,2.315112540192926,0.8681672025723474,,,,,,8.3125,
162128,2025,17.0,407.0,14.594594594594595,3.095823095823096,1.547911547911548,,,,,,20.1875,
162173,2025,0.0,,,,,,,,,,,0.0
162267,2025,32.0,2840.0,10.933098591549296,2.6936619718309855,1.1408450704225352,,,,,,38.0,
162489,2025,3.0,270.0,1.6666666666666665,0.6666666666666667,,,,,,,3.5625,
162498,2025,8.0,521.0,8.119001919385797,0.8637236084452974,1.5547024952015356,6.392657621707902,0.7182761372705506,0.4309656823623304,0.4158020750199521,1.2700511117341327,9.5,16.0
162511,2025,26.0,2340.0,0.38461538461538464,0.038461538461538464,,,,,,,30.875,
162552,2025,2.0,21.0,17.142857142857142,,4.285714285714286,,,,,,2.375,0.0
162714,2025,23.0,1674.0,9.89247311827957,2.4193548387096775,1.021505376344086,,,,,,27.3125,0.0
163069,2025,2.0,48.0,9.375,,,,,,,,2.375,
163189,2025,29.0,2424.0,8.79950495049505,1.2623762376237624,0.7797029702970297,,,,,,34.4375,
167657,2025,0.0,,,,,,,,,,,0.0
171035,2025,2.0,31.0,23.225806451612904,8.709677419354838,8.709677419354838,,,,,,2.375,0.0
174565,2025,28.0,1810.0,11.883977900552487,0.5469613259668509,1.740331491712707,,,,,,33.25,
177665,2025,26.0,2142.0,10.92436974789916,2.3949579831932772,1.3445378151260505,,,,,,30.875,
178077,2025,29.0,2307.0,14.200260078023407,1.4044213263979195,1.5604681404421326,15.495652173913044,1.5260869565217392,0.8217391304347826,1.0030434782608695,0.9164028669880425,34.4375,38.0
179400,2025,29.0,2495.0,6.565130260521043,1.2264529058116234,0.39679358717434865,,,,,,34.4375,
180308,2025,1.0,1.0,90.0,,90.0,,,,,,1.1875,0.0
180317,2025,15.0,932.0,13.133047210300429,1.834763948497854,1.7381974248927041,11.550802139037435,1.6844919786096255,1.4438502673796794,1.2459893048128343,1.136981402002861,17.8125,19.0
180560,2025,23.0,1012.0,15.029644268774705,2.2233201581027666,1.5118577075098814,,,,,,27.3125,0.0
180940,2025,0.0,,,,,,,,,,,
181797,2025,16.0,1322.0,8.2375189107413,1.7700453857791227,0.8850226928895614,,,,,,19.0,0.0
181806,2025,14.0,1026.0,6.140350877192982,1.7543859649122806,1.0526315789473684,,,,,,16.625,
182201,2025,31.0,2758.0,8.484408992023205,2.7411167512690358,0.7831762146482959,7.601547388781431,2.611218568665377,0.6673114119922631,0.8891038039974211,1.1161423534035617,36.8125,38.0
184226,2025,28.0,1815.0,11.206611570247935,1.586776859504132,1.2892561983471074,,,,,,33.25,
194536,2025,29.0,2610.0,1.0689655172413792,,,,,,,,34.4375,
195103,2025,30.0,2394.0,14.172932330827066,3.308270676691729,2.142857142857143,13.287579511215265,3.5252761968530297,2.1091396049548043,0.8014730498828255,1.0666301051191849,35.625,36.0
195106,2025,15.0,660.0,19.227272727272727,0.5454545454545454,1.6363636363636362,20.936842105263157,0.9473684210526315,1.0421052631578949,0.6947368421052632,0.9183463595228302,17.8125,31.0
195717,2025,23.0,1782.0,11.414141414141415,2.6262626262626263,1.2626262626262628,9.570135746606335,2.239819004524887,1.2217194570135748,4.031674208144796,1.1926833345273062,27.3125,5.0
195993,2025,16.0,697.0,12.00860832137733,1.6786226685796268,1.0329985652797704,11.235216819973719,1.3009198423127464,1.5374507227332457,0.9159001314060446,1.0688363663822396,19.0,15.0
196156,2025,32.0,2744.0,14.595481049562682,0.9511661807580174,1.9679300291545188,16.03448275862069,2.586206896551724,1.5517241379310345,15.770114942528735,0.9102558073920812,38.0,8.0
196855,2025,31.0,2221.0,10.778928410625845,1.4588023412877082,0.8104457451598378,,,,,,36.8125,0.0
196856,2025,0.0,,,,,,,,,,,0.0
199089,2025,3.0,120.0,9.75,,0.75,,,,,,3.5625,
202854,2025,12.0,375.0,19.200000000000003,4.32,2.16,,,,,,14.25,
203224,2025,28.0,2083.0,9.332693230916947,1.3394143062890063,0.8641382621219396,,,,,,33.25,
204039,2025,15.0,932.0,9.366952789699571,2.0278969957081547,1.255364806866953,10.615623383341957,3.4919813760993272,1.3502327987584066,0.4821520951888257,0.8823742564565921,17.8125,25.0
206254,2025,28.0,2044.0,7.793542074363992,1.761252446183953,0.8365949119373777,7.648114901256733,1.400359066427289,0.8078994614003591,0.6116098144823459,1.0190147735729445,33.25,38.0
237129,2025,23.0,1359.0,11.986754966887418,2.185430463576159,1.7218543046357617,12.078328981723237,2.3028720626631856,1.597911227154047,0.7096605744125326,0.9924183208642199,27.3125,36.0
237819,2025,23.0,904.0,17.920353982300885,1.8915929203539825,1.1946902654867257,,,,,,27.3125,
263538,2025,32.0,2237.0,9.374161823871257,2.293249888243183,1.4081358962896737,10.555170020818876,3.060374739764053,1.1866759195003471,1.5523941707147815,0.8881109262457909,38.0,31.0
265782,2025,18.0,856.0,5.36214953271028,0.9462616822429906,0.7359813084112149,,,,,,21.375,
265784,2025,29.0,2226.0,9.420485175202156,2.7493261455525606,1.3746630727762803,8.801603206412826,3.318637274549098,1.2985971943887775,0.892184368737475,1.0703146863446893,34.4375,35.0
265820,2025,25.0,1829.0,9.841443411700382,2.263531984691088,1.0333515582285402,11.107160995429151,2.696800406297613,1.691213814118842,0.9288979177247334,0.8860449052417949,29.6875,34.0
265826,2025,1.0,90.0,,,,0.8333333333333333,0.5,,0.16666666666666666,,1.1875,6.0
266657,2025,18.0,596.0,9.664429530201343,0.9060402684563758,1.2080536912751678,10.627118644067798,1.1694915254237288,0.864406779661017,0.3367231638418079,0.909412029157702,21.375,36.0
270139,2025,31.0,2646.0,8.70748299319728,1.7006802721088436,0.5102040816326531,7.858508604206501,1.4913957934990438,0.7456978967495219,1.6864244741873804,1.1080325074068558,36.8125,20.0
270508,2025,31.0,2058.0,9.533527696793003,2.011661807580175,1.0932944606413995,10.228502705953098,2.5977149729404694,1.677690920024053,1.2375225496091402,0.9320550593631254,36.8125,26.0
270510,2025,25.0,943.0,16.79745493107105,1.5270413573700956,1.1452810180275717,12.420591456736036,1.5772179627601315,1.380065717415115,1.0328587075575026,1.352387685367537,29.6875,13.0
276184,2025,2.0,98.0,2.7551020408163263,0.9183673469387754,,,,,,,2.375,
278079,2025,0.0,,,,,,,,,,,
278133,2025,9.0,472.0,12.77542372881356,1.5254237288135593,0.9533898305084745,20.76923076923077,,,36.30769230769231,0.6151129943502825,10.6875,3.0
278133,2025,8.0,350.0,10.799999999999999,1.8,0.7714285714285715,20.76923076923077,,,26.923076923076923,0.5199999999999999,9.5,3.0
278370,2025,29.0,2033.0,13.723561239547468,3.408755533694048,2.0363994097393014,13.53515625,3.69140625,1.40625,3.970703125,1.0139196759954263,34.4375,17.0
278454,2025,3.0,270.0,0.6666666666666667,,,,,,,,3.5625,
278898,2025,6.0,314.0,10.89171974522293,1.1464968152866242,1.1464968152866242,12.999999999999998,5.0,1.0,3.488888888888889,0.8378245957863794,7.125,6.0
280687,2025,29.0,2047.0,11.07962872496336,2.5500732779677575,0.6595017098192477,,,,,,34.4375,0.0
282125,2025,9.0,244.0,9.221311475409836,1.8442622950819672,2.2131147540983607,10.87173100871731,2.4657534246575343,1.7932752179327522,0.3038605230386052,0.8481916511745817,10.6875,16.0
282770,2025,16.0,649.0,10.12326656394453,2.4961479198767336,0.5546995377503853,9.513973268529769,2.5151883353584448,0.43742405832320774,0.7885783718104495,1.0640419389688822,19.0,34.0
283272,2025,0.0,,,,,,,,,,,1.0
284230,2025,10.0,333.0,8.378378378378379,1.6216216216216217,1.0810810810810811,6.784396415392726,1.423299947285187,0.5693199789140748,0.17554032683183976,1.234948234948235,11.875,36.0
284236,2025,0.0,,,,,,,,,,,0.0
284322,2025,22.0,1130.0,10.911504424778762,1.991150442477876,0.6371681415929203,13.152173913043478,2.5,1.467391304347826,0.6823671497584541,0.8296350471732612,26.125,26.0
284324,2025,21.0,1155.0,7.870129870129871,1.012987012987013,0.6233766233766234,10.860655737704919,1.2295081967213115,0.4918032786885246,0.5259562841530054,0.7246459201176182,24.9375,36.0
284327,2025,0.0,,,,,,,,,,,0.0
284385,2025,0.0,,,,,,,,,,,0.0
284390,2025,0.0,,,,,,,,,,,
284414,2025,14.0,412.0,13.762135922330096,1.0922330097087378,1.529126213592233,,,,,,16.625,
284428,2025,25.0,1356.0,12.079646017699115,1.1946902654867257,1.261061946902655,,,,,,29.6875,
284446,2025,21.0,1156.0,8.486159169550174,2.102076124567474,1.1678200692041523,,,,,,24.9375,0.0
284449,2025,0.0,,,,,,,,,,,0.0
284457,2025,24.0,857.0,9.661610268378064,2.100350058343057,1.47024504084014,11.722689075630253,2.6470588235294117,1.5126050420168067,1.800420168067227,0.8241803741483796,28.5,8.0
284492,2025,25.0,1842.0,12.21498371335505,2.247557003257329,0.7328990228013029,,,,,,29.6875,
284500,2025,24.0,1144.0,13.53146853146853,4.248251748251748,1.7307692307692308,,,,,,28.5,
284797,2025,26.0,1808.0,13.04203539823009,0.8960176991150443,1.1449115044247788,13.721973094170403,1.5695067264573992,0.7174887892376681,0.9008470353761834,0.9504489849036961,30.875,32.0
286458,2025,18.0,638.0,12.836990595611285,2.25705329153605,1.4106583072100312,10.588235294117647,3.103448275862069,1.460446247464503,1.2941176470588236,1.2123824451410659,21.375,23.0
286616,2025,3.0,264.0,0.6818181818181819,,,0.33333333333333337,,0.16666666666666669,0.4888888888888889,2.0454545454545454,3.5625,6.0
286894,2025,16.0,495.0,10.727272727272728,1.4545454545454546,1.0909090909090908,,,,,,19.0,
287868,2025,0.0,,,,,,,,,,,0.0
288102,2025,28.0,2200.0,9.85909090909091,2.4545454545454546,1.1863636363636363,9.296407185628743,2.2904191616766467,0.8083832335329341,1.6467065868263473,1.0605270092226613,33.25,21.0
288129,2025,0.0,,,,,,,,,,,
290545,2025,2.0,134.0,9.402985074626866,2.6865671641791042,0.6716417910447761,,,,,,2.375,
291363,2025,1.0,8.0,,,,,,,,,1.1875,0.0
293168,2025,2.0,135.0,7.333333333333334,2.0,,,,,,,2.375,0.0
296560,2025,29.0,1797.0,6.6110183639399,1.4524207011686143,0.4006677796327212,,,,,,34.4375,
297187,2025,0.0,,,,,,,,,,,
301187,2025,8.0,485.0,16.51546391752577,2.783505154639175,2.597938144329897,,,,,,9.5,
301295,2025,1.0,9.0,20.0,,10.0,,,,,,1.1875,0.0
301771,2025,14.0,665.0,13.26315789473684,1.488721804511278,2.300751879699248,10.403669724770642,1.8990825688073396,1.073394495412844,0.6100917431192661,1.2748538011695905,16.625,29.0
304317,2025,14.0,371.0,19.164420485175203,1.6981132075471697,2.6684636118598384,14.567307692307693,1.6346153846153848,1.442307692307692,0.19818376068376067,1.3155773798404098,16.625,33.0
304853,2025,32.0,2410.0,10.493775933609959,1.8672199170124482,1.3443983402489628,16.058588548601865,3.2356857523302263,2.03728362183755,3.2090545938748334,0.6534681364959435,38.0,21.0
305730,2025,21.0,1254.0,7.248803827751196,1.1483253588516746,2.0095693779904304,5.728155339805825,1.3106796116504855,0.8737864077669902,0.6763754045307443,1.265469142810802,24.9375,26.0
305834,2025,24.0,1095.0,8.794520547945206,2.3835616438356166,0.9863013698630138,,,,,,28.5,
307123,2025,29.0,2198.0,11.587807097361239,2.6615104640582348,1.4331210191082802,11.612903225806452,1.537001897533207,1.0246679316888045,4.170777988614801,0.9978389444949956,34.4375,9.0
308678,2025,1.0,8.0,90.0,33.75,22.5,,,,,,1.1875,
308843,2025,0.0,,,,,,,,,,,0.0
310531,2025,0.0,,,,,,,,,,,0.0
311334,2025,1.0,45.0,4.0,2.0,,20.257425742574256,3.148514851485148,2.1980198019801978,0.0297029702970297,0.19745845552297167,1.1875,31.0
311334,2025,2.0,29.0,15.517241379310345,,3.103448275862069,20.257425742574256,3.148514851485148,2.1980198019801978,0.01914191419141914,0.7660026291839418,2.375,31.0
311543,2025,5.0,264.0,14.659090909090908,2.3863636363636362,2.3863636363636362,,,,,,5.9375,
313236,2025,6.0,175.0,9.77142857142857,0.5142857142857142,1.0285714285714285,11.701902748414376,1.0465116279069768,0.8562367864693446,0.1849894291754757,0.8350290360046457,7.125,36.0
313245,2025,15.0,426.0,9.71830985915493,1.267605633802817,1.4788732394366197,8.671532846715328,1.4452554744525548,0.7226277372262774,0.310948905109489,1.1207141840944659,17.8125,23.0
315237,2025,18.0,417.0,13.16546762589928,0.6474820143884893,3.4532374100719423,15.535714285714285,1.0714285714285714,2.142857142857143,2.482142857142857,0.8474323989084594,21.375,38.0
318056,2025,1.0,1.0,,,,,,,,,1.1875,0.0
319517,2025,1.0,45.0,12.0,6.0,,,,,,,1.1875,
326176,2025,21.0,987.0,11.762917933130698,3.6474164133738602,1.5501519756838906,,,,,,24.9375,
327631,2025,15.0,1192.0,7.399328859060403,0.9815436241610738,1.2080536912751678,,,,,,17.8125,
327726,2025,0.0,,,,,,,,,,,
327730,2025,12.0,657.0,9.863013698630137,3.9726027397260273,0.821917808219178,8.021148036253775,2.8549848942598186,0.6797583081570997,0.9924471299093656,1.2296261899233807,14.25,15.0
328076,2025,0.0,,,,,,,,,,,0.0
328081,2025,0.0,,,,,,,,,,,
328089,2025,22.0,1459.0,5.058259081562714,0.67854694996573,0.67854694996573,5.103092783505154,0.8247422680412372,0.8762886597938144,0.8356242840778924,0.9912144058819865,26.125,28.0
328101,2025,1.0,10.0,,,,11.385542168674698,2.710843373493976,,0.060240963855421686,,1.1875,8.0
328105,2025,20.0,1224.0,8.088235294117647,1.8382352941176472,0.29411764705882354,11.38888888888889,3.888888888888889,0.8333333333333333,3.7777777777777777,0.7101865136298421,23.75,26.0
328225,2025,18.0,740.0,15.202702702702702,1.7027027027027029,1.337837837837838,12.378223495702006,2.0630372492836675,0.9025787965616047,1.0601719197707737,1.2281813063063063,21.375,28.0
328273,2025,0.0,,,,,,,,,,,
329357,2025,2.0,121.0,11.900826446280991,1.487603305785124,1.487603305785124,,,,,,2.375,0.0
329369,2025,6.0,73.0,7.397260273972602,1.2328767123287672,3.698630136986301,,,,,,7.125,
330238,2025,16.0,1111.0,7.695769576957695,1.9441944194419443,0.8910891089108911,,,,,,19.0,
330412,2025,0.0,,,,,17.5609756097561,,2.1951219512195124,,,,4.0
330437,2025,28.0,2060.0,10.223300970873787,2.4902912621359223,1.2233009708737863,,,,,,33.25,
330640,2025,0.0,,,,,,,,,,,
333682,2025,15.0,692.0,8.84393063583815,2.991329479768786,1.0404624277456647,,,,,,17.8125,
334037,2025,4.0,151.0,10.132450331125828,1.1920529801324504,3.576158940397351,7.118644067796611,1.0169491525423728,1.5254237288135593,0.8531073446327684,1.423368022705771,4.75,8.0
334037,2025,6.0,129.0,8.372093023255815,0.6976744186046512,1.3953488372093024,7.118644067796611,1.0169491525423728,1.5254237288135593,0.7288135593220338,1.176079734219269,7.125,8.0
334725,2025,0.0,,,,,,,,,,,0.0
336564,2025,24.0,990.0,9.363636363636363,0.8181818181818181,0.18181818181818182,8.692579505300355,1.4840989399293285,0.21201413427561835,1.1660777385159011,1.0771988174427196,28.5,16.0
336578,2025,1.0,9.0,40.0,,10.0,,,,,,1.1875,
336585,2025,30.0,2484.0,10.652173913043478,3.0072463768115942,1.5942028985507246,11.796714579055442,2.7412731006160165,1.4168377823408622,0.8501026694045175,0.9029780149089947,35.625,36.0
336659,2025,24.0,1335.0,5.258426966292135,0.6067415730337079,0.2696629213483146,,,,,,28.5,
337593,2025,0.0,,,,,,,,,,,
337932,2025,0.0,,,,,,,,,,,
337934,2025,0.0,,,,,,,,,,,0.0
339201,2025,14.0,651.0,7.880184331797235,1.6589861751152073,0.967741935483871,,,,,,16.625,
341642,2025,17.0,747.0,10.120481927710843,2.8915662650602405,1.4457831325301203,,,,,,20.1875,
342022,2025,31.0,2724.0,10.407488986784141,1.949339207048458,0.7268722466960352,11.100569259962048,2.903225806451613,1.366223908918406,5.16888045540797,0.9375635377838022,36.8125,12.0
342063,2025,5.0,201.0,12.08955223880597,0.8955223880597015,1.791044776119403,,,,,,5.9375,
342467,2025,0.0,,,,,,,,,,,
342970,2025,29.0,1714.0,7.666277712952159,1.6277712952158692,0.8401400233372228,6.621043627031651,2.23267750213858,0.6928999144568007,1.4662104362703166,1.157865458196521,34.4375,21.0
343311,2025,9.0,164.0,12.621951219512196,1.646341463414634,2.1951219512195124,,,,,,10.6875,
343576,2025,5.0,67.0,18.80597014925373,2.6865671641791042,4.029850746268656,,,,,,5.9375,0.0
343684,2025,32.0,1678.0,18.2896305125149,0.1609058402860548,2.038140643623361,,,,,,38.0,
344229,2025,0.0,,,,,,,,,,,0.0
344707,2025,2.0,58.0,12.413793103448276,,,,,,,,2.375,0.0
347316,2025,19.0,928.0,9.989224137931036,1.9396551724137931,2.230603448275862,12.429284525790349,2.9201331114808653,1.497504159733777,0.7720465890183028,0.8036845658496055,22.5625,27.0
349799,2025,19.0,769.0,14.278283485045513,0.5851755526657997,0.7022106631989598,,,,,,22.5625,
351344,2025,0.0,,,,,,,,,,,
356041,2025,26.0,1318.0,9.969650986342945,1.9119878603945373,1.7754172989377843,12.101123595505618,2.662921348314607,1.348314606741573,0.4936329588014981,0.8238615949717011,30.875,36.0
358969,2025,0.0,,,,,,,,,,,
359842,2025,1.0,1.0,,,,,,,,,1.1875,0.0
360114,2025,16.0,979.0,6.067415730337078,1.9305413687436161,1.0112359550561798,4.464285714285714,0.8928571428571428,0.5357142857142857,1.9424603174603174,1.3591011235955055,19.0,11.0
360268,2025,1.0,8.0,22.5,,,,,,,,1.1875,0.0
360269,2025,0.0,,,,,,,,,,,0.0
361388,2025,0.0,,,,,,,,,,,
361485,2025,5.0,108.0,9.166666666666666,0.8333333333333333,0.8333333333333333,,,,,,5.9375,
361735,2025,1.0,1.0,,,,,,,,,1.1875,
362711,2025,3.0,214.0,3.7850467289719623,1.6822429906542056,,,,,,,3.5625,
362766,2025,0.0,,,,,,,,,,,
363333,2025,3.0,34.0,15.882352941176471,2.6470588235294117,5.294117647058823,7.5,3.75,,1.4166666666666667,2.1176470588235294,3.5625,13.0
363695,2025,24.0,2096.0,5.6679389312977095,1.3740458015267174,0.9875954198473281,6.148542776559072,1.4948292071450955,0.7615167659041053,0.656847383265434,0.9218345122207438,28.5,36.0
363974,2025,0.0,,,,,,,,,,,0.0
364566,2025,2.0,25.0,3.6,,3.6,,,,,,2.375,
364980,2025,0.0,,,,,,,,,,,
365331,2025,27.0,2385.0,7.132075471698113,1.5471698113207546,0.9433962264150944,,,,,,32.0625,
366735,2025,13.0,598.0,8.277591973244146,1.5050167224080266,0.3010033444816054,5.469613259668508,0.9944751381215469,,3.303867403314917,1.5133779264214045,15.4375,23.0
368030,2025,27.0,1253.0,7.829209896249002,0.5746209098164405,1.2928970470869912,,,,,,32.0625,
375915,2025,18.0,1585.0,5.735015772870662,2.0441640378548898,0.5678233438485805,,,,,,21.375,
379678,2025,0.0,,,,,,,,,,,
380681,2025,2.0,25.0,21.599999999999998,,3.6,,,,,,2.375,
380688,2025,0.0,,,,,,,,,,,
380689,2025,1.0,14.0,,,,,,,,,1.1875,0.0
380703,2025,0.0,,,,,,,,,,,
380715,2025,0.0,,,,,,,,,,,0.0
381014,2025,0.0,,,,,,,,,,,
382358,2025,0.0,,,,,,,,,,,
382452,2025,22.0,1349.0,16.879169755374352,3.135656041512231,1.267605633802817,13.36104513064133,3.3135391923990496,1.817102137767221,1.6021377672209025,1.2633120830244626,26.125,12.0
383685,2025,28.0,1917.0,13.145539906103288,1.9248826291079812,1.220657276995305,,,,,,33.25,
383770,2025,3.0,107.0,15.140186915887849,4.205607476635514,1.6822429906542056,,,,,,3.5625,0.0
384981,2025,0.0,,,,,,,,,,,0.0
385726,2025,0.0,,,,,,,,,,,0.0
387521,2025,0.0,,,,,,,,,,,
388013,2025,5.0,60.0,6.0,1.5,,11.907692307692308,2.4923076923076923,0.27692307692307694,0.18461538461538463,0.5038759689922481,5.9375,16.0
389032,2025,0.0,,,,,,,,,,,0.0
389034,2025,0.0,,,,,,,,,,,
389302,2025,0.0,25.0,21.599999999999998,3.6,,,,,,,,0.0
389309,2025,0.0,,,,,9.056603773584905,1.1320754716981132,1.6981132075471697,,,,7.0
389315,2025,26.0,1192.0,9.890939597315436,1.8120805369127515,0.830536912751678,19.862068965517242,4.344827586206897,1.8620689655172413,8.220689655172414,0.4979813338926174,30.875,23.0
391822,2025,9.0,236.0,12.203389830508474,0.3813559322033898,2.288135593220339,,,,,,10.6875,
392270,2025,2.0,23.0,19.565217391304348,,,3.8028169014084505,1.267605633802817,,0.323943661971831,5.144927536231885,2.375,3.0
392270,2025,7.0,235.0,10.340425531914894,,3.4468085106382977,3.8028169014084505,1.267605633802817,,3.3098591549295775,2.719148936170213,8.3125,3.0
392482,2025,16.0,319.0,26.238244514106587,3.103448275862069,1.6927899686520378,,,,,,19.0,
392610,2025,3.0,93.0,13.548387096774194,0.967741935483871,,12.857142857142856,6.428571428571428,,6.642857142857143,1.0537634408602152,3.5625,5.0
393193,2025,0.0,,,,,,,,,,,
394165,2025,0.0,,,,,,,,,,,0.0
397997,2025,5.0,29.0,6.206896551724138,,,,,,,,5.9375,0.0
397999,2025,0.0,,,,,,,,,,,
398004,2025,0.0,,,,,,,,,,,0.0
400033,2025,0.0,,,,,,,,,,,
401098,2025,0.0,,,,,,,,,,,0.0
401278,2025,8.0,70.0,18.0,5.142857142857142,1.2857142857142856,,,,,,9.5,
402317,2025,4.0,38.0,35.526315789473685,,4.7368421052631575,,,,,,4.75,
402329,2025,14.0,668.0,8.353293413173652,2.155688622754491,0.6736526946107785,,,,3.929411764705882,,16.625,4.0
402432,2025,1.0,13.0,6.923076923076923,,,12.272727272727272,,,0.5909090909090909,0.5641025641025642,1.1875,20.0
402434,2025,0.0,,,,,,,,,,,7.0
402640,2025,4.0,55.0,24.545454545454543,3.2727272727272725,3.2727272727272725,16.643835616438356,5.547945205479452,1.2328767123287672,0.3767123287671233,1.4747474747474747,4.75,15.0
403554,2025,14.0,193.0,22.383419689119172,0.46632124352331605,1.8652849740932642,,,,,,16.625,
404574,2025,5.0,121.0,10.413223140495868,0.743801652892562,,16.071428571428573,0.6428571428571428,,0.8642857142857143,0.6479338842975206,5.9375,12.0
404769,2025,1.0,15.0,6.0,,,,,,,,1.1875,0.0
405360,2025,11.0,508.0,11.338582677165354,2.3031496062992125,1.0629921259842519,22.0,,4.0,11.28888888888889,0.5153901216893343,13.0625,3.0
405530,2025,0.0,15.0,,,,,,,,,,0.0
407032,2025,0.0,,,,,,,,,,,0.0
407806,2025,9.0,696.0,10.21551724137931,0.9051724137931034,0.646551724137931,,,,,,10.6875,
409047,2025,0.0,,,,,,,,,,,
409303,2025,26.0,2187.0,8.395061728395062,1.3580246913580247,0.9053497942386832,,,,,,30.875,
412086,2025,0.0,,,,,,,,,,,0.0
412719,2025,7.0,375.0,8.64,1.2000000000000002,,,,,,,8.3125,
412759,2025,14.0,807.0,10.03717472118959,2.788104089219331,1.003717472118959,,,,,,16.625,
413034,2025,0.0,,,,,,,,,,,
414455,2025,4.0,144.0,7.5,,1.875,,,,,,4.75,
416250,2025,0.0,,,,,,,,,,,
418942,2025,0.0,,,,,,,,,,,
423714,2025,0.0,,,,,,,,,,,
425733,2025,21.0,836.0,16.040669856459328,1.1842105263157894,1.291866028708134,,,,,,24.9375,
427736,2025,0.0,,,,,24.545454545454543,24.545454545454543,,,,,7.0
428076,2025,0.0,,,,,,,,,,,
430734,2025,0.0,,,,,35.0,5.0,3.75,,,,10.0
430827,2025,0.0,,,,,,,,,,,0.0
431921,2025,0.0,,,,,,,,,,,
436443,2025,5.0,54.0,16.666666666666664,,5.0,,,,,,5.9375,
440159,2025,0.0,,,,,,,,,,,0.0
442044,2025,4.0,88.0,25.56818181818182,2.0454545454545454,1.0227272727272727,,,,,,4.75,
442048,2025,0.0,,,,,,,,,,,
443634,2025,0.0,,,,,,,,,,,
444291,2025,0.0,,,,,,,,,,,
448969,2025,0.0,,,,,,,,,,,
449245,2025,3.0,10.0,9.0,,,14.142857142857142,1.2857142857142856,1.2857142857142856,0.14285714285714285,0.6363636363636364,3.5625,21.0
452685,2025,14.0,319.0,13.824451410658307,0.5642633228840125,0.8463949843260189,,,,,,16.625,0.0
453101,2025,1.0,16.0,16.875,,,,,,,,1.1875,0.0
454935,2025,0.0,,,,,,,,,,,0.0
456206,2025,21.0,1320.0,13.568181818181818,1.1590909090909092,1.4318181818181817,90.0,,,1320.0,0.15075757575757576,24.9375,5.0
456637,2025,0.0,,,,,,,,,,,
457731,2025,0.0,,,,,,,,,,,
464004,2025,3.0,56.0,4.821428571428571,,,,,,,,3.5625,
465310,2025,0.0,,,,,,,,,,,0.0
467839,2025,1.0,10.0,9.0,,,,,,,,1.1875,
475598,2025,0.0,,,,,,,,,,,
482903,2025,0.0,,,,,,,,,,,
482915,2025,0.0,,,,,,,,,,,
503414,2025,0.0,,,,,,,,,,,
513316,2025,0.0,,,,,,,,,,,
546654,2025,0.0,,,,,,,,,,,
546703,2025,0.0,,,,,,,,,,,
553065,2025,6.0,119.0,4.53781512605042,,,,,,,,7.125,
553958,2025,1.0,1.0,,,,,,,,,1.1875,
554280,2025,1.0,39.0,18.46153846153846,2.3076923076923075,,,,,,,1.1875,
557335,2025,0.0,,,,,,,,,,,
557387,2025,0.0,,,,,,,,,,,
557413,2025,2.0,25.0,10.799999999999999,3.6,3.6,,,,,,2.375,
557414,2025,0.0,,,,,,,,,,,
557460,2025,1.0,1.0,,,,,,,,,1.1875,
557462,2025,2.0,23.0,11.739130434782608,3.9130434782608696,,,,,,,2.375,
557475,2025,0.0,,,,,,,,,,,
557488,2025,0.0,,,,,,,,,,,
557506,2025,0.0,,,,,,,,,,,
557541,2025,0.0,,,,,,,,,,,
557584,2025,0.0,,,,,,,,,,,
567998,2025,0.0,,,,,,,,,,,
573755,2025,0.0,,,,,,,,,,,
577002,2025,0.0,,,,,,,,,,,
613795,2025,0.0,,,,,,,,,,,
624708,2025,0.0,,,,,,,,,,,
626383,2025,0.0,,,,,,,,,,,
