player_id,season,team,team_id,appearances,lineups,minutes,rating,captain,subs_in,subs_out,subs_bench,shots_total,shots_on,goals,goals_conceded,assists,saves,passes_total,passes_key,passes_accuracy,tackles,blocks,interceptions,duels_total,duels_won,dribbles_attempts,dribbles_success,dribbles_past,fouls_drawn,fouls_committed,yellow_cards,yellowred_cards,red_cards,penalty_won,penalty_committed,penalty_scored,penalty_missed,penalty_saved
5,2022,Manchester City,50,30.0,27.0,2286.0,6.841379,False,3.0,,,10.0,3.0,,0.0,1.0,,2021.0,7.0,65.0,36.0,9.0,16.0,154.0,77.0,9.0,6.0,,12.0,24.0,2.0,,0.0,,,0.0,0.0,
5,2023,Manchester City,50,34.0,32.0,2514.0,7.27931,False,2.0,,,11.0,5.0,2.0,0.0,0.0,,2296.0,13.0,74.0,42.0,12.0,23.0,162.0,90.0,4.0,2.0,,19.0,17.0,4.0,,1.0,,,0.0,0.0,
5,2024,Manchester City,50,28.0,26.0,2020.0,7.0,False,2.0,,,10.0,2.0,,0.0,0.0,,1721.0,9.0,64.0,19.0,8.0,9.0,121.0,60.0,2.0,2.0,,9.0,17.0,3.0,,0.0,,,0.0,0.0,
5,2025,Manchester City,50,0.0,0.0,,,False,0.0,0.0,2.0,,,0.0,0.0,0.0,,,,,,,,,,,,,,,0.0,0.0,0.0,,,0.0,0.0,
14,2023,Brighton,51,17.0,13.0,454.0,6.666666,False,4.0,,,4.0,1.0,,0.0,1.0,,325.0,10.0,,9.0,1.0,1.0,38.0,13.0,5.0,2.0,,2.0,6.0,1.0,,1.0,,,0.0,0.0,
14,2024,Brighton,51,0.0,0.0,0.0,,False,0.0,0.0,0.0,,,0.0,,,,,,,,,,,,,,,,,0.0,0.0,0.0,,,,,
17,2022,Chelsea,49,29.0,20.0,830.0,6.547826,False,9.0,,,14.0,6.0,1.0,0.0,1.0,,276.0,12.0,,11.0,1.0,4.0,107.0,44.0,35.0,13.0,,15.0,10.0,1.0,,0.0,,,0.0,0.0,
18,2022,Manchester United,33,26.0,21.0,1698.0,6.873076,False,5.0,17.0,9.0,14.0,11.0,6.0,0.0,3.0,,749.0,44.0,,16.0,2.0,7.0,162.0,62.0,74.0,34.0,,10.0,9.0,0.0,0.0,0.0,,,0.0,0.0,
18,2023,Manchester United,33,3.0,0.0,76.0,6.533333,False,3.0,0.0,3.0,,,0.0,0.0,,,41.0,1.0,,1.0,,1.0,16.0,6.0,6.0,3.0,,2.0,,0.0,0.0,0.0,,,0.0,0.0,
18,2024,Chelsea,49,31.0,19.0,1764.0,6.964516,False,12.0,12.0,13.0,12.0,8.0,3.0,0.0,4.0,,768.0,38.0,,13.0,,2.0,160.0,75.0,86.0,45.0,,11.0,6.0,2.0,0.0,0.0,,,0.0,0.0,
18,2024,Manchester United,33,0.0,0.0,0.0,6.964516,False,0.0,0.0,0.0,12.0,8.0,0.0,0.0,4.0,,768.0,38.0,,13.0,,2.0,160.0,75.0,86.0,45.0,,11.0,6.0,0.0,0.0,0.0,,,0.0,0.0,
18,2025,Aston Villa,66,19.0,8.0,771.0,6.72,False,11.0,8.0,16.0,4.0,3.0,0.0,0.0,2.0,,334.0,21.0,85.0,5.0,,2.0,57.0,23.0,25.0,13.0,,2.0,3.0,0.0,0.0,0.0,,,0.0,0.0,
22,2023,Burnley,44,32.0,16.0,1251.0,6.806451,False,16.0,17.0,21.0,29.0,16.0,6.0,0.0,0.0,,457.0,25.0,,9.0,2.0,7.0,144.0,48.0,51.0,20.0,,7.0,13.0,1.0,0.0,0.0,,,1.0,0.0,
22,2025,Burnley,44,24.0,10.0,993.0,6.5,False,14.0,10.0,18.0,10.0,4.0,0.0,0.0,1.0,,278.0,11.0,81.0,12.0,1.0,6.0,90.0,32.0,35.0,10.0,,,1.0,0.0,0.0,0.0,,,0.0,0.0,
23,2022,Manchester City,50,32.0,18.0,350.0,6.681818,False,14.0,,,6.0,,,0.0,1.0,,287.0,5.0,,9.0,3.0,2.0,34.0,14.0,3.0,,,2.0,1.0,0.0,,0.0,,,0.0,0.0,
23,2023,Manchester City,50,32.0,16.0,54.0,6.7,False,16.0,,,1.0,,,0.0,1.0,,49.0,1.0,,1.0,,1.0,7.0,3.0,2.0,2.0,,,2.0,0.0,,0.0,,,0.0,0.0,
23,2024,Manchester City,50,0.0,0.0,0.0,,False,0.0,0.0,0.0,,,0.0,,,,,,,,,,,,,,,,,0.0,0.0,0.0,,,,,
44,2022,Manchester City,50,37.0,35.0,2920.0,7.314285,False,2.0,,,33.0,14.0,2.0,0.0,6.0,,2976.0,33.0,75.0,67.0,14.0,33.0,314.0,184.0,33.0,25.0,,20.0,47.0,5.0,,0.0,,,0.0,0.0,
44,2023,Manchester City,50,35.0,34.0,2938.0,7.982352,False,1.0,,,46.0,22.0,8.0,0.0,9.0,,3630.0,50.0,98.0,70.0,8.0,26.0,340.0,201.0,56.0,42.0,,35.0,41.0,8.0,,1.0,,,0.0,0.0,
44,2024,Manchester City,50,5.0,3.0,80.0,6.833333,False,2.0,,,,,,0.0,0.0,,68.0,1.0,,2.0,,1.0,6.0,5.0,,,,2.0,1.0,0.0,,0.0,,,0.0,0.0,
44,2025,Manchester City,50,19.0,15.0,1335.0,7.43,False,4.0,4.0,5.0,7.0,2.0,1.0,0.0,0.0,,1452.0,24.0,90.0,38.0,3.0,13.0,150.0,98.0,13.0,6.0,,26.0,13.0,2.0,0.0,0.0,,,0.0,0.0,
49,2022,Arsenal,42,33.0,28.0,2485.0,7.10606,False,5.0,7.0,5.0,18.0,4.0,3.0,0.0,,,1946.0,26.0,51.0,70.0,5.0,28.0,280.0,165.0,43.0,35.0,,23.0,37.0,5.0,0.0,0.0,,,0.0,0.0,
49,2023,Arsenal,42,14.0,9.0,788.0,6.961538,False,5.0,5.0,8.0,5.0,2.0,0.0,0.0,0.0,,621.0,6.0,43.0,14.0,3.0,11.0,69.0,36.0,11.0,9.0,,6.0,10.0,3.0,0.0,0.0,,,0.0,0.0,
49,2024,Arsenal,42,35.0,31.0,2798.0,7.154285,False,4.0,6.0,6.0,21.0,9.0,4.0,0.0,2.0,,1840.0,19.0,46.0,89.0,9.0,35.0,300.0,172.0,33.0,24.0,,31.0,45.0,4.0,0.0,0.0,,,0.0,0.0,
54,2022,Wolves,39,23.0,16.0,1248.0,6.495652,False,7.0,14.0,9.0,22.0,15.0,1.0,0.0,,,215.0,11.0,,3.0,1.0,1.0,172.0,48.0,10.0,5.0,,10.0,29.0,5.0,0.0,1.0,,,0.0,0.0,
54,2023,Wolves,39,,,,,False,,,,,,,,,,,,,,,,,,,,,,,,,,,,,,
62,2023,Nottingham Forest,65,0.0,0.0,0.0,,False,0.0,0.0,4.0,,,0.0,0.0,,,,,,,,,,,,,,,,0.0,0.0,0.0,,,0.0,0.0,0.0
74,2023,Manchester United,33,21.0,17.0,944.0,6.589473,False,4.0,,,2.0,,,0.0,0.0,,645.0,6.0,,27.0,7.0,8.0,104.0,48.0,8.0,6.0,,10.0,24.0,6.0,,0.0,,,0.0,0.0,
74,2024,Manchester United,33,,,,,False,,,,,,,,,,,,,,,,,,,,,,,,,,,,,,
76,2022,Aston Villa,66,0.0,0.0,0.0,,False,0.0,0.0,9.0,,,0.0,0.0,,,,,,,,,,,,,,,,0.0,0.0,0.0,,,0.0,0.0,
76,2023,Luton,1359,13.0,13.0,1133.0,6.76923,False,0.0,3.0,0.0,4.0,,0.0,0.0,,,415.0,7.0,,40.0,6.0,11.0,113.0,56.0,8.0,3.0,,9.0,24.0,5.0,0.0,0.0,,,0.0,0.0,
76,2023,Aston Villa,66,0.0,0.0,0.0,6.76923,False,0.0,0.0,0.0,4.0,,0.0,0.0,,,415.0,7.0,,40.0,6.0,11.0,113.0,56.0,8.0,3.0,,9.0,24.0,0.0,0.0,0.0,,,0.0,0.0,
80,2022,Nottingham Forest,65,19.0,14.0,733.0,6.615789,False,5.0,,,13.0,7.0,2.0,0.0,2.0,,168.0,7.0,,17.0,1.0,2.0,167.0,78.0,45.0,19.0,,29.0,15.0,3.0,,0.0,,,0.0,0.0,
80,2023,Nottingham Forest,65,0.0,0.0,0.0,,False,0.0,0.0,0.0,,,0.0,,,,,,,,,,,,,,,,,0.0,0.0,0.0,,,,,
80,2024,Nottingham Forest,65,0.0,0.0,0.0,,False,0.0,0.0,0.0,,,0.0,,,,,,,,,,,,,,,,,0.0,0.0,0.0,,,,,
83,2022,Tottenham,47,9.0,1.0,162.0,6.5,False,8.0,1.0,16.0,4.0,3.0,1.0,0.0,,,54.0,1.0,,2.0,,,15.0,7.0,6.0,3.0,,1.0,,0.0,0.0,0.0,,,0.0,0.0,
83,2023,Everton,45,28.0,16.0,595.0,6.657142,False,12.0,,,17.0,9.0,1.0,0.0,,,140.0,6.0,,6.0,,3.0,53.0,22.0,19.0,8.0,,5.0,6.0,0.0,,0.0,,,0.0,0.0,
83,2024,Everton,45,,,,,False,,,,,,,,,,,,,,,,,,,,,,,,,,,,,,
84,2023,Aston Villa,66,,,,,False,,,,,,,,,,,,,,,,,,,,,,,,,,,,,,
95,2022,Chelsea,49,18.0,15.0,912.0,7.00909,False,3.0,,,4.0,2.0,1.0,0.0,,,855.0,3.0,69.0,14.0,2.0,16.0,88.0,56.0,3.0,1.0,,6.0,9.0,2.0,,0.0,,,0.0,0.0,
95,2023,Chelsea,49,25.0,19.0,1337.0,6.741176,False,6.0,,,4.0,1.0,,0.0,1.0,,1165.0,6.0,62.0,21.0,14.0,18.0,103.0,55.0,,,,6.0,17.0,3.0,,0.0,,,0.0,0.0,
95,2024,Chelsea,49,22.0,13.0,333.0,6.92,False,9.0,,,,,,0.0,0.0,,303.0,,54.0,9.0,2.0,6.0,29.0,19.0,1.0,,,2.0,6.0,0.0,,0.0,,,0.0,0.0,
95,2025,Chelsea,49,8.0,6.0,471.0,6.73,False,2.0,3.0,13.0,,,0.0,0.0,0.0,,439.0,,92.0,7.0,4.0,10.0,32.0,17.0,,,,2.0,6.0,2.0,0.0,0.0,,,0.0,0.0,
104,2022,Fulham,36,28.0,22.0,1144.0,6.565217,False,6.0,,,17.0,12.0,5.0,0.0,2.0,,181.0,8.0,,4.0,,,167.0,51.0,13.0,5.0,,15.0,21.0,3.0,,0.0,,,0.0,0.0,
104,2023,Fulham,36,13.0,6.0,320.0,6.623076,False,7.0,,,9.0,5.0,2.0,0.0,,,61.0,5.0,,3.0,,,43.0,11.0,8.0,2.0,,2.0,4.0,2.0,,0.0,,,0.0,0.0,
104,2024,Fulham,36,3.0,1.0,33.0,6.6,False,2.0,,,1.0,1.0,,0.0,0.0,,3.0,,,,,,4.0,3.0,1.0,1.0,,2.0,,0.0,,0.0,,,0.0,0.0,
105,2023,Fulham,36,22.0,10.0,80.0,6.533333,False,12.0,,,,,,0.0,0.0,,55.0,,,4.0,,3.0,18.0,9.0,5.0,3.0,,2.0,4.0,1.0,,0.0,,,0.0,0.0,
105,2024,Fulham,36,,,,,False,,,,,,,,,,,,,,,,,,,,,,,,,,,,,,
110,2023,Burnley,44,3.0,0.0,13.0,6.45,False,3.0,0.0,8.0,,,0.0,0.0,,,9.0,,,1.0,,,2.0,1.0,,,,,,0.0,0.0,0.0,,,0.0,0.0,
130,2022,Wolves,39,36.0,32.0,2651.0,6.580555,False,4.0,,,4.0,,,0.0,1.0,,1209.0,11.0,,71.0,15.0,29.0,323.0,158.0,66.0,33.0,,24.0,47.0,11.0,,1.0,,,0.0,0.0,
130,2023,Wolves,39,36.0,36.0,3093.0,6.722222,False,0.0,,,10.0,4.0,,0.0,1.0,,1516.0,24.0,,79.0,8.0,36.0,348.0,182.0,80.0,51.0,,30.0,48.0,10.0,,1.0,,,0.0,0.0,
130,2024,Wolves,39,34.0,34.0,2891.0,6.770588,False,0.0,,,12.0,7.0,,0.0,4.0,,1091.0,25.0,,62.0,10.0,23.0,317.0,152.0,63.0,32.0,,30.0,48.0,8.0,,0.0,,,0.0,0.0,
131,2024,Fulham,36,26.0,14.0,358.0,6.5,False,12.0,,,1.0,,,0.0,0.0,,170.0,,,6.0,4.0,2.0,26.0,16.0,2.0,2.0,,2.0,2.0,0.0,,0.0,,,0.0,0.0,
131,2025,Fulham,36,14.0,11.0,952.0,6.87,False,3.0,4.0,17.0,1.0,,0.0,0.0,0.0,,624.0,3.0,88.0,16.0,9.0,15.0,66.0,36.0,5.0,2.0,,1.0,9.0,5.0,0.0,0.0,,,0.0,0.0,
133,2022,Tottenham,47,26.0,24.0,2027.0,6.661538,False,2.0,10.0,13.0,6.0,2.0,0.0,0.0,2.0,,1438.0,7.0,48.0,38.0,11.0,18.0,186.0,105.0,11.0,7.0,,17.0,23.0,4.0,0.0,0.0,,,0.0,0.0,
133,2023,Aston Villa,66,14.0,14.0,1156.0,6.771428,False,0.0,3.0,20.0,5.0,2.0,0.0,0.0,1.0,,910.0,2.0,58.0,13.0,11.0,7.0,68.0,43.0,5.0,3.0,,12.0,3.0,3.0,0.0,0.0,,,0.0,0.0,
133,2024,Aston Villa,66,,,,,False,,,,,,,,,,,,,,,,,,,,,,,,,,,,,,
138,2024,West Ham,48,32.0,24.0,1855.0,6.674074,False,8.0,,,5.0,,,0.0,0.0,,1071.0,2.0,,47.0,13.0,26.0,160.0,90.0,16.0,9.0,,6.0,16.0,3.0,,0.0,,,0.0,0.0,
138,2025,West Ham,48,20.0,20.0,1700.0,6.58,False,0.0,4.0,5.0,1.0,,0.0,0.0,1.0,,746.0,5.0,87.0,37.0,12.0,16.0,108.0,66.0,7.0,3.0,,3.0,7.0,4.0,0.0,1.0,,,0.0,0.0,
147,2022,Aston Villa,66,20.0,7.0,781.0,6.655,False,13.0,6.0,15.0,16.0,8.0,1.0,0.0,,,358.0,8.0,,19.0,1.0,4.0,117.0,50.0,29.0,14.0,,14.0,16.0,3.0,0.0,0.0,,,0.0,0.0,
147,2023,Aston Villa,66,2.0,0.0,24.0,6.8,False,2.0,1.0,2.0,3.0,1.0,0.0,0.0,,,24.0,,,,,,7.0,5.0,5.0,4.0,,1.0,,0.0,0.0,0.0,,,0.0,0.0,
147,2024,Aston Villa,66,0.0,0.0,0.0,,False,0.0,0.0,0.0,,,0.0,,,,,,,,,,,,,,,,,0.0,0.0,0.0,,,,,
150,2022,Liverpool,40,0.0,0.0,0.0,,False,0.0,0.0,7.0,,,0.0,0.0,,,,,,,,,,,,,,,,0.0,0.0,0.0,,,0.0,0.0,
158,2022,Fulham,36,0.0,0.0,0.0,,False,0.0,0.0,0.0,,,0.0,,,,,,,,,,,,,,,,,0.0,0.0,0.0,,,,,
159,2022,Tottenham,47,26.0,26.0,2205.0,6.788,False,0.0,,,,,,39.0,,79.0,616.0,,,1.0,,1.0,17.0,12.0,,,,2.0,,0.0,,0.0,,,0.0,0.0,1.0
159,2023,Tottenham,47,0.0,0.0,0.0,,False,0.0,0.0,0.0,,,0.0,,,,,,,,,,,,,,,,,0.0,0.0,0.0,,,,,
161,2022,Tottenham,47,0.0,0.0,0.0,,False,0.0,0.0,0.0,,,0.0,,,,,,,,,,,,,,,,,0.0,0.0,0.0,,,,,
161,2023,Tottenham,47,0.0,0.0,0.0,,False,0.0,0.0,1.0,,,0.0,0.0,,,,,,,,,,,,,,,,0.0,0.0,0.0,,,0.0,0.0,0.0
161,2024,Tottenham,47,0.0,0.0,0.0,,False,0.0,0.0,1.0,,,0.0,0.0,,,,,,,,,,,,,,,,0.0,0.0,0.0,,,0.0,0.0,0.0
163,2022,Nottingham Forest,65,24.0,23.0,1949.0,6.95,False,1.0,,,8.0,3.0,1.0,0.0,,,734.0,10.0,,64.0,11.0,29.0,233.0,145.0,27.0,16.0,,19.0,18.0,2.0,,0.0,,,0.0,0.0,
163,2023,Nottingham Forest,65,12.0,11.0,834.0,6.825,False,1.0,,,5.0,1.0,,0.0,2.0,,391.0,4.0,,20.0,3.0,9.0,115.0,62.0,14.0,3.0,,9.0,8.0,2.0,,0.0,,,0.0,0.0,
164,2022,Tottenham,47,31.0,26.0,2289.0,6.817241,False,5.0,6.0,7.0,13.0,5.0,2.0,0.0,2.0,,1182.0,20.0,,28.0,8.0,18.0,227.0,120.0,12.0,5.0,,17.0,30.0,4.0,0.0,0.0,,,0.0,0.0,
164,2023,Tottenham,47,30.0,22.0,1093.0,7.017647,False,8.0,,,11.0,2.0,1.0,0.0,,,812.0,4.0,43.0,24.0,15.0,10.0,119.0,76.0,10.0,4.0,,19.0,8.0,2.0,,0.0,,,0.0,0.0,
164,2024,Tottenham,47,24.0,18.0,1330.0,6.870588,False,6.0,,,4.0,1.0,,0.0,0.0,,1009.0,2.0,52.0,18.0,19.0,12.0,146.0,78.0,1.0,1.0,,7.0,17.0,5.0,,0.0,,,0.0,0.0,
164,2025,Tottenham,47,3.0,2.0,138.0,6.93,False,1.0,2.0,12.0,2.0,2.0,1.0,0.0,0.0,,66.0,1.0,86.0,5.0,1.0,1.0,15.0,9.0,,,,,2.0,1.0,0.0,0.0,,,0.0,0.0,
168,2022,Tottenham,47,18.0,14.0,865.0,6.666666,False,4.0,,,6.0,2.0,,0.0,,,588.0,2.0,,24.0,10.0,12.0,92.0,58.0,5.0,2.0,,4.0,7.0,1.0,,0.0,,,0.0,0.0,
168,2023,Tottenham,47,1.0,1.0,76.0,7.0,False,0.0,,,1.0,,,0.0,,,74.0,,67.0,,2.0,1.0,7.0,4.0,,,,1.0,2.0,1.0,,0.0,,,0.0,0.0,
169,2022,Newcastle,34,38.0,38.0,3348.0,7.636842,False,0.0,7.0,0.0,6.0,4.0,1.0,0.0,7.0,,2064.0,111.0,41.0,71.0,15.0,43.0,314.0,168.0,31.0,19.0,,29.0,48.0,5.0,0.0,0.0,,,0.0,0.0,
169,2023,Newcastle,34,28.0,26.0,2239.0,7.333333,False,2.0,5.0,2.0,6.0,2.0,1.0,0.0,10.0,,1711.0,65.0,48.0,57.0,8.0,24.0,224.0,125.0,22.0,16.0,,21.0,27.0,5.0,0.0,0.0,,,0.0,0.0,
169,2024,Newcastle,34,25.0,14.0,1310.0,6.96,False,11.0,12.0,17.0,2.0,,0.0,0.0,3.0,,1037.0,22.0,,38.0,3.0,12.0,132.0,75.0,8.0,4.0,,11.0,16.0,1.0,0.0,0.0,,,0.0,0.0,
169,2025,Newcastle,34,18.0,17.0,1461.0,6.72,False,1.0,6.0,6.0,2.0,,0.0,0.0,1.0,,985.0,27.0,82.0,23.0,1.0,9.0,148.0,66.0,10.0,4.0,,18.0,21.0,3.0,0.0,0.0,,,0.0,0.0,
171,2022,Southampton,41,31.0,30.0,2653.0,6.564516,False,1.0,4.0,2.0,9.0,5.0,1.0,0.0,,,1015.0,15.0,,61.0,8.0,27.0,320.0,167.0,88.0,49.0,,41.0,25.0,4.0,0.0,0.0,,,0.0,0.0,
171,2024,Southampton,41,33.0,33.0,2922.0,6.80909,False,0.0,4.0,2.0,12.0,6.0,0.0,0.0,2.0,,1496.0,25.0,41.0,44.0,15.0,18.0,291.0,145.0,77.0,38.0,,52.0,28.0,5.0,0.0,0.0,,,0.0,0.0,
171,2025,West Ham,48,19.0,11.0,1061.0,6.68,False,8.0,2.0,21.0,5.0,3.0,1.0,0.0,0.0,,480.0,7.0,86.0,38.0,4.0,8.0,130.0,80.0,18.0,12.0,,20.0,9.0,2.0,0.0,0.0,,,0.0,0.0,
172,2022,Everton,45,3.0,1.0,38.0,6.3,False,2.0,,,,,,0.0,,,15.0,,,,,,6.0,2.0,1.0,,,1.0,,0.0,,0.0,,,0.0,0.0,
172,2023,Everton,45,0.0,0.0,0.0,,False,0.0,0.0,0.0,,,0.0,,,,,,,,,,,,,,,,,0.0,0.0,0.0,,,,,
172,2024,Everton,45,,,,,False,,,,,,,,,,,,,,,,,,,,,,,,,,,,,,
174,2022,Manchester United,33,29.0,26.0,2067.0,6.967857,False,3.0,,,27.0,12.0,1.0,0.0,8.0,,1391.0,36.0,42.0,22.0,9.0,11.0,125.0,49.0,17.0,8.0,,10.0,13.0,3.0,,0.0,,,0.0,0.0,
174,2023,Manchester United,33,33.0,24.0,1160.0,6.868181,False,9.0,,,8.0,4.0,1.0,0.0,2.0,,754.0,27.0,,18.0,6.0,4.0,77.0,25.0,6.0,3.0,,3.0,7.0,1.0,,0.0,,,0.0,0.0,
174,2024,Manchester United,33,35.0,22.0,1092.0,6.936363,False,13.0,,,8.0,2.0,1.0,0.0,2.0,,657.0,31.0,,19.0,5.0,7.0,63.0,24.0,4.0,,,3.0,8.0,4.0,,0.0,,,1.0,0.0,
175,2022,Tottenham,47,33.0,31.0,2817.0,6.851515,False,2.0,1.0,5.0,9.0,4.0,2.0,0.0,1.0,,1978.0,7.0,53.0,30.0,24.0,35.0,198.0,123.0,5.0,3.0,,10.0,25.0,3.0,0.0,0.0,,,0.0,0.0,
175,2023,Tottenham,47,4.0,1.0,197.0,6.5,False,3.0,0.0,11.0,,,0.0,0.0,,,141.0,,,2.0,3.0,2.0,11.0,6.0,,,,1.0,,0.0,0.0,0.0,,,0.0,0.0,
178,2022,Tottenham,47,15.0,0.0,139.0,6.445454,False,15.0,0.0,22.0,2.0,1.0,1.0,0.0,,,75.0,4.0,,8.0,,2.0,42.0,21.0,11.0,5.0,,3.0,3.0,0.0,0.0,1.0,,,0.0,0.0,
178,2023,Tottenham,47,,,,,False,,,,,,,,,,,,,,,,,,,,,,,,,,,,,,
180,2022,Tottenham,47,23.0,18.0,1496.0,6.605,False,5.0,10.0,15.0,4.0,3.0,1.0,0.0,,,757.0,10.0,,34.0,8.0,17.0,153.0,69.0,14.0,11.0,,17.0,23.0,7.0,0.0,0.0,,,0.0,0.0,
180,2023,Tottenham,47,21.0,5.0,695.0,6.638095,False,16.0,4.0,26.0,1.0,1.0,0.0,0.0,0.0,,373.0,8.0,,18.0,1.0,3.0,67.0,35.0,3.0,2.0,,12.0,8.0,3.0,0.0,0.0,,,0.0,0.0,
180,2024,Leicester,46,24.0,10.0,1121.0,6.5375,False,14.0,7.0,25.0,3.0,1.0,0.0,0.0,0.0,,495.0,9.0,,21.0,7.0,11.0,98.0,53.0,12.0,7.0,,13.0,21.0,8.0,0.0,0.0,,,0.0,0.0,
180,2024,Tottenham,47,0.0,0.0,0.0,6.5375,False,0.0,0.0,0.0,3.0,1.0,0.0,0.0,0.0,,495.0,9.0,,21.0,7.0,11.0,98.0,53.0,12.0,7.0,,13.0,21.0,0.0,0.0,0.0,,,0.0,0.0,
182,2022,Tottenham,47,0.0,0.0,0.0,,False,0.0,0.0,0.0,,,0.0,,,,,,,,,,,,,,,,,0.0,0.0,0.0,,,,,
182,2024,Leicester,46,22.0,17.0,1539.0,6.822727,False,5.0,5.0,8.0,9.0,4.0,0.0,0.0,2.0,,1003.0,17.0,40.0,24.0,7.0,9.0,96.0,48.0,11.0,3.0,,13.0,9.0,4.0,0.0,0.0,,,0.0,0.0,
184,2022,Tottenham,47,38.0,38.0,3408.0,7.439473,False,0.0,3.0,0.0,100.0,63.0,30.0,0.0,3.0,,851.0,57.0,,15.0,7.0,2.0,410.0,177.0,93.0,40.0,,56.0,31.0,6.0,0.0,0.0,,,5.0,1.0,
184,2023,Tottenham,47,0.0,0.0,0.0,,False,0.0,0.0,0.0,,,0.0,,,,,,,,,,,,,,,,,0.0,0.0,0.0,,,,,
186,2022,Tottenham,47,36.0,33.0,2899.0,7.072222,False,3.0,14.0,3.0,56.0,40.0,10.0,0.0,6.0,,785.0,63.0,,24.0,2.0,13.0,256.0,102.0,73.0,33.0,,36.0,13.0,2.0,0.0,0.0,,,0.0,0.0,
186,2023,Tottenham,47,35.0,34.0,2948.0,7.568571,False,1.0,15.0,1.0,63.0,40.0,17.0,0.0,10.0,,1025.0,69.0,,21.0,1.0,8.0,230.0,104.0,86.0,39.0,,39.0,12.0,1.0,0.0,0.0,,,2.0,0.0,
186,2024,Tottenham,47,30.0,24.0,2116.0,7.263333,False,6.0,13.0,6.0,39.0,26.0,7.0,0.0,9.0,,833.0,50.0,,17.0,,5.0,193.0,80.0,70.0,29.0,,28.0,6.0,1.0,0.0,0.0,,,1.0,1.0,
190,2022,Fulham,36,6.0,2.0,195.0,6.3,False,4.0,1.0,13.0,,,0.0,0.0,,,20.0,,,,,,3.0,,,,,,1.0,0.0,0.0,0.0,,,0.0,0.0,
190,2022,Arsenal,42,2.0,0.0,27.0,6.3,False,2.0,0.0,12.0,,,0.0,0.0,,,20.0,,,,,,3.0,,,,,,1.0,0.0,0.0,0.0,,,0.0,0.0,
190,2023,Arsenal,42,3.0,0.0,59.0,6.7,False,3.0,0.0,18.0,,,0.0,0.0,,,59.0,,,,,,2.0,1.0,,,,1.0,,0.0,0.0,0.0,,,0.0,0.0,
190,2024,Arsenal,42,,,,,False,,,,,,,,,,,,,,,,,,,,,,,,,,,,,,
207,2022,Tottenham,47,34.0,23.0,2110.0,6.902941,False,11.0,13.0,14.0,24.0,8.0,1.0,0.0,8.0,,782.0,48.0,,41.0,7.0,22.0,216.0,100.0,37.0,18.0,,8.0,30.0,6.0,0.0,0.0,,,0.0,0.0,
207,2023,Tottenham,47,5.0,0.0,98.0,7.04,False,5.0,0.0,5.0,1.0,,0.0,0.0,1.0,,61.0,5.0,,3.0,,2.0,20.0,13.0,7.0,4.0,,1.0,2.0,2.0,0.0,0.0,,,0.0,0.0,
247,2022,Liverpool,40,21.0,17.0,1465.0,7.066666,False,4.0,11.0,4.0,27.0,13.0,7.0,0.0,2.0,,371.0,23.0,,26.0,1.0,4.0,230.0,108.0,36.0,23.0,,33.0,26.0,0.0,0.0,0.0,,,0.0,0.0,
247,2023,Liverpool,40,35.0,23.0,1652.0,7.105714,False,12.0,,,49.0,24.0,8.0,0.0,5.0,,535.0,25.0,,26.0,4.0,13.0,247.0,126.0,48.0,31.0,,38.0,28.0,1.0,,0.0,,,0.0,0.0,
247,2024,Liverpool,40,35.0,28.0,1945.0,7.22,False,7.0,,,47.0,23.0,10.0,0.0,4.0,,547.0,38.0,,28.0,3.0,12.0,209.0,106.0,51.0,30.0,,31.0,20.0,5.0,,0.0,,,0.0,0.0,
247,2025,Liverpool,40,30.0,26.0,2249.0,6.97,False,4.0,13.0,4.0,44.0,16.0,6.0,0.0,4.0,,652.0,44.0,79.0,26.0,3.0,10.0,265.0,137.0,55.0,29.0,,40.0,35.0,2.0,0.0,0.0,1.0,,0.0,0.0,
249,2024,Aston Villa,66,17.0,11.0,332.0,6.761538,False,6.0,,,13.0,9.0,3.0,0.0,0.0,,67.0,3.0,,7.0,,,40.0,20.0,9.0,4.0,,5.0,1.0,0.0,,0.0,,,0.0,0.0,
249,2025,Aston Villa,66,21.0,5.0,680.0,6.6,False,16.0,5.0,16.0,21.0,9.0,4.0,0.0,1.0,,94.0,7.0,77.0,4.0,,,57.0,21.0,20.0,8.0,,6.0,2.0,0.0,0.0,0.0,,,0.0,0.0,
250,2025,Leeds,63,13.0,2.0,277.0,6.45,False,11.0,2.0,29.0,6.0,2.0,0.0,0.0,0.0,,90.0,1.0,83.0,1.0,,1.0,28.0,5.0,3.0,1.0,,,3.0,0.0,0.0,0.0,,,0.0,0.0,
253,2022,West Ham,48,5.0,2.0,306.0,6.5,False,3.0,0.0,33.0,,,0.0,7.0,,9.0,77.0,,,,,,1.0,,,,,,1.0,0.0,0.0,0.0,,,0.0,0.0,3.0
253,2023,West Ham,48,31.0,31.0,2702.0,7.377419,False,0.0,3.0,2.0,,,0.0,53.0,0.0,138.0,718.0,,,1.0,,1.0,20.0,15.0,1.0,1.0,,3.0,2.0,1.0,0.0,0.0,,,0.0,0.0,2.0
253,2024,West Ham,48,26.0,25.0,2260.0,6.907692,False,1.0,1.0,9.0,,,0.0,41.0,0.0,82.0,865.0,,,2.0,,,5.0,4.0,,,,,,0.0,0.0,0.0,,,0.0,0.0,0.0
253,2025,West Ham,48,20.0,20.0,1800.0,6.76,False,0.0,0.0,12.0,,,0.0,37.0,1.0,77.0,541.0,1.0,46.0,,,1.0,9.0,6.0,,,,1.0,1.0,0.0,0.0,0.0,,1.0,0.0,0.0,0.0
259,2022,Chelsea,49,27.0,26.0,2352.0,7.285185,False,1.0,1.0,3.0,10.0,2.0,0.0,0.0,2.0,,2031.0,5.0,68.0,41.0,29.0,34.0,161.0,118.0,3.0,3.0,,13.0,10.0,2.0,0.0,0.0,,,0.0,0.0,
259,2023,Chelsea,49,31.0,28.0,2527.0,7.06129,False,3.0,3.0,8.0,9.0,4.0,3.0,0.0,1.0,,2280.0,9.0,69.0,29.0,24.0,27.0,141.0,90.0,2.0,2.0,,8.0,10.0,4.0,0.0,0.0,,,0.0,0.0,
259,2024,Chelsea,49,,,,,False,,,,,,,,,,,,,,,,,,,,,,,,,,,,,,
261,2022,West Ham,48,27.0,25.0,2230.0,6.722222,False,2.0,2.0,10.0,5.0,1.0,0.0,0.0,2.0,,992.0,8.0,,43.0,6.0,34.0,195.0,99.0,11.0,8.0,,12.0,31.0,4.0,0.0,0.0,,,0.0,0.0,
261,2023,West Ham,48,4.0,0.0,18.0,6.366666,False,4.0,0.0,18.0,,,0.0,0.0,,,7.0,,,1.0,2.0,,6.0,2.0,,,,,2.0,2.0,0.0,0.0,,,0.0,0.0,
263,2022,Fulham,36,3.0,2.0,135.0,6.2,False,1.0,1.0,7.0,,,0.0,0.0,,,27.0,,,3.0,1.0,2.0,11.0,5.0,4.0,2.0,,,1.0,1.0,0.0,0.0,,,0.0,0.0,
269,2023,Chelsea,49,11.0,2.0,435.0,6.881818,False,9.0,2.0,10.0,13.0,9.0,3.0,0.0,0.0,,177.0,3.0,,5.0,1.0,2.0,52.0,24.0,7.0,2.0,,7.0,8.0,0.0,0.0,0.0,,,0.0,0.0,
269,2024,Chelsea,49,27.0,9.0,912.0,6.825925,False,18.0,7.0,24.0,20.0,12.0,3.0,0.0,2.0,,330.0,14.0,,12.0,2.0,7.0,119.0,49.0,24.0,10.0,,11.0,16.0,2.0,0.0,0.0,,,0.0,0.0,
277,2023,Aston Villa,66,38.0,31.0,2197.0,6.967567,False,7.0,,,39.0,23.0,6.0,0.0,8.0,,569.0,47.0,,12.0,1.0,9.0,173.0,58.0,66.0,29.0,,15.0,16.0,1.0,,0.0,,,0.0,0.0,
277,2024,Aston Villa,66,0.0,0.0,0.0,,False,0.0,0.0,0.0,,,0.0,,,,,,,,,,,,,,,,,0.0,0.0,0.0,,,,,
279,2022,Nottingham Forest,65,0.0,0.0,0.0,,False,0.0,0.0,2.0,,,0.0,0.0,,,,,,,,,,,,,,,,0.0,0.0,0.0,,,0.0,0.0,
279,2023,Nottingham Forest,65,0.0,0.0,0.0,,False,0.0,0.0,0.0,,,0.0,,,,,,,,,,,,,,,,,0.0,0.0,0.0,,,,,
279,2024,Nottingham Forest,65,,,,,False,,,,,,,,,,,,,,,,,,,,,,,,,,,,,,
280,2022,Liverpool,40,37.0,37.0,3330.0,7.086486,False,0.0,0.0,0.0,,,0.0,43.0,1.0,108.0,1239.0,1.0,,,,,23.0,18.0,2.0,2.0,,5.0,1.0,1.0,0.0,0.0,,,0.0,0.0,1.0
280,2023,Liverpool,40,28.0,28.0,2520.0,7.035714,False,0.0,,,,,,30.0,0.0,83.0,997.0,1.0,,,,,15.0,11.0,,,,5.0,1.0,1.0,,0.0,,,0.0,0.0,0.0
280,2024,Liverpool,40,28.0,28.0,2509.0,7.110714,False,0.0,,,,,,29.0,0.0,78.0,828.0,1.0,,1.0,,,12.0,11.0,1.0,1.0,,2.0,,0.0,,0.0,,,0.0,0.0,0.0
280,2025,Liverpool,40,25.0,25.0,2250.0,6.78,False,0.0,0.0,0.0,,,0.0,28.0,0.0,56.0,785.0,,79.0,,,,14.0,11.0,,,,7.0,1.0,1.0,0.0,0.0,,1.0,0.0,0.0,0.0
281,2022,Liverpool,40,1.0,1.0,90.0,6.7,False,0.0,0.0,28.0,,,0.0,4.0,,6.0,17.0,,,,,,,,,,,,,0.0,0.0,0.0,,,0.0,0.0,1.0
281,2023,Liverpool,40,10.0,10.0,900.0,6.96,False,0.0,0.0,27.0,,,0.0,11.0,,28.0,387.0,1.0,,,,,4.0,4.0,,,,,,0.0,0.0,0.0,,,0.0,0.0,0.0
281,2024,Liverpool,40,10.0,10.0,900.0,6.88,False,0.0,0.0,27.0,,,0.0,12.0,0.0,27.0,332.0,,,,,,5.0,5.0,1.0,1.0,,3.0,,0.0,0.0,0.0,,,0.0,0.0,0.0
281,2025,Brentford,55,31.0,31.0,2790.0,7.01,False,0.0,0.0,0.0,,,0.0,41.0,0.0,85.0,1085.0,3.0,64.0,1.0,,1.0,18.0,13.0,2.0,2.0,,6.0,2.0,1.0,0.0,0.0,,2.0,0.0,0.0,3.0
283,2022,Liverpool,40,37.0,34.0,2931.0,7.305405,False,3.0,11.0,4.0,25.0,8.0,2.0,0.0,9.0,,2309.0,72.0,50.0,57.0,7.0,43.0,219.0,113.0,43.0,30.0,,6.0,22.0,5.0,0.0,0.0,,,0.0,0.0,
283,2023,Liverpool,40,28.0,25.0,2161.0,7.332142,False,3.0,11.0,3.0,33.0,8.0,3.0,0.0,4.0,,1683.0,64.0,49.0,39.0,2.0,31.0,187.0,84.0,49.0,28.0,,9.0,9.0,6.0,0.0,0.0,,,0.0,0.0,
283,2024,Liverpool,40,33.0,28.0,2377.0,7.257575,False,5.0,16.0,6.0,27.0,8.0,3.0,0.0,6.0,,1616.0,56.0,,72.0,9.0,31.0,212.0,100.0,33.0,16.0,,9.0,11.0,5.0,0.0,0.0,,,0.0,0.0,
284,2022,Liverpool,40,21.0,15.0,1460.0,6.857142,False,6.0,0.0,18.0,5.0,2.0,0.0,0.0,,,1321.0,1.0,57.0,28.0,11.0,24.0,147.0,82.0,5.0,4.0,,4.0,13.0,3.0,0.0,0.0,,,0.0,0.0,
284,2023,Liverpool,40,32.0,17.0,1777.0,6.935483,False,15.0,5.0,19.0,14.0,2.0,0.0,0.0,1.0,,1148.0,22.0,,47.0,4.0,19.0,203.0,109.0,27.0,15.0,,16.0,28.0,5.0,0.0,0.0,,,0.0,0.0,
284,2024,Liverpool,40,9.0,6.0,518.0,6.9,False,3.0,2.0,13.0,3.0,2.0,0.0,0.0,0.0,,416.0,2.0,41.0,13.0,6.0,7.0,38.0,25.0,,,,3.0,2.0,1.0,0.0,0.0,,,0.0,0.0,
284,2025,Liverpool,40,17.0,6.0,542.0,6.58,False,11.0,4.0,21.0,3.0,1.0,0.0,0.0,2.0,,272.0,5.0,79.0,8.0,1.0,9.0,54.0,21.0,5.0,3.0,,,10.0,2.0,0.0,0.0,,,0.0,0.0,
285,2023,Wolves,39,,,,,False,,,,,,,,,,,,,,,,,,,,,,,,,,,,,,
285,2024,Wolves,39,0.0,0.0,0.0,,False,0.0,0.0,0.0,,,0.0,,,,,,,,,,,,,,,,,0.0,0.0,0.0,,,,,
285,2025,Wolves,39,8.0,6.0,428.0,6.56,False,2.0,6.0,11.0,1.0,1.0,0.0,0.0,0.0,,154.0,5.0,68.0,13.0,1.0,6.0,45.0,27.0,8.0,5.0,,3.0,3.0,0.0,0.0,0.0,,,0.0,0.0,
286,2022,Liverpool,40,14.0,12.0,1092.0,6.714285,False,2.0,2.0,17.0,5.0,3.0,1.0,0.0,,,879.0,4.0,54.0,15.0,3.0,21.0,96.0,49.0,7.0,4.0,,5.0,10.0,3.0,0.0,0.0,,,0.0,0.0,
286,2023,Liverpool,40,10.0,9.0,783.0,7.04,False,1.0,3.0,5.0,4.0,,0.0,0.0,,,563.0,2.0,49.0,12.0,12.0,9.0,70.0,43.0,2.0,,,3.0,7.0,2.0,0.0,0.0,,,0.0,0.0,
286,2024,Liverpool,40,,,,,False,,,,,,,,,,,,,,,,,,,,,,,,,,,,,,
289,2022,Liverpool,40,34.0,29.0,2587.0,6.958823,False,5.0,10.0,6.0,8.0,4.0,0.0,0.0,8.0,,1834.0,53.0,45.0,38.0,5.0,18.0,181.0,87.0,40.0,17.0,,10.0,22.0,3.0,0.0,0.0,,,0.0,0.0,
289,2023,Liverpool,40,23.0,19.0,1691.0,7.447826,False,4.0,,,9.0,7.0,3.0,0.0,2.0,,1244.0,65.0,47.0,35.0,6.0,13.0,114.0,59.0,17.0,5.0,,5.0,9.0,2.0,,0.0,,,0.0,0.0,
289,2024,Liverpool,40,38.0,34.0,2492.0,6.836363,False,4.0,,,13.0,3.0,,0.0,1.0,,1541.0,40.0,41.0,39.0,4.0,20.0,128.0,61.0,17.0,7.0,,8.0,11.0,3.0,,1.0,,,0.0,0.0,
289,2025,Liverpool,40,20.0,7.0,873.0,6.68,False,13.0,3.0,25.0,2.0,2.0,0.0,0.0,0.0,,562.0,16.0,83.0,11.0,3.0,7.0,51.0,25.0,6.0,3.0,,,4.0,0.0,0.0,0.0,,,0.0,0.0,
290,2022,Liverpool,40,33.0,32.0,2835.0,7.1125,False,1.0,,,23.0,10.0,3.0,0.0,1.0,,2581.0,7.0,73.0,27.0,16.0,31.0,187.0,130.0,2.0,2.0,,3.0,13.0,3.0,,0.0,,,0.0,0.0,
290,2023,Liverpool,40,36.0,36.0,3178.0,7.383333,False,0.0,,,35.0,14.0,2.0,0.0,2.0,,2871.0,11.0,72.0,40.0,34.0,39.0,257.0,194.0,4.0,2.0,,13.0,23.0,3.0,,1.0,,,0.0,0.0,
290,2024,Liverpool,40,38.0,38.0,3330.0,7.275675,False,0.0,,,24.0,8.0,3.0,0.0,1.0,,2920.0,12.0,72.0,38.0,16.0,56.0,252.0,173.0,5.0,3.0,,13.0,17.0,5.0,,0.0,,,0.0,0.0,
290,2025,Liverpool,40,32.0,32.0,2880.0,7.31,False,0.0,0.0,0.0,19.0,10.0,3.0,0.0,0.0,,2400.0,11.0,89.0,22.0,21.0,21.0,252.0,189.0,2.0,2.0,,15.0,15.0,4.0,0.0,0.0,,1.0,0.0,0.0,
292,2022,Liverpool,40,35.0,23.0,2075.0,6.911428,False,12.0,13.0,12.0,18.0,6.0,0.0,0.0,2.0,,1545.0,31.0,,32.0,3.0,21.0,129.0,64.0,20.0,12.0,,9.0,18.0,2.0,0.0,0.0,,,0.0,0.0,
292,2023,Liverpool,40,0.0,0.0,0.0,,False,0.0,0.0,0.0,,,0.0,,,,,,,,,,,,,,,,,0.0,0.0,0.0,,,,,
292,2025,Brentford,55,29.0,21.0,1831.0,6.82,False,8.0,11.0,9.0,4.0,1.0,1.0,0.0,3.0,,1085.0,18.0,77.0,26.0,7.0,17.0,95.0,45.0,8.0,3.0,,7.0,13.0,4.0,0.0,0.0,,,0.0,0.0,
293,2022,Liverpool,40,18.0,12.0,1039.0,6.833333,False,6.0,10.0,11.0,6.0,5.0,3.0,0.0,1.0,,658.0,14.0,,34.0,2.0,3.0,138.0,64.0,24.0,11.0,,16.0,13.0,2.0,0.0,0.0,,,0.0,0.0,
293,2023,Liverpool,40,27.0,22.0,1165.0,6.726086,False,5.0,,,12.0,6.0,1.0,0.0,1.0,,750.0,11.0,,27.0,,7.0,147.0,63.0,25.0,15.0,,14.0,16.0,3.0,,1.0,,,0.0,0.0,
293,2024,Liverpool,40,34.0,28.0,1735.0,6.878125,False,6.0,,,19.0,13.0,3.0,0.0,3.0,,1059.0,22.0,,39.0,9.0,7.0,174.0,90.0,20.0,12.0,,25.0,18.0,3.0,,1.0,,,0.0,0.0,
293,2025,Liverpool,40,28.0,12.0,1413.0,6.81,False,16.0,8.0,18.0,14.0,6.0,0.0,0.0,1.0,,1189.0,18.0,92.0,29.0,4.0,8.0,148.0,72.0,23.0,16.0,,20.0,10.0,1.0,0.0,0.0,,,0.0,0.0,
294,2022,Liverpool,40,8.0,3.0,292.0,6.442857,False,5.0,3.0,7.0,4.0,,0.0,0.0,,,164.0,8.0,,5.0,,2.0,42.0,13.0,3.0,3.0,,2.0,12.0,1.0,0.0,0.0,,,0.0,0.0,
295,2022,Brighton,51,16.0,12.0,729.0,6.72,False,4.0,12.0,4.0,8.0,5.0,2.0,0.0,1.0,,310.0,14.0,,9.0,,2.0,59.0,27.0,6.0,3.0,,7.0,2.0,0.0,0.0,0.0,,,0.0,0.0,
295,2023,Brighton,51,25.0,13.0,850.0,6.675,False,12.0,13.0,20.0,8.0,2.0,0.0,0.0,1.0,,499.0,15.0,,8.0,1.0,3.0,69.0,25.0,12.0,3.0,,11.0,8.0,2.0,0.0,0.0,,,0.0,0.0,
295,2024,Southampton,41,14.0,5.0,357.0,6.630769,False,9.0,5.0,15.0,2.0,,0.0,0.0,2.0,,255.0,4.0,,8.0,1.0,5.0,52.0,23.0,10.0,5.0,,8.0,8.0,4.0,0.0,0.0,,,0.0,0.0,
296,2022,Liverpool,40,31.0,7.0,893.0,6.643333,False,24.0,4.0,27.0,6.0,1.0,0.0,0.0,1.0,,607.0,13.0,,26.0,2.0,12.0,136.0,65.0,19.0,11.0,,15.0,16.0,2.0,0.0,0.0,,,0.0,0.0,
296,2022,Liverpool,40,31.0,7.0,893.0,6.643333,False,24.0,4.0,27.0,6.0,1.0,0.0,0.0,1.0,,607.0,13.0,,26.0,2.0,12.0,136.0,65.0,19.0,11.0,,15.0,16.0,2.0,0.0,0.0,,,0.0,0.0,
296,2023,Brighton,51,17.0,14.0,778.0,6.873333,False,3.0,,,3.0,1.0,,0.0,2.0,,500.0,16.0,,20.0,,8.0,71.0,33.0,7.0,3.0,,4.0,10.0,3.0,,0.0,,,0.0,0.0,
296,2024,Brighton,51,4.0,4.0,173.0,6.933333,False,0.0,,,2.0,1.0,,0.0,0.0,,66.0,4.0,,5.0,2.0,2.0,11.0,7.0,1.0,1.0,,1.0,3.0,1.0,,0.0,,,0.0,0.0,
296,2025,Brighton,51,19.0,6.0,743.0,6.74,False,13.0,5.0,19.0,6.0,2.0,1.0,0.0,1.0,,442.0,8.0,86.0,14.0,1.0,6.0,56.0,24.0,2.0,1.0,,3.0,11.0,2.0,0.0,0.0,,,1.0,0.0,
297,2022,Liverpool,40,9.0,4.0,334.0,6.5625,False,5.0,4.0,9.0,6.0,3.0,1.0,0.0,,,100.0,5.0,,5.0,2.0,1.0,44.0,15.0,13.0,5.0,,4.0,3.0,0.0,0.0,0.0,,,0.0,0.0,
297,2023,Liverpool,40,,,,,False,,,,,,,,,,,,,,,,,,,,,,,,,,,,,,
299,2022,Liverpool,40,36.0,31.0,2677.0,6.897222,False,5.0,11.0,5.0,13.0,4.0,0.0,0.0,2.0,,1815.0,18.0,44.0,65.0,11.0,37.0,253.0,126.0,11.0,7.0,,24.0,53.0,11.0,0.0,0.0,,,0.0,0.0,
299,2023,Liverpool,40,0.0,0.0,0.0,,False,0.0,0.0,0.0,,,0.0,,,,,,,,,,,,,,,,,0.0,0.0,0.0,,,,,
302,2022,Liverpool,40,25.0,20.0,1212.0,7.120833,False,5.0,,,31.0,25.0,11.0,0.0,4.0,,546.0,21.0,,17.0,1.0,7.0,140.0,51.0,23.0,13.0,,6.0,9.0,0.0,,0.0,,,0.0,0.0,
303,2023,Sheffield Utd,62,13.0,3.0,340.0,6.330769,False,10.0,3.0,11.0,6.0,3.0,0.0,0.0,0.0,,73.0,2.0,,5.0,,1.0,51.0,14.0,4.0,,,5.0,5.0,0.0,0.0,1.0,,,0.0,0.0,
305,2023,Nottingham Forest,65,20.0,6.0,598.0,6.585,False,14.0,6.0,21.0,10.0,4.0,0.0,0.0,1.0,,131.0,7.0,,6.0,,2.0,87.0,34.0,21.0,9.0,,8.0,14.0,1.0,0.0,0.0,,,0.0,0.0,
305,2024,Nottingham Forest,65,,,,,False,,,,,,,,,,,,,,,,,,,,,,,,,,,,,,
306,2022,Liverpool,40,38.0,37.0,3297.0,7.118421,False,1.0,8.0,1.0,97.0,47.0,19.0,0.0,12.0,,1120.0,66.0,,21.0,,6.0,325.0,112.0,122.0,50.0,,33.0,20.0,2.0,0.0,0.0,,,2.0,2.0,
306,2023,Liverpool,40,32.0,31.0,2535.0,7.58125,False,1.0,,,90.0,56.0,18.0,0.0,10.0,,935.0,68.0,,17.0,1.0,2.0,225.0,76.0,76.0,27.0,,26.0,12.0,2.0,,0.0,,,5.0,2.0,
306,2024,Liverpool,40,38.0,38.0,3377.0,7.792105,False,0.0,,,104.0,61.0,29.0,0.0,18.0,,1153.0,91.0,,22.0,,9.0,313.0,127.0,130.0,57.0,,39.0,25.0,1.0,,0.0,,,9.0,0.0,
306,2025,Liverpool,40,23.0,20.0,1909.0,6.9,False,3.0,5.0,5.0,40.0,16.0,6.0,0.0,6.0,,684.0,46.0,75.0,14.0,1.0,4.0,169.0,50.0,57.0,12.0,,16.0,10.0,1.0,0.0,0.0,,,1.0,0.0,
318,2022,Chelsea,49,23.0,20.0,1800.0,7.117391,False,3.0,2.0,9.0,10.0,4.0,2.0,0.0,1.0,,1450.0,7.0,54.0,45.0,13.0,29.0,159.0,91.0,6.0,4.0,,9.0,22.0,6.0,1.0,0.0,,,0.0,0.0,
326,2022,Everton,45,0.0,0.0,0.0,,False,0.0,0.0,5.0,,,0.0,0.0,,,,,,,,,,,,,,,,0.0,0.0,0.0,,,0.0,0.0,
371,2022,Nottingham Forest,65,16.0,15.0,1419.0,6.98125,False,1.0,2.0,2.0,8.0,1.0,0.0,0.0,1.0,,556.0,7.0,,42.0,13.0,36.0,188.0,119.0,17.0,14.0,,11.0,15.0,4.0,0.0,0.0,,,0.0,0.0,
371,2023,Nottingham Forest,65,7.0,4.0,373.0,6.614285,False,3.0,2.0,9.0,1.0,,0.0,0.0,,,213.0,2.0,,12.0,1.0,4.0,50.0,29.0,2.0,1.0,,2.0,10.0,4.0,0.0,0.0,,,0.0,0.0,
371,2024,Nottingham Forest,65,,,,,False,,,,,,,,,,,,,,,,,,,,,,,,,,,,,,
378,2022,Manchester United,33,0.0,0.0,0.0,,False,0.0,0.0,0.0,,,0.0,,,,,,,,,,,,,,,,,0.0,0.0,0.0,,,,,
378,2023,Manchester United,33,,,,,False,,,,,,,,,,,,,,,,,,,,,,,,,,,,,,
415,2022,Leeds,63,19.0,16.0,1440.0,6.668421,False,3.0,7.0,3.0,10.0,2.0,0.0,0.0,1.0,,588.0,13.0,,29.0,3.0,22.0,163.0,70.0,15.0,11.0,,5.0,21.0,7.0,0.0,0.0,,,0.0,0.0,
454,2024,Leicester,46,,,,,False,,,,,,,,,,,,,,,,,,,,,,,,,,,,,,
507,2022,Liverpool,40,18.0,14.0,1254.0,7.033333,False,4.0,5.0,4.0,3.0,1.0,0.0,0.0,,,1085.0,17.0,52.0,43.0,3.0,21.0,175.0,99.0,21.0,17.0,,25.0,18.0,2.0,0.0,0.0,,,0.0,0.0,
507,2023,Liverpool,40,1.0,0.0,5.0,6.3,False,1.0,0.0,1.0,,,0.0,0.0,,,10.0,,,,,,,,,,,,,0.0,0.0,0.0,,,0.0,0.0,
507,2024,Liverpool,40,,,,,False,,,,,,,,,,,,,,,,,,,,,,,,,,,,,,
526,2023,Manchester United,33,38.0,38.0,3420.0,7.213157,False,0.0,,,,,,58.0,0.0,149.0,1373.0,3.0,,2.0,,,24.0,21.0,1.0,1.0,,4.0,1.0,5.0,,0.0,,,0.0,0.0,0.0
526,2024,Manchester United,33,34.0,34.0,3060.0,6.9,False,0.0,,,,,,44.0,0.0,90.0,1165.0,1.0,,2.0,,,13.0,11.0,1.0,1.0,,2.0,,0.0,,0.0,,,0.0,0.0,0.0
526,2025,Manchester United,33,0.0,0.0,,,False,0.0,0.0,2.0,,,0.0,0.0,0.0,,,,,,,,,,,,,,,0.0,0.0,0.0,,,0.0,0.0,
532,2024,Manchester United,33,30.0,28.0,2128.0,6.913793,False,2.0,,,14.0,9.0,2.0,0.0,0.0,,1370.0,6.0,42.0,30.0,21.0,33.0,160.0,102.0,4.0,2.0,,12.0,16.0,3.0,,0.0,,,0.0,0.0,
532,2025,Manchester United,33,13.0,13.0,1170.0,6.93,False,0.0,0.0,0.0,8.0,3.0,1.0,0.0,0.0,,612.0,3.0,87.0,19.0,7.0,15.0,118.0,74.0,2.0,1.0,,5.0,6.0,0.0,0.0,0.0,,,0.0,0.0,
533,2022,Leeds,63,26.0,21.0,1959.0,6.736,False,5.0,4.0,16.0,11.0,5.0,3.0,0.0,1.0,,833.0,9.0,,62.0,14.0,35.0,201.0,109.0,14.0,7.0,,6.0,19.0,4.0,0.0,0.0,,,0.0,0.0,
537,2022,Brighton,51,33.0,28.0,2194.0,6.83,False,5.0,,,12.0,6.0,1.0,0.0,1.0,,1297.0,10.0,,62.0,8.0,19.0,213.0,131.0,13.0,5.0,,38.0,27.0,6.0,,0.0,,,0.0,0.0,
537,2022,Brighton,51,33.0,28.0,2194.0,6.83,False,5.0,,,12.0,6.0,1.0,0.0,1.0,,1297.0,10.0,,62.0,8.0,19.0,213.0,131.0,13.0,5.0,,38.0,27.0,6.0,,0.0,,,0.0,0.0,
537,2023,Brighton,51,29.0,22.0,1591.0,6.8,False,7.0,,,5.0,3.0,1.0,0.0,1.0,,810.0,4.0,,54.0,7.0,18.0,194.0,126.0,6.0,1.0,,42.0,17.0,4.0,,0.0,,,0.0,0.0,
537,2024,Brighton,51,24.0,21.0,1699.0,6.880952,False,3.0,,,4.0,1.0,,0.0,0.0,,774.0,6.0,,43.0,7.0,19.0,185.0,112.0,9.0,4.0,,44.0,27.0,5.0,,0.0,,,0.0,0.0,
537,2025,Brighton,51,20.0,8.0,868.0,6.83,False,12.0,1.0,19.0,2.0,1.0,1.0,0.0,0.0,,337.0,4.0,78.0,29.0,5.0,17.0,98.0,68.0,4.0,2.0,,19.0,9.0,4.0,0.0,0.0,,,0.0,0.0,
542,2023,Liverpool,40,31.0,22.0,1138.0,6.772,False,9.0,,,16.0,8.0,1.0,0.0,0.0,,493.0,16.0,,26.0,2.0,14.0,159.0,74.0,45.0,23.0,,15.0,20.0,0.0,,0.0,,,0.0,0.0,
542,2024,Liverpool,40,37.0,37.0,3168.0,7.07027,False,0.0,,,13.0,5.0,,0.0,4.0,,1904.0,26.0,46.0,69.0,10.0,59.0,324.0,184.0,67.0,37.0,,52.0,47.0,6.0,,1.0,,,0.0,0.0,
542,2025,Liverpool,40,30.0,29.0,2566.0,7.13,False,1.0,4.0,1.0,19.0,9.0,4.0,0.0,3.0,,1633.0,24.0,89.0,52.0,11.0,40.0,240.0,138.0,45.0,26.0,,36.0,30.0,5.0,0.0,0.0,,,0.0,0.0,
545,2024,Manchester United,33,37.0,34.0,2848.0,6.980555,False,3.0,,,7.0,3.0,,0.0,1.0,,1589.0,20.0,,115.0,9.0,34.0,350.0,216.0,44.0,26.0,,25.0,38.0,3.0,,0.0,,,0.0,0.0,
545,2025,Manchester United,33,16.0,8.0,723.0,6.85,False,8.0,7.0,12.0,2.0,,0.0,0.0,0.0,,395.0,3.0,87.0,20.0,2.0,11.0,80.0,49.0,12.0,6.0,,10.0,9.0,3.0,0.0,0.0,,,0.0,0.0,
547,2022,Manchester United,33,7.0,2.0,164.0,6.385714,False,5.0,2.0,9.0,,,0.0,0.0,,,59.0,3.0,,,1.0,1.0,18.0,7.0,3.0,2.0,,2.0,4.0,0.0,0.0,0.0,,,0.0,0.0,
547,2023,Manchester United,33,1.0,0.0,2.0,,False,1.0,0.0,12.0,1.0,,0.0,0.0,,,1.0,1.0,,,,,,,,,,,,0.0,0.0,0.0,,,0.0,0.0,
547,2024,Manchester United,33,0.0,0.0,0.0,,False,0.0,0.0,0.0,,,0.0,,,,,,,,,,,,,,,,,0.0,0.0,0.0,,,,,
548,2022,Chelsea,49,18.0,15.0,653.0,6.841176,False,3.0,,,8.0,3.0,,0.0,3.0,,316.0,15.0,,20.0,,5.0,98.0,48.0,29.0,14.0,,14.0,12.0,1.0,,0.0,,,0.0,0.0,
548,2023,Chelsea,49,0.0,0.0,0.0,,False,0.0,0.0,0.0,,,0.0,,,,,,,,,,,,,,,,,0.0,0.0,0.0,,,,,
557,2023,Nottingham Forest,65,5.0,5.0,450.0,6.64,False,0.0,0.0,14.0,,,0.0,12.0,,10.0,153.0,1.0,,,,,2.0,1.0,,,,1.0,,0.0,0.0,0.0,,,0.0,0.0,0.0
557,2023,Newcastle,34,19.0,12.0,450.0,6.64,False,7.0,,,,,,12.0,,10.0,153.0,1.0,,,,,2.0,1.0,,,,1.0,,0.0,,0.0,,,0.0,0.0,0.0
557,2024,Nottingham Forest,65,,,,,False,,,,,,,,,,,,,,,,,,,,,,,,,,,,,,
557,2024,Newcastle,34,0.0,0.0,0.0,,False,0.0,0.0,10.0,,,0.0,0.0,,,,,,,,,,,,,,,,0.0,0.0,0.0,,,0.0,0.0,1.0
566,2022,Vitesse,200,0.0,0.0,0.0,,False,0.0,0.0,0.0,,,0.0,,,,,,,,,,,,,,,,,0.0,0.0,0.0,,,,,
567,2022,Manchester City,50,32.0,25.0,1997.0,6.9625,False,7.0,,,7.0,2.0,,0.0,,,2071.0,3.0,80.0,21.0,13.0,18.0,138.0,80.0,9.0,8.0,,7.0,19.0,3.0,,0.0,,,0.0,0.0,
567,2023,Manchester City,50,35.0,30.0,2557.0,7.24,False,5.0,,,14.0,8.0,,0.0,0.0,,2609.0,7.0,81.0,39.0,17.0,30.0,180.0,101.0,1.0,,,15.0,23.0,0.0,,0.0,,,0.0,0.0,
567,2024,Manchester City,50,27.0,25.0,2273.0,7.155555,False,2.0,,,16.0,7.0,,0.0,0.0,,2294.0,5.0,79.0,17.0,20.0,20.0,118.0,64.0,3.0,2.0,,8.0,12.0,4.0,,0.0,,,0.0,0.0,
567,2025,Manchester City,50,25.0,23.0,2059.0,7.19,False,2.0,2.0,3.0,7.0,4.0,2.0,0.0,0.0,,1688.0,6.0,93.0,13.0,17.0,22.0,135.0,82.0,6.0,3.0,,9.0,14.0,3.0,0.0,0.0,,,0.0,0.0,
575,2025,Burnley,44,25.0,21.0,1747.0,6.69,False,4.0,13.0,8.0,7.0,1.0,0.0,0.0,2.0,,864.0,10.0,85.0,75.0,10.0,32.0,221.0,109.0,18.0,7.0,,7.0,34.0,5.0,0.0,0.0,,1.0,0.0,0.0,
583,2022,Chelsea,49,16.0,11.0,944.0,6.66875,False,5.0,7.0,6.0,28.0,16.0,4.0,0.0,,,329.0,7.0,,14.0,,1.0,138.0,68.0,50.0,22.0,,29.0,15.0,1.0,0.0,1.0,,,0.0,0.0,
583,2024,Chelsea,49,12.0,3.0,363.0,6.791666,False,9.0,2.0,17.0,16.0,6.0,1.0,0.0,1.0,,195.0,6.0,,8.0,,3.0,71.0,39.0,24.0,10.0,,17.0,6.0,2.0,0.0,0.0,,,0.0,0.0,
616,2023,Burnley,44,10.0,10.0,900.0,7.97,False,0.0,,,,,,16.0,0.0,64.0,526.0,4.0,,1.0,,,7.0,7.0,,,,3.0,,0.0,,0.0,,,0.0,0.0,1.0
616,2024,Ipswich,57,18.0,18.0,1620.0,7.094444,False,0.0,,,,,,33.0,0.0,69.0,535.0,,,,,,19.0,15.0,,,,4.0,,1.0,,0.0,,,0.0,0.0,0.0
617,2022,Manchester City,50,35.0,35.0,3150.0,6.685714,False,0.0,,,,,,32.0,1.0,46.0,1109.0,1.0,,3.0,,1.0,18.0,15.0,,,,4.0,1.0,3.0,,0.0,,,0.0,0.0,0.0
617,2023,Manchester City,50,33.0,33.0,2788.0,7.00606,False,0.0,,,,,,27.0,,57.0,1096.0,,,,,,16.0,13.0,1.0,1.0,,4.0,2.0,5.0,,0.0,,,0.0,0.0,0.0
617,2024,Manchester City,50,26.0,26.0,2321.0,7.042307,False,0.0,,,,,,26.0,4.0,54.0,810.0,4.0,,,,1.0,9.0,5.0,,,,,1.0,4.0,,0.0,,,0.0,0.0,0.0
617,2025,Manchester City,50,0.0,0.0,,,False,0.0,0.0,2.0,,,0.0,0.0,0.0,,,,,,,,,,,,,,,0.0,0.0,0.0,,,0.0,0.0,
622,2022,Manchester City,50,27.0,19.0,993.0,6.983333,False,8.0,,,7.0,1.0,,0.0,,,947.0,5.0,73.0,11.0,4.0,3.0,73.0,44.0,3.0,2.0,,7.0,5.0,0.0,,0.0,,,0.0,0.0,
622,2023,Manchester City,50,1.0,1.0,11.0,7.0,False,0.0,,,1.0,1.0,,0.0,,,11.0,,,,1.0,,,,,,,,,0.0,,0.0,,,0.0,0.0,
623,2022,Manchester City,50,,,,,False,,,,,,,,,,,,,,,,,,,,,,,,,,,,,,
626,2022,Manchester City,50,29.0,24.0,1848.0,7.021739,False,5.0,,,9.0,3.0,2.0,0.0,2.0,,1511.0,8.0,61.0,23.0,10.0,9.0,104.0,70.0,7.0,6.0,,8.0,10.0,2.0,,0.0,,,0.0,0.0,
626,2023,Manchester City,50,27.0,19.0,1064.0,6.953333,False,8.0,,,2.0,2.0,1.0,0.0,,,831.0,6.0,51.0,2.0,7.0,10.0,44.0,22.0,5.0,1.0,,5.0,4.0,2.0,,0.0,,,0.0,0.0,
626,2024,Manchester City,50,15.0,9.0,545.0,6.87,False,6.0,,,2.0,2.0,2.0,0.0,0.0,,402.0,2.0,,6.0,3.0,4.0,26.0,18.0,2.0,2.0,,2.0,2.0,1.0,,0.0,,,0.0,0.0,
626,2025,Manchester City,50,7.0,4.0,363.0,6.48,False,3.0,2.0,13.0,,,0.0,0.0,0.0,,259.0,1.0,92.0,,4.0,2.0,15.0,11.0,2.0,2.0,,,,0.0,0.0,0.0,,,0.0,0.0,
627,2022,Manchester City,50,27.0,22.0,1957.0,6.715384,False,5.0,4.0,10.0,5.0,1.0,0.0,0.0,,,1729.0,6.0,57.0,13.0,2.0,18.0,113.0,59.0,17.0,13.0,,10.0,15.0,3.0,0.0,0.0,,,0.0,0.0,
627,2023,Manchester City,50,32.0,30.0,2767.0,7.1375,False,2.0,3.0,5.0,9.0,3.0,0.0,0.0,4.0,,2136.0,25.0,60.0,38.0,6.0,27.0,183.0,102.0,32.0,21.0,,18.0,23.0,2.0,0.0,0.0,,,0.0,0.0,
627,2023,Burnley,44,35.0,32.0,2767.0,7.1375,False,3.0,,,9.0,3.0,,0.0,4.0,,2136.0,25.0,60.0,38.0,6.0,27.0,183.0,102.0,32.0,21.0,,18.0,23.0,2.0,,0.0,,,0.0,0.0,
627,2024,Manchester City,50,17.0,13.0,973.0,6.713333,False,4.0,,,3.0,2.0,,0.0,0.0,,731.0,7.0,43.0,17.0,4.0,3.0,64.0,35.0,5.0,3.0,,5.0,6.0,3.0,,0.0,,,0.0,0.0,
627,2025,Burnley,44,30.0,29.0,2557.0,6.6,False,1.0,3.0,2.0,1.0,,0.0,0.0,2.0,,1153.0,10.0,75.0,44.0,10.0,38.0,222.0,115.0,24.0,12.0,,20.0,27.0,8.0,0.0,0.0,,,0.0,0.0,
629,2022,Manchester City,50,32.0,28.0,2425.0,7.76875,False,4.0,12.0,7.0,44.0,21.0,7.0,0.0,16.0,,1357.0,99.0,,28.0,2.0,9.0,208.0,102.0,51.0,32.0,,29.0,20.0,1.0,0.0,0.0,,,0.0,0.0,
629,2023,Manchester City,50,21.0,17.0,1235.0,7.933333,False,4.0,,,30.0,17.0,4.0,0.0,10.0,,804.0,59.0,,14.0,,4.0,113.0,43.0,31.0,10.0,,13.0,11.0,2.0,,0.0,,,0.0,0.0,
629,2024,Manchester City,50,33.0,27.0,1715.0,7.321428,False,6.0,,,40.0,18.0,4.0,0.0,7.0,,1018.0,58.0,,16.0,,7.0,146.0,51.0,28.0,12.0,,18.0,17.0,2.0,,0.0,,,0.0,0.0,
630,2022,Everton,45,,,,,False,,,,,,,,,,,,,,,,,,,,,,,,,,,,,,
631,2022,Manchester City,50,33.0,26.0,1872.0,7.196875,False,7.0,,,33.0,22.0,11.0,0.0,5.0,,1003.0,44.0,,16.0,2.0,5.0,209.0,104.0,70.0,40.0,,29.0,10.0,1.0,,0.0,,,0.0,0.0,
631,2023,Manchester City,50,37.0,35.0,2874.0,7.794285,False,2.0,,,64.0,48.0,19.0,0.0,8.0,,1670.0,73.0,42.0,31.0,,13.0,287.0,144.0,93.0,47.0,,60.0,14.0,2.0,,0.0,,,0.0,0.0,
631,2024,Manchester City,50,33.0,26.0,1786.0,7.239285,False,7.0,,,36.0,16.0,7.0,0.0,2.0,,852.0,43.0,,13.0,1.0,9.0,143.0,64.0,37.0,14.0,,34.0,5.0,2.0,,0.0,,,0.0,0.0,
631,2025,Manchester City,50,27.0,21.0,1842.0,7.02,False,6.0,9.0,8.0,32.0,17.0,7.0,0.0,3.0,,1062.0,48.0,88.0,30.0,3.0,8.0,172.0,85.0,41.0,22.0,,27.0,17.0,4.0,0.0,0.0,,,0.0,0.0,
632,2022,Manchester City,50,0.0,0.0,0.0,,False,0.0,0.0,2.0,,,0.0,0.0,,,,,,,,,,,,,,,,0.0,0.0,0.0,,,0.0,0.0,
633,2022,Manchester City,50,31.0,29.0,2377.0,7.135483,False,2.0,,,41.0,20.0,8.0,0.0,4.0,,1540.0,39.0,43.0,30.0,3.0,20.0,193.0,90.0,35.0,16.0,,25.0,23.0,0.0,,0.0,,,0.0,1.0,
633,2024,Manchester City,50,33.0,28.0,2242.0,7.115625,False,5.0,,,19.0,7.0,1.0,0.0,6.0,,1624.0,43.0,46.0,25.0,,14.0,164.0,83.0,33.0,17.0,,27.0,15.0,1.0,,0.0,,,0.0,0.0,
633,2025,Manchester City,50,0.0,0.0,,,False,0.0,0.0,2.0,,,0.0,0.0,0.0,,,,,,,,,,,,,,,0.0,0.0,0.0,,,0.0,0.0,
635,2022,Manchester City,50,38.0,32.0,1924.0,7.2,False,6.0,,,28.0,13.0,5.0,0.0,10.0,,1033.0,52.0,,30.0,1.0,9.0,215.0,106.0,52.0,25.0,,42.0,16.0,2.0,,0.0,,,1.0,0.0,
635,2023,Manchester City,50,0.0,0.0,0.0,,False,0.0,0.0,0.0,,,0.0,,,,,,,,,,,,,,,,,0.0,0.0,0.0,,,,,
636,2022,Manchester City,50,38.0,31.0,2222.0,6.894117,False,7.0,,,15.0,10.0,4.0,0.0,5.0,,1418.0,32.0,,44.0,6.0,16.0,219.0,91.0,57.0,28.0,,15.0,31.0,5.0,,0.0,,,0.0,0.0,
636,2023,Manchester City,50,35.0,30.0,2581.0,7.4875,False,5.0,,,26.0,15.0,6.0,0.0,9.0,,1824.0,64.0,49.0,51.0,4.0,17.0,235.0,117.0,59.0,38.0,,26.0,22.0,8.0,,0.0,,,0.0,0.0,
636,2024,Manchester City,50,38.0,32.0,2671.0,7.233333,False,6.0,,,21.0,12.0,4.0,0.0,4.0,,1665.0,53.0,44.0,55.0,7.0,23.0,245.0,119.0,53.0,27.0,,32.0,27.0,7.0,,0.0,,,0.0,0.0,
636,2025,Manchester City,50,31.0,27.0,2339.0,6.85,False,4.0,16.0,4.0,12.0,6.0,2.0,0.0,4.0,,1709.0,35.0,90.0,35.0,6.0,17.0,196.0,74.0,41.0,16.0,,19.0,34.0,9.0,0.0,0.0,,,0.0,0.0,
638,2022,Leeds,63,0.0,0.0,0.0,,False,0.0,0.0,0.0,,,0.0,,,,,,,,,,,,,,,,,0.0,0.0,0.0,,,,,
641,2022,Arsenal,42,27.0,26.0,2135.0,6.94074,False,1.0,18.0,1.0,20.0,7.0,1.0,0.0,2.0,,1716.0,20.0,55.0,40.0,2.0,22.0,186.0,117.0,24.0,15.0,,11.0,6.0,3.0,0.0,0.0,,,0.0,0.0,
641,2023,Arsenal,42,32.0,27.0,1730.0,7.151851,False,5.0,,,7.0,3.0,1.0,0.0,2.0,,1411.0,30.0,46.0,50.0,3.0,20.0,153.0,93.0,12.0,7.0,,9.0,7.0,2.0,,0.0,,,0.0,0.0,
641,2024,Arsenal,42,31.0,18.0,542.0,6.742857,False,13.0,,,2.0,,,0.0,1.0,,402.0,3.0,,5.0,1.0,5.0,52.0,23.0,4.0,3.0,,3.0,8.0,1.0,,0.0,,,0.0,0.0,
641,2025,Nottingham Forest,65,5.0,4.0,353.0,6.72,False,1.0,1.0,4.0,2.0,2.0,0.0,0.0,0.0,,254.0,5.0,90.0,10.0,1.0,2.0,34.0,16.0,2.0,1.0,,2.0,1.0,0.0,0.0,0.0,,,0.0,0.0,
643,2022,Arsenal,42,26.0,24.0,2075.0,7.073076,False,2.0,13.0,2.0,57.0,32.0,11.0,0.0,6.0,,673.0,32.0,,33.0,3.0,11.0,427.0,178.0,94.0,45.0,,56.0,43.0,6.0,0.0,0.0,,,1.0,0.0,
643,2023,Arsenal,42,27.0,17.0,1481.0,7.144444,False,10.0,13.0,13.0,39.0,19.0,4.0,0.0,5.0,,490.0,29.0,,24.0,1.0,13.0,248.0,106.0,65.0,35.0,,32.0,26.0,6.0,0.0,0.0,,,0.0,0.0,
643,2024,Arsenal,42,17.0,6.0,603.0,6.8625,False,11.0,4.0,12.0,16.0,8.0,3.0,0.0,0.0,,190.0,8.0,,10.0,1.0,4.0,97.0,38.0,19.0,9.0,,10.0,14.0,4.0,0.0,0.0,,,0.0,0.0,
643,2025,Arsenal,42,12.0,2.0,320.0,6.57,False,10.0,2.0,17.0,12.0,10.0,2.0,0.0,0.0,,91.0,2.0,75.0,4.0,,2.0,59.0,19.0,15.0,7.0,,1.0,6.0,2.0,0.0,0.0,,,0.0,0.0,
645,2022,Chelsea,49,28.0,23.0,1903.0,6.8,False,5.0,16.0,6.0,29.0,18.0,6.0,0.0,3.0,,630.0,34.0,,18.0,,2.0,230.0,94.0,85.0,39.0,,32.0,21.0,4.0,0.0,0.0,,,0.0,0.0,
645,2023,Chelsea,49,31.0,22.0,1983.0,6.987096,False,9.0,13.0,12.0,37.0,22.0,8.0,0.0,4.0,,658.0,30.0,,21.0,,13.0,281.0,109.0,115.0,45.0,,41.0,34.0,7.0,0.0,0.0,,,0.0,0.0,
645,2024,Arsenal,42,17.0,7.0,496.0,6.64375,False,10.0,7.0,22.0,4.0,,0.0,0.0,2.0,,182.0,8.0,,9.0,,1.0,71.0,28.0,20.0,10.0,,8.0,12.0,1.0,0.0,0.0,,,0.0,0.0,
645,2024,Chelsea,49,0.0,0.0,0.0,6.64375,False,0.0,0.0,0.0,4.0,,0.0,0.0,2.0,,182.0,8.0,,9.0,,1.0,71.0,28.0,20.0,10.0,,8.0,12.0,0.0,0.0,0.0,,,0.0,0.0,
657,2022,Fulham,36,31.0,29.0,2575.0,7.087096,False,2.0,8.0,3.0,10.0,5.0,1.0,0.0,5.0,,1115.0,23.0,,83.0,17.0,52.0,307.0,191.0,33.0,21.0,,54.0,42.0,8.0,0.0,0.0,,,0.0,0.0,
657,2023,Fulham,36,28.0,17.0,891.0,6.807142,False,11.0,,,4.0,1.0,1.0,0.0,0.0,,422.0,3.0,,27.0,3.0,16.0,93.0,53.0,19.0,9.0,,12.0,16.0,2.0,,0.0,,,0.0,0.0,
657,2024,Fulham,36,24.0,22.0,1779.0,7.036363,False,2.0,,,12.0,2.0,,0.0,2.0,,767.0,9.0,,56.0,12.0,32.0,191.0,105.0,15.0,9.0,,16.0,35.0,5.0,,0.0,,,0.0,0.0,
657,2025,Fulham,36,22.0,21.0,1802.0,6.93,False,1.0,6.0,3.0,10.0,3.0,1.0,0.0,0.0,,886.0,11.0,84.0,64.0,6.0,27.0,217.0,130.0,22.0,8.0,,31.0,27.0,2.0,0.0,0.0,,,0.0,0.0,
662,2022,Tottenham,47,0.0,0.0,0.0,,False,0.0,0.0,0.0,,,0.0,,,,,,,,,,,,,,,,,0.0,0.0,0.0,,,,,
662,2023,Tottenham,47,0.0,0.0,0.0,,False,0.0,0.0,0.0,,,0.0,,,,,,,,,,,,,,,,,0.0,0.0,0.0,,,,,
665,2022,West Ham,48,20.0,11.0,275.0,6.515384,False,9.0,,,7.0,2.0,,0.0,,,88.0,1.0,,7.0,,2.0,40.0,17.0,5.0,2.0,,2.0,2.0,0.0,,0.0,,,0.0,0.0,
665,2023,West Ham,48,28.0,16.0,128.0,6.74,False,12.0,,,3.0,1.0,1.0,0.0,,,48.0,4.0,,3.0,,2.0,19.0,5.0,1.0,,,2.0,2.0,0.0,,0.0,,,0.0,0.0,
665,2024,West Ham,48,0.0,0.0,0.0,6.7,False,0.0,0.0,0.0,,,0.0,0.0,0.0,,19.0,,,5.0,,,14.0,9.0,1.0,,,1.0,,0.0,0.0,0.0,,,0.0,0.0,
665,2024,Southampton,41,5.0,2.0,71.0,6.7,False,3.0,,,,,,0.0,0.0,,19.0,,,5.0,,,14.0,9.0,1.0,,,1.0,,1.0,,0.0,,,0.0,0.0,
671,2022,Aston Villa,66,8.0,5.0,240.0,6.725,False,3.0,,,4.0,3.0,2.0,0.0,,,68.0,1.0,,1.0,,2.0,31.0,12.0,4.0,1.0,,8.0,2.0,1.0,,0.0,,,0.0,0.0,
671,2023,Aston Villa,66,2.0,1.0,10.0,6.3,False,1.0,,,,,,0.0,,,3.0,,,1.0,,,3.0,1.0,1.0,,,,,0.0,,0.0,,,0.0,0.0,
671,2025,Sunderland,746,12.0,9.0,638.0,6.76,False,3.0,9.0,6.0,9.0,6.0,1.0,0.0,0.0,,180.0,8.0,79.0,11.0,3.0,2.0,86.0,42.0,22.0,14.0,,11.0,11.0,1.0,0.0,0.0,,,0.0,0.0,
691,2022,Leicester,46,13.0,10.0,739.0,6.653846,False,3.0,,,11.0,2.0,1.0,0.0,,,236.0,6.0,,14.0,,2.0,109.0,56.0,30.0,20.0,,17.0,3.0,0.0,,0.0,,,0.0,0.0,
697,2022,Fulham,36,19.0,4.0,560.0,6.763157,False,15.0,3.0,18.0,9.0,7.0,4.0,0.0,,,199.0,6.0,,21.0,,5.0,88.0,47.0,34.0,19.0,,4.0,5.0,0.0,0.0,0.0,,,0.0,0.0,
697,2023,Tottenham,47,5.0,2.0,198.0,7.18,False,3.0,2.0,5.0,4.0,1.0,0.0,0.0,2.0,,85.0,12.0,,3.0,,3.0,27.0,14.0,17.0,10.0,,1.0,2.0,1.0,0.0,0.0,,,0.0,0.0,
697,2024,Tottenham,47,0.0,0.0,0.0,,False,0.0,0.0,0.0,,,0.0,,,,,,,,,,,,,,,,,0.0,0.0,0.0,,,,,
697,2025,Tottenham,47,0.0,0.0,,,False,0.0,0.0,1.0,,,0.0,0.0,0.0,,,,,,,,,,,,,,,0.0,0.0,0.0,,,0.0,0.0,
723,2022,Newcastle,34,32.0,30.0,2664.0,7.0375,False,2.0,5.0,3.0,38.0,20.0,6.0,0.0,1.0,,1230.0,26.0,,70.0,7.0,48.0,474.0,223.0,95.0,53.0,,34.0,65.0,12.0,0.0,0.0,,,0.0,0.0,
723,2023,Newcastle,34,20.0,17.0,1282.0,7.021052,False,3.0,,,15.0,9.0,2.0,0.0,1.0,,613.0,23.0,,39.0,7.0,19.0,219.0,96.0,28.0,17.0,,23.0,28.0,6.0,,0.0,,,0.0,0.0,
723,2024,Newcastle,34,29.0,29.0,2404.0,6.937931,False,0.0,,,32.0,14.0,4.0,0.0,3.0,,1008.0,24.0,,57.0,7.0,22.0,369.0,165.0,43.0,15.0,,35.0,58.0,10.0,,0.0,,,0.0,0.0,
723,2025,Newcastle,34,25.0,21.0,1773.0,6.8,False,4.0,10.0,7.0,19.0,10.0,2.0,0.0,1.0,,766.0,15.0,82.0,37.0,3.0,27.0,261.0,133.0,20.0,11.0,,27.0,40.0,10.0,0.0,0.0,,,0.0,0.0,
727,2022,Arsenal,42,22.0,11.0,225.0,7.11,False,11.0,,,8.0,7.0,3.0,0.0,2.0,,108.0,9.0,,4.0,,,43.0,17.0,9.0,7.0,,4.0,8.0,0.0,,0.0,,,0.0,0.0,
727,2023,Arsenal,42,30.0,16.0,276.0,6.607142,False,14.0,,,2.0,1.0,,0.0,,,127.0,5.0,,9.0,1.0,1.0,38.0,16.0,7.0,1.0,,6.0,5.0,1.0,,0.0,,,0.0,0.0,
727,2024,Fulham,36,11.0,5.0,486.0,,False,6.0,5.0,6.0,,,1.0,0.0,0.0,,,,,1.0,,,4.0,2.0,,,,1.0,1.0,1.0,0.0,0.0,,,0.0,0.0,
727,2024,Arsenal,42,2.0,1.0,2.0,,False,1.0,,,,,,0.0,0.0,,,,,1.0,,,4.0,2.0,,,,1.0,1.0,0.0,,0.0,,,0.0,0.0,
727,2025,Brentford,55,8.0,0.0,123.0,6.51,False,8.0,0.0,18.0,5.0,1.0,0.0,0.0,0.0,,55.0,1.0,90.0,3.0,1.0,,19.0,9.0,8.0,4.0,,2.0,,0.0,0.0,0.0,,,0.0,0.0,
731,2022,Nottingham Forest,65,17.0,17.0,1530.0,6.67647,False,0.0,1.0,0.0,,,0.0,32.0,,51.0,464.0,,,,,1.0,7.0,7.0,1.0,1.0,,,,2.0,0.0,0.0,,,0.0,0.0,1.0
739,2022,Tottenham,47,0.0,0.0,0.0,,False,0.0,0.0,0.0,,,0.0,,,,,,,,,,,,,,,,,0.0,0.0,0.0,,,,,
739,2023,Brentford,55,16.0,14.0,1122.0,6.95625,False,2.0,7.0,2.0,10.0,2.0,0.0,0.0,4.0,,412.0,20.0,,45.0,6.0,16.0,148.0,87.0,24.0,13.0,,15.0,10.0,4.0,0.0,1.0,,,0.0,0.0,
739,2023,Manchester United,33,9.0,4.0,410.0,6.95625,False,5.0,3.0,10.0,10.0,2.0,0.0,0.0,4.0,,412.0,20.0,,45.0,6.0,16.0,148.0,87.0,24.0,13.0,,15.0,10.0,3.0,0.0,0.0,,,0.0,0.0,
739,2023,Tottenham,47,0.0,0.0,0.0,6.95625,False,0.0,0.0,0.0,10.0,2.0,0.0,0.0,4.0,,412.0,20.0,,45.0,6.0,16.0,148.0,87.0,24.0,13.0,,15.0,10.0,0.0,0.0,0.0,,,0.0,0.0,
739,2024,Manchester United,33,,,,,False,,,,,,,,,,,,,,,,,,,,,,,,,,,,,,
739,2024,Tottenham,47,4.0,1.0,194.0,6.7,False,3.0,1.0,13.0,1.0,,0.0,0.0,0.0,,107.0,1.0,,4.0,,4.0,26.0,17.0,3.0,2.0,,6.0,2.0,2.0,0.0,0.0,,,0.0,0.0,
742,2022,Manchester United,33,24.0,22.0,1915.0,6.865217,False,2.0,6.0,8.0,6.0,4.0,0.0,0.0,,,1099.0,4.0,41.0,24.0,17.0,11.0,117.0,74.0,9.0,5.0,,3.0,12.0,1.0,0.0,0.0,,,0.0,0.0,
742,2023,Manchester United,33,22.0,16.0,1373.0,6.904761,False,6.0,4.0,10.0,6.0,2.0,1.0,0.0,0.0,,774.0,1.0,,18.0,18.0,15.0,63.0,43.0,2.0,1.0,,3.0,8.0,2.0,0.0,0.0,,,0.0,0.0,
742,2024,Manchester United,33,,,,,False,,,,,,,,,,,,,,,,,,,,,,,,,,,,,,
746,2024,Aston Villa,66,13.0,12.0,745.0,7.1,False,1.0,,,19.0,11.0,3.0,0.0,1.0,,272.0,16.0,,7.0,1.0,2.0,58.0,27.0,17.0,12.0,,8.0,11.0,2.0,,0.0,,,0.0,2.0,
747,2022,Manchester United,33,28.0,24.0,2126.0,7.239285,False,4.0,4.0,4.0,28.0,11.0,4.0,0.0,3.0,,1412.0,29.0,,89.0,11.0,34.0,322.0,178.0,17.0,9.0,,24.0,48.0,7.0,0.0,2.0,,,0.0,0.0,
747,2023,Manchester United,33,26.0,25.0,1985.0,7.168,False,1.0,,,28.0,9.0,1.0,0.0,2.0,,1406.0,16.0,46.0,83.0,33.0,17.0,276.0,144.0,17.0,9.0,,10.0,30.0,7.0,,0.0,,,0.0,0.0,
747,2024,Manchester United,33,38.0,29.0,1513.0,7.195833,False,9.0,,,25.0,10.0,1.0,0.0,0.0,,960.0,22.0,,83.0,10.0,14.0,222.0,141.0,6.0,3.0,,19.0,20.0,5.0,,0.0,,,0.0,0.0,
747,2025,Manchester United,33,30.0,29.0,2242.0,7.13,False,1.0,18.0,1.0,31.0,16.0,8.0,0.0,2.0,,1401.0,32.0,80.0,71.0,17.0,25.0,307.0,158.0,12.0,6.0,,31.0,43.0,9.0,1.0,0.0,,,0.0,0.0,
766,2022,Aston Villa,66,4.0,2.0,279.0,6.55,False,2.0,0.0,32.0,,,0.0,8.0,,11.0,111.0,,,,,,2.0,,,,,,,0.0,0.0,0.0,,,0.0,0.0,0.0
766,2023,Aston Villa,66,5.0,4.0,404.0,7.16,False,1.0,0.0,27.0,,,0.0,13.0,0.0,21.0,184.0,,,,,,4.0,4.0,,,,2.0,,0.0,0.0,0.0,,,0.0,0.0,0.0
766,2024,Aston Villa,66,4.0,1.0,223.0,6.775,False,3.0,0.0,29.0,,,0.0,6.0,0.0,8.0,100.0,,,1.0,,,1.0,1.0,,,,,,0.0,0.0,0.0,,,0.0,0.0,2.0
786,2023,Aston Villa,66,25.0,17.0,846.0,6.544,False,8.0,,,17.0,10.0,2.0,0.0,,,208.0,10.0,,19.0,,1.0,172.0,60.0,43.0,13.0,,21.0,24.0,7.0,,0.0,,,0.0,0.0,
786,2024,Aston Villa,66,,,,,False,,,,,,,,,,,,,,,,,,,,,,,,,,,,,,
792,2023,Bournemouth,35,38.0,32.0,1942.0,6.675,False,6.0,,,34.0,20.0,7.0,0.0,1.0,,381.0,21.0,,28.0,1.0,8.0,257.0,92.0,65.0,24.0,,28.0,52.0,5.0,,0.0,,,0.0,0.0,
792,2024,Bournemouth,35,34.0,31.0,2356.0,7.161764,False,3.0,,,52.0,29.0,12.0,0.0,6.0,,679.0,45.0,,23.0,,14.0,258.0,100.0,76.0,36.0,,33.0,47.0,8.0,,0.0,,,6.0,0.0,
792,2025,Bournemouth,35,18.0,10.0,920.0,6.57,False,8.0,10.0,8.0,11.0,4.0,2.0,0.0,0.0,,332.0,21.0,81.0,10.0,1.0,4.0,110.0,36.0,25.0,11.0,,9.0,15.0,4.0,0.0,0.0,,,0.0,0.0,
833,2025,Leeds,63,18.0,14.0,1329.0,6.84,False,4.0,3.0,13.0,9.0,6.0,1.0,0.0,1.0,,729.0,4.0,85.0,21.0,6.0,22.0,141.0,82.0,2.0,2.0,,9.0,15.0,3.0,0.0,0.0,,1.0,0.0,0.0,
842,2022,West Ham,48,0.0,0.0,0.0,,False,0.0,0.0,1.0,,,0.0,0.0,,,,,,,,,,,,,,,,0.0,0.0,0.0,,,0.0,0.0,
842,2023,West Ham,48,0.0,0.0,0.0,,False,0.0,0.0,0.0,,,0.0,,,,,,,,,,,,,,,,,0.0,0.0,0.0,,,,,
855,2022,Manchester City,50,17.0,16.0,1279.0,6.923529,False,1.0,5.0,4.0,6.0,3.0,2.0,0.0,1.0,,1095.0,12.0,55.0,29.0,1.0,19.0,171.0,104.0,53.0,30.0,,18.0,13.0,3.0,0.0,1.0,,,0.0,0.0,
855,2023,Manchester City,50,0.0,0.0,0.0,,False,0.0,0.0,0.0,,,0.0,,,,,,,,,,,,,,,,,0.0,0.0,0.0,,,,,
855,2024,Manchester City,50,0.0,0.0,0.0,,False,0.0,0.0,0.0,,,0.0,,,,,,,,,,,,,,,,,0.0,0.0,0.0,,,,,
863,2022,Tottenham,47,18.0,17.0,1506.0,7.227777,False,1.0,7.0,1.0,12.0,9.0,5.0,0.0,2.0,,857.0,11.0,40.0,45.0,15.0,20.0,169.0,89.0,32.0,21.0,,8.0,24.0,8.0,0.0,0.0,,,0.0,0.0,
863,2023,Tottenham,47,23.0,13.0,1007.0,6.804347,False,10.0,12.0,10.0,13.0,5.0,1.0,0.0,1.0,,787.0,8.0,,23.0,4.0,17.0,148.0,65.0,19.0,11.0,,17.0,20.0,7.0,0.0,0.0,,,0.0,0.0,
863,2024,Tottenham,47,26.0,21.0,1654.0,6.896153,False,5.0,14.0,6.0,13.0,6.0,2.0,0.0,0.0,,1067.0,10.0,,40.0,8.0,40.0,207.0,94.0,16.0,9.0,,10.0,34.0,9.0,0.0,0.0,,,0.0,0.0,
863,2025,Tottenham,47,20.0,17.0,1415.0,6.74,False,3.0,8.0,4.0,6.0,2.0,1.0,0.0,1.0,,739.0,9.0,84.0,37.0,6.0,22.0,150.0,78.0,22.0,13.0,,3.0,15.0,5.0,0.0,0.0,,1.0,0.0,0.0,
874,2022,Manchester United,33,10.0,4.0,520.0,6.81,False,6.0,1.0,8.0,19.0,6.0,1.0,0.0,,,158.0,6.0,,2.0,,1.0,47.0,26.0,7.0,4.0,,5.0,7.0,2.0,0.0,0.0,,,0.0,0.0,
879,2024,Leicester,46,30.0,16.0,1615.0,6.713333,False,14.0,13.0,17.0,16.0,7.0,4.0,0.0,1.0,,528.0,24.0,,34.0,2.0,11.0,238.0,96.0,82.0,35.0,,18.0,18.0,2.0,0.0,0.0,,,0.0,0.0,
882,2022,Manchester United,33,38.0,38.0,3427.0,6.93421,False,0.0,,,,,,43.0,,101.0,1083.0,1.0,,,,1.0,12.0,10.0,,,,5.0,,0.0,,0.0,,,0.0,0.0,1.0
882,2023,Manchester United,33,,,,,False,,,,,,,,,,,,,,,,,,,,,,,,,,,,,,
883,2022,Manchester United,33,,,,,False,,,,,,,,,,,,,,,,,,,,,,,,,,,,,,
885,2023,Manchester United,33,0.0,0.0,0.0,,False,0.0,0.0,0.0,,,0.0,,,,,,,,,,,,,,,,,0.0,0.0,0.0,,,,,
886,2022,Manchester United,33,26.0,24.0,2155.0,7.026923,False,2.0,3.0,8.0,12.0,7.0,1.0,0.0,2.0,,1188.0,29.0,,54.0,7.0,37.0,180.0,117.0,28.0,21.0,,3.0,21.0,6.0,0.0,0.0,,,0.0,0.0,
886,2023,Manchester United,33,36.0,35.0,3174.0,7.108333,False,1.0,0.0,2.0,20.0,7.0,2.0,0.0,3.0,,1493.0,38.0,,81.0,16.0,37.0,278.0,158.0,49.0,31.0,,14.0,45.0,5.0,1.0,0.0,,,0.0,0.0,
886,2024,Manchester United,33,33.0,31.0,2814.0,6.975757,False,2.0,2.0,2.0,17.0,5.0,0.0,0.0,3.0,,1374.0,27.0,,68.0,9.0,37.0,264.0,142.0,49.0,27.0,,9.0,40.0,5.0,0.0,0.0,,,0.0,0.0,
886,2025,Manchester United,33,30.0,25.0,2257.0,6.86,False,5.0,7.0,5.0,19.0,6.0,1.0,0.0,3.0,,996.0,27.0,85.0,42.0,9.0,25.0,195.0,112.0,24.0,17.0,,12.0,22.0,5.0,0.0,0.0,,,0.0,0.0,
888,2022,Manchester United,33,0.0,0.0,0.0,,False,0.0,0.0,0.0,,,0.0,,,,,,,,,,,,,,,,,0.0,0.0,0.0,,,,,
888,2023,Manchester United,33,,,,,False,,,,,,,,,,,,,,,,,,,,,,,,,,,,,,
889,2022,Manchester United,33,20.0,14.0,1360.0,6.82,False,6.0,1.0,16.0,3.0,,0.0,0.0,,,927.0,3.0,45.0,22.0,9.0,21.0,102.0,61.0,3.0,2.0,,4.0,10.0,1.0,0.0,0.0,,,0.0,0.0,
889,2022,Aston Villa,66,30.0,22.0,1387.0,6.82,False,8.0,,,3.0,,,0.0,,,927.0,3.0,45.0,22.0,9.0,21.0,102.0,61.0,3.0,2.0,,4.0,10.0,1.0,,0.0,,,0.0,0.0,
889,2023,Manchester United,33,19.0,14.0,1331.0,6.868421,False,5.0,7.0,7.0,6.0,4.0,1.0,0.0,1.0,,876.0,8.0,41.0,15.0,9.0,12.0,85.0,35.0,1.0,1.0,,2.0,15.0,2.0,0.0,0.0,,,0.0,0.0,
889,2023,Aston Villa,66,21.0,18.0,1338.0,6.868421,False,3.0,,,6.0,4.0,1.0,0.0,1.0,,876.0,8.0,41.0,15.0,9.0,12.0,85.0,35.0,1.0,1.0,,2.0,15.0,2.0,,0.0,,,0.0,0.0,
889,2024,Manchester United,33,16.0,6.0,693.0,6.671428,False,10.0,1.0,17.0,,,0.0,0.0,0.0,,380.0,3.0,,7.0,4.0,8.0,50.0,25.0,,,,1.0,8.0,1.0,0.0,0.0,,,0.0,0.0,
889,2024,Aston Villa,66,23.0,15.0,725.0,6.671428,False,8.0,,,,,,0.0,0.0,,380.0,3.0,,7.0,4.0,8.0,50.0,25.0,,,,1.0,8.0,1.0,,0.0,,,0.0,0.0,
889,2025,Aston Villa,66,13.0,7.0,703.0,6.7,False,6.0,0.0,21.0,3.0,,0.0,0.0,1.0,,455.0,2.0,94.0,5.0,4.0,4.0,22.0,13.0,,,,,1.0,0.0,0.0,0.0,,,0.0,0.0,
891,2022,Manchester United,33,35.0,32.0,2562.0,7.145161,False,3.0,,,10.0,4.0,1.0,0.0,2.0,,1806.0,35.0,50.0,55.0,17.0,36.0,255.0,142.0,31.0,14.0,,27.0,46.0,8.0,,0.0,,,0.0,0.0,
891,2023,Manchester United,33,12.0,12.0,962.0,6.941666,False,0.0,,,2.0,,,0.0,,,551.0,13.0,,11.0,11.0,6.0,73.0,34.0,11.0,7.0,,3.0,14.0,6.0,,0.0,,,0.0,0.0,
891,2024,Manchester United,33,8.0,6.0,348.0,6.814285,False,2.0,,,1.0,,,0.0,0.0,,277.0,6.0,,4.0,1.0,2.0,14.0,8.0,1.0,,,1.0,3.0,1.0,,0.0,,,0.0,0.0,
891,2025,Manchester United,33,32.0,32.0,2716.0,6.64,False,0.0,13.0,0.0,2.0,2.0,0.0,0.0,1.0,,1528.0,16.0,86.0,62.0,9.0,34.0,254.0,136.0,19.0,9.0,,12.0,40.0,6.0,0.0,0.0,,,0.0,0.0,
894,2022,Aston Villa,66,29.0,23.0,2038.0,6.882142,False,6.0,8.0,15.0,8.0,3.0,1.0,0.0,,,966.0,14.0,,50.0,11.0,21.0,159.0,99.0,18.0,8.0,,28.0,24.0,7.0,0.0,0.0,,,0.0,0.0,
894,2023,Everton,45,31.0,27.0,2289.0,6.693548,False,4.0,12.0,5.0,7.0,2.0,0.0,0.0,0.0,,775.0,22.0,,53.0,6.0,22.0,222.0,108.0,24.0,12.0,,24.0,33.0,6.0,1.0,0.0,,,0.0,0.0,
894,2024,Everton,45,32.0,19.0,1868.0,6.896774,False,13.0,4.0,17.0,3.0,3.0,1.0,0.0,3.0,,737.0,26.0,,58.0,4.0,25.0,169.0,97.0,16.0,7.0,,22.0,30.0,7.0,0.0,1.0,,,0.0,0.0,
895,2022,Everton,45,16.0,7.0,795.0,6.61875,False,9.0,1.0,14.0,6.0,3.0,0.0,0.0,1.0,,298.0,7.0,,16.0,1.0,12.0,89.0,45.0,13.0,7.0,,10.0,16.0,3.0,0.0,0.0,,,0.0,0.0,
895,2022,Manchester United,33,0.0,0.0,0.0,6.61875,False,0.0,0.0,2.0,6.0,3.0,0.0,0.0,1.0,,298.0,7.0,,16.0,1.0,12.0,89.0,45.0,13.0,7.0,,10.0,16.0,0.0,0.0,0.0,,,0.0,0.0,
895,2023,Everton,45,37.0,34.0,3006.0,7.081081,False,3.0,5.0,3.0,31.0,11.0,1.0,0.0,2.0,,1113.0,44.0,,83.0,14.0,45.0,303.0,169.0,35.0,19.0,,44.0,39.0,7.0,0.0,0.0,,,0.0,0.0,
895,2024,Everton,45,21.0,17.0,1595.0,6.942857,False,4.0,6.0,5.0,10.0,4.0,0.0,0.0,1.0,,697.0,13.0,,47.0,4.0,23.0,151.0,80.0,20.0,7.0,,15.0,20.0,5.0,0.0,0.0,,,0.0,0.0,
895,2025,Everton,45,32.0,32.0,2874.0,7.24,False,0.0,1.0,0.0,30.0,12.0,2.0,0.0,6.0,,1495.0,45.0,87.0,95.0,8.0,51.0,271.0,167.0,32.0,17.0,,32.0,29.0,8.0,0.0,0.0,,,0.0,0.0,
896,2025,Wolves,39,8.0,5.0,363.0,6.83,False,3.0,5.0,3.0,5.0,2.0,0.0,0.0,0.0,,142.0,4.0,85.0,8.0,2.0,,31.0,19.0,4.0,3.0,,8.0,6.0,1.0,0.0,0.0,,,0.0,0.0,
897,2023,Manchester United,33,0.0,0.0,0.0,,False,0.0,0.0,0.0,,,0.0,,,,,,,,,,,,,,,,,0.0,0.0,0.0,,,,,
897,2024,Manchester United,33,,,,,False,,,,,,,,,,,,,,,,,,,,,,,,,,,,,,
899,2022,Fulham,36,33.0,33.0,2718.0,6.863636,False,0.0,26.0,0.0,48.0,23.0,4.0,0.0,6.0,,854.0,61.0,,18.0,3.0,6.0,244.0,75.0,42.0,17.0,,31.0,41.0,8.0,0.0,0.0,,,1.0,0.0,
899,2023,Fulham,36,37.0,34.0,2638.0,7.086486,False,3.0,29.0,4.0,40.0,16.0,3.0,0.0,7.0,,1062.0,85.0,,25.0,2.0,4.0,233.0,83.0,41.0,19.0,,26.0,22.0,6.0,0.0,0.0,,,0.0,0.0,
899,2024,Fulham,36,33.0,25.0,2024.0,6.90303,False,8.0,22.0,10.0,26.0,9.0,2.0,0.0,4.0,,784.0,57.0,,24.0,2.0,8.0,188.0,75.0,22.0,14.0,,24.0,28.0,8.0,0.0,0.0,,,0.0,1.0,
899,2025,Fulham,36,0.0,0.0,,,False,0.0,0.0,1.0,,,0.0,0.0,0.0,,,,,,,,,,,,,,,0.0,0.0,0.0,,,0.0,0.0,
900,2022,Nottingham Forest,65,29.0,21.0,927.0,6.56875,False,8.0,,,4.0,2.0,,0.0,,,282.0,11.0,,4.0,,5.0,51.0,20.0,10.0,6.0,,9.0,8.0,1.0,,0.0,,,0.0,0.0,
900,2023,Nottingham Forest,65,,,,,False,,,,,,,,,,,,,,,,,,,,,,,,,,,,,,
903,2022,Manchester United,33,26.0,18.0,1165.0,6.669565,False,8.0,,,11.0,6.0,1.0,0.0,,,426.0,8.0,,32.0,6.0,14.0,183.0,95.0,22.0,13.0,,16.0,28.0,8.0,,0.0,,,0.0,0.0,
903,2023,Manchester United,33,34.0,24.0,1919.0,6.946875,False,10.0,,,33.0,19.0,7.0,0.0,1.0,,642.0,11.0,,48.0,12.0,14.0,227.0,113.0,18.0,8.0,,21.0,29.0,2.0,,0.0,,,0.0,0.0,
903,2024,Manchester United,33,2.0,1.0,22.0,6.5,False,1.0,,,,,,0.0,0.0,,9.0,,,,,,4.0,1.0,1.0,,,,,0.0,,0.0,,,0.0,0.0,
905,2022,Manchester United,33,35.0,24.0,1265.0,6.781818,False,11.0,,,16.0,5.0,2.0,0.0,2.0,,763.0,30.0,,47.0,2.0,19.0,190.0,92.0,27.0,12.0,,22.0,33.0,6.0,,0.0,,,0.0,0.0,
905,2023,Manchester United,33,0.0,0.0,0.0,,False,0.0,0.0,0.0,,,0.0,,,,,,,,,,,,,,,,,0.0,0.0,0.0,,,,,
906,2022,Manchester United,33,0.0,0.0,0.0,,False,0.0,0.0,0.0,,,0.0,,,,,,,,,,,,,,,,,0.0,0.0,0.0,,,,,
906,2023,Luton,1359,38.0,27.0,1993.0,6.742424,False,11.0,,,15.0,7.0,4.0,0.0,0.0,,500.0,11.0,,36.0,6.0,8.0,264.0,134.0,57.0,25.0,,64.0,21.0,4.0,,0.0,,,0.0,0.0,
907,2023,Chelsea,49,,,,,False,,,,,,,,,,,,,,,,,,,,,,,,,,,,,,
907,2024,Chelsea,49,0.0,0.0,0.0,,False,0.0,0.0,0.0,,,0.0,,,,,,,,,,,,,,,,,0.0,0.0,0.0,,,,,
908,2022,Manchester United,33,21.0,11.0,979.0,6.742857,False,10.0,11.0,10.0,21.0,13.0,6.0,0.0,2.0,,320.0,12.0,,5.0,2.0,1.0,99.0,43.0,23.0,14.0,,14.0,8.0,0.0,0.0,0.0,,,1.0,0.0,
908,2023,Manchester United,33,13.0,5.0,445.0,6.676923,False,8.0,5.0,11.0,5.0,4.0,1.0,0.0,,,137.0,6.0,,4.0,,,53.0,20.0,4.0,2.0,,6.0,3.0,0.0,0.0,0.0,,,0.0,0.0,
908,2024,Manchester United,33,,,,,False,,,,,,,,,,,,,,,,,,,,,,,,,,,,,,
909,2022,Manchester United,33,35.0,32.0,2889.0,6.914285,False,3.0,13.0,3.0,81.0,50.0,17.0,0.0,5.0,,779.0,30.0,,20.0,4.0,7.0,302.0,117.0,127.0,54.0,,23.0,15.0,2.0,0.0,0.0,,,0.0,0.0,
909,2023,Manchester United,33,33.0,26.0,2278.0,6.848484,False,7.0,14.0,7.0,39.0,21.0,7.0,0.0,2.0,,684.0,25.0,,19.0,1.0,4.0,249.0,103.0,101.0,48.0,,21.0,13.0,2.0,0.0,0.0,,,2.0,0.0,
909,2024,Aston Villa,66,10.0,4.0,441.0,7.0,False,6.0,4.0,6.0,14.0,7.0,2.0,0.0,2.0,,134.0,13.0,,10.0,,1.0,48.0,23.0,22.0,9.0,,3.0,1.0,0.0,0.0,0.0,,,1.0,0.0,
909,2024,Manchester United,33,15.0,12.0,983.0,7.0,False,3.0,8.0,4.0,14.0,7.0,4.0,0.0,2.0,,134.0,13.0,,10.0,,1.0,48.0,23.0,22.0,9.0,,3.0,1.0,2.0,0.0,0.0,,,1.0,0.0,
912,2022,Bournemouth,35,27.0,27.0,2386.0,6.966666,False,0.0,1.0,3.0,,,0.0,39.0,,100.0,696.0,,,3.0,,,15.0,12.0,1.0,1.0,,4.0,,4.0,0.0,0.0,,,0.0,0.0,0.0
912,2023,Bournemouth,35,32.0,32.0,2880.0,7.115625,False,0.0,0.0,4.0,,,0.0,55.0,0.0,115.0,902.0,,,,,1.0,13.0,12.0,2.0,2.0,,,1.0,5.0,0.0,0.0,,,0.0,0.0,0.0
912,2024,Arsenal,42,0.0,0.0,0.0,8.0,False,0.0,0.0,33.0,,,0.0,2.0,0.0,11.0,54.0,,,,,,2.0,2.0,,,,2.0,,0.0,0.0,0.0,,,0.0,0.0,0.0
912,2024,Bournemouth,35,2.0,2.0,180.0,8.0,False,0.0,0.0,0.0,,,0.0,2.0,0.0,11.0,54.0,,,,,,2.0,2.0,,,,2.0,,0.0,0.0,0.0,,,0.0,0.0,0.0
925,2022,Wolves,39,13.0,8.0,709.0,6.846153,False,5.0,7.0,9.0,13.0,6.0,1.0,0.0,1.0,,172.0,9.0,,8.0,,1.0,82.0,44.0,12.0,5.0,,24.0,11.0,1.0,0.0,0.0,,,0.0,0.0,
925,2023,Wolves,39,0.0,0.0,0.0,,False,0.0,0.0,0.0,,,0.0,,,,,,,,,,,,,,,,,0.0,0.0,0.0,,,,,
925,2024,Wolves,39,29.0,10.0,985.0,6.562962,False,19.0,9.0,23.0,19.0,8.0,2.0,0.0,4.0,,310.0,14.0,,16.0,,5.0,119.0,47.0,24.0,9.0,,17.0,15.0,1.0,0.0,0.0,,,0.0,0.0,
930,2024,West Ham,48,31.0,14.0,1403.0,6.619354,False,17.0,13.0,19.0,17.0,9.0,1.0,0.0,1.0,,629.0,17.0,,15.0,6.0,8.0,129.0,52.0,17.0,8.0,,19.0,26.0,6.0,0.0,0.0,,,0.0,0.0,
935,2022,Leeds,63,31.0,23.0,1943.0,6.896774,False,8.0,16.0,8.0,47.0,27.0,13.0,0.0,1.0,,517.0,16.0,,24.0,4.0,6.0,226.0,81.0,27.0,12.0,,11.0,29.0,6.0,0.0,0.0,,,1.0,0.0,
946,2022,Fulham,36,14.0,8.0,141.0,6.38,False,6.0,,,,,,0.0,1.0,,64.0,2.0,,3.0,,3.0,25.0,9.0,6.0,4.0,,,4.0,1.0,,0.0,,,0.0,0.0,
946,2023,Fulham,36,0.0,0.0,0.0,,False,0.0,0.0,3.0,,,0.0,0.0,,,,,,,,,,,,,,,,0.0,0.0,0.0,,,0.0,0.0,
946,2024,Fulham,36,0.0,0.0,0.0,,False,0.0,0.0,0.0,,,0.0,,,,,,,,,,,,,,,,,0.0,0.0,0.0,,,,,
978,2022,Chelsea,49,35.0,30.0,2579.0,6.837142,False,5.0,15.0,6.0,62.0,33.0,7.0,0.0,1.0,,868.0,38.0,,34.0,,7.0,364.0,156.0,57.0,18.0,,25.0,60.0,5.0,0.0,0.0,,,1.0,0.0,
978,2023,Arsenal,42,37.0,30.0,2639.0,7.224324,False,7.0,12.0,7.0,51.0,28.0,13.0,0.0,7.0,,932.0,46.0,,35.0,1.0,20.0,417.0,197.0,35.0,16.0,,44.0,49.0,11.0,0.0,0.0,,,1.0,0.0,
978,2024,Arsenal,42,23.0,21.0,1875.0,7.056521,False,2.0,3.0,3.0,44.0,21.0,9.0,0.0,3.0,,502.0,17.0,,16.0,4.0,6.0,282.0,111.0,33.0,9.0,,23.0,38.0,5.0,0.0,0.0,,,0.0,0.0,
978,2025,Arsenal,42,7.0,4.0,318.0,6.53,False,3.0,4.0,5.0,6.0,1.0,0.0,0.0,1.0,,88.0,4.0,67.0,5.0,1.0,,57.0,25.0,5.0,3.0,,8.0,4.0,0.0,0.0,0.0,,,0.0,0.0,
983,2022,Aston Villa,66,33.0,26.0,1983.0,6.642424,False,7.0,22.0,7.0,32.0,14.0,4.0,0.0,4.0,,441.0,31.0,,14.0,,6.0,299.0,101.0,96.0,41.0,,22.0,29.0,4.0,0.0,0.0,,,0.0,0.0,
983,2023,Aston Villa,66,36.0,31.0,2072.0,7.131428,False,5.0,,,37.0,18.0,10.0,0.0,9.0,,701.0,52.0,,13.0,1.0,9.0,266.0,110.0,107.0,57.0,,26.0,26.0,5.0,,0.0,,,0.0,0.0,
983,2024,Aston Villa,66,29.0,23.0,1151.0,6.760869,False,6.0,,,13.0,6.0,1.0,0.0,2.0,,352.0,16.0,,7.0,,3.0,131.0,53.0,46.0,22.0,,18.0,12.0,3.0,,0.0,,,0.0,0.0,
983,2025,Aston Villa,66,9.0,2.0,336.0,6.62,False,7.0,2.0,8.0,3.0,1.0,0.0,0.0,1.0,,105.0,9.0,78.0,7.0,,1.0,56.0,19.0,21.0,4.0,,4.0,5.0,1.0,0.0,0.0,,,0.0,0.0,
1003,2022,Vitesse,200,0.0,0.0,0.0,,False,0.0,0.0,0.0,,,0.0,,,,,,,,,,,,,,,,,0.0,0.0,0.0,,,,,
1093,2022,Brighton,51,6.0,2.0,211.0,6.683333,False,4.0,2.0,4.0,2.0,1.0,0.0,0.0,1.0,,75.0,3.0,,10.0,1.0,1.0,30.0,11.0,4.0,,,1.0,2.0,0.0,0.0,0.0,,,0.0,0.0,
1096,2023,Liverpool,40,33.0,25.0,2108.0,7.1125,False,8.0,13.0,8.0,37.0,15.0,3.0,0.0,2.0,,1397.0,56.0,,32.0,2.0,15.0,234.0,97.0,51.0,24.0,,29.0,29.0,1.0,0.0,0.0,,,0.0,0.0,
1096,2024,Liverpool,40,36.0,29.0,2495.0,7.130555,False,7.0,12.0,7.0,42.0,23.0,6.0,0.0,6.0,,1242.0,56.0,,40.0,5.0,9.0,238.0,104.0,39.0,21.0,,24.0,44.0,6.0,0.0,0.0,,,0.0,0.0,
1096,2025,Liverpool,40,30.0,30.0,2693.0,7.23,False,0.0,1.0,0.0,41.0,19.0,5.0,0.0,3.0,,1880.0,60.0,87.0,46.0,8.0,27.0,227.0,114.0,42.0,25.0,,26.0,29.0,7.0,0.0,1.0,,,0.0,1.0,
1098,2022,Leicester,46,30.0,13.0,1181.0,6.77931,False,17.0,11.0,24.0,23.0,16.0,4.0,0.0,4.0,,275.0,17.0,,14.0,2.0,7.0,164.0,62.0,15.0,7.0,,15.0,23.0,2.0,0.0,0.0,,,0.0,0.0,
1098,2024,Leicester,46,23.0,6.0,721.0,6.531818,False,17.0,5.0,21.0,10.0,4.0,1.0,0.0,0.0,,137.0,1.0,,20.0,1.0,1.0,128.0,51.0,13.0,2.0,,19.0,15.0,0.0,0.0,0.0,,,0.0,0.0,
1100,2022,Manchester City,50,36.0,34.0,2776.0,7.397142,False,2.0,,,107.0,60.0,36.0,0.0,8.0,,479.0,31.0,,3.0,4.0,3.0,217.0,88.0,29.0,11.0,,24.0,31.0,5.0,,0.0,,,7.0,0.0,
1100,2023,Manchester City,50,32.0,30.0,2556.0,7.36129,False,2.0,,,98.0,59.0,27.0,0.0,5.0,,381.0,29.0,,6.0,1.0,2.0,184.0,88.0,28.0,12.0,,31.0,18.0,1.0,,0.0,,,7.0,1.0,
1100,2024,Manchester City,50,32.0,31.0,2741.0,7.254838,False,1.0,,,92.0,60.0,22.0,0.0,3.0,,372.0,29.0,,12.0,1.0,5.0,218.0,94.0,33.0,13.0,,13.0,24.0,2.0,,0.0,,,3.0,1.0,
1100,2025,Manchester City,50,30.0,29.0,2508.0,7.32,False,1.0,8.0,1.0,87.0,50.0,22.0,0.0,7.0,,312.0,21.0,65.0,15.0,1.0,5.0,214.0,116.0,26.0,12.0,,23.0,21.0,1.0,0.0,0.0,,,3.0,1.0,
1117,2022,Arsenal,42,27.0,6.0,777.0,6.624,False,21.0,3.0,32.0,6.0,2.0,0.0,0.0,1.0,,401.0,4.0,,20.0,2.0,11.0,67.0,37.0,5.0,2.0,,9.0,5.0,0.0,0.0,0.0,,,0.0,0.0,
1117,2023,Arsenal,42,0.0,0.0,0.0,,False,0.0,0.0,0.0,,,0.0,,,,,,,,,,,,,,,,,0.0,0.0,0.0,,,,,
1117,2024,Arsenal,42,13.0,2.0,250.0,6.863636,False,11.0,2.0,24.0,2.0,1.0,1.0,0.0,0.0,,145.0,8.0,,7.0,,3.0,25.0,16.0,3.0,2.0,,2.0,1.0,0.0,0.0,0.0,,,0.0,0.0,
1119,2022,Brentford,55,9.0,9.0,766.0,6.444444,False,0.0,3.0,10.0,1.0,,0.0,0.0,,,294.0,1.0,,11.0,5.0,7.0,70.0,35.0,5.0,1.0,,8.0,5.0,0.0,0.0,0.0,,,0.0,0.0,
1119,2023,Brentford,55,29.0,24.0,1861.0,6.857142,False,5.0,,,9.0,4.0,2.0,0.0,1.0,,722.0,12.0,,38.0,11.0,25.0,190.0,121.0,12.0,10.0,,10.0,25.0,5.0,,0.0,,,0.0,0.0,
1119,2024,Brentford,55,26.0,22.0,1460.0,6.658333,False,4.0,,,5.0,3.0,,0.0,0.0,,557.0,8.0,,27.0,4.0,11.0,136.0,67.0,16.0,7.0,,6.0,13.0,5.0,,0.0,,,0.0,0.0,
1119,2025,Brentford,55,24.0,18.0,1638.0,6.67,False,6.0,6.0,12.0,8.0,3.0,0.0,0.0,1.0,,623.0,4.0,78.0,35.0,14.0,15.0,177.0,97.0,9.0,2.0,,5.0,22.0,3.0,0.0,0.0,,1.0,0.0,0.0,
1125,2022,Bournemouth,35,32.0,22.0,1841.0,6.634375,False,10.0,17.0,16.0,18.0,9.0,1.0,0.0,1.0,,613.0,30.0,,34.0,4.0,26.0,300.0,132.0,79.0,37.0,,45.0,36.0,2.0,0.0,0.0,,,0.0,0.0,
1125,2023,Bournemouth,35,37.0,35.0,2918.0,7.056756,False,2.0,,,29.0,13.0,,0.0,5.0,,1220.0,55.0,,86.0,11.0,52.0,421.0,196.0,92.0,51.0,,38.0,48.0,6.0,,0.0,,,0.0,0.0,
1125,2024,Bournemouth,35,29.0,28.0,2131.0,7.1,False,1.0,,,20.0,12.0,2.0,0.0,3.0,,999.0,41.0,,54.0,11.0,30.0,281.0,127.0,45.0,23.0,,31.0,43.0,9.0,,0.0,,,0.0,0.0,
1125,2025,Bournemouth,35,22.0,6.0,786.0,6.73,False,16.0,6.0,17.0,12.0,6.0,2.0,0.0,0.0,,445.0,8.0,77.0,22.0,3.0,10.0,132.0,66.0,36.0,17.0,,18.0,15.0,2.0,0.0,0.0,,1.0,0.0,0.0,
1131,2022,West Ham,48,0.0,0.0,0.0,,False,0.0,0.0,1.0,,,0.0,0.0,,,,,,,,,,,,,,,,0.0,0.0,0.0,,,0.0,0.0,
1135,2022,Crystal Palace,52,35.0,20.0,1806.0,6.605714,False,15.0,18.0,17.0,26.0,15.0,5.0,0.0,2.0,,406.0,17.0,,25.0,5.0,3.0,286.0,99.0,44.0,16.0,,17.0,28.0,3.0,0.0,0.0,,,0.0,0.0,
1135,2023,Crystal Palace,52,30.0,17.0,1554.0,6.823333,False,13.0,12.0,16.0,33.0,19.0,7.0,0.0,0.0,,337.0,18.0,,24.0,1.0,6.0,244.0,95.0,43.0,19.0,,22.0,31.0,4.0,0.0,0.0,,,0.0,0.0,
1135,2024,Leicester,46,4.0,0.0,25.0,6.7,False,4.0,0.0,7.0,3.0,1.0,0.0,0.0,0.0,,27.0,1.0,,1.0,,,14.0,2.0,1.0,,,,4.0,0.0,0.0,0.0,,,0.0,0.0,
1135,2024,Crystal Palace,52,2.0,1.0,115.0,6.7,False,1.0,1.0,1.0,3.0,1.0,0.0,0.0,0.0,,27.0,1.0,,1.0,,,14.0,2.0,1.0,,,,4.0,0.0,0.0,0.0,,,0.0,0.0,
1135,2025,Crystal Palace,52,1.0,0.0,8.0,6.7,False,1.0,0.0,2.0,,,0.0,0.0,0.0,,,,,1.0,,,4.0,2.0,,,,1.0,,0.0,0.0,0.0,,,0.0,0.0,
1145,2022,Liverpool,40,18.0,17.0,1551.0,6.833333,False,1.0,0.0,4.0,6.0,3.0,0.0,0.0,,,1130.0,1.0,54.0,38.0,5.0,26.0,169.0,109.0,12.0,10.0,,15.0,29.0,5.0,0.0,0.0,,,0.0,0.0,
1145,2023,Liverpool,40,33.0,27.0,1586.0,7.113636,False,6.0,,,10.0,2.0,,0.0,,,1445.0,8.0,60.0,36.0,12.0,20.0,200.0,132.0,7.0,6.0,,13.0,25.0,5.0,,1.0,,,0.0,0.0,
1145,2024,Liverpool,40,32.0,32.0,2565.0,7.132258,False,0.0,,,15.0,4.0,1.0,0.0,2.0,,1895.0,10.0,55.0,41.0,15.0,17.0,208.0,138.0,5.0,3.0,,20.0,27.0,5.0,,0.0,,,0.0,0.0,
1145,2025,Liverpool,40,30.0,30.0,2577.0,7.1,False,0.0,7.0,1.0,7.0,3.0,1.0,0.0,0.0,,1813.0,7.0,89.0,47.0,20.0,23.0,272.0,185.0,7.0,5.0,,33.0,31.0,6.0,0.0,0.0,,1.0,0.0,0.0,
1146,2025,Sunderland,746,26.0,26.0,2247.0,7.01,False,0.0,3.0,1.0,13.0,3.0,2.0,0.0,3.0,,921.0,19.0,77.0,61.0,9.0,32.0,255.0,154.0,18.0,7.0,,20.0,24.0,4.0,0.0,0.0,,,0.0,0.0,
1150,2022,Leeds,63,24.0,24.0,2157.0,7.004166,False,0.0,0.0,0.0,2.0,,0.0,0.0,,,1325.0,24.0,45.0,89.0,8.0,35.0,252.0,143.0,19.0,7.0,,21.0,37.0,5.0,1.0,0.0,,,0.0,0.0,
1150,2023,Bournemouth,35,5.0,1.0,118.0,6.866666,False,4.0,,,,,,0.0,,,69.0,1.0,,4.0,,4.0,15.0,11.0,2.0,2.0,,3.0,,0.0,,0.0,,,0.0,0.0,
1150,2024,Bournemouth,35,29.0,22.0,1965.0,6.864285,False,7.0,,,2.0,2.0,,0.0,3.0,,1056.0,18.0,,83.0,10.0,32.0,254.0,139.0,14.0,4.0,,21.0,45.0,7.0,,0.0,,,0.0,0.0,
1150,2025,Bournemouth,35,19.0,18.0,1440.0,6.86,False,1.0,10.0,2.0,7.0,6.0,2.0,0.0,1.0,,826.0,3.0,86.0,41.0,7.0,28.0,151.0,74.0,11.0,5.0,,12.0,28.0,7.0,0.0,0.0,,,0.0,0.0,
1159,2022,Manchester United,33,11.0,7.0,628.0,6.836363,False,4.0,5.0,5.0,7.0,3.0,0.0,0.0,1.0,,296.0,10.0,,12.0,2.0,8.0,70.0,36.0,2.0,1.0,,10.0,8.0,1.0,0.0,0.0,,,0.0,0.0,
1161,2022,Arsenal,42,12.0,0.0,162.0,6.527272,False,12.0,1.0,23.0,2.0,1.0,0.0,0.0,2.0,,80.0,6.0,,1.0,,,16.0,4.0,5.0,2.0,,1.0,1.0,0.0,0.0,0.0,,,0.0,0.0,
1161,2023,Arsenal,42,13.0,3.0,346.0,6.775,False,10.0,3.0,28.0,11.0,7.0,0.0,0.0,1.0,,211.0,4.0,,4.0,1.0,3.0,31.0,12.0,6.0,3.0,,2.0,5.0,0.0,0.0,0.0,,,0.0,0.0,
1161,2023,Fulham,36,31.0,16.0,363.0,6.775,False,15.0,,,11.0,7.0,,0.0,1.0,,211.0,4.0,,4.0,1.0,3.0,31.0,12.0,6.0,3.0,,2.0,5.0,0.0,,0.0,,,0.0,0.0,
1161,2024,Arsenal,42,0.0,0.0,0.0,6.933333,False,0.0,0.0,0.0,24.0,11.0,0.0,0.0,3.0,,999.0,24.0,,31.0,2.0,11.0,156.0,67.0,32.0,16.0,,14.0,19.0,0.0,0.0,0.0,,,0.0,0.0,
1161,2024,Fulham,36,34.0,30.0,2061.0,6.933333,False,4.0,,,24.0,11.0,6.0,0.0,3.0,,999.0,24.0,,31.0,2.0,11.0,156.0,67.0,32.0,16.0,,14.0,19.0,3.0,,0.0,,,0.0,0.0,
1161,2025,Fulham,36,31.0,16.0,1527.0,6.67,False,15.0,15.0,15.0,22.0,9.0,3.0,0.0,0.0,,748.0,17.0,90.0,24.0,1.0,21.0,109.0,50.0,26.0,12.0,,9.0,4.0,1.0,0.0,0.0,,,0.0,0.0,
1165,2022,Wolves,39,17.0,12.0,971.0,6.829411,False,5.0,11.0,8.0,17.0,7.0,2.0,0.0,,,222.0,7.0,,7.0,3.0,9.0,147.0,61.0,34.0,26.0,,21.0,20.0,1.0,0.0,0.0,,,0.0,0.0,
1165,2023,Wolves,39,32.0,29.0,2454.0,7.184375,False,3.0,17.0,3.0,58.0,38.0,12.0,0.0,7.0,,786.0,28.0,,30.0,7.0,13.0,373.0,160.0,125.0,64.0,,50.0,31.0,9.0,0.0,0.0,,,1.0,0.0,
1165,2023,Manchester United,33,32.0,30.0,2453.0,7.184375,False,2.0,,,58.0,38.0,12.0,0.0,7.0,,786.0,28.0,,30.0,7.0,13.0,373.0,160.0,125.0,64.0,,50.0,31.0,9.0,,0.0,,,1.0,0.0,
1165,2024,Wolves,39,33.0,29.0,2603.0,7.630303,False,4.0,10.0,4.0,80.0,44.0,15.0,0.0,6.0,,949.0,58.0,,38.0,1.0,17.0,394.0,183.0,122.0,61.0,,71.0,42.0,4.0,0.0,0.0,,,0.0,0.0,
1165,2024,Manchester United,33,33.0,32.0,2600.0,7.630303,False,1.0,,,80.0,44.0,15.0,0.0,6.0,,949.0,58.0,,38.0,1.0,17.0,394.0,183.0,122.0,61.0,,71.0,42.0,4.0,,0.0,,,0.0,0.0,
1165,2025,Manchester United,33,29.0,25.0,2165.0,7.08,False,4.0,10.0,4.0,53.0,31.0,7.0,0.0,2.0,,768.0,29.0,80.0,35.0,3.0,17.0,320.0,151.0,85.0,39.0,,50.0,19.0,2.0,0.0,0.0,2.0,,0.0,0.0,
1166,2022,Chelsea,49,0.0,0.0,0.0,,False,0.0,0.0,0.0,,,0.0,,,,,,,,,,,,,,,,,0.0,0.0,0.0,,,,,
1166,2023,Tottenham,47,13.0,10.0,815.0,7.023076,False,3.0,8.0,3.0,18.0,7.0,2.0,0.0,3.0,,323.0,15.0,,7.0,,3.0,60.0,25.0,24.0,12.0,,5.0,3.0,1.0,0.0,0.0,,,0.0,0.0,
1166,2024,Tottenham,47,18.0,4.0,508.0,6.635294,False,14.0,4.0,17.0,8.0,3.0,0.0,0.0,3.0,,198.0,10.0,,6.0,1.0,1.0,49.0,21.0,18.0,10.0,,5.0,3.0,0.0,0.0,0.0,,,0.0,0.0,
1231,2022,West Ham,48,27.0,24.0,2139.0,6.838461,False,3.0,6.0,10.0,4.0,1.0,0.0,0.0,1.0,,811.0,27.0,,58.0,6.0,38.0,216.0,123.0,9.0,3.0,,21.0,30.0,5.0,0.0,0.0,,,0.0,0.0,
1231,2023,West Ham,48,36.0,36.0,3140.0,6.772222,False,0.0,7.0,0.0,6.0,2.0,0.0,0.0,7.0,,1229.0,33.0,,64.0,15.0,43.0,279.0,142.0,31.0,12.0,,26.0,32.0,6.0,1.0,0.0,,,0.0,0.0,
1231,2024,West Ham,48,22.0,11.0,1062.0,6.627272,False,11.0,6.0,22.0,5.0,2.0,0.0,0.0,0.0,,473.0,8.0,,22.0,11.0,8.0,130.0,66.0,12.0,5.0,,16.0,22.0,5.0,0.0,0.0,,,0.0,0.0,
1243,2022,West Ham,48,36.0,32.0,2819.0,6.894444,False,4.0,8.0,5.0,27.0,13.0,2.0,0.0,3.0,,973.0,15.0,,77.0,17.0,53.0,405.0,208.0,14.0,2.0,,16.0,50.0,3.0,0.0,0.0,,,0.0,0.0,
1243,2023,West Ham,48,37.0,34.0,2876.0,6.935135,False,3.0,9.0,3.0,35.0,15.0,7.0,0.0,2.0,,947.0,20.0,,53.0,28.0,37.0,350.0,189.0,11.0,4.0,,24.0,41.0,7.0,0.0,0.0,,,0.0,0.0,
1243,2024,West Ham,48,35.0,30.0,2572.0,7.014285,False,5.0,10.0,6.0,45.0,18.0,9.0,0.0,1.0,,948.0,15.0,,46.0,21.0,20.0,334.0,176.0,12.0,6.0,,25.0,47.0,8.0,0.0,0.0,,,0.0,0.0,
1243,2025,West Ham,48,29.0,18.0,1702.0,6.69,False,11.0,7.0,11.0,14.0,11.0,4.0,0.0,0.0,,671.0,9.0,76.0,31.0,10.0,15.0,205.0,106.0,8.0,3.0,,17.0,29.0,2.0,0.0,1.0,,,0.0,0.0,
1330,2022,Southampton,41,1.0,0.0,11.0,6.2,False,1.0,,,,,,0.0,,,2.0,,,1.0,,,1.0,1.0,,,,,,0.0,,0.0,,,0.0,0.0,
1361,2024,Brighton,51,6.0,5.0,388.0,6.783333,False,1.0,,,2.0,1.0,1.0,0.0,0.0,,150.0,5.0,,10.0,2.0,8.0,39.0,19.0,6.0,3.0,,3.0,5.0,1.0,,0.0,,,0.0,0.0,
1361,2025,Brighton,51,31.0,28.0,2595.0,6.86,False,3.0,4.0,4.0,16.0,9.0,0.0,0.0,0.0,,1113.0,17.0,85.0,55.0,7.0,21.0,219.0,123.0,20.0,11.0,,34.0,15.0,6.0,0.0,0.0,,,0.0,0.0,
1370,2022,Nottingham Forest,65,13.0,9.0,313.0,6.481818,False,4.0,,,3.0,2.0,,0.0,,,72.0,1.0,,5.0,1.0,,62.0,28.0,5.0,1.0,,8.0,3.0,1.0,,0.0,,,0.0,1.0,
1408,2025,Leeds,63,9.0,4.0,315.0,6.66,False,5.0,4.0,20.0,,,0.0,0.0,0.0,,108.0,,81.0,6.0,5.0,4.0,34.0,16.0,1.0,1.0,,,5.0,1.0,0.0,0.0,,,0.0,0.0,
1411,2023,Burnley,44,12.0,5.0,583.0,6.481818,False,7.0,1.0,17.0,4.0,2.0,0.0,0.0,,,318.0,4.0,,10.0,3.0,9.0,42.0,21.0,5.0,3.0,,,6.0,2.0,0.0,0.0,,,0.0,0.0,
1422,2023,Manchester City,50,31.0,28.0,1599.0,7.431034,False,3.0,,,33.0,19.0,3.0,0.0,8.0,,786.0,45.0,,39.0,,9.0,290.0,161.0,151.0,87.0,,33.0,15.0,3.0,,0.0,,,0.0,0.0,
1422,2024,Manchester City,50,33.0,26.0,1532.0,7.321428,False,7.0,,,16.0,9.0,3.0,0.0,6.0,,699.0,32.0,,31.0,1.0,3.0,313.0,169.0,166.0,105.0,,33.0,10.0,1.0,,0.0,,,0.0,0.0,
1422,2025,Manchester City,50,23.0,14.0,1306.0,7.3,False,9.0,11.0,10.0,15.0,9.0,2.0,0.0,4.0,,530.0,44.0,84.0,17.0,,10.0,242.0,124.0,115.0,64.0,,41.0,19.0,0.0,0.0,0.0,2.0,,0.0,0.0,
1427,2022,Crystal Palace,52,9.0,6.0,536.0,6.7,False,3.0,3.0,11.0,,,0.0,0.0,,,140.0,1.0,,1.0,,5.0,16.0,10.0,1.0,1.0,,5.0,1.0,2.0,0.0,0.0,,,0.0,0.0,
1427,2022,Arsenal,42,6.0,2.0,195.0,6.7,False,4.0,1.0,16.0,,,0.0,0.0,,,140.0,1.0,,1.0,,5.0,16.0,10.0,1.0,1.0,,5.0,1.0,0.0,0.0,0.0,,,0.0,0.0,
1427,2023,Luton,1359,17.0,16.0,1310.0,7.070588,False,1.0,8.0,1.0,4.0,2.0,1.0,0.0,3.0,,740.0,9.0,,29.0,13.0,11.0,134.0,82.0,18.0,11.0,,27.0,18.0,4.0,0.0,0.0,,,0.0,0.0,
1427,2023,Arsenal,42,0.0,0.0,0.0,7.070588,False,0.0,0.0,0.0,4.0,2.0,0.0,0.0,3.0,,740.0,9.0,,29.0,13.0,11.0,134.0,82.0,18.0,11.0,,27.0,18.0,0.0,0.0,0.0,,,0.0,0.0,
1427,2024,Arsenal,42,0.0,0.0,0.0,,False,0.0,0.0,0.0,,,0.0,,,,,,,,,,,,,,,,,0.0,0.0,0.0,,,,,
1438,2022,Fulham,36,36.0,36.0,3240.0,7.169444,False,0.0,0.0,2.0,,,0.0,51.0,,144.0,1203.0,1.0,,,,,17.0,14.0,,,,3.0,1.0,3.0,0.0,0.0,,,0.0,0.0,3.0
1438,2022,Arsenal,42,0.0,0.0,0.0,7.169444,False,0.0,0.0,0.0,,,0.0,51.0,,144.0,1203.0,1.0,,,,,17.0,14.0,,,,3.0,1.0,0.0,0.0,0.0,,,0.0,0.0,3.0
1438,2023,Fulham,36,38.0,38.0,3420.0,7.073684,False,0.0,,,,,,61.0,0.0,134.0,1407.0,,,,,,14.0,13.0,,,,3.0,,3.0,,0.0,,,0.0,0.0,0.0
1438,2024,Fulham,36,38.0,38.0,3420.0,7.013157,False,0.0,,,,,,54.0,1.0,110.0,1237.0,2.0,,2.0,,,16.0,15.0,,,,4.0,,5.0,,0.0,,,0.0,0.0,0.0
1438,2025,Fulham,36,32.0,32.0,2880.0,6.89,False,0.0,0.0,0.0,,,0.0,46.0,0.0,80.0,1187.0,,76.0,4.0,,1.0,24.0,23.0,,,,5.0,,3.0,0.0,0.0,,,0.0,0.0,0.0
1439,2022,Arsenal,42,0.0,0.0,0.0,,False,0.0,0.0,0.0,,,0.0,,,,,,,,,,,,,,,,,0.0,0.0,0.0,,,,,
1440,2022,Arsenal,42,14.0,6.0,558.0,6.53,False,8.0,0.0,32.0,3.0,2.0,1.0,0.0,,,439.0,,42.0,8.0,5.0,3.0,57.0,33.0,1.0,1.0,,2.0,5.0,0.0,0.0,0.0,,,0.0,0.0,
1440,2023,Crystal Palace,52,0.0,0.0,0.0,,False,0.0,0.0,10.0,,,0.0,0.0,,,,,,,,,,,,,,,,0.0,0.0,0.0,,,0.0,0.0,
1440,2023,Arsenal,42,0.0,0.0,0.0,,False,0.0,0.0,0.0,,,0.0,0.0,,,,,,,,,,,,,,,,0.0,0.0,0.0,,,0.0,0.0,
1440,2024,Crystal Palace,52,0.0,0.0,0.0,,False,0.0,0.0,1.0,,,0.0,0.0,,,,,,,,,,,,,,,,0.0,0.0,0.0,,,0.0,0.0,
1445,2023,West Ham,48,19.0,16.0,1498.0,6.794444,False,3.0,1.0,13.0,11.0,3.0,1.0,0.0,0.0,,627.0,3.0,,28.0,13.0,23.0,128.0,84.0,4.0,2.0,,10.0,15.0,2.0,0.0,0.0,,,0.0,0.0,
1445,2024,West Ham,48,33.0,21.0,2038.0,6.765625,False,12.0,3.0,15.0,15.0,5.0,0.0,0.0,0.0,,1241.0,5.0,,35.0,18.0,40.0,174.0,117.0,14.0,9.0,,16.0,17.0,5.0,1.0,0.0,,,0.0,0.0,
1445,2025,West Ham,48,25.0,21.0,1995.0,7.04,False,4.0,0.0,7.0,16.0,6.0,3.0,0.0,0.0,,937.0,3.0,82.0,34.0,22.0,38.0,153.0,102.0,1.0,1.0,,8.0,9.0,2.0,0.0,0.0,,,0.0,0.0,
1452,2022,Arsenal,42,9.0,6.0,117.0,6.466666,False,3.0,,,,,,0.0,,,60.0,,,1.0,,,5.0,2.0,,,,1.0,1.0,0.0,,0.0,,,0.0,0.0,
1452,2023,Arsenal,42,16.0,9.0,36.0,7.0,False,7.0,,,2.0,1.0,,0.0,,,40.0,,,,,1.0,4.0,1.0,,,,,1.0,0.0,,0.0,,,0.0,0.0,
1452,2024,Arsenal,42,,,,,False,,,,,,,,,,,,,,,,,,,,,,,,,,,,,,
1455,2022,Everton,45,38.0,38.0,3382.0,6.965789,False,0.0,4.0,0.0,30.0,15.0,2.0,0.0,7.0,,1392.0,64.0,,69.0,2.0,25.0,316.0,149.0,105.0,55.0,,15.0,19.0,2.0,0.0,0.0,,,0.0,0.0,
1455,2023,Fulham,36,30.0,25.0,2202.0,7.0,False,5.0,16.0,5.0,3.0,2.0,5.0,0.0,,,30.0,4.0,,2.0,,1.0,8.0,5.0,4.0,3.0,,,,2.0,0.0,0.0,,,0.0,0.0,
1455,2023,Everton,45,2.0,2.0,140.0,7.0,False,0.0,,,3.0,2.0,,0.0,,,30.0,4.0,,2.0,,1.0,8.0,5.0,4.0,3.0,,,,0.0,,0.0,,,0.0,0.0,
1455,2024,Fulham,36,38.0,37.0,2994.0,7.281578,False,1.0,,,48.0,29.0,9.0,0.0,6.0,,1376.0,60.0,,44.0,1.0,14.0,261.0,117.0,90.0,48.0,,18.0,19.0,1.0,,0.0,,,0.0,0.0,
1455,2025,Fulham,36,26.0,26.0,2234.0,7.07,False,0.0,15.0,0.0,18.0,12.0,4.0,0.0,3.0,,1303.0,39.0,85.0,24.0,3.0,14.0,124.0,55.0,40.0,15.0,,10.0,7.0,3.0,0.0,0.0,,,0.0,0.0,
1456,2022,Southampton,41,22.0,13.0,1404.0,6.668181,False,9.0,6.0,14.0,1.0,1.0,0.0,0.0,,,624.0,10.0,,45.0,7.0,22.0,142.0,85.0,22.0,17.0,,8.0,13.0,3.0,0.0,0.0,,,0.0,0.0,
1456,2022,Arsenal,42,0.0,0.0,0.0,6.668181,False,0.0,0.0,0.0,1.0,1.0,0.0,0.0,,,624.0,10.0,,45.0,7.0,22.0,142.0,85.0,22.0,17.0,,8.0,13.0,0.0,0.0,0.0,,,0.0,0.0,
1460,2022,Arsenal,42,38.0,37.0,3194.0,7.294736,False,1.0,14.0,1.0,60.0,32.0,14.0,0.0,11.0,,1235.0,76.0,,63.0,,14.0,435.0,208.0,133.0,64.0,,65.0,43.0,6.0,0.0,0.0,,,2.0,1.0,
1460,2023,Arsenal,42,35.0,35.0,2933.0,7.7,False,0.0,,,64.0,37.0,16.0,0.0,8.0,,1310.0,92.0,,66.0,2.0,15.0,419.0,207.0,103.0,49.0,,69.0,41.0,4.0,,0.0,,,6.0,0.0,
1460,2024,Arsenal,42,25.0,22.0,1735.0,7.528,False,3.0,,,41.0,23.0,6.0,0.0,10.0,,598.0,61.0,,30.0,,3.0,243.0,120.0,78.0,41.0,,39.0,15.0,3.0,,0.0,,,1.0,0.0,
1460,2025,Arsenal,42,27.0,22.0,2001.0,7.23,False,5.0,8.0,5.0,41.0,26.0,6.0,0.0,3.0,,683.0,54.0,76.0,36.0,,14.0,297.0,158.0,92.0,49.0,,51.0,28.0,1.0,0.0,0.0,,,1.0,0.0,
1463,2022,Newcastle,34,35.0,31.0,2577.0,6.874285,False,4.0,23.0,4.0,37.0,17.0,3.0,0.0,6.0,,888.0,40.0,,51.0,8.0,25.0,281.0,127.0,80.0,37.0,,23.0,35.0,1.0,0.0,0.0,,,0.0,0.0,
1463,2023,Newcastle,34,9.0,5.0,419.0,6.633333,False,4.0,5.0,4.0,6.0,4.0,1.0,0.0,,,153.0,7.0,,13.0,,1.0,52.0,24.0,18.0,7.0,,3.0,3.0,0.0,0.0,0.0,,,0.0,0.0,
1463,2024,Newcastle,34,32.0,11.0,1075.0,6.665625,False,21.0,11.0,22.0,12.0,3.0,0.0,0.0,2.0,,338.0,22.0,,30.0,6.0,6.0,147.0,60.0,29.0,12.0,,13.0,23.0,4.0,0.0,0.0,,,0.0,0.0,
1463,2025,Newcastle,34,20.0,7.0,730.0,6.51,False,13.0,7.0,24.0,8.0,3.0,0.0,0.0,1.0,,250.0,10.0,81.0,18.0,1.0,6.0,97.0,40.0,15.0,6.0,,8.0,15.0,3.0,0.0,0.0,,,0.0,0.0,
1464,2022,Arsenal,42,37.0,36.0,3004.0,7.027027,False,1.0,12.0,1.0,26.0,14.0,7.0,0.0,7.0,,1570.0,47.0,,34.0,10.0,15.0,238.0,126.0,26.0,16.0,,39.0,26.0,5.0,0.0,0.0,,,0.0,0.0,
1464,2025,Sunderland,746,28.0,26.0,2363.0,7.26,False,2.0,2.0,2.0,11.0,5.0,1.0,0.0,5.0,,1399.0,28.0,82.0,43.0,17.0,23.0,219.0,135.0,19.0,7.0,,35.0,19.0,5.0,0.0,0.0,,,0.0,0.0,
1465,2022,Chelsea,49,15.0,5.0,550.0,6.48,False,10.0,6.0,15.0,13.0,7.0,1.0,0.0,,,108.0,4.0,,1.0,,2.0,31.0,8.0,5.0,3.0,,1.0,5.0,1.0,0.0,0.0,,,0.0,0.0,
1465,2023,Chelsea,49,0.0,0.0,0.0,,False,0.0,0.0,0.0,,,0.0,,,,,,,,,,,,,,,,,0.0,0.0,0.0,,,,,
1468,2022,Arsenal,42,30.0,9.0,1069.0,6.610714,False,21.0,1.0,24.0,26.0,14.0,4.0,0.0,1.0,,250.0,9.0,,13.0,1.0,1.0,160.0,63.0,28.0,15.0,,25.0,30.0,3.0,0.0,0.0,,,0.0,0.0,
1468,2023,Arsenal,42,27.0,10.0,1072.0,6.85,False,17.0,7.0,28.0,30.0,12.0,5.0,0.0,2.0,,209.0,9.0,,12.0,,4.0,159.0,71.0,23.0,8.0,,28.0,24.0,3.0,0.0,0.0,,,0.0,0.0,
1468,2023,Crystal Palace,52,38.0,24.0,1081.0,6.85,False,14.0,,,30.0,12.0,5.0,0.0,2.0,,209.0,9.0,,12.0,,4.0,159.0,71.0,23.0,8.0,,28.0,24.0,3.0,,0.0,,,0.0,0.0,
1468,2024,Arsenal,42,0.0,0.0,0.0,,False,0.0,0.0,2.0,,,0.0,0.0,,,,,,,,,,,,,,,,0.0,0.0,0.0,,,0.0,0.0,
1468,2024,Crystal Palace,52,2.0,1.0,,,False,1.0,,,,,,0.0,,,,,,,,,,,,,,,,0.0,,0.0,,,0.0,0.0,
1468,2025,Crystal Palace,52,12.0,2.0,416.0,6.58,False,10.0,2.0,10.0,9.0,6.0,2.0,0.0,0.0,,87.0,7.0,80.0,8.0,1.0,2.0,81.0,28.0,16.0,5.0,,7.0,7.0,2.0,0.0,0.0,,,0.0,0.0,
1469,2022,Brighton,51,32.0,29.0,1856.0,6.854838,False,3.0,,,49.0,23.0,6.0,0.0,3.0,,439.0,30.0,,15.0,2.0,5.0,187.0,87.0,41.0,22.0,,18.0,25.0,0.0,,0.0,,,0.0,0.0,
1469,2022,Brighton,51,32.0,29.0,1856.0,6.854838,False,3.0,,,49.0,23.0,6.0,0.0,3.0,,439.0,30.0,,15.0,2.0,5.0,187.0,87.0,41.0,22.0,,18.0,25.0,0.0,,0.0,,,0.0,0.0,
1469,2023,Brighton,51,30.0,26.0,1703.0,6.824137,False,4.0,,,31.0,16.0,5.0,0.0,1.0,,506.0,22.0,,35.0,,9.0,157.0,80.0,24.0,8.0,,21.0,12.0,4.0,,0.0,,,0.0,0.0,
1469,2024,Brighton,51,30.0,27.0,2122.0,6.986666,False,3.0,,,42.0,24.0,10.0,0.0,4.0,,485.0,23.0,,26.0,4.0,5.0,181.0,79.0,34.0,13.0,,23.0,11.0,5.0,,0.0,,,1.0,0.0,
1469,2025,Brighton,51,31.0,21.0,1901.0,6.69,False,10.0,14.0,10.0,39.0,23.0,12.0,0.0,0.0,,419.0,19.0,79.0,20.0,,9.0,150.0,53.0,22.0,8.0,,8.0,23.0,5.0,0.0,0.0,,,1.0,2.0,
1485,2022,Manchester United,33,37.0,37.0,3325.0,7.605405,False,0.0,,,70.0,35.0,8.0,0.0,8.0,,1857.0,121.0,,68.0,5.0,25.0,352.0,157.0,60.0,32.0,,39.0,42.0,6.0,,0.0,,,2.0,0.0,
1485,2023,Manchester United,33,35.0,35.0,3119.0,7.78,False,0.0,,,68.0,41.0,10.0,0.0,8.0,,1912.0,116.0,43.0,68.0,6.0,27.0,316.0,136.0,40.0,19.0,,28.0,41.0,9.0,,0.0,,,4.0,1.0,
1485,2024,Manchester United,33,37.0,36.0,3024.0,7.605555,False,1.0,,,65.0,29.0,8.0,0.0,10.0,,2020.0,91.0,45.0,84.0,6.0,26.0,359.0,174.0,61.0,28.0,,40.0,32.0,5.0,,2.0,,,3.0,0.0,
1485,2025,Manchester United,33,29.0,29.0,2527.0,7.59,False,0.0,5.0,0.0,47.0,21.0,8.0,0.0,17.0,,1683.0,106.0,82.0,48.0,5.0,15.0,238.0,114.0,31.0,15.0,,33.0,20.0,4.0,0.0,0.0,,1.0,4.0,2.0,
1558,2022,Leeds,63,4.0,4.0,360.0,6.45,False,0.0,0.0,23.0,,,0.0,11.0,,16.0,102.0,,,,,,4.0,3.0,,,,,,1.0,0.0,0.0,,,0.0,0.0,0.0
1564,2022,Leeds,63,19.0,14.0,1368.0,6.542105,False,5.0,3.0,16.0,1.0,1.0,1.0,0.0,1.0,,500.0,8.0,,47.0,7.0,24.0,157.0,78.0,15.0,6.0,,8.0,24.0,6.0,1.0,0.0,,,0.0,0.0,
1566,2022,Tottenham,47,26.0,20.0,1736.0,6.842307,False,6.0,7.0,8.0,13.0,7.0,2.0,0.0,1.0,,862.0,9.0,,54.0,3.0,18.0,218.0,130.0,24.0,15.0,,33.0,21.0,2.0,0.0,1.0,,,0.0,0.0,
1566,2023,Tottenham,47,22.0,11.0,1153.0,6.819047,False,11.0,3.0,27.0,5.0,3.0,1.0,0.0,0.0,,948.0,3.0,,36.0,10.0,20.0,174.0,99.0,16.0,10.0,,38.0,14.0,4.0,0.0,0.0,,,0.0,0.0,
1566,2024,Tottenham,47,0.0,0.0,0.0,,False,0.0,0.0,0.0,,,0.0,,,,,,,,,,,,,,,,,0.0,0.0,0.0,,,,,
1578,2022,Tottenham,47,0.0,0.0,0.0,,False,0.0,0.0,0.0,,,0.0,,,,,,,,,,,,,,,,,0.0,0.0,0.0,,,,,
1578,2023,Tottenham,47,22.0,4.0,495.0,7.05238,False,18.0,4.0,24.0,9.0,6.0,2.0,0.0,2.0,,483.0,18.0,,22.0,1.0,5.0,89.0,57.0,11.0,8.0,,26.0,12.0,2.0,0.0,0.0,,,0.0,0.0,
1578,2024,Tottenham,47,0.0,0.0,0.0,,False,0.0,0.0,0.0,,,0.0,,,,,,,,,,,,,,,,,0.0,0.0,0.0,,,,,
1590,2022,Wolves,39,36.0,36.0,3240.0,6.788888,False,0.0,0.0,2.0,,,0.0,55.0,,108.0,1013.0,,,1.0,,,19.0,17.0,2.0,2.0,,8.0,1.0,2.0,0.0,0.0,,,0.0,0.0,2.0
1590,2023,Wolves,39,35.0,35.0,3038.0,7.125714,False,0.0,,,,,,58.0,1.0,134.0,904.0,1.0,,,,,24.0,22.0,3.0,3.0,,9.0,,1.0,,0.0,,,0.0,0.0,0.0
1590,2024,Wolves,39,33.0,31.0,2609.0,6.768965,False,2.0,,,,,,48.0,0.0,71.0,801.0,3.0,,2.0,,,35.0,30.0,8.0,8.0,,9.0,4.0,2.0,,0.0,,,0.0,0.0,1.0
1590,2025,Wolves,39,20.0,20.0,1800.0,6.83,False,0.0,0.0,11.0,,,0.0,34.0,0.0,53.0,609.0,1.0,61.0,,,,21.0,20.0,,,,6.0,,2.0,0.0,0.0,,,0.0,0.0,0.0
1600,2022,Liverpool,40,20.0,9.0,768.0,6.836842,False,11.0,7.0,28.0,3.0,2.0,0.0,0.0,4.0,,444.0,18.0,,14.0,1.0,12.0,75.0,34.0,12.0,4.0,,9.0,13.0,3.0,0.0,0.0,,,0.0,0.0,
1600,2023,Liverpool,40,13.0,8.0,676.0,7.016666,False,5.0,2.0,22.0,2.0,,0.0,0.0,3.0,,360.0,16.0,,19.0,1.0,6.0,77.0,33.0,14.0,4.0,,7.0,11.0,0.0,0.0,0.0,,,0.0,0.0,
1600,2024,Liverpool,40,18.0,9.0,834.0,7.016666,False,9.0,5.0,25.0,3.0,2.0,0.0,0.0,1.0,,525.0,17.0,,31.0,2.0,11.0,82.0,47.0,10.0,5.0,,6.0,9.0,2.0,0.0,0.0,,,0.0,0.0,
1605,2022,Wolves,39,32.0,20.0,1771.0,6.715625,False,12.0,12.0,15.0,34.0,18.0,6.0,0.0,,,593.0,36.0,,27.0,,7.0,207.0,80.0,58.0,24.0,,23.0,26.0,5.0,0.0,0.0,,,0.0,0.0,
1605,2023,Wolves,39,0.0,0.0,0.0,,False,0.0,0.0,0.0,,,0.0,,,,,,,,,,,,,,,,,0.0,0.0,0.0,,,,,
1605,2024,Wolves,39,2.0,0.0,46.0,6.45,False,2.0,0.0,2.0,1.0,,0.0,0.0,0.0,,15.0,,,,,,6.0,4.0,2.0,2.0,,2.0,,0.0,0.0,0.0,,,0.0,0.0,
1622,2025,Manchester City,50,28.0,28.0,2520.0,7.05,False,0.0,0.0,0.0,,,0.0,24.0,0.0,67.0,742.0,,79.0,,,1.0,22.0,20.0,2.0,2.0,,3.0,,6.0,0.0,0.0,,,0.0,0.0,1.0
1646,2022,West Ham,48,28.0,27.0,2170.0,6.896428,False,1.0,20.0,2.0,38.0,16.0,4.0,0.0,3.0,,1124.0,32.0,,71.0,4.0,16.0,356.0,170.0,55.0,33.0,,30.0,50.0,5.0,0.0,0.0,,,1.0,0.0,
1646,2023,West Ham,48,31.0,31.0,2638.0,7.190322,False,0.0,16.0,0.0,37.0,11.0,4.0,0.0,6.0,,1411.0,44.0,,71.0,1.0,21.0,476.0,237.0,70.0,41.0,,66.0,47.0,10.0,0.0,0.0,,,2.0,0.0,
1646,2024,West Ham,48,33.0,27.0,2384.0,6.890909,False,6.0,11.0,7.0,27.0,6.0,4.0,0.0,0.0,,1408.0,36.0,,66.0,4.0,18.0,407.0,197.0,42.0,21.0,,62.0,53.0,10.0,0.0,0.0,,,2.0,0.0,
1646,2025,West Ham,48,18.0,18.0,1521.0,6.89,False,0.0,9.0,0.0,17.0,11.0,4.0,0.0,1.0,,788.0,23.0,77.0,39.0,6.0,8.0,264.0,123.0,42.0,16.0,,30.0,28.0,6.0,1.0,0.0,,1.0,2.0,0.0,
1649,2022,Wolves,39,0.0,0.0,0.0,,False,0.0,0.0,0.0,,,0.0,,,,,,,,,,,,,,,,,0.0,0.0,0.0,,,,,
1696,2025,Fulham,36,18.0,7.0,815.0,6.96,False,11.0,5.0,12.0,16.0,6.0,3.0,0.0,4.0,,320.0,20.0,73.0,6.0,1.0,5.0,86.0,39.0,32.0,17.0,,10.0,5.0,0.0,0.0,0.0,,,0.0,0.0,
1697,2022,West Ham,48,32.0,17.0,1502.0,6.8,False,15.0,14.0,21.0,22.0,7.0,3.0,0.0,1.0,,701.0,20.0,,30.0,2.0,14.0,143.0,58.0,20.0,10.0,,7.0,14.0,0.0,0.0,0.0,,,0.0,0.0,
1697,2023,West Ham,48,21.0,12.0,452.0,6.721428,False,9.0,,,7.0,3.0,,0.0,,,200.0,5.0,,10.0,1.0,6.0,57.0,24.0,11.0,6.0,,5.0,3.0,0.0,,0.0,,,0.0,0.0,
1736,2023,Sheffield Utd,62,38.0,34.0,2648.0,6.97,False,4.0,,,,,,79.0,0.0,133.0,944.0,1.0,,5.0,,,23.0,20.0,2.0,2.0,,12.0,1.0,2.0,,0.0,,,0.0,0.0,0.0
1736,2024,West Ham,48,0.0,0.0,0.0,,False,0.0,0.0,9.0,,,0.0,0.0,,,,,,,,,,,,,,,,0.0,0.0,0.0,,,0.0,0.0,0.0
1746,2022,Nottingham Forest,65,30.0,25.0,2222.0,6.836666,False,5.0,,,7.0,2.0,1.0,0.0,,,1094.0,5.0,,53.0,23.0,26.0,190.0,115.0,4.0,3.0,,4.0,27.0,6.0,,0.0,,,0.0,0.0,
1746,2023,Burnley,44,14.0,10.0,439.0,6.583333,False,4.0,,,2.0,,,0.0,,,161.0,2.0,,7.0,4.0,3.0,37.0,21.0,,,,2.0,3.0,0.0,,1.0,,,0.0,0.0,
1746,2023,Nottingham Forest,65,7.0,6.0,439.0,6.583333,False,1.0,,,2.0,,,0.0,,,161.0,2.0,,7.0,4.0,3.0,37.0,21.0,,,,2.0,3.0,0.0,,1.0,,,0.0,0.0,
1746,2024,Nottingham Forest,65,0.0,0.0,0.0,,False,0.0,0.0,0.0,,,0.0,,,,,,,,,,,,,,,,,0.0,0.0,0.0,,,,,
1746,2025,Burnley,44,11.0,5.0,517.0,6.52,False,6.0,1.0,15.0,1.0,,0.0,0.0,0.0,,155.0,,80.0,4.0,7.0,5.0,52.0,25.0,,,,1.0,4.0,0.0,0.0,0.0,,,0.0,0.0,
1835,2022,Brentford,55,0.0,0.0,0.0,,False,0.0,0.0,17.0,,,0.0,0.0,,,,,,,,,,,,,,,,0.0,0.0,0.0,,,0.0,0.0,0.0
1835,2023,Brentford,55,34.0,18.0,135.0,7.4,False,16.0,,,,,,2.0,,6.0,66.0,,,,,,1.0,1.0,,,,1.0,,0.0,,0.0,,,0.0,0.0,0.0
1835,2024,Brentford,55,0.0,0.0,0.0,,False,0.0,0.0,0.0,,,0.0,,,,,,,,,,,,,,,,,0.0,0.0,0.0,,,,,
1853,2022,Wolves,39,0.0,0.0,0.0,,False,0.0,0.0,0.0,,,0.0,,,,,,,,,,,,,,,,,0.0,0.0,0.0,,,,,
1853,2023,Wolves,39,0.0,0.0,0.0,,False,0.0,0.0,0.0,,,0.0,,,,,,,,,,,,,,,,,0.0,0.0,0.0,,,,,
1864,2022,Wolves,39,18.0,13.0,970.0,6.6875,False,5.0,11.0,8.0,9.0,3.0,0.0,0.0,,,312.0,21.0,,11.0,1.0,4.0,111.0,44.0,48.0,18.0,,15.0,8.0,2.0,0.0,0.0,,,0.0,0.0,
1864,2023,Wolves,39,20.0,18.0,1520.0,7.24,False,2.0,6.0,3.0,28.0,12.0,2.0,0.0,9.0,,589.0,38.0,,7.0,1.0,5.0,174.0,69.0,79.0,37.0,,21.0,15.0,4.0,0.0,0.0,,,0.0,0.0,
1864,2024,Chelsea,49,35.0,24.0,2267.0,7.014285,False,11.0,9.0,12.0,33.0,17.0,4.0,0.0,6.0,,730.0,47.0,,22.0,2.0,9.0,238.0,99.0,79.0,33.0,,33.0,21.0,8.0,0.0,0.0,,,0.0,0.0,
1864,2024,Wolves,39,0.0,0.0,0.0,7.014285,False,0.0,0.0,0.0,33.0,17.0,0.0,0.0,6.0,,730.0,47.0,,22.0,2.0,9.0,238.0,99.0,79.0,33.0,,33.0,21.0,0.0,0.0,0.0,,,0.0,0.0,
1864,2025,Chelsea,49,30.0,26.0,2309.0,7.0,False,4.0,11.0,4.0,23.0,12.0,5.0,0.0,4.0,,815.0,48.0,87.0,15.0,,6.0,214.0,87.0,93.0,43.0,,22.0,12.0,3.0,1.0,0.0,,,0.0,0.0,
1902,2022,Southampton,41,13.0,9.0,945.0,6.892307,False,4.0,2.0,17.0,5.0,2.0,1.0,0.0,,,562.0,1.0,,14.0,11.0,15.0,63.0,36.0,2.0,2.0,,1.0,9.0,2.0,0.0,0.0,,,0.0,0.0,
1902,2024,Southampton,41,,,,,False,,,,,,,,,,,,,,,,,,,,,,,,,,,,,,
1904,2022,Aston Villa,66,24.0,22.0,1783.0,6.804166,False,2.0,,,4.0,1.0,,0.0,1.0,,940.0,7.0,,58.0,12.0,19.0,231.0,127.0,28.0,16.0,,31.0,34.0,4.0,,0.0,,,0.0,0.0,
1904,2023,Aston Villa,66,20.0,20.0,1659.0,6.955,False,0.0,,,4.0,1.0,,0.0,1.0,,1024.0,20.0,45.0,43.0,7.0,21.0,213.0,105.0,26.0,14.0,,29.0,35.0,7.0,,1.0,,,0.0,0.0,
1904,2024,Aston Villa,66,27.0,25.0,1735.0,6.857692,False,2.0,,,7.0,3.0,1.0,0.0,0.0,,930.0,11.0,,50.0,7.0,18.0,223.0,115.0,18.0,9.0,,35.0,30.0,2.0,,0.0,,,0.0,0.0,
1904,2025,Aston Villa,66,18.0,17.0,1418.0,7.11,False,1.0,8.0,1.0,4.0,4.0,1.0,0.0,3.0,,818.0,15.0,88.0,37.0,8.0,18.0,204.0,116.0,31.0,14.0,,30.0,17.0,5.0,0.0,0.0,,,0.0,0.0,
1914,2022,Aston Villa,66,2.0,0.0,9.0,6.7,False,2.0,0.0,13.0,,,0.0,0.0,,,7.0,,,2.0,,,5.0,4.0,,,,2.0,,0.0,0.0,0.0,,,0.0,0.0,
1914,2023,Aston Villa,66,,,,,False,,,,,,,,,,,,,,,,,,,,,,,,,,,,,,
1934,2023,Sheffield Utd,62,0.0,0.0,0.0,6.924324,False,0.0,0.0,0.0,17.0,3.0,0.0,0.0,2.0,,1547.0,29.0,,76.0,20.0,23.0,329.0,179.0,36.0,20.0,,19.0,40.0,0.0,0.0,0.0,,,0.0,0.0,
1934,2023,Burnley,44,37.0,36.0,3005.0,6.924324,False,1.0,,,17.0,3.0,1.0,0.0,2.0,,1547.0,29.0,,76.0,20.0,23.0,329.0,179.0,36.0,20.0,,19.0,40.0,10.0,,1.0,,,0.0,0.0,
1934,2024,Fulham,36,31.0,28.0,2232.0,6.829032,False,3.0,,,2.0,1.0,,0.0,0.0,,1190.0,18.0,,50.0,8.0,21.0,185.0,99.0,17.0,11.0,,10.0,31.0,6.0,,0.0,,,0.0,0.0,
1934,2025,Fulham,36,32.0,31.0,2686.0,6.88,False,1.0,8.0,1.0,5.0,3.0,0.0,0.0,1.0,,1599.0,17.0,89.0,55.0,16.0,22.0,222.0,124.0,20.0,9.0,,13.0,31.0,5.0,0.0,0.0,,1.0,0.0,0.0,
1946,2022,Arsenal,42,20.0,10.0,929.0,7.02,False,10.0,9.0,10.0,13.0,5.0,1.0,0.0,10.0,,389.0,23.0,,12.0,,6.0,99.0,45.0,21.0,15.0,,17.0,9.0,0.0,0.0,0.0,,,0.0,0.0,
1946,2022,Brighton,51,16.0,16.0,1326.0,7.02,False,0.0,11.0,1.0,13.0,5.0,7.0,0.0,10.0,,389.0,23.0,,12.0,,6.0,99.0,45.0,21.0,15.0,,17.0,9.0,1.0,0.0,0.0,,,0.0,0.0,
1946,2023,Arsenal,42,34.0,18.0,1647.0,7.044117,False,16.0,15.0,19.0,41.0,22.0,12.0,0.0,1.0,,607.0,24.0,,27.0,1.0,8.0,173.0,77.0,41.0,25.0,,20.0,15.0,2.0,0.0,0.0,,,0.0,0.0,
1946,2024,Arsenal,42,38.0,28.0,2551.0,7.078947,False,10.0,13.0,10.0,44.0,22.0,8.0,0.0,7.0,,853.0,42.0,,31.0,,9.0,280.0,121.0,75.0,38.0,,46.0,27.0,3.0,1.0,0.0,,,0.0,0.0,
1946,2025,Arsenal,42,27.0,18.0,1721.0,6.87,False,9.0,15.0,11.0,26.0,11.0,5.0,0.0,5.0,,646.0,31.0,75.0,25.0,3.0,8.0,185.0,81.0,47.0,17.0,,34.0,13.0,1.0,0.0,0.0,,,0.0,0.0,
1949,2023,Sheffield Utd,62,31.0,30.0,2650.0,6.541935,False,1.0,,,15.0,5.0,2.0,0.0,0.0,,953.0,7.0,,64.0,26.0,34.0,247.0,139.0,20.0,11.0,,13.0,34.0,11.0,,1.0,,,0.0,0.0,
1972,2022,Newcastle,34,0.0,0.0,0.0,,False,0.0,0.0,8.0,,,0.0,0.0,,,,,,,,,,,,,,,,0.0,0.0,0.0,,,0.0,0.0,0.0
1972,2023,Newcastle,34,1.0,1.0,90.0,6.3,False,0.0,,,,,,4.0,,4.0,31.0,,,,,,,,,,,,,0.0,,0.0,,,0.0,0.0,0.0
1972,2024,Newcastle,34,,,,,False,,,,,,,,,,,,,,,,,,,,,,,,,,,,,,
2028,2023,Sheffield Utd,62,0.0,0.0,0.0,,False,0.0,0.0,1.0,,,0.0,0.0,,,,,,,,,,,,,,,,0.0,0.0,0.0,,,0.0,0.0,
2032,2024,Wolves,39,35.0,30.0,2601.0,6.888571,False,5.0,19.0,5.0,49.0,34.0,14.0,0.0,4.0,,451.0,21.0,,10.0,4.0,6.0,315.0,104.0,19.0,8.0,,19.0,46.0,4.0,0.0,0.0,,,0.0,0.0,
2032,2025,Wolves,39,22.0,14.0,1405.0,6.37,False,8.0,7.0,8.0,16.0,7.0,1.0,0.0,1.0,,260.0,7.0,65.0,6.0,5.0,3.0,190.0,65.0,12.0,5.0,,11.0,31.0,2.0,0.0,0.0,,,1.0,1.0,
2032,2025,Crystal Palace,52,7.0,7.0,534.0,6.7,False,0.0,4.0,0.0,9.0,5.0,3.0,0.0,0.0,,135.0,2.0,66.0,2.0,1.0,1.0,90.0,32.0,4.0,,,6.0,16.0,2.0,0.0,0.0,,,0.0,0.0,
2048,2022,Leeds,63,16.0,14.0,1264.0,6.84375,False,2.0,2.0,3.0,5.0,2.0,0.0,0.0,,,643.0,6.0,,25.0,14.0,27.0,100.0,53.0,1.0,,,1.0,15.0,3.0,0.0,0.0,,,0.0,0.0,
2056,2022,Wolves,39,13.0,9.0,768.0,6.584615,False,4.0,7.0,9.0,13.0,5.0,1.0,0.0,,,314.0,11.0,,12.0,,2.0,81.0,25.0,11.0,2.0,,8.0,13.0,3.0,0.0,0.0,,,0.0,0.0,
2056,2023,Wolves,39,30.0,20.0,1749.0,7.1,False,10.0,15.0,17.0,31.0,18.0,4.0,0.0,7.0,,829.0,51.0,,20.0,1.0,10.0,179.0,69.0,39.0,17.0,,25.0,21.0,5.0,0.0,0.0,,,2.0,0.0,
2056,2024,Wolves,39,23.0,7.0,805.0,6.730434,False,16.0,7.0,24.0,15.0,8.0,3.0,0.0,2.0,,378.0,15.0,,16.0,,4.0,99.0,42.0,13.0,6.0,,15.0,16.0,3.0,0.0,0.0,,,0.0,0.0,
2061,2022,Tottenham,47,4.0,2.0,148.0,6.55,False,2.0,2.0,14.0,1.0,1.0,0.0,0.0,1.0,,57.0,2.0,,3.0,,1.0,20.0,7.0,5.0,2.0,,2.0,2.0,1.0,0.0,0.0,,,0.0,0.0,
2061,2023,Tottenham,47,11.0,2.0,202.0,6.618181,False,9.0,2.0,22.0,4.0,1.0,0.0,0.0,,,144.0,4.0,,1.0,,3.0,30.0,12.0,11.0,8.0,,3.0,2.0,0.0,0.0,0.0,,,0.0,0.0,
2061,2024,Tottenham,47,0.0,0.0,0.0,,False,0.0,0.0,0.0,,,0.0,,,,,,,,,,,,,,,,,0.0,0.0,0.0,,,,,
2109,2023,Burnley,44,0.0,0.0,0.0,,False,0.0,0.0,0.0,,,0.0,,,,,,,,,,,,,,,,,0.0,0.0,0.0,,,,,
2114,2022,Southampton,41,16.0,11.0,715.0,6.59375,False,5.0,,,3.0,2.0,,0.0,2.0,,207.0,9.0,,19.0,2.0,11.0,118.0,60.0,36.0,19.0,,19.0,11.0,1.0,,0.0,,,0.0,0.0,
2165,2022,Everton,45,34.0,30.0,2655.0,6.736363,False,4.0,3.0,4.0,7.0,3.0,0.0,0.0,,,1000.0,19.0,,58.0,16.0,46.0,223.0,115.0,25.0,11.0,,21.0,29.0,4.0,0.0,0.0,,,0.0,0.0,
2165,2023,Everton,45,28.0,28.0,2472.0,6.957142,False,0.0,3.0,4.0,15.0,5.0,2.0,0.0,,,881.0,13.0,,69.0,11.0,36.0,223.0,126.0,29.0,18.0,,9.0,23.0,1.0,0.0,0.0,,,0.0,0.0,
2165,2024,Everton,45,35.0,35.0,3084.0,6.988571,False,0.0,2.0,0.0,8.0,1.0,1.0,0.0,2.0,,972.0,25.0,,63.0,10.0,44.0,258.0,152.0,17.0,8.0,,34.0,22.0,4.0,0.0,0.0,,,0.0,0.0,
2165,2025,Everton,45,27.0,27.0,2420.0,6.75,False,0.0,3.0,1.0,6.0,2.0,0.0,0.0,1.0,,974.0,20.0,79.0,39.0,8.0,26.0,217.0,112.0,26.0,9.0,,24.0,26.0,5.0,0.0,0.0,,,0.0,0.0,
2218,2024,Crystal Palace,52,38.0,35.0,2719.0,7.060526,False,3.0,,,49.0,29.0,8.0,0.0,6.0,,678.0,46.0,,22.0,8.0,7.0,289.0,129.0,52.0,17.0,,55.0,14.0,4.0,,0.0,,,0.0,0.0,
2218,2025,Crystal Palace,52,21.0,20.0,1756.0,6.9,False,1.0,4.0,1.0,27.0,14.0,7.0,0.0,1.0,,382.0,14.0,71.0,18.0,3.0,8.0,204.0,84.0,27.0,10.0,,35.0,11.0,2.0,0.0,0.0,1.0,,2.0,0.0,
2273,2022,Chelsea,49,29.0,29.0,2566.0,7.103448,False,0.0,1.0,7.0,,,0.0,33.0,,91.0,895.0,,,2.0,,1.0,24.0,22.0,1.0,1.0,,8.0,,1.0,0.0,0.0,,,0.0,0.0,0.0
2273,2023,Chelsea,49,0.0,0.0,0.0,,False,0.0,0.0,0.0,,,0.0,,,,,,,,,,,,,,,,,0.0,0.0,0.0,,,,,
2273,2024,Bournemouth,35,31.0,31.0,2790.0,7.145161,False,0.0,0.0,1.0,1.0,,0.0,39.0,0.0,97.0,901.0,1.0,,1.0,,,20.0,15.0,1.0,1.0,,6.0,2.0,3.0,0.0,0.0,,,0.0,0.0,0.0
2273,2024,Chelsea,49,0.0,0.0,0.0,7.145161,False,0.0,0.0,0.0,1.0,,0.0,39.0,0.0,97.0,901.0,1.0,,1.0,,,20.0,15.0,1.0,1.0,,6.0,2.0,0.0,0.0,0.0,,,0.0,0.0,0.0
2273,2024,Arsenal,42,32.0,31.0,2790.0,7.145161,False,1.0,,,1.0,,,39.0,0.0,97.0,901.0,1.0,,1.0,,,20.0,15.0,1.0,1.0,,6.0,2.0,3.0,,0.0,,,0.0,0.0,0.0
2273,2025,Arsenal,42,0.0,0.0,,,False,0.0,0.0,32.0,,,0.0,0.0,0.0,,,,,,,,,,,,,,,0.0,0.0,0.0,,,0.0,0.0,
2275,2022,Southampton,41,0.0,0.0,0.0,,False,0.0,0.0,11.0,,,0.0,0.0,,,,,,,,,,,,,,,,0.0,0.0,0.0,,,0.0,0.0,0.0
2276,2023,Chelsea,49,,,,,False,,,,,,,,,,,,,,,,,,,,,,,,,,,,,,
2278,2022,Chelsea,49,0.0,0.0,0.0,,False,0.0,0.0,0.0,,,0.0,,,,,,,,,,,,,,,,,0.0,0.0,0.0,,,,,
2279,2022,Chelsea,49,0.0,0.0,0.0,,False,0.0,0.0,3.0,,,0.0,0.0,,,,,,,,,,,,,,,,0.0,0.0,0.0,,,0.0,0.0,
2279,2023,Chelsea,49,0.0,0.0,0.0,,False,0.0,0.0,0.0,,,0.0,,,,,,,,,,,,,,,,,0.0,0.0,0.0,,,,,
2279,2025,Leeds,63,29.0,29.0,2583.0,7.14,False,0.0,4.0,0.0,13.0,5.0,1.0,0.0,1.0,,1426.0,17.0,85.0,71.0,15.0,42.0,242.0,157.0,15.0,10.0,,29.0,38.0,8.0,0.0,0.0,,1.0,0.0,0.0,
2280,2022,Chelsea,49,25.0,16.0,1522.0,6.8375,False,9.0,4.0,15.0,4.0,1.0,0.0,0.0,,,897.0,13.0,,43.0,5.0,19.0,156.0,86.0,12.0,7.0,,7.0,27.0,3.0,0.0,0.0,,,0.0,0.0,
2281,2022,Bournemouth,35,,,,,False,,,,,,,,,,,,,,,,,,,,,,,,,,,,,,
2284,2022,West Ham,48,22.0,16.0,1321.0,6.665,False,6.0,7.0,19.0,7.0,5.0,1.0,0.0,,,582.0,14.0,,26.0,4.0,15.0,124.0,65.0,20.0,6.0,,15.0,13.0,2.0,0.0,0.0,,,0.0,0.0,
2284,2022,Chelsea,49,0.0,0.0,0.0,6.665,False,0.0,0.0,0.0,7.0,5.0,0.0,0.0,,,582.0,14.0,,26.0,4.0,15.0,124.0,65.0,20.0,6.0,,15.0,13.0,0.0,0.0,0.0,,,0.0,0.0,
2284,2023,West Ham,48,36.0,36.0,3142.0,6.905555,False,0.0,,,14.0,4.0,1.0,0.0,2.0,,1434.0,25.0,,106.0,15.0,43.0,325.0,188.0,56.0,24.0,,33.0,32.0,10.0,,0.0,,,0.0,0.0,
2284,2024,West Ham,48,35.0,31.0,2132.0,6.703225,False,4.0,,,12.0,7.0,2.0,0.0,1.0,,868.0,16.0,,60.0,8.0,21.0,191.0,101.0,27.0,10.0,,13.0,25.0,5.0,,0.0,,,0.0,0.0,
2287,2022,Chelsea,49,0.0,0.0,0.0,,False,0.0,0.0,0.0,,,0.0,,,,,,,,,,,,,,,,,0.0,0.0,0.0,,,,,
2287,2023,Luton,1359,32.0,30.0,2622.0,7.15625,False,2.0,6.0,2.0,47.0,19.0,5.0,0.0,4.0,,1409.0,46.0,,46.0,9.0,25.0,380.0,194.0,100.0,66.0,,40.0,25.0,6.0,0.0,0.0,,,0.0,0.0,
2287,2024,Aston Villa,66,20.0,3.0,566.0,6.83,False,17.0,1.0,21.0,12.0,6.0,3.0,0.0,1.0,,392.0,9.0,,14.0,3.0,10.0,64.0,35.0,16.0,12.0,,3.0,8.0,3.0,0.0,0.0,,,0.0,0.0,
2287,2025,Aston Villa,66,15.0,3.0,483.0,6.96,False,12.0,3.0,13.0,9.0,5.0,2.0,0.0,0.0,,271.0,7.0,88.0,10.0,3.0,2.0,60.0,37.0,12.0,8.0,,6.0,3.0,0.0,0.0,0.0,,,0.0,0.0,
2288,2022,Chelsea,49,,,,,False,,,,,,,,,,,,,,,,,,,,,,,,,,,,,,
2289,2022,Arsenal,42,14.0,9.0,853.0,6.821428,False,5.0,3.0,10.0,4.0,,0.0,0.0,1.0,,732.0,5.0,45.0,18.0,2.0,9.0,93.0,49.0,8.0,3.0,,18.0,6.0,0.0,0.0,0.0,,,0.0,0.0,
2289,2022,Chelsea,49,18.0,15.0,1282.0,6.821428,False,3.0,7.0,5.0,4.0,,2.0,0.0,1.0,,732.0,5.0,45.0,18.0,2.0,9.0,93.0,49.0,8.0,3.0,,18.0,6.0,4.0,0.0,0.0,,,0.0,0.0,
2289,2023,Arsenal,42,24.0,10.0,914.0,6.952631,False,14.0,7.0,27.0,2.0,,0.0,0.0,2.0,,773.0,10.0,,24.0,1.0,12.0,83.0,48.0,5.0,2.0,,15.0,9.0,1.0,0.0,0.0,,,0.0,0.0,
2289,2024,Arsenal,42,15.0,9.0,705.0,6.675,False,6.0,6.0,25.0,2.0,,0.0,0.0,0.0,,473.0,3.0,,12.0,,7.0,74.0,31.0,3.0,1.0,,17.0,15.0,5.0,0.0,0.0,,,0.0,0.0,
2290,2022,Chelsea,49,7.0,6.0,520.0,7.3,False,1.0,,,5.0,1.0,,0.0,1.0,,325.0,13.0,,16.0,,6.0,54.0,32.0,16.0,12.0,,2.0,5.0,1.0,,0.0,,,0.0,0.0,
2291,2022,Chelsea,49,27.0,17.0,1704.0,6.766666,False,10.0,7.0,12.0,12.0,2.0,1.0,0.0,2.0,,1309.0,23.0,41.0,36.0,1.0,19.0,163.0,77.0,29.0,19.0,,12.0,18.0,8.0,0.0,0.0,,,0.0,0.0,
2291,2023,Manchester City,50,34.0,25.0,1581.0,7.006896,False,9.0,,,11.0,5.0,1.0,0.0,0.0,,1521.0,21.0,47.0,36.0,1.0,10.0,136.0,75.0,27.0,20.0,,15.0,16.0,4.0,,0.0,,,0.0,0.0,
2291,2024,Manchester City,50,33.0,27.0,2207.0,7.316129,False,6.0,,,26.0,12.0,6.0,0.0,2.0,,1875.0,33.0,56.0,69.0,,23.0,233.0,127.0,33.0,22.0,,26.0,24.0,5.0,,1.0,,,0.0,0.0,
2291,2025,Manchester City,50,2.0,0.0,21.0,6.75,False,2.0,0.0,6.0,,,0.0,0.0,0.0,,38.0,,100.0,,,,5.0,3.0,1.0,1.0,,2.0,,0.0,0.0,0.0,,,0.0,0.0,
2292,2022,Chelsea,49,25.0,19.0,1543.0,6.7375,False,6.0,13.0,12.0,4.0,2.0,0.0,0.0,1.0,,851.0,16.0,,25.0,2.0,12.0,203.0,113.0,54.0,32.0,,34.0,10.0,1.0,0.0,0.0,,,0.0,0.0,
2294,2022,Fulham,36,27.0,25.0,2142.0,7.066666,False,2.0,19.0,2.0,28.0,18.0,5.0,0.0,5.0,,846.0,51.0,,13.0,,9.0,180.0,82.0,59.0,37.0,,24.0,11.0,2.0,0.0,0.0,,,0.0,0.0,
2294,2023,Fulham,36,31.0,24.0,2061.0,7.119354,False,7.0,15.0,9.0,28.0,18.0,4.0,0.0,2.0,,1058.0,45.0,,18.0,,9.0,179.0,86.0,54.0,29.0,,30.0,9.0,1.0,0.0,0.0,,,2.0,0.0,
2294,2024,Fulham,36,0.0,0.0,0.0,6.711111,False,0.0,0.0,0.0,4.0,,0.0,0.0,0.0,,189.0,7.0,,4.0,,1.0,19.0,6.0,5.0,1.0,,,1.0,0.0,0.0,0.0,,,0.0,0.0,
2298,2022,Chelsea,49,0.0,0.0,0.0,,False,0.0,0.0,3.0,,,0.0,0.0,,,,,,,,,,,,,,,,0.0,0.0,0.0,,,0.0,0.0,
2298,2023,Chelsea,49,0.0,0.0,0.0,7.082758,False,0.0,0.0,0.0,30.0,20.0,0.0,0.0,1.0,,647.0,36.0,,18.0,1.0,7.0,195.0,93.0,70.0,43.0,,30.0,14.0,0.0,0.0,0.0,,,0.0,0.0,
2298,2023,Nottingham Forest,65,30.0,24.0,1864.0,7.082758,False,6.0,,,30.0,20.0,8.0,0.0,1.0,,647.0,36.0,,18.0,1.0,7.0,195.0,93.0,70.0,43.0,,30.0,14.0,0.0,,0.0,,,0.0,0.0,
2298,2024,Nottingham Forest,65,32.0,30.0,2218.0,7.164516,False,2.0,,,26.0,17.0,5.0,0.0,2.0,,755.0,45.0,,23.0,,13.0,155.0,87.0,54.0,36.0,,25.0,12.0,2.0,,0.0,,,0.0,0.0,
2298,2025,Nottingham Forest,65,30.0,21.0,1854.0,6.9,False,9.0,17.0,9.0,20.0,10.0,3.0,0.0,4.0,,657.0,44.0,89.0,14.0,2.0,8.0,137.0,59.0,58.0,30.0,,12.0,12.0,0.0,0.0,0.0,,,0.0,0.0,
2413,2022,Tottenham,47,27.0,12.0,1006.0,6.680769,False,15.0,11.0,17.0,22.0,14.0,1.0,0.0,3.0,,263.0,16.0,,21.0,1.0,5.0,167.0,73.0,30.0,12.0,,22.0,14.0,3.0,0.0,0.0,,,0.0,0.0,
2413,2023,Tottenham,47,29.0,24.0,1510.0,7.060714,False,5.0,,,47.0,25.0,11.0,0.0,4.0,,373.0,16.0,,16.0,6.0,8.0,229.0,81.0,33.0,10.0,,30.0,20.0,3.0,,0.0,,,0.0,0.0,
2413,2024,Tottenham,47,17.0,11.0,514.0,6.606666,False,6.0,,,15.0,7.0,4.0,0.0,1.0,,96.0,4.0,,5.0,1.0,,84.0,29.0,15.0,1.0,,13.0,7.0,2.0,,0.0,,,0.0,0.0,
2413,2025,Tottenham,47,27.0,16.0,1565.0,6.86,False,11.0,6.0,11.0,36.0,22.0,9.0,0.0,3.0,,253.0,16.0,62.0,21.0,1.0,4.0,252.0,110.0,21.0,9.0,,29.0,18.0,5.0,0.0,0.0,,,0.0,0.0,
2461,2022,Everton,45,10.0,6.0,123.0,6.516666,False,4.0,,,3.0,1.0,,0.0,,,28.0,2.0,,,1.0,,19.0,8.0,1.0,1.0,,,4.0,0.0,,0.0,,,0.0,0.0,
2467,2022,Manchester United,33,27.0,25.0,2115.0,7.152,False,2.0,,,7.0,1.0,1.0,0.0,,,1518.0,6.0,50.0,54.0,27.0,33.0,183.0,110.0,14.0,14.0,,10.0,21.0,6.0,,0.0,,,0.0,0.0,
2467,2023,Manchester United,33,11.0,9.0,656.0,6.6,False,2.0,,,,,,0.0,1.0,,442.0,3.0,,12.0,8.0,5.0,43.0,21.0,3.0,2.0,,3.0,6.0,3.0,,0.0,,,0.0,0.0,
2467,2024,Manchester United,33,22.0,21.0,1754.0,7.13,False,1.0,,,11.0,6.0,2.0,0.0,1.0,,1314.0,9.0,59.0,40.0,8.0,32.0,123.0,69.0,7.0,6.0,,7.0,22.0,7.0,,0.0,,,0.0,0.0,
2467,2025,Manchester United,33,15.0,10.0,967.0,7.09,False,5.0,1.0,6.0,2.0,,0.0,0.0,0.0,,761.0,4.0,90.0,13.0,9.0,11.0,57.0,37.0,13.0,11.0,,2.0,9.0,0.0,0.0,1.0,,,0.0,0.0,
2468,2023,Nottingham Forest,65,14.0,8.0,801.0,6.75,False,6.0,6.0,16.0,1.0,,0.0,0.0,2.0,,318.0,9.0,,22.0,3.0,9.0,65.0,36.0,1.0,1.0,,1.0,6.0,5.0,0.0,0.0,,,0.0,0.0,
2468,2024,Nottingham Forest,65,,,,,False,,,,,,,,,,,,,,,,,,,,,,,,,,,,,,
2473,2022,West Ham,48,10.0,2.0,245.0,6.566666,False,8.0,1.0,36.0,1.0,1.0,1.0,0.0,,,173.0,1.0,,2.0,,2.0,16.0,6.0,1.0,1.0,,2.0,1.0,0.0,0.0,0.0,,,0.0,0.0,
2473,2023,West Ham,48,,,,,False,,,,,,,,,,,,,,,,,,,,,,,,,,,,,,
2476,2024,West Ham,48,36.0,27.0,1172.0,6.74,False,9.0,,,5.0,1.0,,0.0,1.0,,563.0,4.0,,36.0,9.0,13.0,110.0,62.0,4.0,3.0,,12.0,18.0,6.0,,0.0,,,0.0,0.0,
2476,2025,West Ham,48,6.0,2.0,177.0,6.58,False,4.0,2.0,19.0,,,0.0,0.0,0.0,,76.0,,89.0,1.0,,2.0,14.0,7.0,,,,4.0,2.0,1.0,0.0,0.0,,,0.0,0.0,
2484,2022,Everton,45,24.0,15.0,596.0,7.185714,False,9.0,,,8.0,4.0,2.0,0.0,,,321.0,1.0,40.0,15.0,4.0,6.0,68.0,45.0,1.0,1.0,,10.0,6.0,2.0,,0.0,,,0.0,0.0,
2489,2022,Liverpool,40,17.0,11.0,996.0,6.970588,False,6.0,6.0,6.0,20.0,8.0,4.0,0.0,2.0,,446.0,13.0,,17.0,,6.0,191.0,81.0,57.0,32.0,,24.0,20.0,2.0,0.0,0.0,,,0.0,0.0,
2489,2023,Liverpool,40,37.0,32.0,2645.0,7.191891,False,5.0,21.0,5.0,65.0,32.0,8.0,0.0,5.0,,1018.0,65.0,,35.0,,3.0,423.0,170.0,124.0,67.0,,42.0,54.0,3.0,0.0,0.0,,,0.0,0.0,
2489,2024,Liverpool,40,36.0,28.0,2413.0,7.269444,False,8.0,21.0,10.0,49.0,30.0,13.0,0.0,5.0,,827.0,56.0,,39.0,,7.0,344.0,136.0,104.0,53.0,,31.0,48.0,2.0,0.0,0.0,,,0.0,0.0,
2490,2022,Bournemouth,35,37.0,37.0,3255.0,6.894594,False,0.0,,,32.0,12.0,5.0,0.0,,,1588.0,18.0,,50.0,15.0,47.0,285.0,158.0,22.0,13.0,,33.0,37.0,7.0,,0.0,,,0.0,0.0,
2490,2023,Crystal Palace,52,28.0,27.0,2403.0,7.060714,False,1.0,,,29.0,9.0,1.0,0.0,1.0,,1225.0,24.0,,42.0,12.0,36.0,263.0,147.0,17.0,11.0,,25.0,43.0,8.0,,0.0,,,0.0,0.0,
2490,2024,Crystal Palace,52,34.0,29.0,2290.0,6.827272,False,5.0,,,19.0,8.0,,0.0,1.0,,1052.0,10.0,,35.0,18.0,42.0,232.0,120.0,10.0,6.0,,39.0,35.0,9.0,,0.0,,,0.0,0.0,
2490,2025,Crystal Palace,52,25.0,14.0,1345.0,6.74,False,11.0,3.0,14.0,11.0,6.0,0.0,0.0,2.0,,702.0,11.0,79.0,20.0,2.0,17.0,173.0,92.0,7.0,3.0,,16.0,20.0,6.0,0.0,0.0,1.0,,0.0,0.0,
2507,2022,Newcastle,34,34.0,29.0,2508.0,6.982352,False,5.0,23.0,5.0,44.0,21.0,11.0,0.0,2.0,,932.0,26.0,,46.0,2.0,10.0,235.0,119.0,67.0,34.0,,33.0,22.0,2.0,0.0,0.0,,,0.0,0.0,
2507,2023,Newcastle,34,33.0,23.0,1947.0,6.896969,False,10.0,19.0,10.0,32.0,12.0,3.0,0.0,1.0,,768.0,24.0,,36.0,2.0,10.0,176.0,87.0,45.0,23.0,,22.0,16.0,2.0,0.0,0.0,,,0.0,0.0,
2507,2024,Newcastle,34,9.0,1.0,150.0,6.8125,False,8.0,1.0,22.0,5.0,2.0,0.0,0.0,0.0,,64.0,3.0,,3.0,,,14.0,7.0,2.0,1.0,,3.0,1.0,0.0,0.0,0.0,,,0.0,0.0,
2549,2023,Burnley,44,0.0,0.0,0.0,,False,0.0,0.0,5.0,,,0.0,0.0,,,,,,,,,,,,,,,,0.0,0.0,0.0,,,0.0,0.0,0.0
2597,2022,Arsenal,42,21.0,6.0,652.0,6.68421,False,15.0,3.0,17.0,1.0,,0.0,0.0,1.0,,412.0,4.0,,27.0,,14.0,85.0,48.0,3.0,1.0,,3.0,6.0,2.0,0.0,0.0,,,0.0,0.0,
2597,2023,Arsenal,42,23.0,16.0,1143.0,6.904545,False,7.0,,,11.0,3.0,2.0,0.0,1.0,,608.0,6.0,,20.0,4.0,18.0,107.0,57.0,11.0,4.0,,8.0,14.0,2.0,,1.0,,,0.0,0.0,
2597,2024,Arsenal,42,1.0,0.0,16.0,6.7,False,1.0,,,1.0,,,0.0,0.0,,4.0,,,,,,,,,,,,,0.0,,0.0,,,0.0,0.0,
2601,2024,Crystal Palace,52,35.0,22.0,1593.0,6.75,False,13.0,,,11.0,4.0,,0.0,0.0,,716.0,20.0,,47.0,5.0,18.0,175.0,79.0,16.0,7.0,,21.0,28.0,4.0,,1.0,,,0.0,0.0,
2601,2025,Crystal Palace,52,21.0,17.0,1502.0,6.84,False,4.0,12.0,4.0,11.0,4.0,0.0,0.0,0.0,,622.0,14.0,82.0,49.0,1.0,9.0,171.0,92.0,20.0,11.0,,20.0,26.0,2.0,0.0,0.0,1.0,,0.0,0.0,
2676,2022,Wolves,39,35.0,33.0,3020.0,7.248571,False,2.0,3.0,2.0,47.0,16.0,6.0,0.0,1.0,,2034.0,32.0,48.0,79.0,22.0,50.0,267.0,141.0,28.0,19.0,,18.0,38.0,12.0,0.0,0.0,,,3.0,0.0,
2677,2022,Wolves,39,31.0,20.0,1784.0,6.883333,False,11.0,14.0,13.0,10.0,3.0,0.0,0.0,2.0,,990.0,36.0,,51.0,6.0,18.0,174.0,82.0,15.0,8.0,,15.0,31.0,3.0,0.0,0.0,,,0.0,0.0,
2677,2023,Wolves,39,,,,,False,,,,,,,,,,,,,,,,,,,,,,,,,,,,,,
2678,2022,Liverpool,40,22.0,12.0,1131.0,6.804545,False,10.0,10.0,10.0,27.0,11.0,7.0,0.0,4.0,,373.0,17.0,,23.0,,3.0,180.0,70.0,35.0,14.0,,15.0,19.0,2.0,0.0,0.0,,,0.0,0.0,
2678,2023,Liverpool,40,21.0,14.0,1150.0,7.257142,False,7.0,11.0,8.0,30.0,20.0,10.0,0.0,3.0,,384.0,22.0,,23.0,1.0,7.0,191.0,76.0,36.0,15.0,,21.0,27.0,2.0,1.0,0.0,,,0.0,0.0,
2678,2024,Liverpool,40,26.0,14.0,1194.0,6.7,False,12.0,12.0,15.0,35.0,13.0,6.0,0.0,3.0,,297.0,11.0,,14.0,,8.0,170.0,61.0,31.0,11.0,,14.0,23.0,2.0,0.0,0.0,,,0.0,0.0,
2699,2022,Brentford,55,15.0,0.0,125.0,6.56923,False,15.0,0.0,34.0,1.0,1.0,0.0,0.0,,,69.0,4.0,,2.0,1.0,4.0,22.0,10.0,2.0,,,3.0,3.0,0.0,0.0,0.0,,,0.0,0.0,
2699,2023,Brentford,55,19.0,7.0,729.0,6.688888,False,12.0,2.0,25.0,8.0,2.0,1.0,0.0,0.0,,368.0,9.0,,28.0,2.0,5.0,95.0,44.0,11.0,3.0,,9.0,13.0,5.0,0.0,0.0,,,0.0,0.0,
2699,2024,Brentford,55,,,,,False,,,,,,,,,,,,,,,,,,,,,,,,,,,,,,
2724,2022,Aston Villa,66,28.0,18.0,1500.0,6.67037,False,10.0,8.0,14.0,7.0,3.0,1.0,0.0,,,707.0,18.0,,30.0,5.0,18.0,152.0,82.0,14.0,3.0,,23.0,19.0,5.0,0.0,0.0,,,0.0,0.0,
2724,2022,Aston Villa,66,28.0,18.0,1500.0,6.67037,False,10.0,8.0,14.0,7.0,3.0,1.0,0.0,,,707.0,18.0,,30.0,5.0,18.0,152.0,82.0,14.0,3.0,,23.0,19.0,5.0,0.0,0.0,,,0.0,0.0,
2724,2023,Aston Villa,66,33.0,30.0,2417.0,6.848484,False,3.0,,,13.0,4.0,1.0,0.0,3.0,,1014.0,38.0,,47.0,2.0,26.0,230.0,129.0,26.0,10.0,,30.0,29.0,7.0,,0.0,,,0.0,0.0,
2724,2024,Aston Villa,66,38.0,31.0,2358.0,6.971875,False,7.0,,,8.0,3.0,,0.0,4.0,,979.0,36.0,,65.0,4.0,25.0,221.0,127.0,18.0,9.0,,16.0,21.0,4.0,,0.0,,,0.0,0.0,
2724,2025,Aston Villa,66,27.0,19.0,1650.0,6.77,False,8.0,11.0,13.0,7.0,5.0,0.0,0.0,4.0,,667.0,23.0,80.0,33.0,4.0,12.0,142.0,78.0,11.0,4.0,,11.0,12.0,3.0,0.0,0.0,,,0.0,0.0,
2726,2022,West Ham,48,25.0,24.0,1991.0,6.872,False,1.0,3.0,4.0,16.0,6.0,2.0,0.0,,,825.0,1.0,,9.0,14.0,30.0,106.0,72.0,5.0,2.0,,7.0,14.0,0.0,0.0,0.0,,,0.0,0.0,
2726,2023,West Ham,48,33.0,32.0,2840.0,6.715151,False,1.0,3.0,2.0,12.0,7.0,3.0,0.0,0.0,,1143.0,4.0,,23.0,28.0,29.0,165.0,89.0,3.0,2.0,,6.0,24.0,3.0,0.0,0.0,,,0.0,0.0,
2726,2024,West Ham,48,0.0,0.0,0.0,,False,0.0,0.0,0.0,,,0.0,,,,,,,,,,,,,,,,,0.0,0.0,0.0,,,,,
2729,2022,Crystal Palace,52,32.0,32.0,2784.0,6.990625,False,0.0,2.0,0.0,20.0,9.0,1.0,0.0,,,1940.0,12.0,48.0,42.0,13.0,24.0,234.0,150.0,9.0,5.0,,16.0,27.0,8.0,0.0,0.0,,,0.0,0.0,
2729,2023,Crystal Palace,52,38.0,38.0,3418.0,7.03421,False,0.0,2.0,0.0,16.0,8.0,2.0,0.0,3.0,,2151.0,20.0,44.0,56.0,18.0,42.0,290.0,182.0,20.0,14.0,,23.0,43.0,7.0,0.0,0.0,,,0.0,0.0,
2729,2024,Fulham,36,29.0,29.0,2584.0,6.3,False,0.0,0.0,2.0,1.0,1.0,0.0,0.0,0.0,,82.0,,61.0,1.0,,,7.0,3.0,,,,,2.0,6.0,0.0,1.0,,,0.0,0.0,
2729,2024,Crystal Palace,52,1.0,1.0,90.0,6.3,False,0.0,0.0,0.0,1.0,1.0,0.0,0.0,0.0,,82.0,,61.0,1.0,,,7.0,3.0,,,,,2.0,1.0,0.0,0.0,,,0.0,0.0,
2729,2025,Fulham,36,29.0,29.0,2562.0,7.06,False,0.0,1.0,1.0,12.0,4.0,0.0,0.0,1.0,,2079.0,6.0,86.0,37.0,19.0,29.0,192.0,119.0,7.0,6.0,,11.0,27.0,7.0,0.0,0.0,,,0.0,0.0,
2731,2022,Brentford,55,18.0,14.0,1099.0,6.661111,False,4.0,,,4.0,1.0,,0.0,,,444.0,3.0,,17.0,12.0,16.0,76.0,38.0,1.0,,,4.0,9.0,2.0,,0.0,,,0.0,0.0,
2731,2023,Brentford,55,14.0,12.0,1091.0,6.838461,False,2.0,,,6.0,2.0,1.0,0.0,0.0,,521.0,7.0,,17.0,5.0,12.0,96.0,52.0,4.0,3.0,,6.0,11.0,4.0,,0.0,,,0.0,0.0,
2731,2024,Brentford,55,0.0,0.0,0.0,,False,0.0,0.0,0.0,,,0.0,,,,,,,,,,,,,,,,,0.0,0.0,0.0,,,,,
2734,2022,Bournemouth,35,36.0,34.0,2786.0,6.916666,False,2.0,23.0,2.0,28.0,18.0,7.0,0.0,1.0,,1008.0,26.0,,63.0,8.0,31.0,320.0,176.0,41.0,26.0,,35.0,30.0,5.0,0.0,0.0,,,0.0,0.0,
2734,2023,Bournemouth,35,29.0,13.0,1392.0,6.803448,False,16.0,7.0,20.0,22.0,8.0,2.0,0.0,2.0,,501.0,23.0,,33.0,5.0,20.0,189.0,93.0,30.0,12.0,,12.0,19.0,3.0,0.0,1.0,,,0.0,0.0,
2734,2024,Bournemouth,35,10.0,1.0,177.0,6.83,False,9.0,1.0,12.0,4.0,1.0,0.0,0.0,0.0,,90.0,8.0,,14.0,,5.0,35.0,23.0,1.0,1.0,,2.0,3.0,1.0,0.0,0.0,,,0.0,0.0,
2734,2025,Bournemouth,35,0.0,0.0,,,False,0.0,0.0,1.0,,,0.0,0.0,0.0,,,,,,,,,,,,,,,0.0,0.0,0.0,,,0.0,0.0,
2735,2022,Tottenham,47,35.0,35.0,3133.0,7.14,False,0.0,2.0,0.0,24.0,9.0,4.0,0.0,5.0,,2256.0,30.0,57.0,56.0,17.0,49.0,282.0,150.0,43.0,31.0,,36.0,38.0,5.0,0.0,0.0,,,0.0,0.0,
2735,2023,Tottenham,47,36.0,8.0,1287.0,6.816666,False,28.0,4.0,30.0,11.0,6.0,0.0,0.0,0.0,,1383.0,9.0,,32.0,7.0,19.0,141.0,69.0,22.0,12.0,,17.0,20.0,4.0,0.0,0.0,,,0.0,0.0,
2735,2024,Tottenham,47,0.0,0.0,0.0,,False,0.0,0.0,0.0,,,0.0,,,,,,,,,,,,,,,,,0.0,0.0,0.0,,,,,
2752,2024,Ipswich,57,11.0,2.0,195.0,6.555555,False,9.0,2.0,20.0,,,0.0,0.0,0.0,,64.0,,,9.0,2.0,2.0,20.0,13.0,,,,2.0,1.0,0.0,0.0,0.0,,,0.0,0.0,
2771,2023,Nottingham Forest,65,25.0,21.0,1719.0,6.75909,False,4.0,,,6.0,1.0,1.0,0.0,1.0,,632.0,11.0,,47.0,3.0,18.0,181.0,115.0,41.0,27.0,,25.0,18.0,3.0,,0.0,,,0.0,0.0,
2771,2024,Nottingham Forest,65,35.0,35.0,3002.0,6.888571,False,0.0,,,8.0,2.0,2.0,0.0,1.0,,1027.0,16.0,,55.0,12.0,33.0,253.0,135.0,60.0,33.0,,35.0,23.0,5.0,,0.0,,,0.0,0.0,
2771,2025,Nottingham Forest,65,16.0,16.0,1410.0,6.88,False,0.0,3.0,0.0,8.0,1.0,0.0,0.0,0.0,,545.0,10.0,85.0,26.0,3.0,25.0,138.0,72.0,32.0,14.0,,13.0,13.0,3.0,0.0,0.0,,,0.0,0.0,
2778,2022,Leicester,46,28.0,11.0,1120.0,6.737037,False,17.0,10.0,24.0,33.0,14.0,5.0,0.0,5.0,,305.0,22.0,,7.0,1.0,,156.0,47.0,37.0,20.0,,5.0,18.0,0.0,0.0,0.0,,,1.0,0.0,
2778,2024,Leicester,46,,,,,False,,,,,,,,,,,,,,,,,,,,,,,,,,,,,,
2784,2022,Arsenal,42,0.0,0.0,0.0,,False,0.0,0.0,0.0,,,0.0,,,,,,,,,,,,,,,,,0.0,0.0,0.0,,,,,
2784,2023,Arsenal,42,0.0,0.0,0.0,,False,0.0,0.0,0.0,,,0.0,,,,,,,,,,,,,,,,,0.0,0.0,0.0,,,,,
2790,2023,Burnley,44,26.0,12.0,1189.0,6.845833,False,14.0,11.0,19.0,12.0,6.0,1.0,0.0,3.0,,465.0,36.0,,13.0,,16.0,113.0,52.0,12.0,5.0,,20.0,9.0,2.0,0.0,0.0,,,0.0,0.0,
2806,2022,Newcastle,34,37.0,37.0,3209.0,7.116666,False,0.0,,,45.0,15.0,1.0,0.0,3.0,,1815.0,19.0,,47.0,19.0,52.0,294.0,190.0,11.0,4.0,,27.0,20.0,7.0,,0.0,,,0.0,0.0,
2806,2023,Newcastle,34,36.0,36.0,3054.0,6.997222,False,0.0,,,23.0,9.0,4.0,0.0,1.0,,2099.0,10.0,48.0,42.0,38.0,36.0,299.0,151.0,21.0,13.0,,26.0,38.0,5.0,,0.0,,,0.0,0.0,
2806,2024,Newcastle,34,34.0,33.0,2937.0,6.964705,False,1.0,,,28.0,11.0,4.0,0.0,0.0,,1941.0,5.0,48.0,36.0,25.0,45.0,251.0,115.0,11.0,8.0,,15.0,35.0,9.0,,1.0,,,0.0,0.0,
2806,2025,Newcastle,34,16.0,11.0,1091.0,7.12,False,5.0,2.0,8.0,13.0,4.0,0.0,0.0,0.0,,796.0,4.0,84.0,14.0,12.0,18.0,114.0,66.0,1.0,,,6.0,15.0,1.0,0.0,0.0,,,0.0,0.0,
2807,2022,Nottingham Forest,65,28.0,24.0,2165.0,6.632142,False,4.0,8.0,12.0,5.0,1.0,0.0,0.0,,,828.0,12.0,,43.0,9.0,29.0,168.0,89.0,12.0,8.0,,12.0,24.0,4.0,0.0,0.0,,,0.0,0.0,
2807,2023,Nottingham Forest,65,0.0,0.0,0.0,,False,0.0,0.0,3.0,,,0.0,0.0,,,,,,,,,,,,,,,,0.0,0.0,0.0,,,0.0,0.0,
2807,2024,Nottingham Forest,65,,,,,False,,,,,,,,,,,,,,,,,,,,,,,,,,,,,,
2807,2024,Bologna,500,0.0,0.0,0.0,,False,0.0,0.0,0.0,,,0.0,,,,,,,,,,,,,,,,,0.0,0.0,0.0,,,,,
2810,2022,Chelsea,49,7.0,5.0,413.0,6.557142,False,2.0,4.0,11.0,1.0,,0.0,0.0,,,178.0,1.0,,9.0,1.0,3.0,42.0,17.0,9.0,6.0,,2.0,5.0,0.0,0.0,0.0,,,0.0,0.0,
2817,2024,Nottingham Forest,65,37.0,37.0,3330.0,7.127027,False,0.0,,,24.0,8.0,5.0,0.0,2.0,,1023.0,9.0,,50.0,24.0,27.0,223.0,156.0,1.0,1.0,,5.0,20.0,4.0,,0.0,,,0.0,0.0,
2817,2025,Nottingham Forest,65,32.0,32.0,2885.0,6.83,False,0.0,0.0,0.0,13.0,1.0,0.0,0.0,0.0,,1313.0,1.0,86.0,25.0,29.0,26.0,183.0,122.0,1.0,1.0,,18.0,14.0,6.0,0.0,0.0,,,0.0,0.0,
2823,2022,Fulham,36,12.0,4.0,407.0,6.581818,False,8.0,3.0,12.0,3.0,1.0,0.0,0.0,,,215.0,,,8.0,2.0,5.0,50.0,26.0,5.0,4.0,,10.0,13.0,1.0,0.0,0.0,,,0.0,0.0,
2823,2023,Fulham,36,33.0,20.0,1134.0,6.695454,False,13.0,,,8.0,3.0,1.0,0.0,,,489.0,11.0,,33.0,5.0,16.0,127.0,58.0,8.0,5.0,,9.0,27.0,3.0,,0.0,,,0.0,0.0,
2823,2024,Fulham,36,30.0,29.0,2356.0,6.91,False,1.0,,,11.0,3.0,,0.0,2.0,,1195.0,27.0,,68.0,7.0,28.0,256.0,121.0,13.0,8.0,,26.0,66.0,12.0,,0.0,,,0.0,0.0,
2823,2025,Fulham,36,21.0,15.0,1284.0,6.59,False,6.0,8.0,9.0,9.0,3.0,1.0,0.0,2.0,,510.0,24.0,85.0,38.0,7.0,13.0,166.0,82.0,7.0,3.0,,20.0,39.0,6.0,0.0,0.0,,,0.0,0.0,
2825,2022,Fulham,36,24.0,23.0,2015.0,7.070833,False,1.0,9.0,1.0,76.0,35.0,14.0,0.0,1.0,,489.0,16.0,,14.0,5.0,3.0,401.0,177.0,45.0,23.0,,40.0,34.0,7.0,0.0,0.0,,,4.0,4.0,
2825,2023,Fulham,36,1.0,0.0,32.0,7.3,False,1.0,0.0,1.0,1.0,1.0,0.0,0.0,,,8.0,,,,,,6.0,5.0,3.0,3.0,,,,0.0,0.0,0.0,,,0.0,0.0,
2852,2022,Aston Villa,66,3.0,1.0,76.0,6.466666,False,2.0,1.0,11.0,2.0,2.0,0.0,0.0,,,30.0,,,1.0,,,11.0,8.0,1.0,,,3.0,1.0,1.0,0.0,0.0,,,0.0,0.0,
2855,2022,Newcastle,34,1.0,0.0,1.0,,False,1.0,,,,,,0.0,,,,,,,,,,,,,,,,0.0,,0.0,,,0.0,0.0,
2855,2023,Newcastle,34,28.0,18.0,926.0,6.757142,False,10.0,,,2.0,,,0.0,0.0,,510.0,9.0,,21.0,3.0,9.0,88.0,44.0,5.0,3.0,,7.0,10.0,2.0,,0.0,,,0.0,0.0,
2855,2024,Newcastle,34,26.0,13.0,349.0,6.65,False,13.0,,,,,,0.0,0.0,,140.0,1.0,,4.0,4.0,2.0,31.0,14.0,1.0,,,2.0,5.0,2.0,,0.0,,,0.0,0.0,
2855,2025,Newcastle,34,1.0,1.0,45.0,5.9,False,0.0,1.0,9.0,,,0.0,0.0,0.0,,19.0,,73.0,,,,3.0,,1.0,,,,1.0,0.0,0.0,0.0,,,0.0,0.0,
2864,2022,Newcastle,34,22.0,17.0,1527.0,7.00909,False,5.0,10.0,5.0,33.0,25.0,10.0,0.0,1.0,,352.0,16.0,,18.0,2.0,4.0,207.0,87.0,62.0,32.0,,15.0,19.0,3.0,0.0,0.0,,,2.0,0.0,
2864,2023,Newcastle,34,31.0,29.0,2265.0,7.166666,False,2.0,,,64.0,43.0,21.0,0.0,2.0,,474.0,27.0,,5.0,1.0,6.0,180.0,71.0,70.0,42.0,,15.0,14.0,1.0,,0.0,,,5.0,1.0,
2864,2024,Newcastle,34,34.0,34.0,2769.0,7.279411,False,0.0,,,76.0,46.0,23.0,0.0,6.0,,658.0,42.0,,12.0,2.0,3.0,285.0,94.0,89.0,42.0,,14.0,27.0,1.0,,0.0,,,4.0,0.0,
2864,2025,Liverpool,40,11.0,6.0,540.0,6.43,False,5.0,6.0,6.0,13.0,4.0,2.0,0.0,1.0,,68.0,2.0,66.0,6.0,1.0,,43.0,12.0,8.0,1.0,,,5.0,0.0,0.0,0.0,,,0.0,0.0,
2869,2023,West Ham,48,31.0,29.0,2383.0,6.932258,False,2.0,,,9.0,3.0,1.0,0.0,1.0,,1195.0,12.0,,80.0,20.0,42.0,298.0,152.0,41.0,27.0,,15.0,33.0,11.0,,0.0,,,0.0,0.0,
2869,2024,West Ham,48,28.0,25.0,1783.0,6.760714,False,3.0,,,6.0,1.0,,0.0,1.0,,986.0,12.0,,50.0,8.0,18.0,224.0,112.0,28.0,14.0,,18.0,42.0,9.0,,1.0,,,0.0,0.0,
2869,2025,West Ham,48,0.0,0.0,,,False,0.0,0.0,1.0,,,0.0,0.0,0.0,,,,,,,,,,,,,,,0.0,0.0,0.0,,,0.0,0.0,
2887,2022,Wolves,39,15.0,8.0,842.0,6.72,False,7.0,3.0,12.0,17.0,9.0,0.0,0.0,1.0,,189.0,9.0,,9.0,,,112.0,52.0,9.0,5.0,,14.0,14.0,0.0,0.0,0.0,,,0.0,0.0,
2887,2023,Wolves,39,0.0,0.0,0.0,6.804166,False,0.0,0.0,0.0,31.0,17.0,0.0,0.0,0.0,,372.0,11.0,,18.0,3.0,4.0,226.0,93.0,22.0,10.0,,21.0,17.0,0.0,0.0,0.0,,,0.0,0.0,
2887,2023,Fulham,36,29.0,23.0,1436.0,6.804166,False,6.0,,,31.0,17.0,7.0,0.0,0.0,,372.0,11.0,,18.0,3.0,4.0,226.0,93.0,22.0,10.0,,21.0,17.0,3.0,,1.0,,,0.0,0.0,
2887,2024,Fulham,36,38.0,34.0,2505.0,7.013157,False,4.0,,,73.0,33.0,12.0,0.0,3.0,,616.0,24.0,,35.0,5.0,10.0,412.0,189.0,47.0,21.0,,41.0,39.0,4.0,,0.0,,,3.0,0.0,
2887,2025,Fulham,36,31.0,25.0,2004.0,6.73,False,6.0,15.0,6.0,48.0,18.0,9.0,0.0,3.0,,481.0,23.0,64.0,31.0,2.0,8.0,345.0,147.0,27.0,11.0,,29.0,41.0,5.0,0.0,0.0,2.0,,4.0,0.0,
2910,2023,Nottingham Forest,65,0.0,0.0,0.0,,False,0.0,0.0,2.0,,,0.0,0.0,,,,,,,,,,,,,,,,0.0,0.0,0.0,,,0.0,0.0,
2910,2024,Nottingham Forest,65,0.0,0.0,0.0,,False,0.0,0.0,0.0,,,0.0,,,,,,,,,,,,,,,,,0.0,0.0,0.0,,,,,
2919,2023,Nottingham Forest,65,16.0,16.0,1440.0,6.66875,False,0.0,,,,,,27.0,0.0,38.0,325.0,1.0,,,,,6.0,6.0,,,,3.0,,1.0,,0.0,,,0.0,0.0,0.0
2919,2024,Nottingham Forest,65,38.0,38.0,3420.0,7.142105,False,0.0,,,,,,46.0,0.0,120.0,901.0,2.0,,1.0,,,29.0,26.0,,,,10.0,1.0,4.0,,0.0,,,0.0,0.0,0.0
2919,2025,Nottingham Forest,65,25.0,24.0,2132.0,6.8,False,1.0,1.0,4.0,,,0.0,32.0,0.0,71.0,638.0,1.0,56.0,1.0,,,11.0,9.0,,,,3.0,,2.0,0.0,0.0,,,0.0,0.0,0.0
2920,2022,Leicester,46,37.0,36.0,3256.0,6.74054,False,1.0,3.0,2.0,14.0,6.0,2.0,0.0,3.0,,1504.0,23.0,,87.0,13.0,43.0,328.0,168.0,25.0,11.0,,15.0,25.0,3.0,0.0,0.0,,,0.0,0.0,
2920,2023,Fulham,36,35.0,35.0,2634.0,6.827272,False,0.0,,,10.0,5.0,1.0,0.0,3.0,,1348.0,18.0,,49.0,10.0,38.0,203.0,111.0,27.0,17.0,,10.0,22.0,3.0,,0.0,,,0.0,0.0,
2920,2024,Fulham,36,33.0,26.0,1651.0,6.8125,False,7.0,,,6.0,3.0,,0.0,1.0,,785.0,9.0,,46.0,6.0,22.0,170.0,91.0,10.0,5.0,,6.0,15.0,1.0,,0.0,,,0.0,0.0,
2920,2025,Fulham,36,24.0,14.0,1339.0,6.63,False,10.0,3.0,18.0,7.0,5.0,0.0,0.0,0.0,,566.0,13.0,85.0,28.0,9.0,24.0,103.0,54.0,4.0,1.0,,5.0,15.0,3.0,0.0,0.0,,,0.0,0.0,
2922,2022,Aston Villa,66,20.0,7.0,689.0,6.589473,False,13.0,5.0,20.0,1.0,,0.0,0.0,,,281.0,5.0,,19.0,4.0,10.0,57.0,33.0,5.0,3.0,,1.0,1.0,0.0,0.0,0.0,,,0.0,0.0,
2922,2022,Wolves,39,4.0,2.0,212.0,6.589473,False,2.0,0.0,3.0,1.0,,0.0,0.0,,,281.0,5.0,,19.0,4.0,10.0,57.0,33.0,5.0,3.0,,1.0,1.0,0.0,0.0,0.0,,,0.0,0.0,
2922,2023,Aston Villa,66,8.0,1.0,113.0,6.55,False,7.0,1.0,17.0,1.0,1.0,1.0,0.0,,,56.0,,,6.0,2.0,2.0,19.0,11.0,,,,1.0,1.0,0.0,0.0,0.0,,,0.0,0.0,
2922,2024,Aston Villa,66,0.0,0.0,0.0,,False,0.0,0.0,0.0,,,0.0,,,,,,,,,,,,,,,,,0.0,0.0,0.0,,,,,
2925,2022,Leicester,46,22.0,6.0,639.0,6.561904,False,16.0,6.0,28.0,3.0,2.0,1.0,0.0,,,248.0,3.0,,12.0,2.0,5.0,69.0,27.0,13.0,6.0,,8.0,9.0,1.0,0.0,0.0,,,0.0,0.0,
2925,2024,Leicester,46,,,,,False,,,,,,,,,,,,,,,,,,,,,,,,,,,,,,
2926,2022,Leicester,46,31.0,27.0,2351.0,7.051612,False,4.0,11.0,4.0,17.0,10.0,3.0,0.0,2.0,,1556.0,30.0,41.0,66.0,8.0,28.0,245.0,143.0,31.0,26.0,,25.0,33.0,4.0,0.0,0.0,,,1.0,1.0,
2926,2023,Aston Villa,66,32.0,26.0,1641.0,6.95,False,6.0,,,9.0,6.0,2.0,0.0,6.0,,907.0,18.0,,41.0,3.0,15.0,184.0,98.0,25.0,15.0,,29.0,22.0,3.0,,0.0,,,0.0,0.0,
2926,2024,Aston Villa,66,36.0,36.0,3032.0,7.394444,False,0.0,,,27.0,13.0,3.0,0.0,7.0,,1930.0,62.0,46.0,84.0,16.0,23.0,331.0,193.0,50.0,31.0,,56.0,41.0,4.0,,0.0,,,0.0,1.0,
2926,2025,Aston Villa,66,19.0,16.0,1417.0,7.17,False,3.0,5.0,3.0,12.0,4.0,0.0,0.0,4.0,,868.0,29.0,84.0,43.0,12.0,12.0,165.0,95.0,14.0,9.0,,29.0,22.0,0.0,0.0,0.0,,,0.0,0.0,
2927,2022,Chelsea,49,0.0,0.0,0.0,,False,0.0,0.0,0.0,,,0.0,,,,,,,,,,,,,,,,,0.0,0.0,0.0,,,,,
2928,2022,Crystal Palace,52,0.0,0.0,0.0,,False,0.0,0.0,0.0,,,0.0,,,,,,,,,,,,,,,,,0.0,0.0,0.0,,,,,
2930,2022,Manchester United,33,0.0,0.0,0.0,,False,0.0,0.0,12.0,,,0.0,0.0,,,,,,,,,,,,,,,,0.0,0.0,0.0,,,0.0,0.0,0.0
2930,2022,Crystal Palace,52,0.0,0.0,0.0,,False,0.0,0.0,2.0,,,0.0,0.0,,,,,,,,,,,,,,,,0.0,0.0,0.0,,,0.0,0.0,0.0
2931,2022,Manchester United,33,0.0,0.0,0.0,,False,0.0,0.0,23.0,,,0.0,0.0,,,,,,,,,,,,,,,,0.0,0.0,0.0,,,0.0,0.0,0.0
2931,2023,Manchester United,33,0.0,0.0,0.0,,False,0.0,0.0,4.0,,,0.0,0.0,,,,,,,,,,,,,,,,0.0,0.0,0.0,,,0.0,0.0,0.0
2931,2024,Manchester United,33,0.0,0.0,0.0,,False,0.0,0.0,8.0,,,0.0,0.0,,,,,,,,,,,,,,,,0.0,0.0,0.0,,,0.0,0.0,0.0
2931,2025,Manchester United,33,0.0,0.0,,,False,0.0,0.0,4.0,,,0.0,0.0,0.0,,,,,,,,,,,,,,,0.0,0.0,0.0,,,0.0,0.0,
2932,2022,Everton,45,37.0,37.0,3330.0,6.883783,False,0.0,0.0,0.0,,,0.0,57.0,1.0,124.0,1156.0,2.0,,,,4.0,19.0,13.0,,,,5.0,1.0,6.0,0.0,0.0,,,0.0,0.0,0.0
2932,2023,Everton,45,38.0,38.0,3420.0,7.228947,False,0.0,0.0,0.0,,,0.0,51.0,0.0,121.0,1430.0,4.0,,1.0,,,10.0,9.0,1.0,1.0,,6.0,1.0,5.0,0.0,0.0,,,0.0,0.0,0.0
2932,2024,Everton,45,38.0,38.0,3420.0,7.260526,False,0.0,0.0,0.0,,,0.0,44.0,1.0,122.0,1425.0,2.0,,1.0,,1.0,15.0,13.0,,,,7.0,,7.0,0.0,0.0,,,0.0,0.0,1.0
2932,2025,Everton,45,32.0,32.0,2880.0,7.05,False,0.0,0.0,0.0,,,0.0,37.0,0.0,88.0,1199.0,,62.0,2.0,,,16.0,12.0,,,,6.0,1.0,3.0,0.0,0.0,,1.0,0.0,0.0,1.0
2933,2022,Chelsea,49,25.0,20.0,1416.0,6.854545,False,5.0,,,14.0,4.0,2.0,0.0,2.0,,759.0,21.0,,21.0,2.0,18.0,151.0,77.0,20.0,8.0,,23.0,13.0,3.0,,0.0,,,0.0,0.0,
2933,2023,Chelsea,49,14.0,11.0,756.0,6.86923,False,3.0,,,8.0,4.0,,0.0,1.0,,405.0,14.0,,15.0,3.0,4.0,87.0,46.0,15.0,7.0,,12.0,11.0,5.0,,0.0,,,0.0,0.0,
2933,2024,Crystal Palace,52,8.0,1.0,253.0,6.9125,False,7.0,0.0,11.0,5.0,3.0,1.0,0.0,0.0,,94.0,5.0,,7.0,2.0,6.0,30.0,15.0,5.0,2.0,,3.0,2.0,1.0,0.0,0.0,,,0.0,0.0,
2933,2024,Chelsea,49,12.0,6.0,262.0,6.9125,False,6.0,,,5.0,3.0,1.0,0.0,0.0,,94.0,5.0,,7.0,2.0,6.0,30.0,15.0,5.0,2.0,,3.0,2.0,1.0,,0.0,,,0.0,0.0,
2934,2022,Everton,45,12.0,10.0,983.0,6.783333,False,2.0,0.0,22.0,12.0,4.0,1.0,0.0,2.0,,427.0,3.0,,7.0,7.0,14.0,128.0,82.0,6.0,4.0,,4.0,7.0,0.0,0.0,0.0,,,0.0,0.0,
2934,2023,Everton,45,9.0,4.0,435.0,6.6,False,5.0,1.0,31.0,5.0,4.0,1.0,0.0,,,220.0,,,7.0,4.0,5.0,50.0,25.0,3.0,2.0,,,5.0,2.0,0.0,0.0,,,0.0,0.0,
2934,2024,Everton,45,14.0,11.0,1046.0,6.984615,False,3.0,0.0,25.0,8.0,4.0,3.0,0.0,0.0,,372.0,2.0,,12.0,10.0,16.0,76.0,38.0,1.0,,,,9.0,5.0,0.0,0.0,,,0.0,0.0,
2934,2025,Everton,45,27.0,24.0,2153.0,6.96,False,3.0,1.0,4.0,15.0,6.0,3.0,0.0,0.0,,896.0,1.0,85.0,30.0,22.0,33.0,211.0,129.0,8.0,5.0,,6.0,14.0,0.0,0.0,1.0,,,0.0,0.0,
2935,2022,Manchester United,33,31.0,20.0,778.0,6.923076,False,11.0,,,1.0,,,0.0,,,574.0,1.0,,8.0,11.0,13.0,71.0,39.0,3.0,2.0,,4.0,8.0,4.0,,0.0,,,0.0,0.0,
2935,2023,Manchester United,33,25.0,21.0,1667.0,7.154545,False,4.0,,,15.0,3.0,2.0,0.0,2.0,,1096.0,6.0,41.0,24.0,24.0,25.0,156.0,103.0,2.0,,,10.0,21.0,4.0,,0.0,,,0.0,0.0,
2935,2024,Manchester United,33,30.0,24.0,1764.0,6.892592,False,6.0,,,13.0,7.0,1.0,0.0,0.0,,1118.0,8.0,,30.0,12.0,40.0,160.0,107.0,5.0,2.0,,11.0,18.0,7.0,,0.0,,,0.0,0.0,
2935,2025,Manchester United,33,18.0,14.0,1217.0,6.79,False,4.0,5.0,7.0,8.0,2.0,1.0,0.0,1.0,,640.0,2.0,86.0,12.0,7.0,9.0,103.0,73.0,1.0,,,14.0,13.0,3.0,0.0,1.0,,2.0,0.0,0.0,
2936,2022,Everton,45,38.0,38.0,3420.0,7.236842,False,0.0,0.0,0.0,23.0,9.0,1.0,0.0,1.0,,1620.0,15.0,,51.0,78.0,51.0,313.0,203.0,10.0,9.0,,23.0,40.0,6.0,0.0,0.0,,,0.0,0.0,
2936,2023,Everton,45,38.0,38.0,3420.0,7.326315,False,0.0,1.0,0.0,20.0,5.0,1.0,0.0,1.0,,1525.0,23.0,,61.0,56.0,56.0,389.0,242.0,20.0,16.0,,25.0,45.0,11.0,0.0,0.0,,,0.0,0.0,
2936,2024,Everton,45,33.0,33.0,2924.0,7.266666,False,0.0,2.0,0.0,11.0,4.0,1.0,0.0,1.0,,1277.0,16.0,,64.0,42.0,41.0,291.0,199.0,7.0,5.0,,28.0,35.0,6.0,0.0,0.0,,,0.0,0.0,
2936,2025,Everton,45,31.0,31.0,2790.0,7.18,False,0.0,0.0,0.0,11.0,7.0,1.0,0.0,1.0,,1311.0,15.0,80.0,40.0,43.0,27.0,286.0,198.0,7.0,4.0,,31.0,23.0,5.0,0.0,0.0,,1.0,0.0,0.0,
2937,2022,West Ham,48,37.0,36.0,3272.0,7.186486,False,1.0,0.0,1.0,26.0,9.0,4.0,0.0,2.0,,2082.0,37.0,49.0,79.0,15.0,63.0,279.0,162.0,57.0,35.0,,11.0,23.0,5.0,0.0,0.0,,,0.0,1.0,
2937,2023,Arsenal,42,38.0,37.0,3232.0,7.428947,False,1.0,8.0,1.0,35.0,20.0,7.0,0.0,8.0,,2226.0,47.0,53.0,83.0,11.0,44.0,299.0,156.0,41.0,21.0,,13.0,34.0,5.0,0.0,0.0,,,0.0,0.0,
2937,2023,West Ham,48,0.0,0.0,0.0,7.428947,False,0.0,0.0,0.0,35.0,20.0,0.0,0.0,8.0,,2226.0,47.0,53.0,83.0,11.0,44.0,299.0,156.0,41.0,21.0,,13.0,34.0,0.0,0.0,0.0,,,0.0,0.0,
2937,2024,Arsenal,42,35.0,33.0,2833.0,7.351428,False,2.0,9.0,3.0,33.0,15.0,4.0,0.0,7.0,,1476.0,61.0,,53.0,13.0,25.0,236.0,120.0,28.0,14.0,,16.0,21.0,6.0,1.0,0.0,,,0.0,0.0,
2937,2025,Arsenal,42,31.0,30.0,2675.0,7.5,False,1.0,5.0,1.0,27.0,13.0,4.0,0.0,5.0,,1847.0,61.0,87.0,60.0,11.0,31.0,203.0,125.0,26.0,13.0,,8.0,20.0,2.0,0.0,0.0,,,0.0,0.0,
2938,2022,Southampton,41,38.0,38.0,3373.0,7.263157,False,0.0,2.0,0.0,33.0,20.0,9.0,0.0,4.0,,1919.0,76.0,43.0,65.0,10.0,55.0,293.0,136.0,19.0,8.0,,19.0,34.0,6.0,0.0,0.0,,,2.0,2.0,
2938,2023,West Ham,48,37.0,34.0,3005.0,7.286486,False,3.0,6.0,3.0,31.0,18.0,7.0,0.0,7.0,,1472.0,64.0,,45.0,9.0,38.0,202.0,102.0,18.0,11.0,,20.0,24.0,4.0,0.0,0.0,,,2.0,0.0,
2938,2024,Nottingham Forest,65,9.0,5.0,399.0,6.588888,False,4.0,2.0,13.0,1.0,1.0,0.0,0.0,1.0,,162.0,5.0,,4.0,2.0,5.0,23.0,9.0,,,,2.0,7.0,1.0,1.0,0.0,,,0.0,0.0,
2938,2024,West Ham,48,1.0,0.0,16.0,6.588888,False,1.0,0.0,2.0,1.0,1.0,0.0,0.0,1.0,,162.0,5.0,,4.0,2.0,5.0,23.0,9.0,,,,2.0,7.0,0.0,0.0,0.0,,,0.0,0.0,
2938,2025,West Ham,48,5.0,5.0,415.0,6.9,False,0.0,3.0,1.0,,,0.0,0.0,0.0,,193.0,12.0,89.0,4.0,1.0,5.0,23.0,9.0,1.0,,,2.0,4.0,0.0,0.0,0.0,,,0.0,0.0,
2938,2025,Burnley,44,7.0,4.0,412.0,6.86,False,3.0,2.0,4.0,,,0.0,0.0,1.0,,239.0,9.0,87.0,6.0,5.0,9.0,39.0,19.0,4.0,2.0,,5.0,3.0,1.0,0.0,0.0,,,0.0,0.0,
2939,2022,Newcastle,34,32.0,25.0,1886.0,6.98387,False,7.0,,,63.0,35.0,18.0,0.0,5.0,,235.0,23.0,,9.0,,1.0,194.0,72.0,31.0,12.0,,31.0,21.0,4.0,,0.0,,,3.0,0.0,
2939,2023,Newcastle,34,20.0,15.0,993.0,6.865,False,5.0,,,30.0,21.0,9.0,0.0,1.0,,158.0,8.0,,5.0,,2.0,130.0,45.0,29.0,14.0,,17.0,16.0,3.0,,0.0,,,2.0,0.0,
2939,2024,Newcastle,34,18.0,9.0,368.0,6.341176,False,9.0,,,4.0,1.0,,0.0,0.0,,50.0,3.0,,2.0,,1.0,44.0,6.0,5.0,1.0,,1.0,4.0,1.0,,0.0,,,0.0,0.0,
2939,2025,West Ham,48,26.0,10.0,1061.0,6.63,False,16.0,9.0,21.0,24.0,12.0,5.0,0.0,1.0,,135.0,7.0,62.0,3.0,2.0,3.0,120.0,42.0,19.0,11.0,,12.0,10.0,0.0,0.0,0.0,,,0.0,0.0,
2952,2023,Nottingham Forest,65,,,,,False,,,,,,,,,,,,,,,,,,,,,,,,,,,,,,
2986,2022,Chelsea,49,23.0,17.0,855.0,6.52,False,6.0,,,,,,14.0,,25.0,242.0,,,,,,6.0,5.0,1.0,,,2.0,,1.0,,0.0,,,0.0,0.0,0.0
2990,2022,Everton,45,33.0,32.0,2594.0,6.896969,False,1.0,18.0,1.0,13.0,6.0,0.0,0.0,1.0,,1209.0,12.0,,97.0,12.0,56.0,314.0,193.0,28.0,19.0,,50.0,43.0,7.0,0.0,0.0,,,0.0,0.0,
2990,2023,Everton,45,25.0,24.0,1895.0,7.04,False,1.0,12.0,4.0,15.0,7.0,4.0,0.0,0.0,,880.0,15.0,,73.0,7.0,28.0,220.0,128.0,22.0,11.0,,31.0,35.0,8.0,0.0,0.0,,,0.0,0.0,
2990,2024,Everton,45,37.0,35.0,3070.0,6.983783,False,2.0,10.0,2.0,20.0,5.0,0.0,0.0,3.0,,1400.0,19.0,,133.0,9.0,48.0,389.0,221.0,37.0,18.0,,46.0,55.0,9.0,0.0,0.0,,,0.0,0.0,
2990,2025,Everton,45,23.0,23.0,1925.0,6.81,False,0.0,7.0,0.0,18.0,7.0,2.0,0.0,3.0,,991.0,13.0,86.0,43.0,7.0,27.0,156.0,89.0,19.0,6.0,,27.0,19.0,1.0,0.0,1.0,,,0.0,0.0,
2991,2022,Nottingham Forest,65,21.0,10.0,879.0,6.685714,False,11.0,9.0,12.0,5.0,5.0,1.0,0.0,,,245.0,7.0,,30.0,2.0,10.0,108.0,65.0,6.0,5.0,,12.0,22.0,3.0,0.0,0.0,,,0.0,0.0,
2991,2023,Nottingham Forest,65,12.0,2.0,204.0,6.56,False,10.0,2.0,28.0,5.0,1.0,0.0,0.0,0.0,,73.0,1.0,,8.0,1.0,2.0,42.0,21.0,2.0,1.0,,2.0,6.0,2.0,0.0,0.0,,,0.0,0.0,
2991,2024,Nottingham Forest,65,,,,,False,,,,,,,,,,,,,,,,,,,,,,,,,,,,,,
2997,2022,West Ham,48,36.0,36.0,3114.0,6.861111,False,0.0,3.0,0.0,,,0.0,48.0,,108.0,773.0,,,2.0,,,23.0,21.0,,,,4.0,,1.0,0.0,0.0,,,0.0,0.0,3.0
2997,2023,West Ham,48,10.0,7.0,718.0,7.077777,False,3.0,0.0,30.0,,,0.0,20.0,,33.0,194.0,,,1.0,,1.0,4.0,3.0,,,,,,0.0,0.0,0.0,,,0.0,0.0,2.0
2997,2024,West Ham,48,14.0,13.0,1160.0,7.028571,False,1.0,1.0,22.0,,,0.0,21.0,0.0,50.0,435.0,,,1.0,,,12.0,8.0,3.0,3.0,,1.0,2.0,2.0,0.0,0.0,,,0.0,0.0,0.0
2997,2025,West Ham,48,0.0,0.0,,,False,0.0,0.0,1.0,,,0.0,0.0,0.0,,,,,,,,,,,,,,,0.0,0.0,0.0,,,0.0,0.0,
2999,2022,Aston Villa,66,3.0,1.0,99.0,6.866666,False,2.0,1.0,12.0,,,0.0,0.0,,,66.0,,,3.0,1.0,2.0,5.0,4.0,,,,1.0,1.0,0.0,0.0,0.0,,,0.0,0.0,
2999,2022,Southampton,41,2.0,2.0,160.0,6.866666,False,0.0,1.0,3.0,,,0.0,0.0,,,66.0,,,3.0,1.0,2.0,5.0,4.0,,,,1.0,1.0,0.0,0.0,0.0,,,0.0,0.0,
2999,2024,Southampton,41,30.0,30.0,2535.0,6.956666,False,0.0,4.0,0.0,4.0,3.0,2.0,0.0,0.0,,1677.0,5.0,51.0,36.0,36.0,56.0,207.0,122.0,3.0,3.0,,13.0,31.0,7.0,0.0,0.0,,,0.0,0.0,
3008,2022,Leeds,63,14.0,0.0,266.0,6.428571,False,14.0,0.0,16.0,2.0,1.0,0.0,0.0,,,136.0,5.0,,12.0,,,41.0,18.0,6.0,2.0,,3.0,10.0,2.0,0.0,0.0,,,0.0,0.0,
3080,2024,Wolves,39,14.0,14.0,1079.0,6.864285,False,0.0,,,16.0,7.0,2.0,0.0,1.0,,201.0,9.0,,24.0,1.0,6.0,135.0,66.0,10.0,3.0,,10.0,19.0,0.0,,0.0,,,0.0,0.0,
3080,2025,Wolves,39,13.0,9.0,877.0,6.6,False,4.0,3.0,5.0,12.0,6.0,1.0,0.0,1.0,,169.0,3.0,63.0,21.0,2.0,7.0,142.0,65.0,9.0,5.0,,10.0,19.0,2.0,0.0,0.0,,,0.0,0.0,
3240,2022,Everton,45,0.0,0.0,0.0,,False,0.0,0.0,2.0,,,0.0,0.0,,,,,,,,,,,,,,,,0.0,0.0,0.0,,,0.0,0.0,
3240,2023,Everton,45,0.0,0.0,0.0,,False,0.0,0.0,0.0,,,0.0,,,,,,,,,,,,,,,,,0.0,0.0,0.0,,,,,
3246,2022,Arsenal,42,0.0,0.0,0.0,,False,0.0,0.0,2.0,,,0.0,0.0,,,,,,,,,,,,,,,,0.0,0.0,0.0,,,0.0,0.0,
3246,2023,Arsenal,42,0.0,0.0,0.0,,False,0.0,0.0,0.0,,,0.0,,,,,,,,,,,,,,,,,0.0,0.0,0.0,,,,,
3247,2022,Crystal Palace,52,27.0,27.0,2294.0,6.792592,False,0.0,,,40.0,22.0,7.0,0.0,2.0,,604.0,28.0,,32.0,1.0,16.0,380.0,170.0,120.0,55.0,,77.0,35.0,5.0,,0.0,,,0.0,2.0,
3247,2023,Crystal Palace,52,0.0,0.0,0.0,,False,0.0,0.0,0.0,,,0.0,,,,,,,,,,,,,,,,,0.0,0.0,0.0,,,,,
3339,2022,Crystal Palace,52,34.0,34.0,2786.0,7.0,False,0.0,17.0,1.0,24.0,7.0,0.0,0.0,3.0,,1239.0,26.0,,77.0,13.0,56.0,250.0,135.0,21.0,15.0,,13.0,38.0,10.0,1.0,0.0,,,0.0,0.0,
3339,2023,Crystal Palace,52,12.0,11.0,921.0,7.036363,False,1.0,,,4.0,2.0,,0.0,,,421.0,10.0,,34.0,2.0,20.0,92.0,50.0,13.0,10.0,,1.0,10.0,2.0,,0.0,,,0.0,0.0,
3339,2024,Crystal Palace,52,17.0,11.0,462.0,6.630769,False,6.0,,,2.0,,,0.0,0.0,,203.0,1.0,,16.0,,11.0,57.0,30.0,4.0,2.0,,7.0,7.0,1.0,,0.0,,,0.0,0.0,
3421,2022,Leicester,46,20.0,18.0,1610.0,6.845,False,2.0,2.0,17.0,6.0,2.0,0.0,0.0,,,1105.0,5.0,50.0,19.0,17.0,8.0,98.0,57.0,3.0,1.0,,3.0,7.0,1.0,0.0,0.0,,,0.0,0.0,
3428,2022,Crystal Palace,52,38.0,31.0,2721.0,6.760526,False,7.0,14.0,7.0,22.0,11.0,4.0,0.0,3.0,,821.0,31.0,,66.0,4.0,15.0,582.0,271.0,124.0,65.0,,90.0,48.0,5.0,0.0,0.0,,,0.0,0.0,
3428,2023,Crystal Palace,52,35.0,30.0,2551.0,7.005882,False,5.0,12.0,6.0,36.0,20.0,4.0,0.0,7.0,,811.0,24.0,,65.0,2.0,16.0,504.0,243.0,108.0,51.0,,94.0,46.0,8.0,1.0,0.0,,,0.0,0.0,
3428,2024,Leicester,46,30.0,19.0,1642.0,6.3,False,11.0,15.0,17.0,1.0,,5.0,0.0,0.0,,9.0,1.0,,1.0,,,5.0,2.0,,,,,1.0,5.0,0.0,0.0,,,0.0,0.0,
3428,2024,Crystal Palace,52,1.0,0.0,20.0,6.3,False,1.0,0.0,1.0,1.0,,0.0,0.0,0.0,,9.0,1.0,,1.0,,,5.0,2.0,,,,,1.0,1.0,0.0,0.0,,,0.0,0.0,
5996,2022,Chelsea,49,18.0,18.0,1551.0,7.161111,False,0.0,4.0,0.0,13.0,3.0,0.0,0.0,2.0,,1421.0,20.0,70.0,45.0,2.0,16.0,172.0,91.0,30.0,17.0,,22.0,11.0,3.0,0.0,0.0,,,0.0,0.0,
5996,2023,Chelsea,49,28.0,26.0,2215.0,7.225,False,2.0,8.0,2.0,35.0,16.0,3.0,0.0,2.0,,1795.0,32.0,55.0,50.0,13.0,17.0,260.0,125.0,40.0,23.0,,31.0,33.0,7.0,0.0,0.0,,,1.0,1.0,
5996,2024,Chelsea,49,36.0,32.0,2948.0,7.322222,False,4.0,6.0,4.0,39.0,20.0,6.0,0.0,7.0,,1778.0,80.0,41.0,65.0,7.0,13.0,340.0,159.0,47.0,26.0,,54.0,52.0,8.0,0.0,0.0,,,0.0,0.0,
5996,2025,Chelsea,49,30.0,29.0,2583.0,7.15,False,1.0,6.0,1.0,44.0,27.0,8.0,0.0,3.0,,1677.0,52.0,86.0,48.0,1.0,17.0,268.0,121.0,41.0,11.0,,39.0,30.0,8.0,0.0,0.0,,,2.0,0.0,
6009,2022,Manchester City,50,31.0,13.0,1451.0,6.873333,False,18.0,5.0,24.0,34.0,22.0,9.0,0.0,,,469.0,18.0,,26.0,,2.0,170.0,69.0,35.0,21.0,,14.0,21.0,0.0,0.0,0.0,,,1.0,0.0,
6009,2023,Manchester City,50,38.0,34.0,2657.0,7.342857,False,4.0,,,75.0,40.0,11.0,0.0,8.0,,1110.0,66.0,,24.0,,2.0,190.0,61.0,42.0,20.0,,13.0,23.0,2.0,,0.0,,,2.0,0.0,
6009,2024,Manchester City,50,0.0,0.0,0.0,,False,0.0,0.0,0.0,,,0.0,,,,,,,,,,,,,,,,,0.0,0.0,0.0,,,,,
6056,2023,Nottingham Forest,65,32.0,24.0,1518.0,6.92,False,8.0,,,14.0,6.0,2.0,0.0,2.0,,829.0,10.0,,63.0,5.0,18.0,192.0,107.0,15.0,7.0,,16.0,26.0,4.0,,0.0,,,0.0,0.0,
6056,2024,Nottingham Forest,65,37.0,30.0,1970.0,6.885294,False,7.0,,,18.0,9.0,,0.0,1.0,,925.0,13.0,,86.0,12.0,29.0,246.0,134.0,7.0,3.0,,18.0,33.0,9.0,,0.0,,,0.0,0.0,
6056,2025,Nottingham Forest,65,21.0,14.0,953.0,6.79,False,7.0,13.0,11.0,9.0,5.0,1.0,0.0,0.0,,383.0,9.0,82.0,41.0,4.0,4.0,124.0,66.0,11.0,5.0,,8.0,12.0,2.0,0.0,0.0,,,0.0,0.0,
6168,2025,Sunderland,746,28.0,27.0,2446.0,6.9,False,1.0,3.0,2.0,13.0,8.0,1.0,0.0,1.0,,1143.0,9.0,81.0,28.0,26.0,30.0,230.0,125.0,20.0,16.0,,9.0,27.0,6.0,0.0,0.0,,,0.0,0.0,
6610,2022,Bournemouth,35,31.0,29.0,2496.0,6.770967,False,2.0,7.0,7.0,7.0,3.0,2.0,0.0,,,1291.0,5.0,,50.0,20.0,43.0,176.0,97.0,12.0,8.0,,13.0,29.0,7.0,0.0,0.0,,,0.0,0.0,
6610,2023,Bournemouth,35,32.0,29.0,2268.0,6.970967,False,3.0,,,13.0,4.0,4.0,0.0,5.0,,1259.0,22.0,,55.0,23.0,35.0,245.0,114.0,19.0,11.0,,11.0,41.0,13.0,,0.0,,,0.0,0.0,
6610,2024,Bournemouth,35,21.0,18.0,1118.0,6.823529,False,3.0,,,3.0,,,0.0,0.0,,714.0,5.0,,39.0,7.0,14.0,162.0,85.0,10.0,6.0,,8.0,22.0,5.0,,0.0,,,0.0,0.0,
6610,2025,Bournemouth,35,31.0,31.0,2750.0,7.17,False,0.0,2.0,0.0,12.0,5.0,0.0,0.0,4.0,,1919.0,21.0,77.0,54.0,38.0,48.0,308.0,161.0,5.0,3.0,,30.0,30.0,8.0,0.0,0.0,,,0.0,0.0,
6716,2022,Brighton,51,35.0,31.0,2886.0,7.194285,False,4.0,4.0,4.0,66.0,34.0,10.0,0.0,2.0,,1803.0,47.0,44.0,70.0,2.0,22.0,337.0,194.0,63.0,42.0,,57.0,35.0,8.0,0.0,0.0,,,6.0,0.0,
6716,2023,Liverpool,40,33.0,32.0,2611.0,7.269696,False,1.0,,,25.0,9.0,5.0,0.0,5.0,,1923.0,47.0,51.0,99.0,8.0,35.0,388.0,195.0,30.0,18.0,,47.0,53.0,7.0,,1.0,,,1.0,0.0,
6716,2024,Liverpool,40,35.0,32.0,2607.0,7.242857,False,3.0,,,25.0,14.0,5.0,0.0,5.0,,1425.0,45.0,,97.0,6.0,22.0,358.0,172.0,37.0,16.0,,40.0,62.0,6.0,,0.0,,,0.0,0.0,
6716,2025,Liverpool,40,31.0,26.0,2206.0,6.73,False,5.0,11.0,5.0,27.0,11.0,2.0,0.0,2.0,,1172.0,26.0,86.0,43.0,8.0,19.0,206.0,93.0,24.0,9.0,,27.0,23.0,5.0,0.0,0.0,,,0.0,0.0,
7029,2023,Aston Villa,66,0.0,0.0,0.0,,False,0.0,0.0,5.0,,,0.0,0.0,,,,,,,,,,,,,,,,0.0,0.0,0.0,,,0.0,0.0,0.0
7029,2024,Aston Villa,66,0.0,0.0,0.0,,False,0.0,0.0,10.0,,,0.0,0.0,,,,,,,,,,,,,,,,0.0,0.0,0.0,,,0.0,0.0,0.0
7600,2023,Brighton,51,34.0,26.0,1636.0,6.921739,False,8.0,,,3.0,,,0.0,0.0,,1417.0,7.0,55.0,25.0,9.0,14.0,127.0,71.0,21.0,16.0,,4.0,21.0,4.0,,0.0,,,0.0,0.0,
7600,2024,Brighton,51,23.0,15.0,967.0,6.7,False,8.0,,,1.0,,,0.0,0.0,,713.0,2.0,50.0,5.0,14.0,4.0,46.0,24.0,6.0,5.0,,6.0,9.0,4.0,,0.0,,,0.0,0.0,
7600,2025,West Ham,48,4.0,1.0,122.0,6.4,False,3.0,0.0,12.0,,,0.0,0.0,0.0,,22.0,1.0,72.0,,2.0,1.0,2.0,,,,,,1.0,0.0,0.0,0.0,,,0.0,0.0,
7600,2025,Brighton,51,0.0,0.0,,,False,0.0,0.0,3.0,,,0.0,0.0,0.0,,,,,,,,,,,,,,,0.0,0.0,0.0,,,0.0,0.0,
7722,2022,Wolves,39,1.0,1.0,45.0,6.3,False,0.0,,,1.0,,,0.0,,,4.0,,,,,1.0,1.0,1.0,,,,1.0,,0.0,,0.0,,,0.0,0.0,
7722,2023,Wolves,39,20.0,10.0,176.0,6.855555,False,10.0,,,4.0,2.0,2.0,0.0,,,59.0,4.0,,6.0,,1.0,35.0,19.0,1.0,1.0,,4.0,6.0,1.0,,0.0,,,0.0,0.0,
7722,2024,Wolves,39,0.0,0.0,0.0,,False,0.0,0.0,0.0,,,0.0,,,,,,,,,,,,,,,,,0.0,0.0,0.0,,,,,
7722,2025,Wolves,39,1.0,0.0,14.0,6.2,False,1.0,0.0,2.0,,,0.0,0.0,0.0,,5.0,,80.0,,,1.0,5.0,2.0,1.0,,,,,0.0,0.0,0.0,,,0.0,0.0,
8471,2023,Luton,1359,38.0,38.0,3406.0,6.93421,False,0.0,1.0,0.0,,,0.0,85.0,0.0,145.0,1312.0,1.0,,2.0,,,15.0,11.0,2.0,2.0,,3.0,,3.0,0.0,0.0,,,0.0,0.0,0.0
8500,2023,Liverpool,40,29.0,20.0,1722.0,6.75,False,9.0,9.0,13.0,6.0,3.0,1.0,0.0,0.0,,1305.0,16.0,,48.0,2.0,20.0,259.0,114.0,15.0,10.0,,25.0,50.0,10.0,0.0,0.0,,,0.0,0.0,
8500,2024,Liverpool,40,20.0,1.0,257.0,6.65625,False,19.0,1.0,36.0,,,0.0,0.0,0.0,,189.0,2.0,,12.0,1.0,6.0,50.0,24.0,2.0,2.0,,7.0,15.0,0.0,0.0,0.0,,,0.0,0.0,
8500,2025,Liverpool,40,8.0,1.0,206.0,6.73,False,7.0,1.0,18.0,,,0.0,0.0,1.0,,94.0,1.0,85.0,7.0,,,28.0,18.0,1.0,,,3.0,2.0,1.0,0.0,0.0,,,0.0,0.0,
8589,2023,Burnley,44,21.0,10.0,133.0,6.45,False,11.0,,,4.0,2.0,,0.0,,,47.0,1.0,,3.0,,,26.0,11.0,10.0,4.0,,4.0,1.0,0.0,,0.0,,,0.0,0.0,
8598,2022,Nottingham Forest,65,29.0,23.0,1434.0,6.714814,False,6.0,,,32.0,15.0,10.0,0.0,1.0,,219.0,10.0,,17.0,4.0,4.0,193.0,63.0,19.0,7.0,,19.0,24.0,2.0,,0.0,,,0.0,0.0,
8598,2023,Nottingham Forest,65,20.0,17.0,1055.0,6.836842,False,3.0,,,19.0,11.0,6.0,0.0,3.0,,172.0,10.0,,9.0,2.0,1.0,130.0,54.0,15.0,8.0,,16.0,9.0,2.0,,0.0,,,0.0,0.0,
8598,2024,Nottingham Forest,65,33.0,18.0,477.0,6.416666,False,15.0,,,9.0,4.0,1.0,0.0,0.0,,93.0,2.0,,6.0,,,106.0,33.0,9.0,4.0,,10.0,8.0,0.0,,0.0,,,0.0,0.0,
8598,2025,Nottingham Forest,65,12.0,1.0,281.0,6.56,False,11.0,1.0,18.0,9.0,5.0,2.0,0.0,0.0,,42.0,3.0,78.0,1.0,,1.0,59.0,14.0,4.0,2.0,,3.0,7.0,1.0,0.0,0.0,,,0.0,0.0,
8661,2023,Burnley,44,34.0,31.0,2323.0,6.5875,False,3.0,,,13.0,4.0,,0.0,2.0,,756.0,11.0,,64.0,6.0,12.0,279.0,136.0,50.0,25.0,,28.0,27.0,1.0,,0.0,,,0.0,0.0,
8694,2022,Leicester,46,31.0,31.0,2787.0,6.932258,False,0.0,0.0,0.0,11.0,3.0,1.0,0.0,2.0,,1842.0,9.0,50.0,56.0,37.0,41.0,227.0,140.0,12.0,9.0,,17.0,23.0,5.0,1.0,0.0,,,0.0,0.0,
8694,2024,Leicester,46,34.0,30.0,2811.0,6.8,False,4.0,0.0,5.0,9.0,1.0,1.0,0.0,0.0,,1550.0,4.0,40.0,42.0,35.0,25.0,192.0,103.0,6.0,5.0,,11.0,23.0,4.0,0.0,0.0,,,0.0,0.0,
8794,2024,Ipswich,57,26.0,5.0,649.0,6.58,False,21.0,5.0,21.0,14.0,7.0,3.0,0.0,1.0,,118.0,4.0,,3.0,1.0,2.0,107.0,49.0,5.0,2.0,,12.0,13.0,3.0,0.0,0.0,,,0.0,0.0,
9366,2025,Nottingham Forest,65,31.0,23.0,1906.0,6.52,False,8.0,19.0,8.0,31.0,13.0,3.0,0.0,3.0,,344.0,11.0,70.0,18.0,3.0,3.0,341.0,136.0,30.0,9.0,,34.0,34.0,0.0,0.0,0.0,,,0.0,0.0,
9926,2022,Nottingham Forest,65,6.0,2.0,179.0,6.7,False,4.0,2.0,7.0,3.0,1.0,0.0,0.0,,,71.0,1.0,,5.0,,,26.0,15.0,3.0,1.0,,8.0,4.0,1.0,0.0,0.0,,,0.0,0.0,
9926,2023,Nottingham Forest,65,0.0,0.0,0.0,,False,0.0,0.0,0.0,,,0.0,,,,,,,,,,,,,,,,,0.0,0.0,0.0,,,,,
9971,2022,Manchester United,33,25.0,23.0,1817.0,6.916,False,2.0,17.0,2.0,51.0,24.0,4.0,0.0,2.0,,774.0,29.0,,22.0,,11.0,186.0,83.0,68.0,31.0,,25.0,15.0,5.0,0.0,0.0,,,0.0,0.0,
9971,2023,Manchester United,33,29.0,15.0,1322.0,6.864285,False,14.0,12.0,18.0,26.0,16.0,1.0,0.0,1.0,,561.0,22.0,,40.0,1.0,12.0,211.0,100.0,59.0,26.0,,32.0,19.0,5.0,0.0,0.0,,,0.0,0.0,
9971,2024,Manchester United,33,8.0,0.0,133.0,6.6,False,8.0,0.0,19.0,5.0,3.0,0.0,0.0,0.0,,59.0,3.0,,6.0,,2.0,28.0,15.0,10.0,4.0,,5.0,2.0,0.0,0.0,0.0,,,0.0,0.0,
10122,2022,Nottingham Forest,65,28.0,26.0,2222.0,6.575,False,2.0,10.0,4.0,8.0,,0.0,0.0,1.0,,668.0,13.0,,52.0,6.0,33.0,237.0,128.0,30.0,16.0,,42.0,29.0,7.0,0.0,0.0,,,0.0,0.0,
10135,2022,Newcastle,34,32.0,32.0,2735.0,7.165625,False,0.0,9.0,0.0,21.0,8.0,4.0,0.0,5.0,,1632.0,43.0,43.0,78.0,4.0,36.0,394.0,225.0,71.0,45.0,,83.0,45.0,7.0,0.0,0.0,,,0.0,0.0,
10135,2023,Newcastle,34,37.0,37.0,3268.0,7.505405,False,0.0,,,32.0,16.0,7.0,0.0,8.0,,2260.0,62.0,51.0,88.0,14.0,34.0,503.0,285.0,113.0,72.0,,108.0,50.0,8.0,,0.0,,,0.0,0.0,
10135,2024,Newcastle,34,38.0,38.0,3282.0,7.2,False,0.0,,,36.0,15.0,5.0,0.0,6.0,,1758.0,53.0,,83.0,10.0,30.0,464.0,243.0,61.0,34.0,,108.0,65.0,7.0,,0.0,,,0.0,0.0,
10135,2025,Newcastle,34,23.0,22.0,2018.0,7.53,False,1.0,4.0,2.0,27.0,17.0,9.0,0.0,4.0,,1177.0,39.0,86.0,50.0,1.0,12.0,254.0,126.0,35.0,13.0,,52.0,33.0,5.0,0.0,0.0,2.0,,2.0,0.0,
10169,2023,Sheffield Utd,62,38.0,34.0,2679.0,6.8,False,4.0,,,10.0,6.0,1.0,0.0,0.0,,974.0,4.0,,125.0,17.0,31.0,372.0,220.0,28.0,17.0,,14.0,48.0,3.0,,0.0,,,0.0,0.0,
10329,2023,Brighton,51,31.0,19.0,2041.0,7.206451,False,12.0,10.0,12.0,45.0,26.0,9.0,0.0,3.0,,774.0,38.0,,31.0,2.0,11.0,334.0,175.0,88.0,43.0,,60.0,19.0,2.0,0.0,0.0,,,4.0,1.0,
10329,2023,Chelsea,49,31.0,26.0,2045.0,7.206451,False,5.0,,,45.0,26.0,9.0,0.0,3.0,,774.0,38.0,,31.0,2.0,11.0,334.0,175.0,88.0,43.0,,60.0,19.0,2.0,,0.0,,,4.0,1.0,
10329,2024,Brighton,51,27.0,23.0,1955.0,7.17037,False,4.0,10.0,4.0,33.0,20.0,10.0,0.0,6.0,,626.0,30.0,,16.0,,9.0,293.0,132.0,76.0,29.0,,46.0,26.0,4.0,0.0,1.0,,,5.0,0.0,
10329,2024,Chelsea,49,27.0,24.0,1953.0,7.17037,False,3.0,,,33.0,20.0,10.0,0.0,6.0,,626.0,30.0,,16.0,,9.0,293.0,132.0,76.0,29.0,,46.0,26.0,4.0,,1.0,,,5.0,0.0,
10329,2025,Chelsea,49,32.0,28.0,2404.0,7.06,False,4.0,17.0,4.0,46.0,27.0,14.0,0.0,5.0,,630.0,28.0,76.0,25.0,5.0,5.0,351.0,168.0,61.0,29.0,,49.0,32.0,4.0,0.0,0.0,3.0,,0.0,0.0,
10373,2024,Nottingham Forest,65,0.0,0.0,0.0,,False,0.0,0.0,33.0,,,0.0,0.0,,,,,,,,,,,,,,,,0.0,0.0,0.0,,,0.0,0.0,0.0
13109,2024,Ipswich,57,,,,,False,,,,,,,,,,,,,,,,,,,,,,,,,,,,,,
13489,2022,Aston Villa,66,12.0,6.0,150.0,6.47,False,6.0,,,5.0,2.0,,0.0,,,26.0,1.0,,2.0,,2.0,38.0,13.0,2.0,1.0,,3.0,9.0,1.0,,0.0,,,0.0,0.0,
13489,2023,Aston Villa,66,23.0,12.0,505.0,6.8,False,11.0,,,17.0,7.0,5.0,0.0,0.0,,114.0,4.0,,6.0,,1.0,80.0,36.0,5.0,2.0,,8.0,12.0,5.0,,0.0,,,0.0,0.0,
13489,2024,Aston Villa,66,20.0,12.0,626.0,6.77,False,8.0,,,26.0,15.0,7.0,0.0,0.0,,159.0,4.0,,8.0,,,106.0,45.0,13.0,3.0,,15.0,14.0,3.0,,1.0,,,0.0,0.0,
13708,2025,Wolves,39,23.0,14.0,1121.0,6.63,False,9.0,12.0,10.0,10.0,3.0,1.0,0.0,0.0,,398.0,11.0,89.0,43.0,2.0,8.0,165.0,70.0,20.0,8.0,,9.0,25.0,1.0,0.0,0.0,,,0.0,0.0,
13736,2023,Crystal Palace,52,16.0,16.0,1440.0,7.1875,False,0.0,1.0,0.0,5.0,,0.0,0.0,4.0,,566.0,21.0,,55.0,7.0,24.0,197.0,102.0,25.0,13.0,,8.0,30.0,4.0,0.0,0.0,,,0.0,0.0,
13736,2024,Crystal Palace,52,37.0,37.0,3233.0,7.086486,False,0.0,,,31.0,18.0,4.0,0.0,5.0,,1135.0,47.0,,123.0,6.0,44.0,446.0,220.0,54.0,21.0,,19.0,56.0,10.0,,0.0,,,0.0,0.0,
13736,2025,Crystal Palace,52,22.0,22.0,1871.0,6.96,False,0.0,4.0,0.0,15.0,10.0,3.0,0.0,2.0,,659.0,21.0,78.0,57.0,1.0,23.0,209.0,106.0,12.0,1.0,,14.0,29.0,5.0,0.0,0.0,,,0.0,0.0,
14206,2023,Nottingham Forest,65,1.0,0.0,4.0,6.3,False,1.0,0.0,4.0,,,0.0,0.0,,,8.0,,,,,,3.0,,,,,,3.0,0.0,0.0,0.0,,,0.0,0.0,
14206,2024,Nottingham Forest,65,,,,,False,,,,,,,,,,,,,,,,,,,,,,,,,,,,,,
14382,2023,Sheffield Utd,62,9.0,9.0,772.0,6.733333,False,0.0,,,,,,25.0,,37.0,271.0,,,,,,10.0,9.0,,,,2.0,,1.0,,0.0,,,0.0,0.0,0.0
15632,2023,Luton,1359,12.0,7.0,399.0,6.85,False,5.0,,,3.0,1.0,1.0,0.0,,,115.0,,,6.0,6.0,8.0,31.0,19.0,1.0,,,2.0,6.0,1.0,,0.0,,,0.0,0.0,
15745,2022,Brentford,55,20.0,12.0,1102.0,6.657894,False,8.0,2.0,23.0,3.0,1.0,0.0,0.0,,,263.0,8.0,,22.0,5.0,9.0,81.0,36.0,6.0,3.0,,3.0,4.0,0.0,0.0,0.0,,,0.0,0.0,
15745,2023,Brentford,55,34.0,22.0,1987.0,6.638235,False,12.0,14.0,15.0,5.0,1.0,1.0,0.0,2.0,,605.0,15.0,,48.0,3.0,19.0,182.0,88.0,26.0,11.0,,15.0,10.0,1.0,0.0,0.0,,,0.0,0.0,
15745,2024,Brentford,55,19.0,11.0,1096.0,6.761111,False,8.0,3.0,12.0,5.0,2.0,0.0,0.0,2.0,,443.0,14.0,,18.0,5.0,4.0,95.0,45.0,15.0,7.0,,10.0,6.0,2.0,0.0,0.0,,,0.0,0.0,
15745,2025,Brentford,55,0.0,0.0,,,False,0.0,0.0,1.0,,,0.0,0.0,0.0,,,,,,,,,,,,,,,0.0,0.0,0.0,,,0.0,0.0,
15797,2024,Ipswich,57,30.0,25.0,1978.0,6.717241,False,5.0,22.0,8.0,8.0,1.0,1.0,0.0,1.0,,730.0,13.0,,44.0,10.0,28.0,213.0,104.0,46.0,27.0,,22.0,24.0,2.0,0.0,0.0,,,0.0,0.0,
15799,2022,Brentford,55,21.0,8.0,843.0,6.580952,False,13.0,8.0,19.0,7.0,4.0,0.0,0.0,2.0,,253.0,7.0,,19.0,3.0,10.0,129.0,63.0,22.0,11.0,,26.0,15.0,0.0,0.0,0.0,,,0.0,0.0,
15799,2023,Brentford,55,26.0,11.0,1155.0,6.753846,False,15.0,8.0,19.0,14.0,9.0,1.0,0.0,2.0,,375.0,12.0,,37.0,7.0,23.0,175.0,89.0,25.0,11.0,,31.0,24.0,8.0,0.0,0.0,,,0.0,0.0,
15799,2024,Brentford,55,2.0,0.0,23.0,6.3,False,2.0,0.0,2.0,,,0.0,0.0,0.0,,7.0,,,,,,3.0,,,,,,2.0,0.0,0.0,0.0,,,0.0,0.0,
15799,2025,Brentford,55,6.0,0.0,88.0,6.64,False,6.0,0.0,16.0,,,0.0,0.0,1.0,,36.0,1.0,77.0,2.0,,,16.0,8.0,4.0,2.0,,3.0,3.0,0.0,0.0,0.0,,,0.0,0.0,
15812,2022,Southampton,41,11.0,9.0,409.0,6.681818,False,2.0,,,9.0,5.0,,0.0,,,90.0,4.0,,3.0,1.0,,114.0,55.0,14.0,9.0,,6.0,14.0,0.0,,0.0,,,0.0,0.0,
15812,2024,Southampton,41,25.0,20.0,1067.0,6.67826,False,5.0,,,26.0,15.0,4.0,0.0,1.0,,262.0,8.0,,7.0,2.0,1.0,262.0,124.0,24.0,8.0,,16.0,28.0,4.0,,0.0,,,0.0,0.0,
15870,2024,Leicester,46,27.0,27.0,2386.0,6.962962,False,0.0,1.0,0.0,,,0.0,58.0,0.0,103.0,936.0,,,1.0,,,10.0,9.0,1.0,1.0,,3.0,,1.0,0.0,0.0,,,0.0,0.0,1.0
15870,2025,West Ham,48,12.0,12.0,1080.0,6.89,False,0.0,0.0,20.0,,,0.0,20.0,0.0,41.0,401.0,,62.0,,,,8.0,8.0,,,,2.0,,0.0,0.0,0.0,,,0.0,0.0,0.0
15884,2024,Everton,45,25.0,15.0,1241.0,6.656,False,10.0,14.0,13.0,20.0,10.0,0.0,0.0,1.0,,348.0,19.0,,45.0,3.0,12.0,187.0,69.0,39.0,8.0,,10.0,15.0,2.0,0.0,0.0,,,0.0,0.0,
15908,2022,Brentford,55,26.0,9.0,980.0,6.623076,False,17.0,9.0,26.0,9.0,6.0,0.0,0.0,,,371.0,11.0,,31.0,2.0,10.0,124.0,61.0,18.0,9.0,,11.0,13.0,4.0,0.0,0.0,,,0.0,0.0,
15908,2023,Brentford,55,23.0,7.0,832.0,6.821739,False,16.0,7.0,19.0,6.0,4.0,0.0,0.0,2.0,,394.0,11.0,,29.0,1.0,11.0,128.0,58.0,20.0,9.0,,8.0,14.0,2.0,0.0,0.0,,,0.0,0.0,
15908,2024,Brentford,55,38.0,34.0,2930.0,7.210526,False,4.0,23.0,4.0,20.0,7.0,2.0,0.0,10.0,,1368.0,64.0,,83.0,3.0,27.0,349.0,172.0,86.0,50.0,,27.0,18.0,2.0,0.0,0.0,,,0.0,0.0,
15908,2025,Brentford,55,27.0,19.0,1633.0,6.97,False,8.0,13.0,10.0,17.0,9.0,3.0,0.0,4.0,,701.0,32.0,75.0,46.0,3.0,19.0,221.0,91.0,41.0,14.0,,18.0,17.0,0.0,0.0,0.0,,,0.0,0.0,
15911,2023,West Ham,48,33.0,27.0,2487.0,7.046875,False,6.0,9.0,6.0,43.0,17.0,8.0,0.0,6.0,,773.0,28.0,,65.0,,11.0,531.0,279.0,201.0,124.0,,75.0,39.0,6.0,0.0,0.0,,,0.0,0.0,
15911,2024,West Ham,48,32.0,31.0,2604.0,6.846875,False,1.0,16.0,1.0,46.0,22.0,5.0,0.0,3.0,,769.0,31.0,,38.0,1.0,4.0,485.0,204.0,189.0,91.0,,64.0,39.0,2.0,0.0,1.0,,,0.0,0.0,
15911,2025,Tottenham,47,19.0,19.0,1545.0,6.89,False,0.0,11.0,0.0,16.0,9.0,2.0,0.0,5.0,,444.0,25.0,85.0,29.0,,3.0,263.0,107.0,102.0,52.0,,15.0,23.0,3.0,0.0,0.0,,,0.0,0.0,
17365,2022,Nottingham Forest,65,19.0,9.0,933.0,6.588888,False,10.0,3.0,20.0,5.0,2.0,0.0,0.0,,,291.0,5.0,,17.0,8.0,10.0,76.0,38.0,8.0,3.0,,5.0,10.0,2.0,0.0,0.0,,,0.0,0.0,
17365,2023,Nottingham Forest,65,32.0,22.0,1485.0,6.769565,False,10.0,,,7.0,5.0,1.0,0.0,3.0,,446.0,18.0,,26.0,13.0,14.0,102.0,54.0,3.0,1.0,,2.0,17.0,3.0,,0.0,,,0.0,0.0,
17365,2024,Nottingham Forest,65,24.0,13.0,135.0,7.033333,False,11.0,,,,,,0.0,0.0,,35.0,,,5.0,2.0,2.0,8.0,6.0,,,,,1.0,1.0,,0.0,,,0.0,0.0,
17407,2023,Sheffield Utd,62,0.0,0.0,0.0,,False,0.0,0.0,12.0,,,0.0,0.0,,,,,,,,,,,,,,,,0.0,0.0,0.0,,,0.0,0.0,
17448,2022,Nottingham Forest,65,0.0,0.0,0.0,,False,0.0,0.0,2.0,,,0.0,0.0,,,,,,,,,,,,,,,,0.0,0.0,0.0,,,0.0,0.0,0.0
17579,2024,Ipswich,57,22.0,15.0,1001.0,6.638888,False,7.0,,,20.0,12.0,4.0,0.0,0.0,,187.0,5.0,,16.0,2.0,6.0,95.0,34.0,10.0,4.0,,8.0,9.0,2.0,,0.0,,,0.0,0.0,
17597,2023,Burnley,44,34.0,33.0,2894.0,6.863636,False,1.0,,,16.0,5.0,3.0,0.0,4.0,,1732.0,13.0,41.0,39.0,30.0,35.0,302.0,182.0,2.0,1.0,,15.0,36.0,5.0,,1.0,,,0.0,0.0,
17597,2024,Ipswich,57,36.0,35.0,3123.0,6.988571,False,1.0,,,13.0,2.0,,0.0,2.0,,1500.0,3.0,,49.0,50.0,33.0,310.0,189.0,2.0,1.0,,26.0,21.0,6.0,,0.0,,,0.0,0.0,
17641,2023,Luton,1359,27.0,16.0,1418.0,6.703703,False,11.0,11.0,11.0,24.0,14.0,10.0,0.0,0.0,,197.0,14.0,,4.0,2.0,6.0,240.0,81.0,64.0,18.0,,16.0,27.0,1.0,0.0,0.0,,,0.0,0.0,
17661,2023,Everton,45,35.0,35.0,3117.0,7.06,False,0.0,1.0,2.0,11.0,4.0,3.0,0.0,0.0,,1370.0,4.0,,66.0,36.0,50.0,272.0,184.0,7.0,5.0,,19.0,25.0,8.0,0.0,0.0,,,0.0,0.0,
17661,2024,Everton,45,30.0,28.0,2510.0,7.053333,False,2.0,1.0,2.0,7.0,3.0,0.0,0.0,1.0,,1184.0,3.0,,36.0,23.0,27.0,186.0,118.0,5.0,3.0,,18.0,12.0,4.0,0.0,0.0,,,0.0,0.0,
17661,2025,Everton,45,9.0,6.0,602.0,7.06,False,3.0,2.0,3.0,5.0,2.0,1.0,0.0,0.0,,315.0,2.0,83.0,9.0,2.0,10.0,57.0,38.0,4.0,,,1.0,3.0,1.0,0.0,0.0,1.0,,0.0,0.0,
17714,2024,Ipswich,57,15.0,12.0,1185.0,6.733333,False,3.0,1.0,16.0,1.0,,0.0,0.0,0.0,,559.0,,,9.0,14.0,19.0,49.0,26.0,,,,2.0,5.0,2.0,0.0,0.0,,,0.0,0.0,
17715,2022,Brighton,51,0.0,0.0,0.0,,False,0.0,0.0,5.0,,,0.0,0.0,,,,,,,,,,,,,,,,0.0,0.0,0.0,,,0.0,0.0,
17715,2023,Brighton,51,0.0,0.0,0.0,,False,0.0,0.0,1.0,,,0.0,0.0,,,,,,,,,,,,,,,,0.0,0.0,0.0,,,0.0,0.0,
17736,2022,Leicester,46,12.0,12.0,1080.0,6.7,False,0.0,0.0,26.0,,,0.0,22.0,,38.0,326.0,,,,,,3.0,3.0,,,,,,0.0,0.0,0.0,,,0.0,0.0,2.0
17736,2024,Leicester,46,0.0,0.0,0.0,,False,0.0,0.0,12.0,,,0.0,0.0,,,,,,,,,,,,,,,,0.0,0.0,0.0,,,0.0,0.0,0.0
17739,2024,Ipswich,57,1.0,0.0,1.0,,False,1.0,0.0,1.0,,,0.0,0.0,0.0,,2.0,,,,,,,,,,,,,0.0,0.0,0.0,,,0.0,0.0,
17772,2022,Brentford,55,0.0,0.0,0.0,,False,0.0,0.0,1.0,,,0.0,0.0,,,,,,,,,,,,,,,,0.0,0.0,0.0,,,0.0,0.0,
17772,2023,Brentford,55,0.0,0.0,0.0,,False,0.0,0.0,5.0,,,0.0,0.0,,,,,,,,,,,,,,,,0.0,0.0,0.0,,,0.0,0.0,
17879,2023,Luton,1359,0.0,0.0,0.0,,False,0.0,0.0,0.0,,,0.0,,,,,,,,,,,,,,,,,0.0,0.0,0.0,,,,,
18146,2022,Leicester,46,26.0,26.0,2340.0,6.734615,False,0.0,0.0,9.0,,,0.0,46.0,,78.0,786.0,,,1.0,,,11.0,9.0,,,,5.0,,0.0,0.0,0.0,,,0.0,0.0,2.0
18146,2024,Leicester,46,2.0,1.0,134.0,6.25,False,1.0,0.0,15.0,,,0.0,6.0,0.0,4.0,44.0,,,,,,1.0,,1.0,,,,,0.0,0.0,0.0,,,0.0,0.0,0.0
18331,2023,Sheffield Utd,62,5.0,2.0,109.0,6.066666,False,3.0,2.0,4.0,,,0.0,0.0,,,54.0,1.0,,1.0,,1.0,11.0,4.0,1.0,1.0,,1.0,3.0,1.0,0.0,0.0,,,0.0,0.0,
18397,2024,Ipswich,57,33.0,18.0,846.0,6.586666,False,15.0,,,13.0,4.0,1.0,0.0,0.0,,414.0,5.0,,20.0,3.0,9.0,85.0,36.0,8.0,4.0,,5.0,16.0,4.0,,0.0,,,0.0,0.0,
18592,2023,Sheffield Utd,62,0.0,0.0,0.0,,False,0.0,0.0,0.0,,,0.0,,,,,,,,,,,,,,,,,0.0,0.0,0.0,,,,,
18592,2024,Everton,45,33.0,29.0,2441.0,7.051515,False,4.0,15.0,4.0,27.0,18.0,9.0,0.0,0.0,,691.0,18.0,,53.0,5.0,20.0,355.0,179.0,132.0,68.0,,52.0,24.0,3.0,0.0,0.0,,,2.0,0.0,
18592,2025,Everton,45,26.0,26.0,2246.0,6.97,False,0.0,11.0,0.0,24.0,17.0,6.0,0.0,3.0,,791.0,26.0,83.0,60.0,2.0,12.0,339.0,157.0,104.0,55.0,,32.0,26.0,2.0,0.0,0.0,,,2.0,0.0,
18737,2024,Newcastle,34,0.0,0.0,0.0,,False,0.0,0.0,8.0,,,0.0,0.0,,,,,,,,,,,,,,,,0.0,0.0,0.0,,,0.0,0.0,1.0
18737,2025,Newcastle,34,0.0,0.0,,,False,0.0,0.0,8.0,,,0.0,0.0,0.0,,,,,,,,,,,,,,,0.0,0.0,0.0,,,0.0,0.0,
18739,2022,Wolves,39,0.0,0.0,0.0,6.82,False,0.0,0.0,3.0,1.0,1.0,0.0,0.0,1.0,,257.0,1.0,,13.0,4.0,12.0,53.0,34.0,1.0,1.0,,5.0,5.0,0.0,0.0,0.0,,,0.0,0.0,
18739,2022,Nottingham Forest,65,20.0,14.0,687.0,6.82,False,6.0,,,1.0,1.0,,0.0,1.0,,257.0,1.0,,13.0,4.0,12.0,53.0,34.0,1.0,1.0,,5.0,5.0,2.0,,0.0,,,0.0,0.0,
18739,2023,Nottingham Forest,65,23.0,20.0,1454.0,7.045,False,3.0,,,12.0,6.0,2.0,0.0,1.0,,612.0,9.0,,46.0,21.0,25.0,177.0,108.0,5.0,3.0,,2.0,20.0,3.0,,1.0,,,0.0,0.0,
18739,2024,Nottingham Forest,65,29.0,14.0,146.0,6.75,False,15.0,,,1.0,1.0,,0.0,0.0,,70.0,,,6.0,2.0,3.0,15.0,12.0,,,,,1.0,1.0,,0.0,,,0.0,0.0,
18739,2025,Nottingham Forest,65,0.0,0.0,,,False,0.0,0.0,8.0,,,0.0,0.0,0.0,,,,,,,,,,,,,,,0.0,0.0,0.0,,,0.0,0.0,
18740,2022,Wolves,39,18.0,14.0,1262.0,6.605555,False,4.0,4.0,12.0,6.0,2.0,1.0,0.0,,,692.0,5.0,,34.0,5.0,14.0,158.0,82.0,30.0,14.0,,19.0,13.0,3.0,0.0,1.0,,,0.0,0.0,
18740,2023,Wolves,39,8.0,4.0,11.0,6.7,False,4.0,,,,,,0.0,,,,,,,1.0,,1.0,,,,,,,0.0,,0.0,,,0.0,0.0,
18741,2022,Everton,45,24.0,23.0,2096.0,6.770833,False,1.0,1.0,12.0,3.0,3.0,1.0,0.0,1.0,,1200.0,4.0,42.0,14.0,17.0,14.0,97.0,52.0,2.0,,,13.0,11.0,2.0,0.0,0.0,,,0.0,0.0,
18741,2022,Wolves,39,0.0,0.0,0.0,6.770833,False,0.0,0.0,1.0,3.0,3.0,0.0,0.0,1.0,,1200.0,4.0,42.0,14.0,17.0,14.0,97.0,52.0,2.0,,,13.0,11.0,0.0,0.0,0.0,,,0.0,0.0,
18741,2024,Leicester,46,22.0,19.0,1714.0,6.545454,False,3.0,3.0,16.0,2.0,2.0,1.0,0.0,0.0,,1069.0,1.0,44.0,13.0,24.0,13.0,65.0,29.0,2.0,1.0,,2.0,8.0,3.0,0.0,0.0,,,0.0,0.0,
18742,2022,Tottenham,47,12.0,7.0,667.0,6.963636,False,5.0,5.0,14.0,6.0,2.0,1.0,0.0,,,329.0,6.0,,15.0,6.0,8.0,79.0,45.0,10.0,6.0,,4.0,11.0,0.0,0.0,0.0,,,0.0,0.0,
18742,2023,Wolves,39,30.0,9.0,1136.0,6.74074,False,21.0,5.0,29.0,8.0,3.0,1.0,0.0,0.0,,564.0,12.0,,31.0,5.0,7.0,154.0,86.0,13.0,6.0,,11.0,13.0,2.0,0.0,0.0,,,0.0,0.0,
18742,2024,Wolves,39,30.0,25.0,2113.0,7.0,False,5.0,9.0,13.0,6.0,3.0,2.0,0.0,1.0,,1208.0,12.0,,38.0,15.0,22.0,174.0,116.0,18.0,11.0,,11.0,18.0,6.0,0.0,0.0,,,0.0,0.0,
18742,2025,Wolves,39,10.0,10.0,706.0,6.51,False,0.0,7.0,13.0,1.0,,0.0,0.0,0.0,,268.0,3.0,80.0,13.0,6.0,7.0,75.0,38.0,2.0,2.0,,5.0,16.0,4.0,0.0,0.0,1.0,1.0,0.0,0.0,
18744,2022,Wolves,39,37.0,37.0,3308.0,6.837837,False,0.0,1.0,1.0,13.0,1.0,0.0,0.0,,,2092.0,4.0,47.0,36.0,42.0,19.0,242.0,153.0,25.0,19.0,,12.0,18.0,3.0,0.0,0.0,,,0.0,0.0,
18744,2023,Wolves,39,38.0,38.0,3420.0,6.986842,False,0.0,0.0,0.0,12.0,6.0,2.0,0.0,0.0,,2286.0,17.0,51.0,47.0,37.0,39.0,255.0,161.0,13.0,10.0,,18.0,38.0,7.0,0.0,0.0,,,0.0,0.0,
18744,2024,Wolves,39,,,,,False,,,,,,,,,,,,,,,,,,,,,,,,,,,,,,
18744,2024,West Ham,48,38.0,38.0,3349.0,6.960526,False,0.0,1.0,0.0,9.0,3.0,0.0,0.0,1.0,,1948.0,16.0,44.0,39.0,40.0,36.0,270.0,181.0,18.0,16.0,,13.0,23.0,5.0,0.0,0.0,,,0.0,0.0,
18744,2025,West Ham,48,21.0,17.0,1565.0,6.6,False,4.0,0.0,14.0,5.0,1.0,0.0,0.0,0.0,,687.0,4.0,87.0,16.0,24.0,9.0,132.0,69.0,5.0,4.0,,2.0,16.0,4.0,0.0,0.0,,2.0,0.0,0.0,
18745,2022,Everton,45,21.0,11.0,30.0,6.55,False,10.0,,,,,,0.0,,,18.0,,,2.0,,,9.0,6.0,1.0,1.0,,3.0,,0.0,,0.0,,,0.0,0.0,
18746,2022,Wolves,39,2.0,2.0,180.0,7.008571,False,0.0,0.0,0.0,42.0,22.0,0.0,0.0,8.0,,896.0,68.0,,26.0,4.0,14.0,406.0,158.0,91.0,48.0,,28.0,32.0,1.0,0.0,0.0,,,2.0,0.0,
18746,2022,Nottingham Forest,65,35.0,35.0,2977.0,7.008571,False,0.0,,,42.0,22.0,5.0,0.0,8.0,,896.0,68.0,,26.0,4.0,14.0,406.0,158.0,91.0,48.0,,28.0,32.0,5.0,,0.0,,,2.0,0.0,
18746,2023,Nottingham Forest,65,37.0,36.0,3160.0,7.243243,False,1.0,,,46.0,15.0,5.0,0.0,10.0,,1282.0,75.0,,36.0,8.0,17.0,419.0,197.0,99.0,44.0,,57.0,37.0,9.0,,0.0,,,1.0,0.0,
18746,2024,Nottingham Forest,65,34.0,34.0,2822.0,7.264705,False,0.0,,,48.0,22.0,7.0,0.0,8.0,,1214.0,52.0,,43.0,5.0,21.0,344.0,155.0,67.0,32.0,,40.0,38.0,11.0,,1.0,,,0.0,0.0,
18746,2025,Nottingham Forest,65,32.0,31.0,2730.0,6.75,False,1.0,14.0,1.0,48.0,24.0,9.0,0.0,2.0,,1074.0,44.0,81.0,16.0,2.0,11.0,286.0,115.0,49.0,24.0,,38.0,23.0,1.0,0.0,0.0,1.0,,1.0,0.0,
18747,2023,Wolves,39,,,,,False,,,,,,,,,,,,,,,,,,,,,,,,,,,,,,
18747,2023,Luton,1359,11.0,5.0,500.0,6.545454,False,6.0,3.0,15.0,2.0,2.0,0.0,0.0,,,128.0,5.0,,8.0,,4.0,28.0,17.0,7.0,4.0,,2.0,2.0,0.0,0.0,0.0,,,0.0,0.0,
18751,2022,Fulham,36,0.0,0.0,0.0,,False,0.0,0.0,0.0,,,0.0,,,,,,,,,,,,,,,,,0.0,0.0,0.0,,,,,
18751,2023,Fulham,36,,,,,False,,,,,,,,,,,,,,,,,,,,,,,,,,,,,,
18752,2022,Leeds,63,0.0,0.0,0.0,,False,0.0,0.0,0.0,,,0.0,,,,,,,,,,,,,,,,,0.0,0.0,0.0,,,,,
18753,2022,Wolves,39,34.0,12.0,1483.0,6.714705,False,22.0,9.0,24.0,15.0,8.0,2.0,0.0,1.0,,410.0,24.0,,14.0,1.0,3.0,248.0,136.0,83.0,49.0,,34.0,21.0,2.0,0.0,0.0,,,0.0,0.0,
18753,2023,Wolves,39,,,,,False,,,,,,,,,,,,,,,,,,,,,,,,,,,,,,
18753,2023,Fulham,36,19.0,10.0,404.0,6.764705,False,9.0,,,10.0,7.0,2.0,0.0,3.0,,111.0,7.0,,4.0,,1.0,55.0,26.0,15.0,9.0,,4.0,5.0,2.0,,0.0,,,0.0,0.0,
18753,2024,Fulham,36,37.0,26.0,1794.0,6.822222,False,11.0,,,24.0,12.0,2.0,0.0,7.0,,484.0,42.0,,20.0,,1.0,244.0,125.0,84.0,48.0,,32.0,24.0,3.0,,0.0,,,0.0,0.0,
18753,2025,Fulham,36,15.0,1.0,318.0,6.51,False,14.0,1.0,20.0,3.0,1.0,0.0,0.0,0.0,,78.0,3.0,79.0,1.0,,,41.0,16.0,10.0,6.0,,8.0,6.0,0.0,0.0,0.0,,,0.0,0.0,
18753,2025,West Ham,48,8.0,0.0,116.0,6.43,False,8.0,0.0,9.0,1.0,,0.0,0.0,0.0,,20.0,,75.0,,,,20.0,6.0,10.0,6.0,,,1.0,1.0,0.0,0.0,,,0.0,0.0,
18755,2023,Everton,45,0.0,0.0,0.0,,False,0.0,0.0,38.0,,,0.0,0.0,,,,,,,,,,,,,,,,0.0,0.0,0.0,,,0.0,0.0,0.0
18755,2024,Everton,45,0.0,0.0,0.0,,False,0.0,0.0,38.0,,,0.0,0.0,,,,,,,,,,,,,,,,0.0,0.0,0.0,,,0.0,0.0,1.0
18758,2022,Everton,45,23.0,20.0,1663.0,6.756521,False,3.0,11.0,10.0,4.0,2.0,1.0,0.0,,,603.0,4.0,,35.0,7.0,22.0,147.0,90.0,31.0,16.0,,21.0,10.0,1.0,0.0,0.0,,,0.0,0.0,
18758,2023,Everton,45,12.0,7.0,662.0,6.675,False,5.0,2.0,11.0,,,0.0,0.0,0.0,,220.0,3.0,,17.0,4.0,7.0,54.0,29.0,13.0,6.0,,5.0,6.0,0.0,0.0,0.0,,,0.0,0.0,
18758,2024,Everton,45,5.0,3.0,215.0,6.58,False,2.0,2.0,15.0,1.0,1.0,0.0,0.0,0.0,,74.0,,,3.0,3.0,1.0,14.0,10.0,5.0,4.0,,1.0,,1.0,0.0,0.0,,,0.0,0.0,
18758,2025,Everton,45,3.0,1.0,12.0,6.6,False,2.0,1.0,18.0,,,0.0,0.0,0.0,,4.0,,100.0,,,,3.0,2.0,,,,1.0,,0.0,0.0,0.0,,,0.0,0.0,
18762,2022,Everton,45,34.0,21.0,539.0,6.472222,False,13.0,,,7.0,2.0,,0.0,,,230.0,2.0,,15.0,1.0,4.0,67.0,31.0,6.0,3.0,,6.0,10.0,3.0,,0.0,,,0.0,0.0,
18762,2023,Everton,45,,,,,False,,,,,,,,,,,,,,,,,,,,,,,,,,,,,,
18762,2023,Sheffield Utd,62,10.0,7.0,214.0,6.255555,False,3.0,,,2.0,1.0,,0.0,,,92.0,1.0,,10.0,1.0,3.0,41.0,17.0,7.0,2.0,,2.0,7.0,2.0,,0.0,,,0.0,0.0,
18765,2022,Everton,45,0.0,0.0,0.0,,False,0.0,0.0,1.0,,,0.0,0.0,,,,,,,,,,,,,,,,0.0,0.0,0.0,,,0.0,0.0,
18765,2023,Everton,45,12.0,3.0,503.0,6.633333,False,9.0,3.0,13.0,6.0,4.0,1.0,0.0,,,259.0,4.0,,7.0,1.0,3.0,65.0,16.0,11.0,3.0,,5.0,17.0,4.0,0.0,0.0,,,0.0,0.0,
18765,2024,Everton,45,,,,,False,,,,,,,,,,,,,,,,,,,,,,,,,,,,,,
18766,2022,Everton,45,17.0,15.0,1174.0,6.758823,False,2.0,11.0,2.0,25.0,10.0,2.0,0.0,1.0,,215.0,9.0,,4.0,1.0,3.0,219.0,99.0,25.0,15.0,,14.0,22.0,3.0,0.0,0.0,,,1.0,0.0,
18766,2023,Everton,45,32.0,29.0,2185.0,6.89375,False,3.0,,,65.0,31.0,7.0,0.0,2.0,,433.0,19.0,,13.0,4.0,4.0,431.0,196.0,40.0,14.0,,32.0,31.0,2.0,,0.0,,,2.0,0.0,
18766,2024,Everton,45,26.0,23.0,1629.0,6.66923,False,3.0,,,42.0,20.0,3.0,0.0,1.0,,282.0,8.0,,9.0,2.0,7.0,283.0,127.0,23.0,10.0,,23.0,27.0,2.0,,0.0,,,0.0,0.0,
18766,2025,Leeds,63,29.0,24.0,2209.0,6.65,False,5.0,10.0,5.0,56.0,28.0,10.0,0.0,1.0,,348.0,17.0,60.0,10.0,7.0,2.0,387.0,149.0,27.0,6.0,,32.0,37.0,1.0,0.0,0.0,1.0,,2.0,1.0,
18769,2022,Southampton,41,20.0,13.0,1134.0,6.545,False,7.0,11.0,16.0,15.0,8.0,2.0,0.0,2.0,,240.0,15.0,,13.0,1.0,9.0,99.0,44.0,22.0,12.0,,10.0,7.0,1.0,0.0,0.0,,,0.0,0.0,
18770,2022,Everton,45,0.0,0.0,0.0,,False,0.0,0.0,1.0,,,0.0,0.0,,,,,,,,,,,,,,,,0.0,0.0,0.0,,,0.0,0.0,0.0
18771,2022,Leicester,46,10.0,5.0,451.0,6.544444,False,5.0,2.0,7.0,1.0,1.0,1.0,0.0,1.0,,254.0,7.0,,11.0,2.0,4.0,54.0,25.0,6.0,5.0,,4.0,4.0,2.0,0.0,0.0,,,0.0,0.0,
18771,2024,Leicester,46,18.0,12.0,392.0,6.75,False,6.0,,,2.0,1.0,,0.0,0.0,,210.0,,,13.0,3.0,4.0,49.0,31.0,8.0,6.0,,8.0,6.0,1.0,,0.0,,,0.0,0.0,
18772,2022,Leicester,46,13.0,12.0,1052.0,6.784615,False,1.0,2.0,4.0,1.0,1.0,0.0,0.0,,,787.0,1.0,53.0,13.0,11.0,18.0,72.0,46.0,,,,7.0,9.0,1.0,0.0,0.0,,,0.0,0.0,
18772,2023,Manchester United,33,23.0,15.0,1391.0,6.866666,False,8.0,7.0,11.0,1.0,,0.0,0.0,1.0,,827.0,6.0,,22.0,18.0,23.0,124.0,75.0,6.0,4.0,,13.0,17.0,2.0,0.0,0.0,,,0.0,0.0,
18772,2024,Manchester United,33,7.0,3.0,314.0,6.942857,False,4.0,2.0,14.0,2.0,1.0,0.0,0.0,0.0,,214.0,,,8.0,2.0,5.0,35.0,24.0,1.0,1.0,,6.0,5.0,1.0,0.0,0.0,,,0.0,0.0,
18776,2022,Leicester,46,7.0,7.0,534.0,6.928571,False,0.0,,,4.0,2.0,1.0,0.0,,,306.0,1.0,40.0,14.0,8.0,7.0,69.0,43.0,1.0,1.0,,4.0,7.0,2.0,,0.0,,,0.0,0.0,
18777,2022,Leicester,46,6.0,1.0,233.0,6.866666,False,5.0,1.0,18.0,2.0,1.0,1.0,0.0,,,113.0,6.0,,4.0,2.0,1.0,19.0,8.0,1.0,1.0,,2.0,2.0,0.0,0.0,0.0,,,0.0,0.0,
18777,2024,Leicester,46,,,,,False,,,,,,,,,,,,,,,,,,,,,,,,,,,,,,
18778,2022,Leicester,46,34.0,32.0,2720.0,6.652941,False,2.0,11.0,2.0,54.0,34.0,13.0,0.0,1.0,,727.0,19.0,,26.0,1.0,8.0,335.0,119.0,80.0,27.0,,37.0,38.0,3.0,0.0,0.0,,,0.0,0.0,
18778,2023,Newcastle,34,21.0,14.0,794.0,6.947619,False,7.0,,,18.0,12.0,5.0,0.0,3.0,,254.0,13.0,,6.0,,5.0,81.0,38.0,21.0,7.0,,21.0,5.0,2.0,,0.0,,,0.0,0.0,
18778,2024,Newcastle,34,34.0,26.0,1766.0,7.021212,False,8.0,,,40.0,21.0,9.0,0.0,4.0,,548.0,26.0,,16.0,2.0,6.0,163.0,69.0,58.0,25.0,,22.0,15.0,0.0,,0.0,,,0.0,0.0,
18778,2025,Newcastle,34,31.0,17.0,1676.0,6.74,False,14.0,11.0,15.0,34.0,18.0,5.0,0.0,0.0,,493.0,19.0,80.0,12.0,1.0,3.0,127.0,47.0,38.0,11.0,,20.0,15.0,1.0,0.0,0.0,,,0.0,0.0,
18779,2022,Leicester,46,0.0,0.0,0.0,,False,0.0,0.0,0.0,,,0.0,,,,,,,,,,,,,,,,,0.0,0.0,0.0,,,,,
18779,2024,Leicester,46,4.0,1.0,130.0,6.675,False,3.0,1.0,14.0,,,0.0,0.0,0.0,,76.0,2.0,,1.0,2.0,5.0,8.0,4.0,4.0,3.0,,,1.0,0.0,0.0,0.0,,,0.0,0.0,
18781,2022,Everton,45,33.0,27.0,2512.0,6.854545,False,6.0,11.0,11.0,39.0,24.0,4.0,0.0,1.0,,658.0,37.0,,33.0,3.0,13.0,320.0,130.0,75.0,33.0,,51.0,24.0,3.0,0.0,0.0,,,2.0,0.0,
18781,2023,Everton,45,0.0,0.0,0.0,,False,0.0,0.0,0.0,,,0.0,,,,,,,,,,,,,,,,,0.0,0.0,0.0,,,,,
18784,2022,Leicester,46,30.0,28.0,2485.0,7.34,False,2.0,7.0,2.0,53.0,29.0,10.0,0.0,9.0,,1013.0,69.0,,51.0,1.0,13.0,321.0,180.0,85.0,46.0,,79.0,31.0,10.0,0.0,0.0,,,1.0,1.0,
18784,2023,Tottenham,47,28.0,26.0,2154.0,7.539285,False,2.0,22.0,2.0,39.0,23.0,4.0,0.0,9.0,,1346.0,68.0,42.0,33.0,3.0,13.0,250.0,142.0,66.0,32.0,,74.0,21.0,5.0,0.0,0.0,,,0.0,0.0,
18784,2024,Tottenham,47,31.0,21.0,1817.0,7.329032,False,10.0,20.0,11.0,28.0,17.0,9.0,0.0,7.0,,1147.0,42.0,,31.0,4.0,12.0,251.0,133.0,67.0,33.0,,64.0,32.0,6.0,0.0,0.0,,,0.0,0.0,
18785,2022,Leicester,46,19.0,7.0,749.0,6.735294,False,12.0,5.0,26.0,2.0,1.0,1.0,0.0,,,409.0,2.0,,13.0,4.0,13.0,60.0,34.0,10.0,7.0,,10.0,9.0,1.0,0.0,0.0,,,0.0,0.0,
18786,2022,Leicester,46,27.0,24.0,1681.0,6.76923,False,3.0,,,5.0,2.0,,0.0,,,894.0,3.0,,61.0,14.0,38.0,200.0,110.0,14.0,10.0,,14.0,29.0,4.0,,0.0,,,0.0,0.0,
18786,2024,Leicester,46,28.0,28.0,2336.0,6.939285,False,0.0,,,20.0,8.0,,0.0,5.0,,1004.0,17.0,,86.0,19.0,30.0,357.0,178.0,31.0,13.0,,18.0,39.0,8.0,,0.0,,,0.0,0.0,
18788,2022,Leicester,46,37.0,19.0,1852.0,6.556756,False,18.0,13.0,19.0,25.0,15.0,3.0,0.0,4.0,,255.0,15.0,,10.0,3.0,2.0,210.0,76.0,26.0,12.0,,7.0,21.0,1.0,0.0,0.0,,,0.0,1.0,
18788,2024,Leicester,46,35.0,35.0,2840.0,6.754285,False,0.0,15.0,0.0,47.0,26.0,9.0,0.0,4.0,,371.0,19.0,,19.0,4.0,5.0,215.0,103.0,21.0,11.0,,23.0,25.0,5.0,0.0,0.0,,,1.0,1.0,
18803,2022,Fulham,36,4.0,1.0,10.0,4.6,False,3.0,0.0,13.0,1.0,1.0,0.0,0.0,,,5.0,,,1.0,,,7.0,2.0,,,,,2.0,0.0,0.0,1.0,,,0.0,0.0,
18805,2022,Everton,45,25.0,17.0,1526.0,6.7125,False,8.0,2.0,12.0,15.0,8.0,5.0,0.0,2.0,,538.0,22.0,,31.0,3.0,13.0,166.0,67.0,30.0,19.0,,4.0,21.0,6.0,0.0,1.0,,,0.0,0.0,
18805,2023,Everton,45,32.0,32.0,2643.0,6.90625,False,0.0,15.0,0.0,38.0,23.0,7.0,0.0,1.0,,865.0,33.0,,43.0,3.0,15.0,283.0,100.0,46.0,25.0,,8.0,53.0,7.0,0.0,0.0,,,0.0,0.0,
18805,2024,Everton,45,33.0,31.0,2577.0,6.757575,False,2.0,14.0,3.0,18.0,10.0,3.0,0.0,2.0,,874.0,27.0,,48.0,6.0,10.0,285.0,107.0,45.0,24.0,,5.0,49.0,4.0,1.0,0.0,,,0.0,0.0,
18806,2022,Crystal Palace,52,27.0,7.0,828.0,6.642307,False,20.0,6.0,26.0,4.0,4.0,1.0,0.0,1.0,,357.0,6.0,,29.0,7.0,16.0,97.0,44.0,7.0,3.0,,7.0,19.0,4.0,0.0,0.0,,,0.0,0.0,
18806,2023,Crystal Palace,52,31.0,27.0,1904.0,6.827586,False,4.0,,,6.0,3.0,,0.0,1.0,,845.0,21.0,,61.0,14.0,21.0,220.0,112.0,12.0,9.0,,30.0,39.0,6.0,,0.0,,,0.0,0.0,
18806,2024,Crystal Palace,52,33.0,27.0,2118.0,6.775,False,6.0,,,9.0,1.0,,0.0,3.0,,890.0,33.0,,66.0,14.0,22.0,274.0,121.0,12.0,5.0,,31.0,65.0,11.0,,0.0,,,0.0,0.0,
18806,2025,Crystal Palace,52,28.0,16.0,1368.0,6.76,False,12.0,9.0,15.0,10.0,,0.0,0.0,0.0,,609.0,19.0,81.0,25.0,5.0,14.0,139.0,71.0,15.0,10.0,,20.0,19.0,7.0,0.0,0.0,,1.0,0.0,0.0,
18812,2022,Liverpool,40,0.0,0.0,0.0,,False,0.0,0.0,12.0,,,0.0,0.0,,,,,,,,,,,,,,,,0.0,0.0,0.0,,,0.0,0.0,0.0
18812,2023,Liverpool,40,0.0,0.0,0.0,,False,0.0,0.0,15.0,,,0.0,0.0,,,,,,,,,,,,,,,,0.0,0.0,0.0,,,0.0,0.0,0.0
18812,2024,Liverpool,40,0.0,0.0,0.0,,False,0.0,0.0,0.0,,,0.0,,,,,,,,,,,,,,,,,0.0,0.0,0.0,,,,,
18813,2022,West Ham,48,28.0,24.0,2235.0,6.87037,False,4.0,4.0,12.0,3.0,1.0,0.0,0.0,1.0,,1119.0,40.0,,21.0,11.0,27.0,125.0,60.0,6.0,2.0,,9.0,9.0,3.0,0.0,0.0,,,0.0,0.0,
18813,2023,West Ham,48,11.0,4.0,431.0,6.51,False,7.0,2.0,28.0,,,0.0,0.0,0.0,,247.0,5.0,,3.0,3.0,3.0,19.0,12.0,1.0,,,3.0,2.0,1.0,0.0,0.0,,,0.0,0.0,
18813,2024,West Ham,48,18.0,10.0,822.0,6.94375,False,8.0,6.0,21.0,4.0,,0.0,0.0,0.0,,521.0,9.0,,11.0,4.0,8.0,35.0,21.0,2.0,1.0,,2.0,4.0,3.0,0.0,0.0,,,0.0,0.0,
18814,2022,Fulham,36,25.0,21.0,2010.0,6.812,False,4.0,2.0,16.0,2.0,2.0,1.0,0.0,,,1395.0,2.0,50.0,28.0,17.0,35.0,128.0,72.0,4.0,3.0,,8.0,16.0,2.0,0.0,0.0,,,0.0,0.0,
18814,2022,West Ham,48,0.0,0.0,0.0,6.812,False,0.0,0.0,0.0,2.0,2.0,0.0,0.0,,,1395.0,2.0,50.0,28.0,17.0,35.0,128.0,72.0,4.0,3.0,,8.0,16.0,0.0,0.0,0.0,,,0.0,0.0,
18814,2023,Fulham,36,21.0,19.0,1426.0,6.883333,False,2.0,,,4.0,1.0,,0.0,,,1074.0,,52.0,30.0,19.0,17.0,103.0,60.0,1.0,1.0,,4.0,17.0,4.0,,1.0,,,0.0,0.0,
18814,2024,Fulham,36,30.0,21.0,1357.0,6.71,False,9.0,,,4.0,2.0,,0.0,0.0,,755.0,3.0,,26.0,7.0,9.0,81.0,51.0,2.0,1.0,,4.0,10.0,2.0,,0.0,,,0.0,0.0,
18814,2025,Fulham,36,10.0,6.0,606.0,6.56,False,4.0,1.0,13.0,1.0,,0.0,0.0,0.0,,336.0,,87.0,7.0,5.0,4.0,40.0,25.0,1.0,1.0,,3.0,7.0,2.0,0.0,0.0,,,0.0,0.0,
18815,2022,Bournemouth,35,12.0,5.0,530.0,6.333333,False,7.0,4.0,9.0,,,0.0,0.0,,,163.0,1.0,,3.0,2.0,1.0,33.0,10.0,6.0,1.0,,1.0,3.0,1.0,0.0,0.0,,,0.0,0.0,
18815,2023,Bournemouth,35,0.0,0.0,0.0,,False,0.0,0.0,0.0,,,0.0,,,,,,,,,,,,,,,,,0.0,0.0,0.0,,,,,
18815,2024,Bournemouth,35,,,,,False,,,,,,,,,,,,,,,,,,,,,,,,,,,,,,
18816,2025,Sunderland,746,3.0,2.0,127.0,6.5,False,1.0,2.0,9.0,,,0.0,0.0,0.0,,48.0,1.0,81.0,4.0,,2.0,16.0,7.0,4.0,2.0,,,3.0,1.0,0.0,0.0,,,0.0,0.0,
18817,2022,West Ham,48,16.0,13.0,1236.0,6.725,False,3.0,2.0,22.0,3.0,,0.0,0.0,,,415.0,3.0,,11.0,7.0,17.0,80.0,50.0,,,,4.0,2.0,0.0,0.0,0.0,,,0.0,0.0,
18817,2023,West Ham,48,11.0,7.0,633.0,6.6,False,4.0,2.0,31.0,1.0,,0.0,0.0,,,214.0,,,11.0,10.0,3.0,36.0,27.0,1.0,1.0,,3.0,1.0,1.0,0.0,0.0,,,0.0,0.0,
18817,2024,West Ham,48,,,,,False,,,,,,,,,,,,,,,,,,,,,,,,,,,,,,
18819,2022,West Ham,48,33.0,21.0,1836.0,6.678125,False,12.0,19.0,13.0,28.0,13.0,5.0,0.0,3.0,,306.0,15.0,,14.0,5.0,5.0,326.0,132.0,53.0,25.0,,44.0,28.0,2.0,0.0,0.0,,,0.0,0.0,
18819,2023,West Ham,48,26.0,21.0,1708.0,6.746153,False,5.0,19.0,5.0,24.0,14.0,6.0,0.0,2.0,,268.0,8.0,,15.0,3.0,4.0,252.0,105.0,55.0,29.0,,28.0,25.0,6.0,0.0,0.0,,,0.0,0.0,
18819,2024,West Ham,48,14.0,11.0,844.0,6.564285,False,3.0,11.0,3.0,12.0,4.0,1.0,0.0,1.0,,153.0,9.0,,2.0,,,101.0,36.0,23.0,9.0,,7.0,12.0,1.0,0.0,0.0,,,0.0,0.0,
18820,2022,West Ham,48,1.0,0.0,0.0,,False,1.0,0.0,11.0,,,0.0,0.0,,,,,,,,,,,,,,,,0.0,0.0,0.0,,,0.0,0.0,
18820,2023,West Ham,48,0.0,0.0,0.0,,False,0.0,0.0,2.0,,,0.0,0.0,,,,,,,,,,,,,,,,0.0,0.0,0.0,,,0.0,0.0,
18823,2022,West Ham,48,17.0,9.0,859.0,6.593333,False,8.0,1.0,18.0,2.0,1.0,0.0,0.0,,,456.0,3.0,,20.0,4.0,9.0,80.0,49.0,14.0,8.0,,5.0,3.0,0.0,0.0,0.0,,,0.0,0.0,
18823,2023,West Ham,48,25.0,16.0,550.0,6.454545,False,9.0,,,4.0,2.0,,0.0,,,262.0,,,11.0,1.0,5.0,78.0,36.0,23.0,11.0,,7.0,3.0,1.0,,0.0,,,0.0,0.0,
18823,2024,West Ham,48,,,,,False,,,,,,,,,,,,,,,,,,,,,,,,,,,,,,
18823,2024,Ipswich,57,32.0,21.0,1366.0,6.460869,False,11.0,,,5.0,3.0,1.0,0.0,2.0,,320.0,12.0,,38.0,5.0,13.0,167.0,71.0,22.0,8.0,,6.0,27.0,5.0,,1.0,,,0.0,0.0,
18826,2022,West Ham,48,,,,,False,,,,,,,,,,,,,,,,,,,,,,,,,,,,,,
18835,2022,Crystal Palace,52,27.0,27.0,2430.0,6.988888,False,0.0,0.0,5.0,,,0.0,34.0,,85.0,701.0,,,,,,15.0,14.0,,,,3.0,1.0,1.0,0.0,0.0,,,0.0,0.0,0.0
18835,2023,Crystal Palace,52,0.0,0.0,0.0,,False,0.0,0.0,0.0,,,0.0,,,,,,,,,,,,,,,,,0.0,0.0,0.0,,,,,
18836,2022,Nottingham Forest,65,4.0,3.0,270.0,6.966666,False,1.0,0.0,34.0,,,0.0,5.0,,9.0,84.0,,,1.0,,,2.0,2.0,,,,1.0,,0.0,0.0,0.0,,,0.0,0.0,3.0
18836,2023,Nottingham Forest,65,0.0,0.0,0.0,,False,0.0,0.0,1.0,,,0.0,0.0,,,,,,,,,,,,,,,,0.0,0.0,0.0,,,0.0,0.0,0.0
18836,2024,Nottingham Forest,65,0.0,0.0,0.0,,False,0.0,0.0,5.0,,,0.0,0.0,,,,,,,,,,,,,,,,0.0,0.0,0.0,,,0.0,0.0,0.0
18843,2022,Crystal Palace,52,34.0,30.0,2546.0,6.679411,False,4.0,19.0,4.0,19.0,9.0,3.0,0.0,1.0,,854.0,18.0,,66.0,8.0,23.0,319.0,155.0,49.0,30.0,,33.0,51.0,7.0,0.0,0.0,,,0.0,0.0,
18843,2023,Crystal Palace,52,29.0,17.0,1356.0,6.742857,False,12.0,15.0,15.0,15.0,11.0,2.0,0.0,2.0,,323.0,19.0,,38.0,2.0,7.0,185.0,92.0,37.0,17.0,,15.0,24.0,1.0,0.0,0.0,,,0.0,0.0,
18843,2024,Crystal Palace,52,12.0,0.0,92.0,6.555555,False,12.0,0.0,24.0,3.0,2.0,0.0,0.0,0.0,,43.0,3.0,,2.0,,,14.0,6.0,1.0,1.0,,,1.0,0.0,0.0,0.0,,,0.0,0.0,
18844,2022,Crystal Palace,52,6.0,3.0,336.0,6.44,False,3.0,0.0,19.0,2.0,2.0,1.0,0.0,,,171.0,,,4.0,2.0,5.0,24.0,12.0,1.0,1.0,,1.0,3.0,2.0,1.0,0.0,,,0.0,0.0,
18844,2023,Crystal Palace,52,4.0,0.0,5.0,6.4,False,4.0,0.0,28.0,,,0.0,0.0,0.0,,21.0,,,,,1.0,2.0,2.0,,,,,,0.0,0.0,0.0,,,0.0,0.0,
18844,2024,Crystal Palace,52,,,,,False,,,,,,,,,,,,,,,,,,,,,,,,,,,,,,
18846,2022,Manchester United,33,19.0,16.0,1436.0,6.957894,False,3.0,4.0,10.0,3.0,2.0,0.0,0.0,,,705.0,15.0,,40.0,8.0,22.0,130.0,72.0,35.0,17.0,,2.0,11.0,2.0,0.0,0.0,,,0.0,0.0,
18846,2023,Manchester United,33,22.0,20.0,1782.0,6.977272,False,2.0,4.0,5.0,1.0,1.0,0.0,0.0,2.0,,832.0,12.0,,42.0,15.0,41.0,150.0,89.0,26.0,17.0,,9.0,17.0,4.0,0.0,0.0,,,0.0,0.0,
18846,2024,West Ham,48,36.0,35.0,3155.0,7.169444,False,1.0,2.0,2.0,13.0,5.0,2.0,0.0,5.0,,1503.0,33.0,,70.0,11.0,65.0,314.0,183.0,106.0,64.0,,27.0,25.0,1.0,0.0,0.0,,,0.0,0.0,
18846,2024,Manchester United,33,0.0,0.0,0.0,7.169444,False,0.0,0.0,0.0,13.0,5.0,0.0,0.0,5.0,,1503.0,33.0,,70.0,11.0,65.0,314.0,183.0,106.0,64.0,,27.0,25.0,0.0,0.0,0.0,,,0.0,0.0,
18846,2025,West Ham,48,22.0,21.0,1906.0,6.62,False,1.0,3.0,3.0,,,0.0,0.0,2.0,,677.0,17.0,76.0,30.0,6.0,37.0,151.0,76.0,30.0,14.0,,12.0,21.0,4.0,0.0,0.0,,,0.0,0.0,
18847,2022,Crystal Palace,52,28.0,24.0,2254.0,6.778571,False,4.0,2.0,11.0,3.0,2.0,1.0,0.0,,,1002.0,9.0,,50.0,16.0,25.0,216.0,126.0,8.0,7.0,,11.0,29.0,6.0,0.0,0.0,,,0.0,0.0,
18847,2023,Crystal Palace,52,26.0,23.0,1981.0,6.656,False,3.0,4.0,8.0,7.0,,0.0,0.0,1.0,,802.0,3.0,,45.0,10.0,14.0,199.0,105.0,12.0,8.0,,6.0,22.0,4.0,0.0,0.0,,,0.0,0.0,
18847,2024,Crystal Palace,52,2.0,1.0,71.0,6.1,False,1.0,1.0,19.0,,,0.0,0.0,0.0,,24.0,1.0,,2.0,,,8.0,3.0,1.0,,,,4.0,1.0,0.0,0.0,,,0.0,0.0,
18849,2022,Crystal Palace,52,4.0,0.0,51.0,6.475,False,4.0,0.0,12.0,,,0.0,0.0,,,52.0,,,1.0,1.0,1.0,6.0,3.0,1.0,1.0,,1.0,,0.0,0.0,0.0,,,0.0,0.0,
18849,2023,Crystal Palace,52,,,,,False,,,,,,,,,,,,,,,,,,,,,,,,,,,,,,
18852,2022,Crystal Palace,52,18.0,5.0,503.0,6.629411,False,13.0,4.0,29.0,5.0,,0.0,0.0,,,252.0,2.0,,13.0,4.0,12.0,55.0,23.0,1.0,1.0,,3.0,15.0,2.0,0.0,0.0,,,0.0,0.0,
18852,2023,Crystal Palace,52,,,,,False,,,,,,,,,,,,,,,,,,,,,,,,,,,,,,
18853,2022,Crystal Palace,52,6.0,0.0,58.0,6.45,False,6.0,0.0,30.0,1.0,,0.0,0.0,,,41.0,,,2.0,,,8.0,5.0,,,,1.0,2.0,0.0,0.0,0.0,,,0.0,0.0,
18853,2023,Crystal Palace,52,9.0,2.0,229.0,6.611111,False,7.0,2.0,27.0,1.0,,0.0,0.0,0.0,,108.0,,,9.0,,2.0,26.0,15.0,3.0,1.0,,2.0,3.0,0.0,0.0,0.0,,,0.0,0.0,
18853,2024,Crystal Palace,52,,,,,False,,,,,,,,,,,,,,,,,,,,,,,,,,,,,,
18854,2022,Everton,45,0.0,0.0,0.0,,False,0.0,0.0,0.0,,,0.0,,,,,,,,,,,,,,,,,0.0,0.0,0.0,,,,,
18854,2023,Everton,45,,,,,False,,,,,,,,,,,,,,,,,,,,,,,,,,,,,,
18854,2023,Luton,1359,30.0,23.0,1228.0,6.707407,False,7.0,,,11.0,7.0,1.0,0.0,3.0,,349.0,18.0,,21.0,,5.0,125.0,49.0,30.0,16.0,,12.0,13.0,1.0,,0.0,,,0.0,0.0,
18858,2022,Everton,45,38.0,20.0,90.0,8.0,False,18.0,,,,,,0.0,,4.0,25.0,,,,,,1.0,1.0,,,,,,0.0,,0.0,,,0.0,0.0,0.0
18858,2023,Everton,45,,,,,False,,,,,,,,,,,,,,,,,,,,,,,,,,,,,,
18858,2024,Everton,45,0.0,0.0,0.0,,False,0.0,0.0,18.0,,,0.0,0.0,,,,,,,,,,,,,,,,0.0,0.0,0.0,,,0.0,0.0,1.0
18860,2022,Bournemouth,35,12.0,11.0,1034.0,6.5,False,1.0,0.0,27.0,,,0.0,32.0,,36.0,313.0,,,,,,4.0,4.0,,,,,,0.0,0.0,0.0,,,0.0,0.0,0.0
18860,2023,Bournemouth,35,0.0,0.0,0.0,7.225,False,0.0,0.0,0.0,,,0.0,5.0,,13.0,105.0,,,,,,4.0,3.0,,,,1.0,1.0,0.0,0.0,0.0,,,0.0,0.0,0.0
18860,2023,Everton,45,29.0,17.0,360.0,7.225,False,12.0,,,,,,5.0,,13.0,105.0,,,,,,4.0,3.0,,,,1.0,1.0,0.0,,0.0,,,0.0,0.0,0.0
18860,2024,Bournemouth,35,5.0,5.0,450.0,7.64,False,0.0,0.0,18.0,,,0.0,5.0,0.0,20.0,113.0,,,,,,2.0,2.0,,,,1.0,,0.0,0.0,0.0,,,0.0,0.0,0.0
18860,2024,Everton,45,23.0,15.0,450.0,7.64,False,8.0,,,,,,5.0,0.0,20.0,113.0,,,,,,2.0,2.0,,,,1.0,,0.0,,0.0,,,0.0,0.0,0.0
18860,2025,Everton,45,0.0,0.0,,,False,0.0,0.0,31.0,,,0.0,0.0,0.0,,,,,,,,,,,,,,,0.0,0.0,0.0,,,0.0,0.0,
18861,2022,Manchester City,50,30.0,26.0,1882.0,7.0,False,4.0,,,7.0,2.0,1.0,0.0,,,1705.0,9.0,62.0,26.0,10.0,20.0,118.0,79.0,4.0,3.0,,14.0,12.0,2.0,,0.0,,,0.0,0.0,
18861,2023,Manchester City,50,35.0,28.0,2052.0,7.092592,False,7.0,,,12.0,5.0,2.0,0.0,2.0,,1770.0,10.0,58.0,26.0,2.0,14.0,144.0,95.0,8.0,5.0,,18.0,10.0,0.0,,0.0,,,0.0,0.0,
18861,2024,Manchester City,50,19.0,15.0,688.0,6.83,False,4.0,,,2.0,,,0.0,0.0,,532.0,1.0,50.0,9.0,2.0,3.0,39.0,22.0,1.0,1.0,,,2.0,0.0,,0.0,,,0.0,0.0,
18861,2025,Manchester City,50,14.0,4.0,503.0,6.81,False,10.0,1.0,25.0,3.0,,0.0,0.0,0.0,,371.0,6.0,89.0,8.0,,4.0,37.0,27.0,1.0,,,6.0,2.0,1.0,0.0,0.0,,,0.0,0.0,
18862,2022,Crystal Palace,52,22.0,19.0,1642.0,6.518181,False,3.0,5.0,11.0,,,0.0,0.0,,,660.0,7.0,,27.0,4.0,19.0,91.0,46.0,10.0,5.0,,8.0,10.0,3.0,0.0,0.0,,,0.0,0.0,
18862,2023,Crystal Palace,52,19.0,14.0,1337.0,6.827777,False,5.0,4.0,23.0,3.0,,0.0,0.0,0.0,,533.0,3.0,,24.0,6.0,10.0,75.0,48.0,14.0,8.0,,3.0,6.0,0.0,0.0,0.0,,,0.0,0.0,
18862,2024,Crystal Palace,52,13.0,5.0,479.0,6.536363,False,8.0,4.0,32.0,2.0,,0.0,0.0,0.0,,202.0,3.0,,12.0,2.0,3.0,32.0,15.0,1.0,,,2.0,2.0,1.0,0.0,0.0,,,0.0,0.0,
18862,2025,Crystal Palace,52,8.0,6.0,506.0,6.61,False,2.0,6.0,21.0,2.0,,0.0,0.0,1.0,,155.0,3.0,77.0,14.0,,5.0,38.0,21.0,7.0,4.0,,1.0,4.0,1.0,0.0,0.0,,,0.0,0.0,
18863,2022,Nottingham Forest,65,12.0,11.0,959.0,6.65,False,1.0,3.0,8.0,3.0,,0.0,0.0,,,455.0,3.0,,8.0,11.0,12.0,56.0,38.0,1.0,1.0,,2.0,5.0,4.0,0.0,0.0,,,0.0,0.0,
18863,2023,Nottingham Forest,65,0.0,0.0,0.0,,False,0.0,0.0,0.0,,,0.0,,,,,,,,,,,,,,,,,0.0,0.0,0.0,,,,,
18866,2022,Bournemouth,35,26.0,24.0,2198.0,6.815384,False,2.0,1.0,9.0,7.0,4.0,0.0,0.0,,,1022.0,4.0,,45.0,27.0,30.0,173.0,108.0,7.0,3.0,,7.0,16.0,7.0,0.0,0.0,,,0.0,0.0,
18866,2023,Bournemouth,35,10.0,6.0,614.0,6.78,False,4.0,1.0,18.0,1.0,1.0,0.0,0.0,1.0,,354.0,3.0,,12.0,6.0,7.0,85.0,43.0,,,,2.0,15.0,2.0,0.0,0.0,,,0.0,0.0,
18866,2024,Bournemouth,35,0.0,0.0,0.0,,False,0.0,0.0,0.0,,,0.0,,,,,,,,,,,,,,,,,0.0,0.0,0.0,,,,,
18869,2022,Bournemouth,35,37.0,34.0,2949.0,6.524324,False,3.0,9.0,3.0,2.0,1.0,0.0,0.0,1.0,,961.0,16.0,,49.0,13.0,25.0,227.0,111.0,23.0,6.0,,27.0,29.0,11.0,0.0,0.0,,,0.0,0.0,
18869,2023,Bournemouth,35,28.0,25.0,2158.0,6.685714,False,3.0,10.0,9.0,1.0,,0.0,0.0,2.0,,768.0,17.0,,37.0,11.0,21.0,166.0,81.0,12.0,4.0,,22.0,30.0,6.0,0.0,0.0,,,0.0,0.0,
18869,2024,Bournemouth,35,25.0,19.0,1597.0,6.576,False,6.0,12.0,7.0,2.0,,0.0,0.0,0.0,,525.0,9.0,,24.0,5.0,15.0,117.0,56.0,13.0,6.0,,12.0,19.0,7.0,0.0,0.0,,,0.0,0.0,
18869,2025,Bournemouth,35,19.0,11.0,827.0,6.47,False,8.0,7.0,16.0,,,0.0,0.0,1.0,,265.0,4.0,75.0,12.0,6.0,6.0,64.0,31.0,1.0,1.0,,7.0,14.0,3.0,0.0,0.0,,,0.0,0.0,
18870,2022,Bournemouth,35,6.0,2.0,170.0,6.3,False,4.0,2.0,9.0,2.0,1.0,0.0,0.0,,,57.0,2.0,,1.0,,2.0,24.0,6.0,9.0,2.0,,1.0,3.0,1.0,0.0,0.0,,,0.0,0.0,
18870,2023,Bournemouth,35,13.0,2.0,272.0,6.738461,False,11.0,2.0,18.0,12.0,5.0,1.0,0.0,1.0,,112.0,8.0,,5.0,,2.0,32.0,11.0,10.0,4.0,,1.0,6.0,1.0,0.0,0.0,,,0.0,0.0,
18870,2024,Bournemouth,35,29.0,9.0,949.0,6.725,False,20.0,9.0,27.0,22.0,12.0,2.0,0.0,0.0,,348.0,21.0,,14.0,2.0,5.0,119.0,50.0,31.0,11.0,,18.0,11.0,3.0,0.0,0.0,,,0.0,0.0,
18870,2025,Bournemouth,35,26.0,12.0,1085.0,6.7,False,14.0,12.0,15.0,28.0,12.0,1.0,0.0,2.0,,404.0,23.0,77.0,16.0,,3.0,112.0,50.0,33.0,16.0,,12.0,11.0,7.0,0.0,0.0,,,0.0,0.0,
18872,2022,Bournemouth,35,28.0,18.0,1712.0,6.707142,False,10.0,4.0,15.0,3.0,,0.0,0.0,2.0,,703.0,24.0,,37.0,10.0,23.0,136.0,61.0,17.0,7.0,,10.0,15.0,4.0,0.0,0.0,,,0.0,0.0,
18872,2023,Bournemouth,35,33.0,32.0,2792.0,7.018181,False,1.0,,,9.0,4.0,,0.0,3.0,,1343.0,47.0,,61.0,11.0,65.0,269.0,140.0,35.0,21.0,,16.0,39.0,5.0,,1.0,,,0.0,0.0,
18872,2024,Bournemouth,35,36.0,34.0,2978.0,7.002777,False,2.0,,,11.0,4.0,1.0,0.0,3.0,,1378.0,48.0,,81.0,11.0,41.0,281.0,145.0,20.0,13.0,,10.0,49.0,8.0,,1.0,,,0.0,0.0,
18872,2025,Bournemouth,35,16.0,8.0,892.0,6.89,False,8.0,0.0,9.0,2.0,,0.0,0.0,1.0,,490.0,11.0,86.0,25.0,6.0,24.0,76.0,42.0,4.0,3.0,,5.0,8.0,1.0,0.0,1.0,,,0.0,0.0,
18873,2022,Newcastle,34,8.0,3.0,311.0,6.75,False,5.0,3.0,13.0,4.0,1.0,0.0,0.0,,,104.0,5.0,,2.0,1.0,,22.0,13.0,1.0,1.0,,10.0,3.0,1.0,0.0,0.0,,,0.0,0.0,
18873,2023,Newcastle,34,0.0,0.0,0.0,,False,0.0,0.0,0.0,,,0.0,,,,,,,,,,,,,,,,,0.0,0.0,0.0,,,,,
18873,2024,Newcastle,34,,,,,False,,,,,,,,,,,,,,,,,,,,,,,,,,,,,,
18873,2024,Southampton,41,8.0,4.0,307.0,6.125,False,4.0,4.0,9.0,1.0,1.0,0.0,0.0,0.0,,86.0,2.0,,6.0,1.0,1.0,23.0,14.0,3.0,2.0,,4.0,1.0,0.0,0.0,1.0,,,0.0,0.0,
18878,2022,Bournemouth,35,4.0,0.0,57.0,6.5,False,4.0,0.0,9.0,1.0,,0.0,0.0,,,27.0,2.0,,,1.0,,2.0,,,,,,,0.0,0.0,0.0,,,0.0,0.0,
18878,2023,Bournemouth,35,,,,,False,,,,,,,,,,,,,,,,,,,,,,,,,,,,,,
18883,2022,Bournemouth,35,33.0,32.0,2872.0,6.80606,False,1.0,13.0,1.0,53.0,29.0,6.0,0.0,7.0,,514.0,21.0,,15.0,7.0,6.0,445.0,165.0,99.0,45.0,,53.0,40.0,2.0,0.0,0.0,,,0.0,0.0,
18883,2023,Bournemouth,35,38.0,37.0,3332.0,7.021052,False,1.0,9.0,1.0,78.0,38.0,19.0,0.0,3.0,,533.0,39.0,,23.0,5.0,7.0,537.0,204.0,99.0,39.0,,45.0,42.0,3.0,0.0,0.0,,,2.0,1.0,
18883,2024,Tottenham,47,27.0,25.0,2205.0,6.862962,False,2.0,7.0,3.0,44.0,26.0,9.0,0.0,3.0,,353.0,14.0,,18.0,9.0,1.0,304.0,117.0,48.0,17.0,,36.0,36.0,0.0,0.0,0.0,,,1.0,0.0,
18883,2024,Bournemouth,35,0.0,0.0,0.0,6.862962,False,0.0,0.0,0.0,44.0,26.0,0.0,0.0,3.0,,353.0,14.0,,18.0,9.0,1.0,304.0,117.0,48.0,17.0,,36.0,36.0,0.0,0.0,0.0,,,1.0,0.0,
18883,2025,Tottenham,47,13.0,9.0,870.0,6.82,False,4.0,3.0,4.0,13.0,10.0,3.0,0.0,0.0,,129.0,5.0,72.0,18.0,1.0,3.0,117.0,48.0,19.0,8.0,,6.0,9.0,1.0,0.0,0.0,,,0.0,0.0,
18884,2022,Nottingham Forest,65,20.0,1.0,305.0,6.452631,False,19.0,1.0,35.0,7.0,2.0,1.0,0.0,,,77.0,1.0,,5.0,2.0,,65.0,30.0,4.0,2.0,,10.0,12.0,2.0,0.0,0.0,,,0.0,0.0,
18884,2023,Nottingham Forest,65,0.0,0.0,0.0,,False,0.0,0.0,0.0,,,0.0,,,,,,,,,,,,,,,,,0.0,0.0,0.0,,,,,
18885,2022,Newcastle,34,0.0,0.0,0.0,,False,0.0,0.0,7.0,,,0.0,0.0,,,,,,,,,,,,,,,,0.0,0.0,0.0,,,0.0,0.0,0.0
18885,2023,Newcastle,34,0.0,0.0,0.0,,False,0.0,0.0,0.0,,,0.0,,,,,,,,,,,,,,,,,0.0,0.0,0.0,,,,,
18885,2025,Leeds,63,16.0,16.0,1440.0,6.98,False,0.0,0.0,15.0,,,0.0,20.0,0.0,42.0,619.0,,57.0,,,,9.0,9.0,1.0,1.0,,5.0,,1.0,0.0,0.0,,,0.0,0.0,0.0
18886,2022,Manchester United,33,0.0,0.0,0.0,,False,0.0,0.0,4.0,,,0.0,0.0,,,,,,,,,,,,,,,,0.0,0.0,0.0,,,0.0,0.0,0.0
18886,2022,Newcastle,34,0.0,0.0,0.0,,False,0.0,0.0,3.0,,,0.0,0.0,,,,,,,,,,,,,,,,0.0,0.0,0.0,,,0.0,0.0,0.0
18886,2023,Newcastle,34,23.0,22.0,1984.0,7.204347,False,1.0,0.0,15.0,,,0.0,42.0,,88.0,508.0,1.0,,,,,15.0,9.0,,,,5.0,2.0,1.0,0.0,0.0,,,0.0,0.0,1.0
18886,2024,Newcastle,34,10.0,10.0,900.0,7.03,False,0.0,0.0,24.0,,,0.0,12.0,0.0,29.0,278.0,,,,,,5.0,5.0,,,,1.0,,0.0,0.0,0.0,,,0.0,0.0,1.0
18886,2025,Burnley,44,32.0,32.0,2880.0,6.98,False,0.0,0.0,0.0,,,0.0,63.0,0.0,114.0,1079.0,,56.0,1.0,,,33.0,28.0,,,,7.0,,1.0,0.0,0.0,,,0.0,0.0,0.0
18889,2025,Liverpool,40,0.0,0.0,,,False,0.0,0.0,14.0,,,0.0,0.0,0.0,,,,,,,,,,,,,,,0.0,0.0,0.0,,,0.0,0.0,
18891,2023,Sheffield Utd,62,,,,,False,,,,,,,,,,,,,,,,,,,,,,,,,,,,,,
18892,2022,Newcastle,34,0.0,0.0,0.0,,False,0.0,0.0,16.0,,,0.0,0.0,,,,,,,,,,,,,,,,0.0,0.0,0.0,,,0.0,0.0,
18892,2023,Newcastle,34,5.0,0.0,15.0,5.95,False,5.0,0.0,29.0,1.0,,0.0,0.0,0.0,,22.0,,,1.0,,,3.0,2.0,,,,,1.0,0.0,0.0,0.0,,,0.0,0.0,
18892,2024,Newcastle,34,,,,,False,,,,,,,,,,,,,,,,,,,,,,,,,,,,,,
18893,2022,Newcastle,34,0.0,0.0,0.0,,False,0.0,0.0,0.0,,,0.0,,,,,,,,,,,,,,,,,0.0,0.0,0.0,,,,,
18894,2022,Newcastle,34,7.0,2.0,214.0,6.416666,False,5.0,0.0,28.0,1.0,,0.0,0.0,,,93.0,,,1.0,2.0,,17.0,8.0,,,,2.0,6.0,4.0,0.0,0.0,,,0.0,0.0,
18894,2023,Newcastle,34,16.0,13.0,1081.0,6.78125,False,3.0,4.0,13.0,5.0,1.0,1.0,0.0,,,769.0,2.0,41.0,14.0,12.0,5.0,115.0,64.0,2.0,1.0,,2.0,17.0,4.0,0.0,0.0,,,0.0,0.0,
18894,2024,Newcastle,34,0.0,0.0,0.0,,False,0.0,0.0,3.0,,,0.0,0.0,,,,,,,,,,,,,,,,0.0,0.0,0.0,,,0.0,0.0,
18894,2025,Newcastle,34,2.0,0.0,25.0,6.4,False,2.0,0.0,5.0,,,0.0,0.0,0.0,,8.0,,75.0,,1.0,,1.0,1.0,,,,,,0.0,0.0,0.0,,,0.0,0.0,
18896,2022,Newcastle,34,4.0,0.0,33.0,6.633333,False,4.0,0.0,28.0,,,0.0,0.0,,,25.0,,,3.0,,1.0,3.0,3.0,,,,,,0.0,0.0,0.0,,,0.0,0.0,
18896,2023,Newcastle,34,0.0,0.0,0.0,,False,0.0,0.0,1.0,,,0.0,0.0,,,,,,,,,,,,,,,,0.0,0.0,0.0,,,0.0,0.0,
18899,2023,Newcastle,34,,,,,False,,,,,,,,,,,,,,,,,,,,,,,,,,,,,,
18899,2024,Newcastle,34,,,,,False,,,,,,,,,,,,,,,,,,,,,,,,,,,,,,
18901,2022,Newcastle,34,33.0,28.0,2517.0,6.721212,False,5.0,4.0,5.0,18.0,7.0,1.0,0.0,4.0,,1125.0,23.0,,42.0,8.0,16.0,244.0,112.0,26.0,8.0,,39.0,29.0,2.0,0.0,0.0,,,0.0,0.0,
18901,2023,Newcastle,34,35.0,30.0,2748.0,6.888571,False,5.0,5.0,5.0,27.0,15.0,6.0,0.0,2.0,,1209.0,20.0,,54.0,7.0,17.0,247.0,117.0,22.0,11.0,,34.0,24.0,7.0,0.0,0.0,,,0.0,0.0,
18901,2024,Newcastle,34,25.0,8.0,785.0,6.691304,False,17.0,5.0,30.0,3.0,1.0,0.0,0.0,0.0,,343.0,4.0,,27.0,5.0,7.0,78.0,42.0,6.0,2.0,,6.0,9.0,2.0,0.0,0.0,,,0.0,0.0,
18901,2025,Leeds,63,18.0,10.0,969.0,6.87,False,8.0,3.0,14.0,10.0,2.0,1.0,0.0,2.0,,417.0,22.0,85.0,37.0,5.0,10.0,118.0,63.0,6.0,1.0,,17.0,10.0,2.0,0.0,0.0,,,0.0,0.0,
18902,2022,Chelsea,49,0.0,0.0,0.0,,False,0.0,0.0,0.0,,,0.0,,,,,,,,,,,,,,,,,0.0,0.0,0.0,,,,,
18903,2022,Newcastle,34,7.0,0.0,32.0,6.633333,False,7.0,0.0,25.0,,,0.0,0.0,,,29.0,1.0,,1.0,,1.0,5.0,3.0,1.0,1.0,,,,0.0,0.0,0.0,,,0.0,0.0,
18903,2023,Newcastle,34,13.0,0.0,116.0,6.666666,False,13.0,0.0,31.0,6.0,4.0,1.0,0.0,,,86.0,,,5.0,2.0,1.0,15.0,6.0,1.0,,,1.0,2.0,1.0,0.0,0.0,,,0.0,0.0,
18903,2024,Newcastle,34,,,,,False,,,,,,,,,,,,,,,,,,,,,,,,,,,,,,
18904,2022,Nottingham Forest,65,8.0,6.0,542.0,6.25,False,2.0,4.0,4.0,,,0.0,0.0,,,26.0,,,1.0,,,3.0,1.0,,,,,1.0,2.0,0.0,0.0,,,0.0,0.0,
18904,2022,Newcastle,34,3.0,0.0,34.0,6.25,False,3.0,0.0,6.0,,,0.0,0.0,,,26.0,,,1.0,,,3.0,1.0,,,,,1.0,0.0,0.0,0.0,,,0.0,0.0,
18904,2023,Nottingham Forest,65,0.0,0.0,0.0,,False,0.0,0.0,0.0,,,0.0,,,,,,,,,,,,,,,,,0.0,0.0,0.0,,,,,
18904,2024,Nottingham Forest,65,0.0,0.0,0.0,,False,0.0,0.0,0.0,,,0.0,,,,,,,,,,,,,,,,,0.0,0.0,0.0,,,,,
18906,2022,Leicester,46,8.0,3.0,380.0,6.7125,False,5.0,2.0,15.0,6.0,2.0,0.0,0.0,1.0,,152.0,11.0,,11.0,,2.0,76.0,31.0,18.0,6.0,,12.0,7.0,0.0,0.0,0.0,,,0.0,0.0,
18911,2022,Newcastle,34,37.0,37.0,3262.0,6.916216,False,0.0,,,,,,32.0,,87.0,658.0,2.0,,1.0,,,11.0,8.0,,,,2.0,1.0,3.0,,1.0,,,0.0,0.0,0.0
18911,2023,Newcastle,34,18.0,17.0,1346.0,7.006666,False,1.0,,,1.0,,,16.0,0.0,43.0,312.0,,,,,,8.0,6.0,,,,3.0,,1.0,,0.0,,,0.0,0.0,1.0
18911,2024,Newcastle,34,31.0,30.0,2520.0,7.057142,False,1.0,,,,,,35.0,0.0,88.0,590.0,1.0,,,,1.0,20.0,16.0,,,,5.0,2.0,2.0,,0.0,,,0.0,0.0,2.0
18911,2025,Newcastle,34,22.0,22.0,1967.0,6.92,False,0.0,1.0,5.0,1.0,1.0,0.0,32.0,0.0,67.0,475.0,,61.0,1.0,,,14.0,14.0,,,,2.0,,1.0,0.0,0.0,,,0.0,0.0,0.0
18917,2022,Brentford,55,37.0,37.0,3272.0,7.097297,False,0.0,3.0,1.0,25.0,7.0,3.0,0.0,2.0,,1658.0,8.0,,45.0,42.0,48.0,334.0,203.0,13.0,12.0,,15.0,14.0,2.0,0.0,0.0,,,0.0,0.0,
18917,2023,Brentford,55,16.0,15.0,1275.0,6.793333,False,1.0,3.0,3.0,6.0,2.0,2.0,0.0,,,605.0,6.0,,26.0,13.0,13.0,121.0,67.0,6.0,3.0,,3.0,7.0,1.0,0.0,1.0,,,0.0,0.0,
18917,2024,Brentford,55,7.0,2.0,179.0,6.55,False,5.0,1.0,33.0,,,0.0,0.0,0.0,,116.0,,,2.0,3.0,4.0,17.0,7.0,,,,,5.0,2.0,0.0,0.0,,,0.0,0.0,
18918,2023,Burnley,44,28.0,25.0,2330.0,6.721428,False,3.0,3.0,5.0,6.0,1.0,1.0,0.0,1.0,,1042.0,15.0,,35.0,11.0,19.0,192.0,101.0,15.0,9.0,,16.0,20.0,8.0,0.0,0.0,,,0.0,0.0,
18918,2024,Southampton,41,8.0,3.0,351.0,6.6875,False,5.0,0.0,11.0,,,0.0,0.0,0.0,,192.0,1.0,,7.0,5.0,5.0,25.0,18.0,2.0,2.0,,3.0,2.0,1.0,0.0,0.0,,,0.0,0.0,
18922,2023,Burnley,44,4.0,0.0,23.0,6.566666,False,4.0,0.0,22.0,,,0.0,0.0,0.0,,32.0,,,2.0,,1.0,11.0,3.0,,,,1.0,4.0,0.0,0.0,0.0,,,0.0,0.0,
18924,2023,Newcastle,34,0.0,0.0,0.0,,False,0.0,0.0,0.0,,,0.0,,,,,,,,,,,,,,,,,0.0,0.0,0.0,,,,,
18927,2025,Burnley,44,6.0,0.0,78.0,6.35,False,6.0,0.0,17.0,,,0.0,0.0,0.0,,11.0,,,,,,18.0,8.0,1.0,1.0,,,2.0,1.0,0.0,0.0,,,0.0,0.0,
18929,2022,Everton,45,36.0,28.0,2500.0,7.055555,False,8.0,9.0,10.0,25.0,15.0,7.0,0.0,3.0,,755.0,49.0,,64.0,7.0,31.0,323.0,152.0,104.0,53.0,,21.0,22.0,5.0,0.0,0.0,,,0.0,0.0,
18929,2023,Everton,45,35.0,34.0,2897.0,7.28,False,1.0,,,37.0,15.0,3.0,0.0,6.0,,1000.0,70.0,,44.0,7.0,22.0,283.0,123.0,61.0,30.0,,33.0,18.0,2.0,,0.0,,,0.0,0.0,
18929,2024,Everton,45,21.0,19.0,1376.0,7.185,False,2.0,,,19.0,10.0,4.0,0.0,6.0,,505.0,38.0,,13.0,,6.0,146.0,58.0,44.0,24.0,,18.0,6.0,1.0,,0.0,,,0.0,0.0,
18929,2025,Everton,45,19.0,12.0,1035.0,6.64,False,7.0,9.0,18.0,10.0,5.0,0.0,0.0,1.0,,288.0,12.0,81.0,18.0,3.0,7.0,90.0,38.0,14.0,7.0,,6.0,10.0,1.0,0.0,0.0,,,0.0,0.0,
18931,2022,Nottingham Forest,65,7.0,5.0,376.0,6.593333,False,2.0,6.0,2.0,8.0,4.0,1.0,0.0,,,106.0,3.0,,5.0,2.0,1.0,67.0,33.0,1.0,1.0,,4.0,4.0,0.0,0.0,0.0,,,1.0,0.0,
18931,2022,Newcastle,34,18.0,4.0,437.0,6.593333,False,14.0,4.0,15.0,8.0,4.0,2.0,0.0,,,106.0,3.0,,5.0,2.0,1.0,67.0,33.0,1.0,1.0,,4.0,4.0,0.0,0.0,0.0,,,1.0,0.0,
18931,2023,Nottingham Forest,65,31.0,20.0,1808.0,6.919354,False,11.0,7.0,11.0,41.0,26.0,14.0,0.0,1.0,,431.0,22.0,,7.0,4.0,1.0,252.0,97.0,15.0,6.0,,13.0,22.0,0.0,0.0,0.0,,,0.0,0.0,
18931,2024,Nottingham Forest,65,36.0,35.0,2978.0,6.986111,False,1.0,21.0,1.0,56.0,35.0,20.0,0.0,3.0,,482.0,22.0,,6.0,7.0,5.0,338.0,129.0,13.0,5.0,,24.0,25.0,1.0,0.0,0.0,,,3.0,0.0,
18931,2025,Nottingham Forest,65,9.0,7.0,574.0,6.57,False,2.0,7.0,2.0,17.0,6.0,2.0,0.0,0.0,,85.0,3.0,68.0,1.0,1.0,,52.0,19.0,2.0,1.0,,4.0,5.0,0.0,0.0,0.0,,,0.0,0.0,
18932,2022,Tottenham,47,14.0,13.0,1214.0,6.65,False,1.0,0.0,25.0,,,0.0,24.0,,32.0,291.0,,,1.0,,,6.0,6.0,,,,2.0,,1.0,0.0,0.0,,,0.0,0.0,2.0
18932,2023,Tottenham,47,0.0,0.0,0.0,,False,0.0,0.0,23.0,,,0.0,0.0,,,,,,,,,,,,,,,,0.0,0.0,0.0,,,0.0,0.0,0.0
18932,2024,Tottenham,47,7.0,7.0,630.0,7.085714,False,0.0,0.0,11.0,,,0.0,15.0,0.0,29.0,167.0,,,,,,3.0,2.0,1.0,1.0,,,,0.0,0.0,0.0,,,0.0,0.0,0.0
18932,2025,Bournemouth,35,0.0,0.0,,,False,0.0,0.0,4.0,,,0.0,0.0,0.0,,,,,,,,,,,,,,,0.0,0.0,0.0,,,0.0,0.0,
18933,2025,Nottingham Forest,65,1.0,0.0,45.0,6.3,False,1.0,0.0,14.0,,,0.0,0.0,0.0,,19.0,,,,,,,,,,,,,0.0,0.0,0.0,,,0.0,0.0,0.0
18935,2022,Southampton,41,6.0,6.0,540.0,6.083333,False,0.0,0.0,21.0,,,0.0,17.0,,14.0,217.0,,,,,1.0,3.0,2.0,,,,1.0,,0.0,0.0,0.0,,,0.0,0.0,0.0
18935,2024,Southampton,41,5.0,5.0,450.0,7.12,False,0.0,0.0,33.0,,,0.0,13.0,0.0,24.0,126.0,,,,,,3.0,3.0,,,,1.0,,0.0,0.0,0.0,,,0.0,0.0,2.0
18936,2022,Leicester,46,0.0,0.0,0.0,,False,0.0,0.0,0.0,,,0.0,,,,,,,,,,,,,,,,,0.0,0.0,0.0,,,,,
18940,2022,Bournemouth,35,15.0,13.0,1171.0,6.842857,False,2.0,0.0,17.0,2.0,1.0,0.0,0.0,,,540.0,3.0,,15.0,16.0,16.0,68.0,36.0,3.0,3.0,,2.0,8.0,3.0,0.0,0.0,,,0.0,0.0,
18940,2022,Southampton,41,2.0,0.0,44.0,6.842857,False,2.0,0.0,2.0,2.0,1.0,0.0,0.0,,,540.0,3.0,,15.0,16.0,16.0,68.0,36.0,3.0,3.0,,2.0,8.0,0.0,0.0,0.0,,,0.0,0.0,
18940,2024,Southampton,41,19.0,17.0,1393.0,6.716666,False,2.0,4.0,6.0,4.0,2.0,1.0,0.0,0.0,,938.0,3.0,48.0,34.0,13.0,13.0,86.0,44.0,4.0,,,4.0,13.0,2.0,0.0,2.0,,,0.0,0.0,
18941,2022,Newcastle,34,29.0,18.0,630.0,6.6,False,11.0,,,,,,0.0,,,328.0,10.0,,13.0,3.0,9.0,67.0,29.0,2.0,2.0,,3.0,10.0,1.0,,0.0,,,0.0,0.0,
18941,2023,Newcastle,34,11.0,6.0,85.0,6.3,False,5.0,,,,,,0.0,,,38.0,1.0,,2.0,,,8.0,4.0,1.0,,,2.0,,1.0,,0.0,,,0.0,0.0,
18941,2024,Newcastle,34,18.0,9.0,20.0,6.7,False,9.0,,,,,,0.0,0.0,,14.0,,,,,1.0,1.0,,,,,,,0.0,,0.0,,,0.0,0.0,
18942,2022,Southampton,41,1.0,1.0,46.0,6.0,False,0.0,1.0,4.0,,,0.0,0.0,,,22.0,,,,,,4.0,1.0,,,,,,0.0,0.0,0.0,,,0.0,0.0,
18943,2022,Leicester,46,0.0,0.0,0.0,,False,0.0,0.0,7.0,,,0.0,0.0,,,,,,,,,,,,,,,,0.0,0.0,0.0,,,0.0,0.0,
18943,2024,Leicester,46,20.0,17.0,1395.0,6.744444,False,3.0,,,2.0,2.0,,0.0,0.0,,954.0,3.0,48.0,22.0,14.0,16.0,93.0,56.0,4.0,4.0,,4.0,12.0,5.0,,0.0,,,0.0,0.0,
18945,2022,Southampton,41,32.0,14.0,1403.0,6.590625,False,18.0,14.0,21.0,13.0,7.0,2.0,0.0,1.0,,622.0,18.0,,32.0,,9.0,179.0,80.0,44.0,22.0,,20.0,17.0,6.0,0.0,0.0,,,0.0,0.0,
18945,2024,Southampton,41,,,,,False,,,,,,,,,,,,,,,,,,,,,,,,,,,,,,
18945,2024,Brentford,55,,,,,False,,,,,,,,,,,,,,,,,,,,,,,,,,,,,,
18946,2022,Southampton,41,33.0,27.0,2180.0,6.636363,False,6.0,18.0,10.0,26.0,11.0,1.0,0.0,1.0,,581.0,18.0,,46.0,3.0,26.0,292.0,125.0,44.0,24.0,,18.0,41.0,4.0,0.0,0.0,,,0.0,0.0,
18947,2022,Wolves,39,19.0,17.0,1303.0,6.689473,False,2.0,,,5.0,2.0,,0.0,1.0,,647.0,3.0,,38.0,8.0,14.0,127.0,75.0,14.0,11.0,,9.0,18.0,4.0,,1.0,,,0.0,0.0,
18947,2023,Wolves,39,35.0,34.0,2975.0,7.071428,False,1.0,,,34.0,18.0,4.0,0.0,1.0,,1439.0,20.0,,90.0,9.0,41.0,320.0,174.0,44.0,25.0,,24.0,43.0,12.0,,1.0,,,0.0,0.0,
18947,2024,Wolves,39,17.0,15.0,1363.0,7.023529,False,2.0,,,14.0,5.0,1.0,0.0,3.0,,589.0,10.0,,51.0,7.0,27.0,151.0,94.0,14.0,10.0,,8.0,17.0,4.0,,0.0,,,0.0,0.0,
18948,2022,Southampton,41,1.0,1.0,1.0,,False,0.0,,,,,,0.0,,,,,,,,,,,,,,,,0.0,,0.0,,,0.0,0.0,
18948,2023,Burnley,44,12.0,5.0,145.0,6.5,False,7.0,,,,,,0.0,,,68.0,4.0,,2.0,,,21.0,9.0,6.0,4.0,,2.0,4.0,1.0,,0.0,,,0.0,0.0,
18949,2022,Southampton,41,1.0,1.0,75.0,6.9,False,0.0,1.0,3.0,,,0.0,0.0,,,29.0,,,1.0,,1.0,7.0,6.0,1.0,1.0,,2.0,1.0,0.0,0.0,0.0,,,0.0,0.0,
18955,2022,West Ham,48,17.0,7.0,771.0,6.872222,False,10.0,6.0,12.0,21.0,14.0,2.0,0.0,,,158.0,9.0,,10.0,1.0,1.0,90.0,42.0,17.0,11.0,,5.0,8.0,1.0,0.0,0.0,,,2.0,0.0,
18955,2022,Aston Villa,66,18.0,8.0,819.0,6.872222,False,10.0,5.0,11.0,21.0,14.0,6.0,0.0,,,158.0,9.0,,10.0,1.0,1.0,90.0,42.0,17.0,11.0,,5.0,8.0,3.0,0.0,0.0,,,2.0,0.0,
18955,2023,West Ham,48,20.0,3.0,389.0,6.568421,False,17.0,2.0,35.0,7.0,4.0,1.0,0.0,0.0,,105.0,5.0,,6.0,1.0,3.0,53.0,21.0,12.0,6.0,,6.0,4.0,1.0,0.0,0.0,,,0.0,0.0,
18955,2024,West Ham,48,15.0,1.0,271.0,6.74,False,14.0,1.0,29.0,10.0,5.0,1.0,0.0,2.0,,89.0,6.0,,4.0,,1.0,38.0,18.0,6.0,4.0,,2.0,,0.0,0.0,0.0,,,0.0,0.0,
18957,2023,Burnley,44,6.0,3.0,30.0,6.6,False,3.0,,,2.0,,,0.0,,,5.0,,,,,,5.0,3.0,3.0,3.0,,,,0.0,,0.0,,,0.0,0.0,
18959,2022,Brighton,51,23.0,23.0,2070.0,6.691304,False,0.0,0.0,10.0,,,0.0,30.0,,48.0,673.0,,,1.0,,3.0,9.0,8.0,,,,,1.0,2.0,0.0,0.0,,,0.0,0.0,0.0
18959,2023,Chelsea,49,16.0,16.0,1434.0,7.075,False,0.0,1.0,2.0,,,0.0,25.0,,53.0,520.0,,,,,,4.0,4.0,,,,1.0,,2.0,0.0,0.0,,,0.0,0.0,1.0
18959,2023,Brighton,51,0.0,0.0,0.0,7.075,False,0.0,0.0,0.0,,,0.0,25.0,,53.0,520.0,,,,,,4.0,4.0,,,,1.0,,0.0,0.0,0.0,,,0.0,0.0,1.0
18959,2024,Chelsea,49,32.0,32.0,2880.0,7.046875,False,0.0,0.0,6.0,,,0.0,34.0,0.0,95.0,1050.0,2.0,,,,2.0,19.0,16.0,,,,4.0,2.0,5.0,0.0,0.0,,,0.0,0.0,0.0
18959,2025,Chelsea,49,30.0,30.0,2615.0,6.98,False,0.0,0.0,1.0,,,0.0,37.0,1.0,85.0,1138.0,5.0,67.0,2.0,,1.0,24.0,21.0,,,,11.0,2.0,3.0,0.0,1.0,,,0.0,0.0,0.0
18960,2022,Brighton,51,37.0,26.0,1350.0,6.78,False,11.0,,,,,,23.0,1.0,37.0,490.0,1.0,,,,,4.0,3.0,1.0,1.0,,1.0,1.0,1.0,,0.0,,,0.0,0.0,0.0
18960,2023,Brighton,51,38.0,27.0,1530.0,6.658823,False,11.0,,,,,,34.0,0.0,43.0,602.0,,,,,,5.0,2.0,,,,1.0,,0.0,,0.0,,,0.0,0.0,0.0
18960,2024,Brighton,51,26.0,15.0,180.0,7.25,False,11.0,,,,,,1.0,0.0,3.0,105.0,,47.0,,,,3.0,2.0,,,,1.0,,0.0,,0.0,,,0.0,0.0,0.0
18960,2025,Brighton,51,0.0,0.0,,,False,0.0,0.0,32.0,,,0.0,0.0,0.0,,,,,,,,,,,,,,,0.0,0.0,0.0,,,0.0,0.0,
18961,2022,Newcastle,34,38.0,37.0,3115.0,6.821052,False,1.0,,,15.0,4.0,1.0,0.0,,,1438.0,16.0,,60.0,16.0,32.0,284.0,159.0,23.0,11.0,,4.0,35.0,6.0,,0.0,,,0.0,0.0,
18961,2023,Newcastle,34,33.0,33.0,2732.0,6.966666,False,0.0,,,17.0,6.0,2.0,0.0,2.0,,1496.0,10.0,,61.0,25.0,37.0,302.0,176.0,6.0,4.0,,11.0,32.0,4.0,,0.0,,,0.0,0.0,
18961,2024,Newcastle,34,37.0,37.0,3330.0,6.978378,False,0.0,,,20.0,7.0,1.0,0.0,1.0,,1993.0,9.0,47.0,39.0,26.0,27.0,328.0,200.0,4.0,3.0,,12.0,34.0,11.0,,0.0,,,0.0,0.0,
18961,2025,Newcastle,34,23.0,21.0,1824.0,6.6,False,2.0,2.0,4.0,3.0,1.0,0.0,0.0,2.0,,888.0,6.0,79.0,31.0,10.0,17.0,235.0,123.0,2.0,2.0,,9.0,33.0,8.0,1.0,0.0,1.0,1.0,0.0,0.0,
18962,2022,Brighton,51,0.0,0.0,0.0,4.2,False,0.0,0.0,0.0,1.0,,0.0,0.0,,,20.0,,,,,,5.0,4.0,1.0,1.0,,1.0,,0.0,0.0,0.0,,,0.0,0.0,
18962,2022,Fulham,36,4.0,0.0,2.0,4.2,False,4.0,0.0,16.0,1.0,,0.0,0.0,,,20.0,,,,,,5.0,4.0,1.0,1.0,,1.0,,0.0,0.0,0.0,,,0.0,0.0,
18963,2022,Brighton,51,36.0,36.0,3240.0,6.922222,False,0.0,1.0,2.0,17.0,3.0,1.0,0.0,,,3208.0,9.0,80.0,30.0,27.0,34.0,219.0,129.0,4.0,4.0,,27.0,18.0,4.0,0.0,0.0,,,0.0,0.0,
18963,2022,Brighton,51,36.0,36.0,3240.0,6.922222,False,0.0,1.0,2.0,17.0,3.0,1.0,0.0,,,3208.0,9.0,80.0,30.0,27.0,34.0,219.0,129.0,4.0,4.0,,27.0,18.0,4.0,0.0,0.0,,,0.0,0.0,
18963,2023,Brighton,51,33.0,33.0,2873.0,7.136363,False,0.0,3.0,0.0,23.0,12.0,3.0,0.0,1.0,,3213.0,13.0,90.0,27.0,37.0,31.0,182.0,101.0,7.0,5.0,,12.0,23.0,7.0,0.0,1.0,,,0.0,0.0,
18963,2024,Brighton,51,25.0,23.0,2083.0,6.828,False,2.0,2.0,4.0,9.0,3.0,0.0,0.0,0.0,,1934.0,6.0,70.0,17.0,18.0,13.0,129.0,79.0,1.0,,,11.0,7.0,5.0,0.0,0.0,,,0.0,0.0,
18963,2025,Brighton,51,29.0,28.0,2565.0,6.96,False,1.0,0.0,1.0,14.0,2.0,0.0,0.0,0.0,,2214.0,6.0,92.0,32.0,26.0,29.0,192.0,113.0,4.0,4.0,,8.0,14.0,10.0,0.0,0.0,1.0,1.0,0.0,0.0,
18968,2022,Tottenham,47,23.0,10.0,1003.0,6.668181,False,13.0,6.0,15.0,4.0,,0.0,0.0,,,727.0,8.0,,16.0,6.0,12.0,83.0,39.0,9.0,7.0,,10.0,17.0,6.0,0.0,0.0,,,0.0,0.0,
18968,2023,Tottenham,47,28.0,26.0,2083.0,7.067857,False,2.0,16.0,2.0,18.0,5.0,0.0,0.0,,,1834.0,11.0,60.0,78.0,5.0,37.0,262.0,150.0,39.0,27.0,,31.0,35.0,10.0,1.0,1.0,,,0.0,0.0,
18968,2024,Tottenham,47,28.0,16.0,1407.0,6.632142,False,12.0,12.0,18.0,7.0,4.0,2.0,0.0,0.0,,846.0,6.0,,49.0,6.0,18.0,160.0,81.0,22.0,7.0,,18.0,28.0,7.0,0.0,0.0,,,0.0,0.0,
18968,2025,Tottenham,47,8.0,5.0,463.0,6.68,False,3.0,4.0,4.0,4.0,2.0,0.0,0.0,0.0,,240.0,,87.0,18.0,3.0,9.0,40.0,29.0,2.0,2.0,,5.0,4.0,3.0,0.0,0.0,,,0.0,0.0,
18970,2022,Brighton,51,37.0,37.0,3245.0,7.272972,False,0.0,,,26.0,19.0,9.0,0.0,8.0,,2027.0,82.0,47.0,59.0,10.0,13.0,235.0,104.0,30.0,17.0,,18.0,35.0,7.0,,0.0,,,0.0,0.0,
18970,2023,Brighton,51,36.0,36.0,3114.0,7.577777,False,0.0,,,35.0,20.0,4.0,0.0,10.0,,2927.0,105.0,73.0,70.0,8.0,22.0,248.0,127.0,29.0,16.0,,27.0,23.0,6.0,,0.0,,,1.0,0.0,
18970,2024,Brighton,51,0.0,0.0,0.0,,False,0.0,0.0,0.0,,,0.0,,,,,,,,,,,,,,,,,0.0,0.0,0.0,,,,,
18970,2025,Brighton,51,13.0,12.0,1096.0,7.12,False,1.0,2.0,1.0,7.0,4.0,1.0,0.0,2.0,,669.0,24.0,84.0,21.0,4.0,9.0,92.0,48.0,14.0,6.0,,12.0,12.0,2.0,0.0,0.0,,,0.0,0.0,
18972,2022,Fulham,36,0.0,0.0,0.0,,False,0.0,0.0,0.0,,,0.0,,,,,,,,,,,,,,,,,0.0,0.0,0.0,,,,,
18972,2023,Fulham,36,,,,,False,,,,,,,,,,,,,,,,,,,,,,,,,,,,,,
18973,2022,Brighton,51,33.0,31.0,2724.0,7.3,False,2.0,,,52.0,34.0,7.0,0.0,7.0,,1101.0,67.0,,53.0,3.0,24.0,350.0,179.0,93.0,58.0,,39.0,46.0,2.0,,0.0,,,0.0,0.0,
18973,2022,Brighton,51,33.0,31.0,2724.0,7.3,False,2.0,,,52.0,34.0,7.0,0.0,7.0,,1101.0,67.0,,53.0,3.0,24.0,350.0,179.0,93.0,58.0,,39.0,46.0,2.0,,0.0,,,0.0,0.0,
18973,2023,Brighton,51,8.0,7.0,558.0,7.385714,False,1.0,,,8.0,6.0,3.0,0.0,1.0,,221.0,7.0,,19.0,,11.0,81.0,41.0,16.0,8.0,,8.0,12.0,1.0,,0.0,,,0.0,0.0,
18973,2024,Brighton,51,13.0,7.0,168.0,6.628571,False,6.0,,,1.0,,,0.0,0.0,,69.0,3.0,,6.0,,2.0,21.0,10.0,4.0,1.0,,2.0,2.0,2.0,,0.0,,,0.0,0.0,
18973,2025,Brighton,51,1.0,0.0,11.0,6.6,False,1.0,0.0,3.0,,,0.0,0.0,0.0,,,,,,,,1.0,1.0,,,,1.0,,0.0,0.0,0.0,,,0.0,0.0,
18978,2022,Brighton,51,0.0,0.0,0.0,,False,0.0,0.0,0.0,,,0.0,,,,,,,,,,,,,,,,,0.0,0.0,0.0,,,,,
18979,2025,Arsenal,42,30.0,24.0,1997.0,6.6,False,6.0,15.0,6.0,35.0,18.0,12.0,0.0,0.0,,281.0,16.0,59.0,6.0,2.0,1.0,203.0,63.0,34.0,6.0,,25.0,30.0,5.0,0.0,0.0,,,3.0,0.0,
18985,2022,Leicester,46,0.0,0.0,0.0,,False,0.0,0.0,3.0,,,0.0,0.0,,,,,,,,,,,,,,,,0.0,0.0,0.0,,,0.0,0.0,0.0
18996,2022,Nottingham Forest,65,0.0,0.0,0.0,,False,0.0,0.0,0.0,,,0.0,,,,,,,,,,,,,,,,,0.0,0.0,0.0,,,,,
18996,2023,Nottingham Forest,65,,,,,False,,,,,,,,,,,,,,,,,,,,,,,,,,,,,,
19004,2022,Fulham,36,36.0,29.0,2486.0,6.630555,False,7.0,18.0,8.0,22.0,10.0,4.0,0.0,1.0,,782.0,19.0,,42.0,3.0,20.0,244.0,94.0,44.0,18.0,,22.0,34.0,8.0,0.0,0.0,,,0.0,0.0,
19004,2023,Fulham,36,33.0,17.0,1424.0,6.76875,False,16.0,16.0,21.0,26.0,8.0,6.0,0.0,2.0,,440.0,17.0,,22.0,2.0,5.0,142.0,68.0,20.0,8.0,,25.0,16.0,4.0,0.0,0.0,,,0.0,0.0,
19004,2024,Fulham,36,,,,,False,,,,,,,,,,,,,,,,,,,,,,,,,,,,,,
19004,2024,Leicester,46,23.0,9.0,740.0,6.490476,False,14.0,9.0,23.0,5.0,3.0,1.0,0.0,2.0,,186.0,6.0,,9.0,1.0,,75.0,24.0,8.0,,,9.0,9.0,2.0,0.0,0.0,,,0.0,0.0,
19012,2022,Chelsea,49,0.0,0.0,0.0,,False,0.0,0.0,17.0,,,0.0,0.0,,,,,,,,,,,,,,,,0.0,0.0,0.0,,,0.0,0.0,0.0
19012,2023,Chelsea,49,18.0,8.0,,,False,10.0,,,,,,0.0,,,,,,,,,,,,,,,,1.0,,0.0,,,0.0,0.0,0.0
19012,2024,Chelsea,49,0.0,0.0,0.0,,False,0.0,0.0,5.0,,,0.0,0.0,,,,,,,,,,,,,,,,0.0,0.0,0.0,,,0.0,0.0,0.0
19012,2025,Manchester City,50,0.0,0.0,,,False,0.0,0.0,1.0,,,0.0,0.0,0.0,,,,,,,,,,,,,,,0.0,0.0,0.0,,,0.0,0.0,
19015,2022,Fulham,36,0.0,0.0,0.0,,False,0.0,0.0,0.0,,,0.0,,,,,,,,,,,,,,,,,0.0,0.0,0.0,,,,,
19016,2022,Aston Villa,66,14.0,2.0,342.0,6.541666,False,12.0,0.0,34.0,1.0,,0.0,0.0,,,192.0,2.0,,9.0,4.0,7.0,30.0,14.0,,,,2.0,7.0,2.0,0.0,0.0,,,0.0,0.0,
19016,2023,Aston Villa,66,31.0,16.0,159.0,6.56,False,15.0,,,,,,0.0,1.0,,113.0,1.0,,3.0,1.0,2.0,12.0,6.0,1.0,1.0,,1.0,3.0,1.0,,0.0,,,0.0,0.0,
19016,2024,Aston Villa,66,0.0,0.0,0.0,,False,0.0,0.0,0.0,,,0.0,,,,,,,,,,,,,,,,,0.0,0.0,0.0,,,,,
19023,2022,Fulham,36,33.0,33.0,2899.0,6.863636,False,0.0,2.0,0.0,3.0,2.0,1.0,0.0,,,1901.0,3.0,50.0,30.0,24.0,41.0,165.0,95.0,13.0,10.0,,7.0,18.0,2.0,0.0,0.0,,,0.0,0.0,
19023,2023,Fulham,36,31.0,23.0,1505.0,6.783333,False,8.0,,,1.0,1.0,1.0,0.0,0.0,,1057.0,,52.0,20.0,15.0,25.0,97.0,57.0,7.0,6.0,,6.0,8.0,4.0,,1.0,,,0.0,0.0,
19023,2024,Fulham,36,0.0,0.0,0.0,,False,0.0,0.0,0.0,,,0.0,,,,,,,,,,,,,,,,,0.0,0.0,0.0,,,,,
19025,2022,Fulham,36,33.0,6.0,967.0,6.731034,False,27.0,6.0,27.0,8.0,3.0,2.0,0.0,,,707.0,12.0,,17.0,3.0,5.0,106.0,56.0,17.0,9.0,,22.0,8.0,2.0,0.0,0.0,,,0.0,0.0,
19025,2023,Fulham,36,38.0,28.0,1500.0,6.994117,False,10.0,,,14.0,8.0,1.0,0.0,4.0,,1240.0,26.0,,24.0,4.0,13.0,147.0,87.0,31.0,26.0,,23.0,15.0,3.0,,0.0,,,0.0,0.0,
19025,2024,Fulham,36,35.0,21.0,632.0,6.856,False,14.0,,,7.0,4.0,2.0,0.0,0.0,,606.0,11.0,,13.0,1.0,4.0,70.0,42.0,9.0,5.0,,19.0,8.0,3.0,,1.0,,,0.0,0.0,
19025,2025,Fulham,36,20.0,4.0,592.0,6.71,False,16.0,4.0,26.0,7.0,1.0,1.0,0.0,0.0,,481.0,5.0,92.0,4.0,1.0,2.0,47.0,23.0,6.0,2.0,,9.0,8.0,3.0,0.0,0.0,,,0.0,0.0,
19027,2022,Fulham,36,17.0,9.0,764.0,6.606666,False,8.0,8.0,11.0,8.0,2.0,0.0,0.0,3.0,,188.0,13.0,,17.0,,1.0,97.0,44.0,23.0,9.0,,16.0,8.0,0.0,0.0,0.0,,,0.0,0.0,
19030,2024,Brighton,51,21.0,11.0,938.0,6.885714,False,10.0,11.0,13.0,15.0,7.0,2.0,0.0,2.0,,360.0,21.0,,16.0,3.0,13.0,83.0,42.0,12.0,8.0,,13.0,16.0,1.0,0.0,0.0,,,1.0,0.0,
19030,2025,Brighton,51,4.0,2.0,187.0,6.77,False,2.0,1.0,5.0,4.0,2.0,1.0,0.0,0.0,,60.0,4.0,86.0,4.0,1.0,,18.0,6.0,1.0,,,1.0,2.0,0.0,0.0,0.0,,,1.0,0.0,
19032,2022,Tottenham,47,17.0,9.0,811.0,6.594117,False,8.0,6.0,12.0,11.0,6.0,2.0,0.0,,,290.0,6.0,,16.0,1.0,6.0,82.0,37.0,9.0,5.0,,6.0,15.0,4.0,0.0,0.0,,,0.0,0.0,
19032,2023,Tottenham,47,0.0,0.0,0.0,,False,0.0,0.0,0.0,,,0.0,,,,,,,,,,,,,,,,,0.0,0.0,0.0,,,,,
19032,2024,Tottenham,47,,,,,False,,,,,,,,,,,,,,,,,,,,,,,,,,,,,,
19032,2024,Fulham,36,16.0,7.0,578.0,6.957142,False,9.0,6.0,25.0,11.0,8.0,4.0,0.0,2.0,,212.0,12.0,,27.0,1.0,3.0,106.0,47.0,18.0,8.0,,4.0,20.0,1.0,0.0,0.0,,,0.0,0.0,
19032,2025,Fulham,36,25.0,18.0,1660.0,6.58,False,7.0,4.0,7.0,8.0,3.0,2.0,0.0,1.0,,636.0,12.0,76.0,44.0,8.0,21.0,170.0,73.0,22.0,7.0,,3.0,31.0,0.0,0.0,0.0,,2.0,0.0,0.0,
19035,2022,Liverpool,40,32.0,18.0,1613.0,6.786666,False,14.0,14.0,19.0,22.0,12.0,1.0,0.0,2.0,,957.0,27.0,,27.0,1.0,15.0,168.0,75.0,34.0,19.0,,25.0,14.0,2.0,0.0,0.0,,,0.0,0.0,
19035,2023,Liverpool,40,34.0,11.0,1337.0,7.135294,False,23.0,7.0,27.0,30.0,17.0,3.0,0.0,6.0,,904.0,37.0,,27.0,,6.0,117.0,58.0,19.0,9.0,,13.0,7.0,2.0,0.0,0.0,,,0.0,0.0,
19035,2024,Liverpool,40,18.0,2.0,356.0,6.83125,False,16.0,1.0,28.0,13.0,4.0,1.0,0.0,2.0,,269.0,10.0,,5.0,2.0,1.0,27.0,11.0,8.0,4.0,,1.0,,1.0,0.0,0.0,,,0.0,0.0,
19035,2025,Liverpool,40,1.0,0.0,8.0,6.5,False,1.0,0.0,3.0,,,0.0,0.0,0.0,,8.0,,50.0,,,,1.0,,1.0,,,,,0.0,0.0,0.0,,,0.0,0.0,
19035,2025,Aston Villa,66,4.0,1.0,109.0,6.55,False,3.0,1.0,7.0,1.0,,0.0,0.0,0.0,,74.0,1.0,87.0,,1.0,,4.0,3.0,,,,2.0,,0.0,0.0,0.0,,,0.0,0.0,
19043,2022,Fulham,36,0.0,0.0,0.0,,False,0.0,0.0,0.0,,,0.0,,,,,,,,,,,,,,,,,0.0,0.0,0.0,,,,,
19043,2023,Fulham,36,0.0,0.0,0.0,,False,0.0,0.0,0.0,,,0.0,,,,,,,,,,,,,,,,,0.0,0.0,0.0,,,,,
19043,2024,NAC Breda,203,0.0,0.0,0.0,,False,0.0,0.0,0.0,,,0.0,,,,,,,,,,,,,,,,,0.0,0.0,0.0,,,,,
19061,2023,Luton,1359,0.0,0.0,0.0,,False,0.0,0.0,37.0,,,0.0,0.0,,,,,,,,,,,,,,,,0.0,0.0,0.0,,,0.0,0.0,0.0
19070,2023,Bournemouth,35,25.0,19.0,1249.0,6.510526,False,6.0,,,1.0,,,0.0,1.0,,451.0,7.0,,29.0,5.0,8.0,131.0,74.0,26.0,14.0,,26.0,12.0,1.0,,0.0,,,0.0,0.0,
19070,2024,Bournemouth,35,14.0,8.0,85.0,6.8,False,6.0,,,,,,0.0,0.0,,51.0,,,2.0,1.0,1.0,5.0,4.0,1.0,,,2.0,,0.0,,0.0,,,0.0,0.0,
19071,2022,Aston Villa,66,38.0,27.0,2420.0,6.754054,False,11.0,19.0,11.0,30.0,12.0,5.0,0.0,2.0,,992.0,42.0,,51.0,2.0,20.0,381.0,146.0,54.0,28.0,,44.0,43.0,0.0,0.0,0.0,,,0.0,0.0,
19071,2023,Aston Villa,66,0.0,0.0,0.0,,False,0.0,0.0,0.0,,,0.0,,,,,,,,,,,,,,,,,0.0,0.0,0.0,,,,,
19071,2024,Aston Villa,66,12.0,0.0,87.0,6.56,False,12.0,0.0,23.0,4.0,,0.0,0.0,0.0,,60.0,1.0,,6.0,1.0,,27.0,12.0,2.0,,,6.0,4.0,1.0,0.0,0.0,,,0.0,0.0,
19071,2025,Aston Villa,66,30.0,18.0,1492.0,6.82,False,12.0,16.0,13.0,27.0,9.0,5.0,0.0,2.0,,563.0,25.0,81.0,38.0,3.0,9.0,231.0,99.0,27.0,8.0,,33.0,35.0,6.0,0.0,0.0,,,0.0,0.0,
19073,2022,Everton,45,13.0,10.0,803.0,6.384615,False,3.0,4.0,8.0,4.0,1.0,0.0,0.0,1.0,,226.0,3.0,,20.0,6.0,8.0,93.0,43.0,6.0,3.0,,5.0,10.0,2.0,0.0,0.0,,,0.0,0.0,
19073,2023,Everton,45,38.0,24.0,1129.0,6.871428,False,14.0,,,10.0,4.0,,0.0,,,341.0,3.0,,30.0,8.0,16.0,126.0,66.0,14.0,5.0,,6.0,8.0,2.0,,0.0,,,0.0,0.0,
19073,2024,Everton,45,,,,,False,,,,,,,,,,,,,,,,,,,,,,,,,,,,,,
19073,2024,Ipswich,57,11.0,7.0,159.0,6.1,False,4.0,,,,,,0.0,0.0,,50.0,,,1.0,1.0,2.0,6.0,4.0,,,,,1.0,1.0,,0.0,,,0.0,0.0,
19076,2022,Newcastle,34,2.0,0.0,9.0,6.3,False,2.0,0.0,22.0,,,0.0,0.0,,,14.0,,,,,,1.0,,,,,,,0.0,0.0,0.0,,,0.0,0.0,
19076,2023,Newcastle,34,0.0,0.0,0.0,,False,0.0,0.0,0.0,,,0.0,,,,,,,,,,,,,,,,,0.0,0.0,0.0,,,,,
19076,2024,Newcastle,34,0.0,0.0,0.0,,False,0.0,0.0,0.0,,,0.0,,,,,,,,,,,,,,,,,0.0,0.0,0.0,,,,,
19083,2023,Luton,1359,38.0,32.0,2866.0,7.007894,False,6.0,10.0,6.0,59.0,31.0,11.0,0.0,4.0,,720.0,22.0,,15.0,5.0,1.0,514.0,222.0,51.0,31.0,,43.0,49.0,4.0,0.0,0.0,,,5.0,0.0,
19088,2022,Nottingham Forest,65,18.0,18.0,1620.0,6.844444,False,0.0,0.0,0.0,,,0.0,31.0,,55.0,562.0,,,,,,3.0,2.0,,,,1.0,1.0,2.0,0.0,0.0,,,0.0,0.0,3.0
19088,2022,Crystal Palace,52,18.0,18.0,1620.0,6.844444,False,0.0,,,,,,31.0,,55.0,562.0,,,,,,3.0,2.0,,,,1.0,1.0,2.0,,0.0,,,0.0,0.0,3.0
19088,2023,Manchester United,33,0.0,0.0,0.0,6.85,False,0.0,0.0,3.0,,,0.0,30.0,0.0,58.0,430.0,,,1.0,,,8.0,7.0,,,,2.0,,0.0,0.0,0.0,,,0.0,0.0,0.0
19088,2023,Crystal Palace,52,25.0,21.0,1620.0,6.85,False,4.0,,,,,,30.0,0.0,58.0,430.0,,,1.0,,,8.0,7.0,,,,2.0,,2.0,,0.0,,,0.0,0.0,0.0
19088,2024,Crystal Palace,52,38.0,38.0,3420.0,6.944736,False,0.0,,,1.0,,,51.0,0.0,104.0,1101.0,3.0,,2.0,,,20.0,15.0,,,,2.0,,3.0,,0.0,,,0.0,0.0,1.0
19088,2025,Crystal Palace,52,30.0,30.0,2700.0,7.04,False,0.0,0.0,0.0,,,0.0,36.0,0.0,88.0,914.0,1.0,55.0,,,2.0,20.0,17.0,1.0,1.0,,5.0,1.0,3.0,0.0,0.0,,1.0,0.0,0.0,1.0
19089,2025,Sunderland,746,0.0,0.0,,,False,0.0,0.0,4.0,,,0.0,0.0,0.0,,,,,,,,,,,,,,,0.0,0.0,0.0,,,0.0,0.0,
19090,2023,Sheffield Utd,62,13.0,11.0,969.0,6.623076,False,2.0,2.0,3.0,1.0,,0.0,0.0,1.0,,319.0,7.0,,18.0,8.0,10.0,105.0,51.0,10.0,6.0,,14.0,19.0,4.0,0.0,0.0,,,0.0,0.0,
19091,2023,Sheffield Utd,62,8.0,3.0,319.0,6.65,False,5.0,2.0,5.0,2.0,,0.0,0.0,,,122.0,2.0,,7.0,4.0,5.0,41.0,20.0,4.0,3.0,,3.0,3.0,1.0,0.0,0.0,,,0.0,0.0,
19093,2023,Sheffield Utd,62,6.0,6.0,484.0,6.383333,False,0.0,2.0,0.0,2.0,1.0,0.0,0.0,,,183.0,,,6.0,4.0,13.0,42.0,21.0,,,,1.0,6.0,2.0,0.0,0.0,,,0.0,0.0,
19102,2023,Sheffield Utd,62,9.0,5.0,89.0,6.55,False,4.0,,,,,,0.0,,,40.0,2.0,,1.0,,,15.0,5.0,,,,2.0,2.0,1.0,,0.0,,,0.0,0.0,
19105,2023,Sheffield Utd,62,27.0,16.0,1433.0,6.725925,False,11.0,4.0,20.0,11.0,6.0,1.0,0.0,,,855.0,17.0,,41.0,9.0,21.0,128.0,65.0,2.0,1.0,,9.0,15.0,8.0,0.0,0.0,,,1.0,0.0,
19115,2023,Burnley,44,0.0,0.0,0.0,,False,0.0,0.0,0.0,,,0.0,,,,,,,,,,,,,,,,,0.0,0.0,0.0,,,,,
19116,2022,Leeds,63,29.0,22.0,2048.0,6.575,False,7.0,1.0,11.0,15.0,5.0,2.0,0.0,1.0,,870.0,12.0,,66.0,11.0,26.0,302.0,160.0,30.0,13.0,,35.0,15.0,3.0,0.0,0.0,,,0.0,0.0,
19118,2022,Leeds,63,18.0,16.0,1426.0,6.711111,False,2.0,2.0,9.0,8.0,3.0,1.0,0.0,,,784.0,5.0,,38.0,8.0,34.0,164.0,105.0,2.0,1.0,,10.0,12.0,5.0,0.0,0.0,,,0.0,0.0,
19119,2024,Ipswich,57,33.0,32.0,2746.0,6.787878,False,1.0,,,11.0,2.0,1.0,0.0,2.0,,949.0,61.0,,45.0,8.0,25.0,225.0,123.0,31.0,13.0,,31.0,27.0,5.0,,1.0,,,0.0,0.0,
19124,2022,Brentford,55,12.0,9.0,723.0,6.81,False,3.0,2.0,6.0,4.0,2.0,1.0,0.0,,,315.0,,,5.0,9.0,9.0,49.0,32.0,2.0,2.0,,1.0,2.0,0.0,0.0,0.0,,,0.0,0.0,
19126,2022,Leeds,63,0.0,0.0,0.0,,False,0.0,0.0,0.0,,,0.0,,,,,,,,,,,,,,,,,0.0,0.0,0.0,,,,,
19127,2022,Leeds,63,12.0,5.0,477.0,6.65,False,7.0,4.0,11.0,,,0.0,0.0,,,222.0,8.0,,12.0,1.0,4.0,60.0,27.0,11.0,8.0,,5.0,6.0,0.0,0.0,0.0,,,0.0,0.0,
19128,2022,Leeds,63,36.0,34.0,2728.0,6.747222,False,2.0,23.0,3.0,27.0,14.0,5.0,0.0,7.0,,932.0,55.0,,40.0,2.0,22.0,369.0,130.0,107.0,48.0,,37.0,38.0,2.0,0.0,0.0,,,0.0,0.0,
19128,2023,Everton,45,29.0,25.0,2218.0,6.817241,False,4.0,8.0,5.0,21.0,9.0,3.0,0.0,3.0,,534.0,28.0,,37.0,5.0,12.0,257.0,106.0,68.0,29.0,,30.0,20.0,1.0,0.0,0.0,,,0.0,0.0,
19128,2024,Everton,45,34.0,24.0,2084.0,6.657575,False,10.0,16.0,14.0,19.0,7.0,1.0,0.0,0.0,,513.0,34.0,,32.0,2.0,10.0,244.0,88.0,67.0,24.0,,28.0,13.0,0.0,0.0,0.0,,,0.0,0.0,
19128,2025,Leeds,63,11.0,1.0,263.0,6.59,False,10.0,1.0,19.0,5.0,2.0,0.0,0.0,0.0,,116.0,2.0,79.0,5.0,,4.0,24.0,13.0,7.0,3.0,,4.0,1.0,0.0,0.0,0.0,,1.0,0.0,0.0,
19130,2022,Manchester City,50,12.0,2.0,290.0,6.733333,False,10.0,0.0,25.0,4.0,,0.0,0.0,,,312.0,3.0,,6.0,3.0,5.0,35.0,14.0,1.0,1.0,,2.0,10.0,1.0,0.0,0.0,,,0.0,0.0,
19130,2023,West Ham,48,8.0,3.0,307.0,6.65,False,5.0,2.0,9.0,1.0,,0.0,0.0,,,68.0,,,3.0,,2.0,13.0,6.0,3.0,1.0,,2.0,3.0,2.0,1.0,0.0,,,0.0,0.0,
19130,2023,Manchester City,50,4.0,0.0,89.0,6.65,False,4.0,0.0,20.0,1.0,,0.0,0.0,,,68.0,,,3.0,,2.0,13.0,6.0,3.0,1.0,,2.0,3.0,0.0,0.0,0.0,,,0.0,0.0,
19130,2024,West Ham,48,,,,,False,,,,,,,,,,,,,,,,,,,,,,,,,,,,,,
19130,2024,Ipswich,57,19.0,14.0,1239.0,6.615789,False,5.0,7.0,11.0,5.0,2.0,0.0,0.0,0.0,,528.0,5.0,,35.0,6.0,19.0,157.0,67.0,11.0,5.0,,20.0,28.0,5.0,1.0,0.0,,,0.0,0.0,
19130,2024,Manchester City,50,0.0,0.0,0.0,6.615789,False,0.0,0.0,0.0,5.0,2.0,0.0,0.0,0.0,,528.0,5.0,,35.0,6.0,19.0,157.0,67.0,11.0,5.0,,20.0,28.0,0.0,0.0,0.0,,,0.0,0.0,
19134,2022,Leeds,63,28.0,18.0,1521.0,6.585714,False,10.0,16.0,10.0,36.0,17.0,4.0,0.0,2.0,,326.0,12.0,,9.0,5.0,5.0,204.0,83.0,30.0,11.0,,27.0,25.0,3.0,0.0,0.0,,,0.0,2.0,
19136,2024,Ipswich,57,35.0,23.0,1186.0,6.73125,False,12.0,,,9.0,2.0,,0.0,4.0,,370.0,28.0,,32.0,,7.0,175.0,87.0,43.0,25.0,,23.0,15.0,2.0,,0.0,,,0.0,0.0,
19143,2022,Crystal Palace,52,30.0,18.0,810.0,6.977777,False,12.0,,,,,,10.0,,26.0,238.0,,,,,,4.0,3.0,,,,,1.0,1.0,,0.0,,,0.0,0.0,0.0
19143,2023,Crystal Palace,52,24.0,22.0,1797.0,6.845,False,2.0,,,,,,27.0,,41.0,531.0,,,1.0,,1.0,5.0,3.0,,,,,1.0,1.0,,0.0,,,0.0,0.0,0.0
19143,2024,Wolves,39,7.0,7.0,630.0,,False,0.0,0.0,16.0,,,0.0,0.0,,,,,,,,,,,,,,,,0.0,0.0,0.0,,,0.0,0.0,0.0
19143,2024,Crystal Palace,52,2.0,1.0,,,False,1.0,,,,,,0.0,,,,,,,,,,,,,,,,0.0,,0.0,,,0.0,0.0,0.0
19143,2025,Wolves,39,12.0,12.0,1080.0,6.93,False,0.0,0.0,18.0,,,0.0,24.0,0.0,39.0,438.0,,55.0,2.0,,,6.0,5.0,,,,,,0.0,0.0,0.0,,,0.0,0.0,0.0
19145,2022,Fulham,36,25.0,23.0,2083.0,6.883333,False,2.0,0.0,15.0,12.0,4.0,1.0,0.0,,,1284.0,6.0,44.0,30.0,15.0,26.0,154.0,99.0,7.0,5.0,,5.0,17.0,4.0,0.0,0.0,,,0.0,0.0,
19145,2023,Fulham,36,20.0,18.0,1616.0,7.015789,False,2.0,1.0,4.0,12.0,5.0,2.0,0.0,,,1208.0,2.0,56.0,21.0,11.0,25.0,132.0,82.0,1.0,1.0,,5.0,10.0,2.0,0.0,0.0,,,0.0,0.0,
19145,2024,Fulham,36,,,,,False,,,,,,,,,,,,,,,,,,,,,,,,,,,,,,
19145,2024,Chelsea,49,22.0,15.0,1403.0,6.95,False,7.0,2.0,23.0,9.0,2.0,1.0,0.0,1.0,,1174.0,2.0,51.0,17.0,7.0,11.0,113.0,72.0,5.0,4.0,,9.0,8.0,4.0,0.0,0.0,,,0.0,0.0,
19145,2025,Chelsea,49,15.0,7.0,751.0,6.94,False,8.0,1.0,17.0,1.0,,0.0,0.0,0.0,,704.0,1.0,90.0,15.0,5.0,9.0,76.0,53.0,,,,,5.0,2.0,0.0,0.0,,,0.0,0.0,
19147,2022,Wolves,39,17.0,17.0,1417.0,6.7875,False,0.0,3.0,1.0,6.0,1.0,1.0,0.0,,,305.0,1.0,,10.0,6.0,6.0,47.0,27.0,1.0,,,3.0,6.0,4.0,0.0,0.0,,,0.0,0.0,
19147,2022,West Ham,48,8.0,8.0,720.0,6.7875,False,0.0,0.0,1.0,6.0,1.0,0.0,0.0,,,305.0,1.0,,10.0,6.0,6.0,47.0,27.0,1.0,,,3.0,6.0,2.0,0.0,0.0,,,0.0,0.0,
19147,2023,Wolves,39,25.0,25.0,2211.0,7.144,False,0.0,2.0,2.0,13.0,5.0,1.0,0.0,1.0,,1272.0,9.0,44.0,30.0,39.0,16.0,177.0,111.0,3.0,3.0,,15.0,20.0,7.0,0.0,0.0,,,0.0,0.0,
19147,2024,Wolves,39,15.0,10.0,967.0,6.633333,False,5.0,1.0,11.0,4.0,1.0,0.0,0.0,0.0,,558.0,2.0,,15.0,11.0,9.0,64.0,42.0,3.0,1.0,,5.0,6.0,2.0,0.0,0.0,,,0.0,0.0,
19150,2022,Everton,45,8.0,5.0,507.0,6.5875,False,3.0,2.0,23.0,2.0,1.0,0.0,0.0,,,196.0,6.0,,11.0,3.0,7.0,53.0,27.0,3.0,3.0,,4.0,9.0,2.0,1.0,0.0,,,0.0,0.0,
19150,2023,Sheffield Utd,62,10.0,9.0,714.0,6.13,False,1.0,4.0,3.0,2.0,,0.0,0.0,0.0,,165.0,1.0,,12.0,5.0,11.0,50.0,26.0,2.0,1.0,,4.0,8.0,3.0,0.0,1.0,,,0.0,0.0,
19150,2023,Everton,45,0.0,0.0,0.0,6.13,False,0.0,0.0,0.0,2.0,,0.0,0.0,0.0,,165.0,1.0,,12.0,5.0,11.0,50.0,26.0,2.0,1.0,,4.0,8.0,0.0,0.0,0.0,,,0.0,0.0,
19150,2024,Everton,45,1.0,0.0,5.0,6.2,False,1.0,0.0,2.0,,,0.0,0.0,0.0,,,,,,,,1.0,,,,,,,0.0,0.0,0.0,,,0.0,0.0,
19152,2024,Ipswich,57,32.0,17.0,342.0,7.0,False,15.0,,,,,,0.0,1.0,,94.0,4.0,,11.0,6.0,4.0,32.0,21.0,,,,4.0,2.0,1.0,,0.0,,,0.0,0.0,
19163,2022,Newcastle,34,36.0,14.0,1243.0,6.688235,False,22.0,13.0,23.0,21.0,10.0,4.0,0.0,2.0,,383.0,20.0,,15.0,,7.0,121.0,46.0,35.0,14.0,,14.0,8.0,0.0,0.0,0.0,,,0.0,0.0,
19163,2023,Newcastle,34,21.0,14.0,1193.0,7.23,False,7.0,10.0,12.0,21.0,10.0,3.0,0.0,7.0,,421.0,31.0,,20.0,,5.0,110.0,52.0,26.0,13.0,,15.0,7.0,1.0,0.0,0.0,,,0.0,0.0,
19163,2024,Newcastle,34,35.0,31.0,2379.0,7.128571,False,4.0,25.0,6.0,31.0,15.0,8.0,0.0,11.0,,844.0,41.0,,28.0,,13.0,202.0,83.0,66.0,35.0,,15.0,11.0,4.0,0.0,0.0,,,0.0,0.0,
19163,2025,Newcastle,34,27.0,15.0,1344.0,6.73,False,12.0,14.0,15.0,26.0,12.0,3.0,0.0,1.0,,421.0,19.0,71.0,14.0,2.0,3.0,110.0,46.0,34.0,18.0,,8.0,6.0,1.0,0.0,0.0,,1.0,0.0,0.0,
19169,2023,Burnley,44,21.0,7.0,811.0,6.62,False,14.0,3.0,28.0,16.0,8.0,2.0,0.0,1.0,,215.0,4.0,,14.0,1.0,1.0,116.0,47.0,9.0,6.0,,6.0,18.0,0.0,0.0,0.0,,,1.0,0.0,
19170,2023,Aston Villa,66,14.0,11.0,640.0,6.82,False,3.0,,,8.0,5.0,3.0,0.0,1.0,,188.0,9.0,,8.0,,3.0,93.0,41.0,29.0,17.0,,9.0,12.0,3.0,,0.0,,,0.0,0.0,
19170,2024,Aston Villa,66,37.0,37.0,3129.0,6.989189,False,0.0,,,34.0,20.0,8.0,0.0,10.0,,865.0,52.0,,43.0,7.0,6.0,445.0,173.0,140.0,66.0,,51.0,50.0,10.0,,0.0,,,0.0,0.0,
19170,2025,Aston Villa,66,32.0,32.0,2835.0,6.81,False,0.0,5.0,0.0,53.0,30.0,8.0,0.0,5.0,,916.0,41.0,76.0,34.0,3.0,12.0,381.0,134.0,105.0,35.0,,41.0,39.0,6.0,0.0,0.0,,1.0,0.0,0.0,
19173,2022,Wolves,39,0.0,0.0,0.0,,False,0.0,0.0,20.0,,,0.0,0.0,,,,,,,,,,,,,,,,0.0,0.0,0.0,,,0.0,0.0,2.0
19173,2023,Wolves,39,0.0,0.0,0.0,,False,0.0,0.0,0.0,,,0.0,,,,,,,,,,,,,,,,,0.0,0.0,0.0,,,,,
19174,2022,Aston Villa,66,0.0,0.0,0.0,,False,0.0,0.0,0.0,,,0.0,,,,,,,,,,,,,,,,,0.0,0.0,0.0,,,,,
19174,2023,Aston Villa,66,,,,,False,,,,,,,,,,,,,,,,,,,,,,,,,,,,,,
19177,2022,Aston Villa,66,0.0,0.0,0.0,,False,0.0,0.0,0.0,,,0.0,,,,,,,,,,,,,,,,,0.0,0.0,0.0,,,,,
19177,2023,Aston Villa,66,0.0,0.0,0.0,,False,0.0,0.0,0.0,,,0.0,,,,,,,,,,,,,,,,,0.0,0.0,0.0,,,,,
19177,2024,Aston Villa,66,0.0,0.0,0.0,,False,0.0,0.0,0.0,,,0.0,,,,,,,,,,,,,,,,,0.0,0.0,0.0,,,,,
19179,2022,Aston Villa,66,35.0,35.0,3150.0,6.914285,False,0.0,0.0,1.0,4.0,2.0,1.0,0.0,2.0,,1887.0,5.0,46.0,15.0,21.0,54.0,168.0,104.0,9.0,6.0,,22.0,18.0,7.0,0.0,0.0,,,0.0,0.0,
19179,2022,Aston Villa,66,35.0,35.0,3150.0,6.914285,False,0.0,0.0,1.0,4.0,2.0,1.0,0.0,2.0,,1887.0,5.0,46.0,15.0,21.0,54.0,168.0,104.0,9.0,6.0,,22.0,18.0,7.0,0.0,0.0,,,0.0,0.0,
19179,2023,Aston Villa,66,1.0,1.0,31.0,6.7,False,0.0,1.0,0.0,,,0.0,0.0,,,5.0,1.0,,,,1.0,1.0,1.0,,,,,,0.0,0.0,0.0,,,0.0,0.0,
19179,2024,Aston Villa,66,14.0,12.0,1121.0,7.028571,False,2.0,3.0,15.0,7.0,1.0,0.0,0.0,0.0,,675.0,3.0,42.0,7.0,11.0,7.0,74.0,47.0,3.0,2.0,,11.0,4.0,1.0,0.0,0.0,,,0.0,0.0,
19179,2025,Aston Villa,66,13.0,11.0,963.0,6.78,False,2.0,1.0,7.0,3.0,,0.0,0.0,0.0,,635.0,5.0,89.0,4.0,7.0,8.0,73.0,40.0,4.0,2.0,,5.0,5.0,0.0,0.0,0.0,,,0.0,0.0,
19182,2022,Manchester United,33,0.0,0.0,0.0,,False,0.0,0.0,0.0,,,0.0,,,,,,,,,,,,,,,,,0.0,0.0,0.0,,,,,
19182,2024,Ipswich,57,22.0,21.0,1717.0,6.523809,False,1.0,,,2.0,,,0.0,1.0,,671.0,5.0,,31.0,10.0,22.0,120.0,69.0,10.0,4.0,,12.0,17.0,5.0,,1.0,,,0.0,0.0,
19182,2025,Burnley,44,11.0,11.0,932.0,6.54,False,0.0,2.0,0.0,2.0,1.0,1.0,0.0,0.0,,445.0,,84.0,12.0,9.0,8.0,68.0,33.0,,,,2.0,10.0,1.0,0.0,0.0,,1.0,0.0,0.0,
19185,2022,Aston Villa,66,0.0,0.0,0.0,,False,0.0,0.0,0.0,,,0.0,,,,,,,,,,,,,,,,,0.0,0.0,0.0,,,,,
19185,2023,Aston Villa,66,0.0,0.0,0.0,,False,0.0,0.0,0.0,,,0.0,,,,,,,,,,,,,,,,,0.0,0.0,0.0,,,,,
19187,2022,Manchester City,50,33.0,28.0,2063.0,7.310714,False,5.0,,,29.0,16.0,5.0,0.0,7.0,,989.0,50.0,,25.0,3.0,7.0,270.0,162.0,73.0,45.0,,78.0,27.0,4.0,,0.0,,,0.0,0.0,
19187,2023,Manchester City,50,29.0,19.0,1021.0,7.24,False,10.0,,,10.0,5.0,3.0,0.0,1.0,,552.0,27.0,,13.0,2.0,6.0,123.0,75.0,29.0,18.0,,41.0,6.0,6.0,,0.0,,,0.0,0.0,
19187,2024,Manchester City,50,32.0,20.0,735.0,7.0,False,12.0,,,9.0,5.0,1.0,0.0,1.0,,411.0,24.0,,9.0,2.0,2.0,88.0,48.0,22.0,13.0,,25.0,5.0,3.0,,0.0,,,0.0,0.0,
19187,2025,Everton,45,20.0,18.0,1631.0,7.2,False,2.0,6.0,2.0,14.0,8.0,2.0,0.0,6.0,,574.0,40.0,83.0,21.0,6.0,12.0,210.0,106.0,57.0,23.0,,58.0,13.0,4.0,1.0,0.0,,,0.0,0.0,
19191,2022,Aston Villa,66,35.0,32.0,2702.0,7.005882,False,3.0,,,29.0,11.0,1.0,0.0,3.0,,970.0,19.0,,66.0,4.0,24.0,347.0,199.0,59.0,45.0,,66.0,41.0,7.0,,0.0,,,0.0,0.0,
19191,2023,Aston Villa,66,35.0,35.0,3009.0,7.051428,False,0.0,,,29.0,16.0,6.0,0.0,4.0,,1142.0,45.0,,59.0,4.0,21.0,383.0,192.0,82.0,55.0,,69.0,39.0,9.0,,1.0,,,0.0,0.0,
19191,2024,Aston Villa,66,34.0,32.0,2247.0,6.95,False,2.0,,,21.0,5.0,1.0,0.0,4.0,,790.0,32.0,,33.0,2.0,14.0,253.0,139.0,33.0,20.0,,69.0,43.0,7.0,,0.0,,,0.0,0.0,
19191,2025,Aston Villa,66,25.0,24.0,1830.0,6.9,False,1.0,18.0,1.0,17.0,9.0,4.0,0.0,2.0,,634.0,28.0,82.0,27.0,5.0,12.0,207.0,93.0,30.0,14.0,,43.0,26.0,4.0,0.0,0.0,,,0.0,0.0,
19192,2022,Aston Villa,66,35.0,31.0,2647.0,6.954285,False,4.0,15.0,4.0,24.0,13.0,6.0,0.0,7.0,,865.0,42.0,,69.0,8.0,23.0,337.0,163.0,63.0,32.0,,45.0,35.0,5.0,0.0,0.0,,,0.0,0.0,
19192,2023,Aston Villa,66,16.0,8.0,848.0,6.826666,False,8.0,3.0,8.0,15.0,5.0,1.0,0.0,1.0,,310.0,11.0,,16.0,2.0,3.0,93.0,41.0,19.0,8.0,,12.0,7.0,2.0,0.0,0.0,,,0.0,0.0,
19192,2023,Newcastle,34,16.0,12.0,856.0,6.826666,False,4.0,,,15.0,5.0,1.0,0.0,1.0,,310.0,11.0,,16.0,2.0,3.0,93.0,41.0,19.0,8.0,,12.0,7.0,2.0,,0.0,,,0.0,0.0,
19192,2024,Aston Villa,66,29.0,19.0,1631.0,6.87931,False,10.0,17.0,10.0,12.0,4.0,1.0,0.0,3.0,,569.0,22.0,,30.0,4.0,8.0,161.0,90.0,38.0,25.0,,28.0,13.0,3.0,1.0,0.0,,,0.0,0.0,
19192,2024,Newcastle,34,29.0,22.0,1628.0,6.87931,False,7.0,,,12.0,4.0,1.0,0.0,3.0,,569.0,22.0,,30.0,4.0,8.0,161.0,90.0,38.0,25.0,,28.0,13.0,4.0,,1.0,,,0.0,0.0,
19192,2025,Newcastle,34,22.0,11.0,1103.0,6.61,False,11.0,6.0,16.0,9.0,4.0,2.0,0.0,1.0,,524.0,15.0,90.0,26.0,3.0,8.0,108.0,60.0,24.0,12.0,,13.0,15.0,4.0,1.0,0.0,,1.0,0.0,0.0,
19194,2025,Aston Villa,66,9.0,1.0,214.0,6.56,False,8.0,0.0,8.0,4.0,2.0,1.0,0.0,0.0,,33.0,4.0,60.0,3.0,,,15.0,7.0,,,,,1.0,0.0,0.0,0.0,,,0.0,0.0,
19195,2022,Aston Villa,66,0.0,0.0,0.0,,False,0.0,0.0,0.0,,,0.0,,,,,,,,,,,,,,,,,0.0,0.0,0.0,,,,,
19197,2022,Manchester City,50,0.0,0.0,0.0,,False,0.0,0.0,5.0,,,0.0,0.0,,,,,,,,,,,,,,,,0.0,0.0,0.0,,,0.0,0.0,0.0
19197,2023,Manchester City,50,0.0,0.0,0.0,,False,0.0,0.0,13.0,,,0.0,0.0,,,,,,,,,,,,,,,,0.0,0.0,0.0,,,0.0,0.0,0.0
19197,2024,Manchester City,50,0.0,0.0,0.0,,False,0.0,0.0,16.0,,,0.0,0.0,,,,,,,,,,,,,,,,0.0,0.0,0.0,,,0.0,0.0,0.0
19201,2023,Sheffield Utd,62,34.0,32.0,2795.0,6.6,False,2.0,9.0,3.0,22.0,11.0,3.0,0.0,0.0,,768.0,10.0,,66.0,11.0,32.0,317.0,163.0,52.0,25.0,,22.0,38.0,9.0,0.0,0.0,,,0.0,0.0,
19201,2025,Leeds,63,30.0,28.0,2507.0,6.57,False,2.0,11.0,2.0,10.0,4.0,1.0,0.0,1.0,,795.0,17.0,76.0,56.0,5.0,29.0,265.0,120.0,51.0,16.0,,26.0,35.0,6.0,0.0,0.0,1.0,,0.0,0.0,
19220,2022,Chelsea,49,24.0,20.0,1657.0,7.079166,False,4.0,13.0,6.0,20.0,9.0,3.0,0.0,2.0,,705.0,30.0,,33.0,6.0,8.0,182.0,85.0,29.0,16.0,,27.0,28.0,4.0,0.0,0.0,,,0.0,0.0,
19220,2023,Manchester United,33,14.0,10.0,541.0,6.776923,False,4.0,,,2.0,1.0,1.0,0.0,,,203.0,6.0,,22.0,1.0,6.0,82.0,41.0,10.0,4.0,,9.0,10.0,2.0,,0.0,,,0.0,0.0,
19220,2024,Manchester United,33,20.0,14.0,625.0,6.635294,False,6.0,,,15.0,9.0,1.0,0.0,0.0,,237.0,8.0,,15.0,1.0,4.0,73.0,29.0,9.0,1.0,,9.0,16.0,3.0,,0.0,,,0.0,0.0,
19220,2025,Manchester United,33,18.0,10.0,820.0,6.87,False,8.0,8.0,13.0,12.0,5.0,3.0,0.0,0.0,,323.0,13.0,79.0,14.0,,3.0,87.0,33.0,13.0,5.0,,9.0,12.0,0.0,0.0,0.0,1.0,,0.0,0.0,
19221,2022,Fulham,36,29.0,13.0,1096.0,6.732142,False,16.0,12.0,17.0,12.0,4.0,2.0,0.0,3.0,,376.0,12.0,,21.0,2.0,6.0,129.0,69.0,26.0,12.0,,32.0,11.0,1.0,0.0,0.0,,,0.0,0.0,
19221,2023,Fulham,36,36.0,24.0,1622.0,6.988235,False,12.0,,,29.0,13.0,4.0,0.0,6.0,,582.0,23.0,,21.0,3.0,10.0,153.0,81.0,31.0,15.0,,40.0,21.0,6.0,,0.0,,,0.0,0.0,
19221,2024,Fulham,36,28.0,21.0,1163.0,7.076,False,7.0,,,32.0,17.0,6.0,0.0,1.0,,398.0,21.0,,20.0,1.0,7.0,109.0,56.0,19.0,9.0,,22.0,12.0,2.0,,0.0,,,0.0,0.0,
19221,2025,Fulham,36,30.0,28.0,2357.0,7.21,False,2.0,22.0,2.0,45.0,24.0,10.0,0.0,6.0,,678.0,33.0,80.0,24.0,3.0,14.0,152.0,73.0,25.0,13.0,,32.0,11.0,6.0,0.0,0.0,,,0.0,0.0,
19229,2022,Bournemouth,35,0.0,0.0,0.0,,False,0.0,0.0,3.0,,,0.0,0.0,,,,,,,,,,,,,,,,0.0,0.0,0.0,,,0.0,0.0,0.0
19229,2022,West Ham,48,0.0,0.0,0.0,,False,0.0,0.0,8.0,,,0.0,0.0,,,,,,,,,,,,,,,,0.0,0.0,0.0,,,0.0,0.0,0.0
19229,2023,Bournemouth,35,0.0,0.0,0.0,,False,0.0,0.0,1.0,,,0.0,0.0,,,,,,,,,,,,,,,,0.0,0.0,0.0,,,0.0,0.0,0.0
19229,2024,Bournemouth,35,,,,,False,,,,,,,,,,,,,,,,,,,,,,,,,,,,,,
19235,2022,Tottenham,47,4.0,0.0,3.0,6.45,False,4.0,0.0,12.0,1.0,1.0,0.0,0.0,,,9.0,,,,,,3.0,1.0,,,,,,0.0,0.0,0.0,,,0.0,0.0,
19235,2023,Tottenham,47,0.0,0.0,0.0,,False,0.0,0.0,0.0,,,0.0,,,,,,,,,,,,,,,,,0.0,0.0,0.0,,,,,
19235,2024,Tottenham,47,25.0,19.0,1788.0,6.820833,False,6.0,1.0,14.0,7.0,3.0,1.0,0.0,2.0,,975.0,11.0,,49.0,9.0,22.0,234.0,130.0,68.0,36.0,,23.0,21.0,3.0,1.0,0.0,,,0.0,0.0,
19235,2025,Tottenham,47,24.0,21.0,1819.0,6.58,False,3.0,7.0,7.0,9.0,7.0,0.0,0.0,0.0,,805.0,10.0,81.0,37.0,3.0,13.0,215.0,102.0,63.0,26.0,,18.0,23.0,4.0,0.0,0.0,,,0.0,0.0,
19245,2022,Bournemouth,35,23.0,20.0,1749.0,6.817391,False,3.0,,,27.0,15.0,5.0,0.0,4.0,,596.0,19.0,,33.0,4.0,9.0,281.0,123.0,90.0,45.0,,28.0,21.0,1.0,,0.0,,,0.0,0.0,
19245,2023,Bournemouth,35,30.0,27.0,2129.0,7.046666,False,3.0,,,37.0,16.0,3.0,0.0,4.0,,760.0,45.0,,53.0,3.0,5.0,301.0,132.0,99.0,44.0,,22.0,20.0,3.0,,0.0,,,0.0,0.0,
19245,2024,Bournemouth,35,29.0,25.0,1938.0,7.037931,False,4.0,,,40.0,17.0,3.0,0.0,5.0,,792.0,43.0,,44.0,3.0,5.0,287.0,126.0,59.0,28.0,,28.0,34.0,6.0,,0.0,,,0.0,0.0,
19245,2025,Bournemouth,35,28.0,25.0,2216.0,6.75,False,3.0,12.0,3.0,43.0,19.0,5.0,0.0,4.0,,912.0,39.0,83.0,35.0,4.0,15.0,263.0,115.0,71.0,28.0,,30.0,26.0,4.0,0.0,0.0,,,2.0,0.0,
19248,2024,Southampton,41,11.0,9.0,774.0,6.690909,False,2.0,3.0,16.0,2.0,,0.0,0.0,0.0,,471.0,1.0,44.0,14.0,6.0,5.0,59.0,37.0,5.0,4.0,,4.0,9.0,2.0,0.0,0.0,,,0.0,0.0,
19263,2022,Bournemouth,35,23.0,23.0,2041.0,6.821739,False,0.0,1.0,0.0,1.0,,0.0,0.0,2.0,,1037.0,7.0,,33.0,15.0,26.0,126.0,75.0,6.0,1.0,,5.0,17.0,3.0,0.0,0.0,,,0.0,0.0,
19263,2023,Bournemouth,35,23.0,17.0,1558.0,6.721739,False,6.0,5.0,6.0,4.0,1.0,0.0,0.0,1.0,,772.0,9.0,,24.0,12.0,13.0,119.0,67.0,2.0,2.0,,13.0,17.0,2.0,0.0,0.0,,,0.0,0.0,
19263,2024,Bournemouth,35,,,,,False,,,,,,,,,,,,,,,,,,,,,,,,,,,,,,
19263,2024,Newcastle,34,10.0,4.0,300.0,6.533333,False,6.0,3.0,20.0,3.0,,0.0,0.0,1.0,,165.0,2.0,,5.0,4.0,1.0,28.0,18.0,3.0,2.0,,5.0,5.0,2.0,0.0,0.0,,,0.0,0.0,
19265,2022,Brighton,51,31.0,26.0,1996.0,6.832,False,5.0,,,16.0,2.0,,0.0,,,1676.0,6.0,55.0,22.0,19.0,19.0,145.0,91.0,7.0,3.0,,6.0,10.0,2.0,,0.0,,,0.0,0.0,
19265,2023,Brighton,51,27.0,20.0,1143.0,6.96,False,7.0,,,5.0,1.0,,0.0,0.0,,1086.0,5.0,66.0,14.0,12.0,16.0,88.0,50.0,2.0,,,3.0,9.0,2.0,,0.0,,,0.0,0.0,
19265,2024,Brighton,51,21.0,15.0,888.0,6.96923,False,6.0,,,3.0,1.0,,0.0,0.0,,721.0,3.0,45.0,10.0,9.0,20.0,61.0,37.0,3.0,1.0,,2.0,7.0,1.0,,0.0,,,0.0,0.0,
19268,2023,Burnley,44,33.0,23.0,2248.0,6.924242,False,10.0,4.0,14.0,23.0,11.0,4.0,0.0,2.0,,1028.0,34.0,,61.0,8.0,34.0,227.0,126.0,13.0,7.0,,24.0,38.0,4.0,0.0,1.0,,,0.0,0.0,
19281,2022,Bournemouth,35,11.0,2.0,250.0,6.54,False,9.0,1.0,13.0,2.0,1.0,1.0,0.0,,,56.0,2.0,,1.0,1.0,2.0,45.0,18.0,5.0,3.0,,5.0,6.0,0.0,0.0,0.0,,,0.0,0.0,
19281,2023,Bournemouth,35,36.0,31.0,2120.0,6.90606,False,5.0,,,50.0,31.0,8.0,0.0,2.0,,587.0,29.0,,24.0,2.0,6.0,399.0,150.0,105.0,50.0,,24.0,43.0,6.0,,0.0,,,0.0,0.0,
19281,2024,Bournemouth,35,37.0,37.0,3209.0,7.21081,False,0.0,,,81.0,41.0,11.0,0.0,5.0,,997.0,46.0,,55.0,9.0,11.0,536.0,227.0,126.0,69.0,,37.0,73.0,9.0,,0.0,,,0.0,0.0,
19281,2025,Bournemouth,35,20.0,20.0,1798.0,7.13,False,0.0,2.0,0.0,42.0,27.0,10.0,0.0,3.0,,516.0,25.0,75.0,28.0,3.0,6.0,297.0,121.0,72.0,33.0,,14.0,38.0,6.0,0.0,0.0,,1.0,1.0,1.0,
19281,2025,Manchester City,50,10.0,10.0,880.0,6.9,False,0.0,3.0,0.0,20.0,11.0,5.0,0.0,1.0,,252.0,9.0,84.0,12.0,2.0,3.0,96.0,37.0,24.0,6.0,,7.0,14.0,1.0,0.0,0.0,,,0.0,0.0,
19287,2025,Leeds,63,1.0,0.0,8.0,6.3,False,1.0,0.0,14.0,,,0.0,0.0,0.0,,1.0,,100.0,,,,1.0,,,,,,1.0,0.0,0.0,0.0,,,0.0,0.0,
19294,2023,Sheffield Utd,62,34.0,31.0,2886.0,6.673529,False,3.0,4.0,3.0,10.0,6.0,1.0,0.0,1.0,,1061.0,12.0,,43.0,33.0,32.0,218.0,133.0,8.0,5.0,,16.0,19.0,10.0,0.0,0.0,,,0.0,0.0,
19298,2022,Aston Villa,66,26.0,20.0,1819.0,6.776,False,6.0,5.0,7.0,4.0,1.0,0.0,0.0,1.0,,781.0,8.0,,55.0,5.0,26.0,159.0,98.0,27.0,16.0,,15.0,21.0,4.0,0.0,0.0,,,0.0,0.0,
19298,2022,Aston Villa,66,26.0,20.0,1819.0,6.776,False,6.0,5.0,7.0,4.0,1.0,0.0,0.0,1.0,,781.0,8.0,,55.0,5.0,26.0,159.0,98.0,27.0,16.0,,15.0,21.0,4.0,0.0,0.0,,,0.0,0.0,
19298,2023,Aston Villa,66,31.0,29.0,2142.0,6.9,False,2.0,,,23.0,13.0,2.0,0.0,2.0,,1028.0,13.0,,54.0,14.0,18.0,217.0,103.0,32.0,12.0,,22.0,30.0,8.0,,0.0,,,0.0,0.0,
19298,2024,Aston Villa,66,29.0,25.0,2077.0,6.929629,False,4.0,,,12.0,6.0,1.0,0.0,1.0,,763.0,11.0,,56.0,8.0,23.0,199.0,116.0,35.0,19.0,,20.0,27.0,7.0,,0.0,,,0.0,0.0,
19298,2025,Aston Villa,66,29.0,29.0,2537.0,6.94,False,0.0,7.0,0.0,21.0,10.0,3.0,0.0,2.0,,1179.0,24.0,85.0,51.0,11.0,20.0,221.0,115.0,18.0,11.0,,26.0,38.0,8.0,0.0,0.0,,,0.0,0.0,
19299,2022,Nottingham Forest,65,11.0,4.0,492.0,6.727272,False,7.0,2.0,14.0,,,0.0,0.0,,,141.0,2.0,,18.0,,3.0,54.0,33.0,3.0,3.0,,8.0,9.0,0.0,0.0,0.0,,,0.0,0.0,
19299,2023,Nottingham Forest,65,,,,,False,,,,,,,,,,,,,,,,,,,,,,,,,,,,,,
19302,2023,Sheffield Utd,62,29.0,22.0,1369.0,6.569565,False,7.0,,,1.0,,,0.0,2.0,,506.0,13.0,,22.0,2.0,8.0,99.0,44.0,14.0,7.0,,9.0,8.0,3.0,,0.0,,,0.0,0.0,
19305,2022,Nottingham Forest,65,26.0,21.0,1839.0,6.711538,False,5.0,7.0,5.0,19.0,5.0,0.0,0.0,2.0,,577.0,7.0,,38.0,8.0,10.0,219.0,125.0,8.0,5.0,,53.0,50.0,5.0,0.0,0.0,,,0.0,0.0,
19305,2023,Nottingham Forest,65,35.0,21.0,1985.0,6.842857,False,14.0,7.0,16.0,21.0,7.0,1.0,0.0,1.0,,817.0,7.0,,66.0,15.0,21.0,287.0,168.0,8.0,4.0,,57.0,54.0,6.0,0.0,0.0,,,0.0,0.0,
19305,2024,Nottingham Forest,65,35.0,18.0,1905.0,6.782857,False,17.0,5.0,19.0,22.0,9.0,2.0,0.0,1.0,,747.0,18.0,,42.0,10.0,25.0,268.0,145.0,14.0,9.0,,49.0,53.0,10.0,0.0,0.0,,,0.0,0.0,
19305,2025,Nottingham Forest,65,17.0,1.0,437.0,6.63,False,16.0,1.0,25.0,3.0,1.0,0.0,0.0,1.0,,175.0,3.0,77.0,11.0,1.0,6.0,61.0,35.0,2.0,1.0,,9.0,8.0,1.0,0.0,0.0,,,0.0,0.0,
19307,2022,Wolves,39,0.0,0.0,0.0,,False,0.0,0.0,0.0,,,0.0,,,,,,,,,,,,,,,,,0.0,0.0,0.0,,,,,
19308,2022,Nottingham Forest,65,,,,,False,,,,,,,,,,,,,,,,,,,,,,,,,,,,,,
19309,2022,Nottingham Forest,65,0.0,0.0,0.0,,False,0.0,0.0,0.0,,,0.0,,,,,,,,,,,,,,,,,0.0,0.0,0.0,,,,,
19312,2023,Fulham,36,0.0,0.0,0.0,,False,0.0,0.0,0.0,,,0.0,,,,,,,,,,,,,,,,,0.0,0.0,0.0,,,,,
19312,2024,Fulham,36,0.0,0.0,0.0,,False,0.0,0.0,38.0,,,0.0,0.0,,,,,,,,,,,,,,,,0.0,0.0,0.0,,,0.0,0.0,0.0
19321,2023,Tottenham,47,0.0,0.0,0.0,,False,0.0,0.0,0.0,,,0.0,,,,,,,,,,,,,,,,,0.0,0.0,0.0,,,,,
19321,2024,Tottenham,47,,,,,False,,,,,,,,,,,,,,,,,,,,,,,,,,,,,,
19321,2025,Leeds,63,29.0,29.0,2547.0,6.72,False,0.0,3.0,0.0,11.0,4.0,2.0,0.0,0.0,,1314.0,5.0,88.0,32.0,18.0,27.0,216.0,126.0,1.0,1.0,,17.0,12.0,1.0,0.0,0.0,,,0.0,0.0,
19329,2022,Fulham,36,20.0,5.0,611.0,6.621052,False,15.0,4.0,23.0,10.0,3.0,2.0,0.0,1.0,,156.0,7.0,,9.0,1.0,1.0,65.0,29.0,8.0,5.0,,14.0,2.0,0.0,0.0,0.0,,,0.0,0.0,
19329,2022,Leeds,63,4.0,2.0,199.0,6.621052,False,2.0,3.0,2.0,10.0,3.0,0.0,0.0,1.0,,156.0,7.0,,9.0,1.0,1.0,65.0,29.0,8.0,5.0,,14.0,2.0,0.0,0.0,0.0,,,0.0,0.0,
19329,2025,Leeds,63,15.0,4.0,422.0,6.65,False,11.0,4.0,14.0,5.0,2.0,0.0,0.0,0.0,,95.0,8.0,64.0,5.0,,1.0,37.0,19.0,13.0,5.0,,7.0,1.0,0.0,0.0,0.0,,,0.0,0.0,
19331,2023,Burnley,44,14.0,8.0,819.0,6.428571,False,6.0,1.0,11.0,,,0.0,0.0,1.0,,409.0,7.0,,12.0,5.0,4.0,51.0,27.0,2.0,,,9.0,5.0,4.0,1.0,0.0,,,0.0,0.0,
19337,2023,Sheffield Utd,62,24.0,19.0,1295.0,6.966666,False,5.0,,,27.0,17.0,6.0,0.0,3.0,,400.0,12.0,,17.0,2.0,5.0,326.0,160.0,16.0,6.0,,27.0,19.0,7.0,,2.0,,,2.0,0.0,
19340,2023,Brentford,55,0.0,0.0,0.0,,False,0.0,0.0,3.0,,,0.0,0.0,,,,,,,,,,,,,,,,0.0,0.0,0.0,,,0.0,0.0,0.0
19340,2024,Brentford,55,,,,,False,,,,,,,,,,,,,,,,,,,,,,,,,,,,,,
19340,2025,Brentford,55,0.0,0.0,,,False,0.0,0.0,1.0,,,0.0,0.0,0.0,,,,,,,,,,,,,,,0.0,0.0,0.0,,,0.0,0.0,
19341,2022,Wolves,39,18.0,10.0,180.0,7.45,False,8.0,,,,,,3.0,,11.0,66.0,,,1.0,,,3.0,2.0,,,,1.0,,0.0,,0.0,,,0.0,0.0,0.0
19341,2023,Wolves,39,38.0,21.0,382.0,6.56,False,17.0,,,,,,7.0,,8.0,135.0,,,,,,3.0,2.0,,,,,,0.0,,0.0,,,0.0,0.0,0.0
19341,2024,Wolves,39,18.0,11.0,180.0,6.95,False,7.0,,,,,,4.0,0.0,8.0,60.0,,,,,,2.0,2.0,,,,,,0.0,,0.0,,,0.0,0.0,1.0
19341,2025,Wolves,39,0.0,0.0,,,False,0.0,0.0,3.0,,,0.0,0.0,0.0,,,,,,,,,,,,,,,0.0,0.0,0.0,,,0.0,0.0,
19345,2022,Brentford,55,3.0,0.0,17.0,6.45,False,3.0,0.0,5.0,,,0.0,0.0,,,7.0,,,,,1.0,1.0,1.0,,,,,,0.0,0.0,0.0,,,0.0,0.0,
19345,2023,Brentford,55,0.0,0.0,0.0,,False,0.0,0.0,0.0,,,0.0,,,,,,,,,,,,,,,,,0.0,0.0,0.0,,,,,
19346,2022,Brentford,55,37.0,37.0,3244.0,6.718918,False,0.0,8.0,0.0,11.0,4.0,0.0,0.0,2.0,,973.0,23.0,,57.0,8.0,30.0,327.0,161.0,43.0,26.0,,38.0,32.0,4.0,0.0,0.0,,,0.0,0.0,
19346,2023,Brentford,55,5.0,5.0,402.0,7.0,False,0.0,1.0,0.0,2.0,,0.0,0.0,1.0,,156.0,6.0,,7.0,3.0,5.0,42.0,24.0,8.0,7.0,,6.0,4.0,1.0,0.0,0.0,,,0.0,0.0,
19346,2024,Brentford,55,5.0,0.0,93.0,6.24,False,5.0,0.0,10.0,,,0.0,0.0,0.0,,35.0,,,2.0,1.0,1.0,16.0,5.0,2.0,,,2.0,2.0,0.0,0.0,0.0,,,0.0,0.0,
19346,2025,Brentford,55,25.0,14.0,1334.0,6.45,False,11.0,8.0,15.0,4.0,,0.0,0.0,1.0,,481.0,4.0,76.0,15.0,5.0,8.0,134.0,66.0,30.0,15.0,,17.0,15.0,2.0,0.0,0.0,,1.0,0.0,0.0,
19350,2022,Brentford,55,0.0,0.0,0.0,,False,0.0,0.0,0.0,,,0.0,,,,,,,,,,,,,,,,,0.0,0.0,0.0,,,,,
19352,2022,Brentford,55,5.0,0.0,72.0,6.46,False,5.0,0.0,12.0,1.0,,0.0,0.0,,,37.0,1.0,,,1.0,,14.0,7.0,6.0,4.0,,3.0,3.0,0.0,0.0,0.0,,,0.0,0.0,
19352,2023,Brentford,55,0.0,0.0,0.0,,False,0.0,0.0,0.0,,,0.0,,,,,,,,,,,,,,,,,0.0,0.0,0.0,,,,,
19354,2022,Aston Villa,66,38.0,37.0,3330.0,6.897297,False,1.0,,,6.0,,,0.0,,,1872.0,8.0,44.0,42.0,23.0,26.0,231.0,166.0,8.0,5.0,,64.0,12.0,6.0,,0.0,,,0.0,0.0,
19354,2022,Aston Villa,66,38.0,37.0,3330.0,6.897297,False,1.0,,,6.0,,,0.0,,,1872.0,8.0,44.0,42.0,23.0,26.0,231.0,166.0,8.0,5.0,,64.0,12.0,6.0,,0.0,,,0.0,0.0,
19354,2023,Aston Villa,66,35.0,35.0,3073.0,6.954285,False,0.0,,,14.0,5.0,1.0,0.0,0.0,,1953.0,8.0,51.0,54.0,20.0,28.0,219.0,167.0,25.0,19.0,,64.0,14.0,5.0,,0.0,,,0.0,0.0,
19354,2024,Aston Villa,66,35.0,34.0,2937.0,6.923529,False,1.0,,,9.0,5.0,2.0,0.0,0.0,,1636.0,6.0,44.0,34.0,11.0,24.0,174.0,120.0,15.0,8.0,,47.0,9.0,1.0,,0.0,,,0.0,0.0,
19354,2025,Aston Villa,66,30.0,30.0,2676.0,7.02,False,0.0,0.0,1.0,7.0,2.0,0.0,0.0,0.0,,1824.0,5.0,95.0,20.0,27.0,22.0,131.0,86.0,11.0,7.0,,32.0,11.0,0.0,0.0,1.0,,,0.0,0.0,
19356,2022,Bournemouth,35,1.0,0.0,8.0,6.2,False,1.0,0.0,10.0,,,0.0,0.0,,,1.0,,,,,,1.0,1.0,,,,1.0,,0.0,0.0,0.0,,,0.0,0.0,
19356,2023,Bournemouth,35,0.0,0.0,0.0,,False,0.0,0.0,1.0,,,0.0,0.0,,,,,,,,,,,,,,,,0.0,0.0,0.0,,,0.0,0.0,
19356,2024,Bournemouth,35,,,,,False,,,,,,,,,,,,,,,,,,,,,,,,,,,,,,
19361,2022,West Ham,48,35.0,22.0,2070.0,6.845714,False,13.0,14.0,16.0,52.0,27.0,6.0,0.0,3.0,,700.0,48.0,,25.0,1.0,9.0,234.0,96.0,106.0,51.0,,15.0,16.0,0.0,0.0,0.0,,,4.0,0.0,
19361,2023,West Ham,48,13.0,5.0,616.0,6.730769,False,8.0,4.0,15.0,15.0,6.0,0.0,0.0,1.0,,238.0,11.0,,8.0,,5.0,78.0,29.0,35.0,14.0,,6.0,5.0,1.0,0.0,0.0,,,0.0,1.0,
19362,2022,Brentford,55,36.0,14.0,1380.0,6.657142,False,22.0,14.0,24.0,11.0,6.0,4.0,0.0,2.0,,572.0,13.0,,18.0,6.0,5.0,152.0,79.0,47.0,32.0,,23.0,14.0,1.0,0.0,0.0,,,0.0,0.0,
19362,2023,Brentford,55,3.0,0.0,22.0,6.4,False,3.0,1.0,4.0,,,0.0,0.0,,,13.0,1.0,,2.0,,,12.0,4.0,4.0,2.0,,,2.0,0.0,0.0,0.0,,,0.0,0.0,
19362,2024,Brentford,55,0.0,0.0,0.0,,False,0.0,0.0,0.0,,,0.0,,,,,,,,,,,,,,,,,0.0,0.0,0.0,,,,,
19364,2022,Everton,45,27.0,11.0,1113.0,,False,16.0,10.0,22.0,,,1.0,0.0,,,,,,,,,,,,,,,,4.0,0.0,0.0,,,0.0,0.0,
19364,2022,Brighton,51,0.0,0.0,0.0,,False,0.0,0.0,2.0,,,0.0,0.0,,,,,,,,,,,,,,,,0.0,0.0,0.0,,,0.0,0.0,
19364,2023,Brentford,55,29.0,13.0,1315.0,6.77931,False,16.0,8.0,18.0,25.0,16.0,6.0,0.0,3.0,,372.0,16.0,,10.0,,2.0,172.0,59.0,29.0,9.0,,26.0,19.0,8.0,0.0,0.0,,,0.0,0.0,
19364,2023,Everton,45,2.0,1.0,112.0,6.77931,False,1.0,1.0,2.0,25.0,16.0,0.0,0.0,3.0,,372.0,16.0,,10.0,,2.0,172.0,59.0,29.0,9.0,,26.0,19.0,0.0,0.0,0.0,,,0.0,0.0,
19364,2024,Brentford,55,,,,,False,,,,,,,,,,,,,,,,,,,,,,,,,,,,,,
19364,2024,Everton,45,0.0,0.0,0.0,,False,0.0,0.0,2.0,,,0.0,0.0,,,,,,,,,,,,,,,,0.0,0.0,0.0,,,0.0,0.0,
19365,2023,Luton,1359,30.0,25.0,1993.0,7.036666,False,5.0,,,18.0,14.0,4.0,0.0,1.0,,629.0,27.0,,17.0,3.0,7.0,260.0,156.0,105.0,61.0,,50.0,8.0,1.0,,0.0,,,0.0,0.0,
19365,2024,Ipswich,57,7.0,6.0,240.0,6.52,False,1.0,,,,,,0.0,0.0,,39.0,2.0,,7.0,,1.0,31.0,16.0,4.0,1.0,,7.0,2.0,0.0,,0.0,,,0.0,0.0,
19366,2022,Aston Villa,66,37.0,36.0,3136.0,6.837837,False,1.0,10.0,1.0,70.0,47.0,15.0,0.0,6.0,,549.0,31.0,,19.0,4.0,10.0,363.0,145.0,54.0,18.0,,39.0,26.0,4.0,0.0,0.0,,,1.0,1.0,
19366,2023,Aston Villa,66,37.0,37.0,3221.0,7.335135,False,0.0,,,86.0,47.0,19.0,0.0,13.0,,590.0,45.0,,12.0,4.0,4.0,322.0,128.0,57.0,26.0,,41.0,22.0,4.0,,0.0,,,0.0,0.0,
19366,2024,Aston Villa,66,38.0,36.0,2610.0,6.907894,False,2.0,,,67.0,40.0,16.0,0.0,8.0,,415.0,25.0,,10.0,3.0,8.0,290.0,105.0,37.0,10.0,,33.0,29.0,2.0,,0.0,,,2.0,0.0,
19366,2025,Aston Villa,66,31.0,28.0,2392.0,6.71,False,3.0,18.0,3.0,44.0,27.0,9.0,0.0,1.0,,410.0,17.0,71.0,19.0,,6.0,252.0,103.0,50.0,22.0,,29.0,29.0,3.0,0.0,0.0,,,0.0,0.0,
19393,2022,Fulham,36,5.0,3.0,14.0,6.3,False,2.0,,,,,,0.0,,,6.0,,,1.0,,,4.0,2.0,1.0,,,,,0.0,,0.0,,,0.0,0.0,
19408,2023,Luton,1359,25.0,23.0,1663.0,6.872727,False,2.0,,,7.0,4.0,,0.0,4.0,,685.0,13.0,,37.0,18.0,18.0,171.0,99.0,6.0,4.0,,12.0,20.0,5.0,,0.0,,,0.0,0.0,
19428,2022,West Ham,48,38.0,36.0,3237.0,6.871052,False,2.0,6.0,2.0,42.0,24.0,6.0,0.0,5.0,,715.0,48.0,,39.0,9.0,36.0,418.0,178.0,91.0,36.0,,69.0,26.0,2.0,0.0,0.0,,,1.0,1.0,
19428,2023,West Ham,48,34.0,34.0,3020.0,7.114705,False,0.0,,,64.0,37.0,16.0,0.0,6.0,,622.0,32.0,,42.0,5.0,19.0,382.0,151.0,89.0,34.0,,42.0,28.0,2.0,,0.0,,,0.0,0.0,
19428,2024,West Ham,48,34.0,34.0,2979.0,7.197058,False,0.0,,,59.0,37.0,13.0,0.0,8.0,,700.0,52.0,,41.0,4.0,16.0,389.0,148.0,120.0,44.0,,51.0,20.0,1.0,,0.0,,,1.0,0.0,
19428,2025,West Ham,48,32.0,32.0,2868.0,6.99,False,0.0,4.0,0.0,44.0,24.0,8.0,0.0,8.0,,678.0,35.0,74.0,42.0,6.0,23.0,373.0,162.0,102.0,48.0,,45.0,17.0,4.0,0.0,0.0,,,1.0,0.0,
19454,2022,Bournemouth,35,7.0,3.0,285.0,6.46,False,4.0,3.0,11.0,1.0,1.0,0.0,0.0,,,134.0,,,7.0,,2.0,25.0,11.0,,,,2.0,9.0,1.0,0.0,0.0,,,0.0,0.0,
19461,2025,Leeds,63,25.0,9.0,893.0,6.63,False,16.0,9.0,19.0,20.0,14.0,6.0,0.0,1.0,,169.0,6.0,63.0,8.0,1.0,3.0,124.0,46.0,7.0,2.0,,14.0,16.0,0.0,0.0,0.0,,,2.0,1.0,
19465,2022,Brentford,55,38.0,38.0,3420.0,7.189473,False,0.0,0.0,0.0,1.0,,0.0,46.0,,154.0,1475.0,2.0,,,,1.0,23.0,19.0,1.0,1.0,,6.0,,1.0,0.0,0.0,,,0.0,0.0,0.0
19465,2023,Arsenal,42,32.0,32.0,2880.0,6.85,False,0.0,0.0,3.0,,,0.0,24.0,0.0,46.0,906.0,,,1.0,,,12.0,11.0,,,,4.0,,2.0,0.0,0.0,,,0.0,0.0,1.0
19465,2023,Brentford,55,0.0,0.0,0.0,6.85,False,0.0,0.0,0.0,,,0.0,24.0,0.0,46.0,906.0,,,1.0,,,12.0,11.0,,,,4.0,,0.0,0.0,0.0,,,0.0,0.0,1.0
19465,2024,Brentford,55,,,,,False,,,,,,,,,,,,,,,,,,,,,,,,,,,,,,
19465,2024,Arsenal,42,38.0,38.0,3420.0,7.052631,False,0.0,0.0,0.0,,,0.0,34.0,0.0,86.0,1232.0,1.0,,,,2.0,27.0,24.0,1.0,1.0,,10.0,1.0,3.0,0.0,0.0,,,0.0,0.0,0.0
19465,2025,Arsenal,42,32.0,32.0,2880.0,6.96,False,0.0,0.0,0.0,,,0.0,24.0,0.0,51.0,955.0,3.0,66.0,1.0,,1.0,20.0,19.0,1.0,1.0,,10.0,,1.0,0.0,0.0,,,0.0,0.0,0.0
19466,2023,Luton,1359,21.0,21.0,1722.0,6.635,False,0.0,3.0,0.0,2.0,2.0,0.0,0.0,,,789.0,8.0,,50.0,15.0,25.0,173.0,96.0,25.0,10.0,,16.0,22.0,0.0,0.0,0.0,,,0.0,0.0,
19480,2022,Fulham,36,37.0,35.0,2882.0,6.694594,False,2.0,18.0,2.0,13.0,8.0,3.0,0.0,4.0,,1217.0,35.0,,44.0,12.0,19.0,251.0,104.0,26.0,10.0,,21.0,38.0,5.0,0.0,0.0,,,0.0,0.0,
19480,2023,Fulham,36,27.0,15.0,1323.0,6.768,False,12.0,9.0,22.0,7.0,2.0,0.0,0.0,2.0,,722.0,15.0,,29.0,9.0,11.0,128.0,53.0,10.0,5.0,,10.0,26.0,6.0,0.0,0.0,,,0.0,0.0,
19480,2024,Fulham,36,12.0,0.0,99.0,6.40909,False,12.0,0.0,26.0,3.0,2.0,0.0,0.0,0.0,,48.0,1.0,,6.0,,1.0,22.0,9.0,1.0,,,2.0,6.0,2.0,0.0,0.0,,,0.0,0.0,
19480,2025,Fulham,36,6.0,0.0,62.0,6.95,False,6.0,0.0,24.0,1.0,1.0,1.0,0.0,0.0,,19.0,1.0,89.0,,,,3.0,1.0,,,,1.0,,0.0,0.0,0.0,,,0.0,0.0,
19482,2022,Bournemouth,35,20.0,12.0,1018.0,6.61,False,8.0,9.0,15.0,2.0,2.0,0.0,0.0,1.0,,429.0,8.0,,20.0,3.0,9.0,84.0,40.0,23.0,16.0,,3.0,17.0,2.0,0.0,0.0,,,0.0,0.0,
19482,2023,Bournemouth,35,11.0,3.0,380.0,6.44,False,8.0,2.0,16.0,1.0,,0.0,0.0,,,202.0,4.0,,7.0,2.0,3.0,34.0,16.0,11.0,7.0,,2.0,4.0,0.0,0.0,0.0,,,0.0,0.0,
19482,2024,Southampton,41,,,,,False,,,,,,,,,,,,,,,,,,,,,,,,,,,,,,
19482,2024,Bournemouth,35,0.0,0.0,0.0,,False,0.0,0.0,0.0,,,0.0,,,,,,,,,,,,,,,,,0.0,0.0,0.0,,,,,
19484,2022,Southampton,41,30.0,14.0,1334.0,6.576666,False,16.0,14.0,20.0,21.0,12.0,2.0,0.0,1.0,,285.0,11.0,,14.0,3.0,5.0,133.0,41.0,37.0,13.0,,9.0,17.0,2.0,0.0,0.0,,,0.0,0.0,
19484,2024,Southampton,41,20.0,15.0,1254.0,6.595,False,5.0,11.0,9.0,18.0,9.0,2.0,0.0,2.0,,269.0,9.0,,12.0,1.0,3.0,86.0,28.0,14.0,6.0,,5.0,12.0,4.0,0.0,0.0,,,0.0,1.0,
19484,2025,Wolves,39,8.0,8.0,640.0,6.48,False,0.0,5.0,0.0,6.0,2.0,1.0,0.0,2.0,,90.0,5.0,74.0,3.0,1.0,2.0,47.0,15.0,12.0,6.0,,2.0,9.0,3.0,0.0,0.0,,,0.0,0.0,
19485,2023,Sheffield Utd,62,14.0,14.0,1111.0,6.985714,False,0.0,6.0,1.0,26.0,19.0,6.0,0.0,1.0,,253.0,8.0,,9.0,3.0,3.0,118.0,45.0,27.0,10.0,,19.0,11.0,3.0,0.0,0.0,,,1.0,0.0,
19485,2024,Southampton,41,10.0,4.0,446.0,6.51,False,6.0,2.0,10.0,5.0,1.0,0.0,0.0,0.0,,159.0,3.0,,3.0,1.0,,46.0,21.0,3.0,1.0,,8.0,4.0,1.0,0.0,0.0,,,0.0,0.0,
19495,2022,Wolves,39,26.0,19.0,1808.0,6.804166,False,7.0,0.0,16.0,2.0,,0.0,0.0,,,1129.0,2.0,41.0,27.0,28.0,21.0,145.0,80.0,7.0,7.0,,9.0,17.0,2.0,0.0,1.0,,,0.0,0.0,
19495,2023,Brentford,55,32.0,29.0,2650.0,6.8625,False,3.0,1.0,4.0,8.0,2.0,1.0,0.0,1.0,,1468.0,11.0,,38.0,30.0,44.0,217.0,145.0,13.0,11.0,,23.0,12.0,3.0,0.0,0.0,,,0.0,0.0,
19495,2024,Brentford,55,38.0,38.0,3420.0,7.160526,False,0.0,0.0,0.0,14.0,6.0,2.0,0.0,3.0,,1958.0,10.0,44.0,40.0,57.0,35.0,319.0,195.0,11.0,6.0,,31.0,29.0,5.0,0.0,0.0,,,0.0,0.0,
19495,2025,Brentford,55,29.0,26.0,2432.0,6.79,False,3.0,0.0,6.0,14.0,6.0,1.0,0.0,2.0,,1462.0,9.0,83.0,25.0,35.0,29.0,213.0,121.0,6.0,3.0,,16.0,16.0,5.0,0.0,0.0,1.0,1.0,0.0,0.0,
19524,2022,Southampton,41,28.0,23.0,1998.0,6.760714,False,5.0,10.0,6.0,36.0,15.0,5.0,0.0,3.0,,481.0,24.0,,17.0,4.0,4.0,304.0,121.0,29.0,16.0,,27.0,38.0,1.0,0.0,0.0,,,0.0,0.0,
19524,2024,Southampton,41,0.0,0.0,0.0,,False,0.0,0.0,0.0,,,0.0,,,,,,,,,,,,,,,,,0.0,0.0,0.0,,,,,
19541,2024,Ipswich,57,7.0,7.0,630.0,6.657142,False,0.0,0.0,27.0,,,0.0,19.0,0.0,20.0,220.0,1.0,,,,,4.0,3.0,,,,1.0,,0.0,0.0,0.0,,,0.0,0.0,0.0
19545,2022,Chelsea,49,16.0,14.0,1244.0,7.25,False,2.0,2.0,2.0,10.0,4.0,1.0,0.0,1.0,,852.0,21.0,48.0,31.0,2.0,12.0,147.0,94.0,32.0,22.0,,18.0,9.0,4.0,0.0,0.0,,,0.0,0.0,
19545,2023,Chelsea,49,10.0,5.0,420.0,6.91,False,5.0,4.0,5.0,5.0,1.0,0.0,0.0,2.0,,267.0,13.0,,14.0,4.0,3.0,57.0,36.0,13.0,9.0,,5.0,4.0,1.0,1.0,1.0,,,0.0,0.0,
19545,2024,Chelsea,49,19.0,12.0,1063.0,6.952631,False,7.0,7.0,11.0,8.0,3.0,1.0,0.0,1.0,,743.0,11.0,,10.0,6.0,13.0,89.0,51.0,13.0,7.0,,11.0,8.0,1.0,0.0,0.0,,,0.0,0.0,
19545,2025,Chelsea,49,27.0,20.0,1896.0,7.2,False,7.0,5.0,8.0,12.0,6.0,2.0,0.0,4.0,,1272.0,27.0,88.0,47.0,6.0,32.0,183.0,107.0,20.0,10.0,,20.0,27.0,4.0,0.0,0.0,,,0.0,0.0,
19549,2022,Fulham,36,35.0,35.0,3089.0,6.854285,False,0.0,1.0,0.0,3.0,,0.0,0.0,1.0,,1466.0,21.0,,62.0,13.0,53.0,294.0,164.0,65.0,39.0,,23.0,33.0,8.0,0.0,0.0,,,0.0,0.0,
19549,2023,Fulham,36,37.0,37.0,3270.0,6.991891,False,0.0,,,10.0,7.0,,0.0,6.0,,1627.0,34.0,,93.0,8.0,80.0,361.0,192.0,72.0,37.0,,20.0,34.0,6.0,,0.0,,,0.0,0.0,
19549,2024,Fulham,36,36.0,36.0,3167.0,7.136111,False,0.0,,,11.0,2.0,,0.0,10.0,,1628.0,44.0,,95.0,9.0,61.0,364.0,203.0,72.0,38.0,,20.0,31.0,8.0,,0.0,,,0.0,0.0,
19549,2025,Fulham,36,16.0,13.0,1115.0,6.78,False,3.0,5.0,8.0,1.0,,0.0,0.0,0.0,,580.0,18.0,79.0,36.0,3.0,19.0,110.0,61.0,17.0,8.0,,5.0,10.0,3.0,0.0,0.0,,,0.0,0.0,
19558,2024,Ipswich,57,33.0,31.0,2755.0,6.754545,False,2.0,8.0,4.0,9.0,3.0,1.0,0.0,1.0,,1421.0,24.0,,68.0,13.0,29.0,256.0,130.0,26.0,17.0,,27.0,48.0,10.0,0.0,0.0,,,0.0,0.0,
19565,2023,Brighton,51,0.0,0.0,0.0,,False,0.0,0.0,0.0,,,0.0,,,,,,,,,,,,,,,,,0.0,0.0,0.0,,,,,
19565,2024,Brighton,51,0.0,0.0,0.0,,False,0.0,0.0,0.0,,,0.0,,,,,,,,,,,,,,,,,0.0,0.0,0.0,,,,,
19569,2022,Leeds,63,15.0,1.0,200.0,6.561538,False,14.0,2.0,16.0,6.0,2.0,0.0,0.0,2.0,,64.0,2.0,,6.0,,,53.0,20.0,8.0,1.0,,8.0,6.0,1.0,0.0,0.0,,,0.0,0.0,
19573,2024,Southampton,41,3.0,3.0,270.0,6.8,False,0.0,0.0,5.0,,,0.0,7.0,0.0,13.0,136.0,,,,,,4.0,3.0,,,,,,0.0,0.0,0.0,,,0.0,0.0,0.0
19586,2022,Crystal Palace,52,38.0,30.0,2643.0,7.086842,False,8.0,15.0,8.0,52.0,26.0,10.0,0.0,4.0,,1083.0,57.0,,42.0,,13.0,363.0,189.0,112.0,71.0,,57.0,27.0,3.0,0.0,0.0,,,1.0,0.0,
19586,2023,Crystal Palace,52,27.0,24.0,2063.0,7.565384,False,3.0,12.0,3.0,55.0,34.0,11.0,0.0,4.0,,790.0,54.0,,35.0,2.0,11.0,340.0,164.0,133.0,69.0,,48.0,27.0,3.0,0.0,0.0,,,1.0,0.0,
19586,2024,Crystal Palace,52,34.0,31.0,2603.0,7.297058,False,3.0,18.0,3.0,61.0,29.0,8.0,0.0,8.0,,912.0,59.0,,39.0,,11.0,340.0,163.0,129.0,67.0,,51.0,13.0,1.0,0.0,0.0,,,1.0,1.0,
19586,2025,Crystal Palace,52,1.0,1.0,84.0,6.6,False,0.0,1.0,0.0,3.0,2.0,0.0,0.0,0.0,,21.0,,76.0,1.0,,,9.0,4.0,3.0,2.0,,1.0,2.0,0.0,0.0,0.0,,,0.0,0.0,
19586,2025,Arsenal,42,26.0,16.0,1456.0,6.98,False,10.0,11.0,14.0,27.0,14.0,6.0,0.0,2.0,,517.0,14.0,84.0,16.0,1.0,8.0,145.0,76.0,39.0,22.0,,30.0,14.0,1.0,0.0,0.0,,,0.0,0.0,
19587,2024,Southampton,41,24.0,18.0,1470.0,6.9875,False,6.0,13.0,13.0,3.0,1.0,0.0,0.0,1.0,,621.0,34.0,,29.0,11.0,17.0,142.0,87.0,27.0,11.0,,32.0,19.0,2.0,0.0,0.0,,,0.0,0.0,
19592,2023,Luton,1359,0.0,0.0,0.0,,False,0.0,0.0,0.0,,,0.0,,,,,,,,,,,,,,,,,0.0,0.0,0.0,,,,,
19599,2022,Aston Villa,66,37.0,37.0,3147.0,7.002777,False,0.0,,,,,,38.0,,98.0,1247.0,2.0,,,,1.0,22.0,19.0,,,,6.0,1.0,7.0,,0.0,,,0.0,0.0,0.0
19599,2022,Aston Villa,66,37.0,37.0,3147.0,7.002777,False,0.0,,,,,,38.0,,98.0,1247.0,2.0,,,,1.0,22.0,19.0,,,,6.0,1.0,7.0,,0.0,,,0.0,0.0,0.0
19599,2023,Aston Villa,66,34.0,34.0,3015.0,7.114705,False,0.0,,,,,,48.0,,95.0,1272.0,2.0,,,,,14.0,13.0,,,,7.0,1.0,4.0,,0.0,,,0.0,0.0,0.0
19599,2024,Aston Villa,66,37.0,37.0,3196.0,7.094594,False,0.0,,,,,,45.0,0.0,100.0,1247.0,2.0,,3.0,,,22.0,20.0,1.0,1.0,,6.0,2.0,5.0,,1.0,,,0.0,0.0,2.0
19599,2025,Aston Villa,66,27.0,27.0,2385.0,6.95,False,0.0,1.0,0.0,,,0.0,29.0,0.0,76.0,993.0,1.0,73.0,,,,26.0,25.0,,,,16.0,,2.0,0.0,0.0,,,0.0,0.0,1.0
19603,2023,Luton,1359,,,,,False,,,,,,,,,,,,,,,,,,,,,,,,,,,,,,
19610,2022,Nottingham Forest,65,0.0,0.0,0.0,,False,0.0,0.0,0.0,,,0.0,,,,,,,,,,,,,,,,,0.0,0.0,0.0,,,,,
19610,2023,Nottingham Forest,65,0.0,0.0,0.0,,False,0.0,0.0,0.0,,,0.0,,,,,,,,,,,,,,,,,0.0,0.0,0.0,,,,,
19610,2024,Nottingham Forest,65,0.0,0.0,0.0,,False,0.0,0.0,0.0,,,0.0,,,,,,,,,,,,,,,,,0.0,0.0,0.0,,,,,
19617,2022,Crystal Palace,52,37.0,31.0,2757.0,7.135135,False,6.0,14.0,6.0,29.0,14.0,2.0,0.0,11.0,,1158.0,72.0,,58.0,1.0,26.0,405.0,198.0,113.0,54.0,,69.0,28.0,2.0,0.0,0.0,,,0.0,0.0,
19617,2023,Crystal Palace,52,19.0,15.0,1277.0,7.763157,False,4.0,,,36.0,21.0,10.0,0.0,6.0,,606.0,36.0,,19.0,,11.0,219.0,109.0,73.0,40.0,,43.0,13.0,0.0,,0.0,,,1.0,0.0,
19617,2024,Crystal Palace,52,,,,,False,,,,,,,,,,,,,,,,,,,,,,,,,,,,,,
19655,2023,Luton,1359,0.0,0.0,0.0,6.4,False,0.0,0.0,0.0,4.0,2.0,0.0,0.0,,,85.0,2.0,,10.0,,1.0,67.0,26.0,10.0,2.0,,6.0,10.0,0.0,0.0,0.0,,,0.0,0.0,
19657,2022,Fulham,36,2.0,2.0,180.0,6.6,False,0.0,0.0,36.0,,,0.0,2.0,,2.0,58.0,,,,,,1.0,1.0,,,,,,0.0,0.0,0.0,,,0.0,0.0,3.0
19657,2023,Fulham,36,0.0,0.0,0.0,,False,0.0,0.0,38.0,,,0.0,0.0,,,,,,,,,,,,,,,,1.0,0.0,0.0,,,0.0,0.0,0.0
19657,2024,Fulham,36,,,,,False,,,,,,,,,,,,,,,,,,,,,,,,,,,,,,
19684,2023,Crystal Palace,52,1.0,0.0,3.0,6.3,False,1.0,0.0,29.0,,,0.0,1.0,,,5.0,,,,,,1.0,1.0,,,,,,0.0,0.0,0.0,,,0.0,0.0,0.0
19684,2024,Crystal Palace,52,0.0,0.0,0.0,,False,0.0,0.0,7.0,,,0.0,0.0,,,,,,,,,,,,,,,,0.0,0.0,0.0,,,0.0,0.0,0.0
19684,2025,Crystal Palace,52,0.0,0.0,,,False,0.0,0.0,9.0,,,0.0,0.0,0.0,,,,,,,,,,,,,,,0.0,0.0,0.0,,,0.0,0.0,
19719,2022,Southampton,41,5.0,4.0,368.0,6.56,False,1.0,2.0,2.0,1.0,1.0,0.0,0.0,,,139.0,4.0,,5.0,1.0,6.0,25.0,16.0,3.0,2.0,,,1.0,1.0,0.0,0.0,,,0.0,0.0,
19719,2024,Southampton,41,17.0,13.0,1076.0,6.670588,False,4.0,6.0,19.0,1.0,1.0,0.0,0.0,1.0,,531.0,9.0,,20.0,3.0,9.0,74.0,41.0,6.0,4.0,,5.0,4.0,0.0,0.0,0.0,,,0.0,0.0,
19720,2022,Chelsea,49,25.0,18.0,1604.0,6.736,False,7.0,3.0,17.0,6.0,2.0,0.0,0.0,,,1142.0,4.0,43.0,31.0,7.0,24.0,138.0,78.0,9.0,8.0,,8.0,11.0,4.0,0.0,0.0,,,0.0,0.0,
19720,2023,Chelsea,49,13.0,10.0,950.0,6.86923,False,3.0,1.0,4.0,2.0,2.0,1.0,0.0,0.0,,759.0,3.0,52.0,16.0,7.0,9.0,73.0,39.0,2.0,1.0,,3.0,3.0,1.0,0.0,0.0,,,0.0,0.0,
19720,2024,Crystal Palace,52,12.0,12.0,1063.0,6.923076,False,0.0,3.0,2.0,7.0,3.0,3.0,0.0,1.0,,666.0,4.0,46.0,11.0,3.0,10.0,68.0,43.0,3.0,2.0,,7.0,9.0,1.0,0.0,0.0,,,0.0,0.0,
19720,2024,Chelsea,49,0.0,0.0,0.0,6.923076,False,0.0,0.0,0.0,7.0,3.0,0.0,0.0,1.0,,666.0,4.0,46.0,11.0,3.0,10.0,68.0,43.0,3.0,2.0,,7.0,9.0,0.0,0.0,0.0,,,0.0,0.0,
19720,2025,Chelsea,49,29.0,29.0,2552.0,7.0,False,0.0,1.0,0.0,12.0,5.0,3.0,0.0,0.0,,2109.0,4.0,93.0,35.0,15.0,34.0,217.0,124.0,9.0,7.0,,18.0,20.0,3.0,0.0,1.0,,,0.0,0.0,
19723,2024,Ipswich,57,,,,,False,,,,,,,,,,,,,,,,,,,,,,,,,,,,,,
19733,2022,West Ham,48,21.0,7.0,754.0,6.6,False,14.0,5.0,30.0,2.0,1.0,0.0,0.0,,,327.0,2.0,,16.0,2.0,7.0,70.0,38.0,1.0,1.0,,12.0,8.0,2.0,0.0,0.0,,,0.0,0.0,
19733,2023,West Ham,48,0.0,0.0,0.0,,False,0.0,0.0,0.0,,,0.0,,,,,,,,,,,,,,,,,0.0,0.0,0.0,,,,,
19733,2024,Southampton,41,27.0,25.0,2156.0,6.722222,False,2.0,7.0,4.0,6.0,3.0,1.0,0.0,0.0,,1105.0,15.0,,49.0,9.0,32.0,224.0,114.0,16.0,8.0,,39.0,50.0,12.0,0.0,0.0,,,0.0,0.0,
19733,2024,West Ham,48,0.0,0.0,0.0,6.722222,False,0.0,0.0,0.0,6.0,3.0,0.0,0.0,0.0,,1105.0,15.0,,49.0,9.0,32.0,224.0,114.0,16.0,8.0,,39.0,50.0,0.0,0.0,0.0,,,0.0,0.0,
19738,2024,Ipswich,57,,,,,False,,,,,,,,,,,,,,,,,,,,,,,,,,,,,,
19744,2024,Ipswich,57,,,,,False,,,,,,,,,,,,,,,,,,,,,,,,,,,,,,
19750,2023,Luton,1359,14.0,8.0,14.0,7.0,False,6.0,,,,,,0.0,0.0,2.0,8.0,,,,,,,,,,,,,0.0,,0.0,,,0.0,0.0,0.0
19756,2023,Luton,1359,0.0,0.0,0.0,,False,0.0,0.0,4.0,,,0.0,0.0,,,,,,,,,,,,,,,,0.0,0.0,0.0,,,0.0,0.0,
19757,2023,Luton,1359,0.0,0.0,0.0,,False,0.0,0.0,0.0,,,0.0,,,,,,,,,,,,,,,,,0.0,0.0,0.0,,,,,
19759,2023,Luton,1359,17.0,2.0,310.0,6.594117,False,15.0,2.0,31.0,6.0,4.0,2.0,0.0,1.0,,89.0,2.0,,7.0,1.0,,41.0,23.0,2.0,2.0,,7.0,6.0,1.0,0.0,0.0,,,0.0,0.0,
19760,2022,Leicester,46,14.0,14.0,1254.0,6.892857,False,0.0,2.0,0.0,3.0,,0.0,0.0,,,682.0,7.0,,20.0,6.0,15.0,138.0,76.0,15.0,4.0,,29.0,8.0,0.0,0.0,0.0,,,0.0,0.0,
19760,2024,Leicester,46,36.0,34.0,2920.0,6.769444,False,2.0,11.0,3.0,14.0,7.0,2.0,0.0,2.0,,1233.0,14.0,,58.0,18.0,46.0,315.0,180.0,22.0,9.0,,44.0,29.0,6.0,0.0,0.0,,,0.0,0.0,
19760,2025,Leeds,63,23.0,15.0,1376.0,6.85,False,8.0,4.0,15.0,12.0,4.0,1.0,0.0,1.0,,510.0,10.0,76.0,31.0,8.0,20.0,148.0,83.0,13.0,2.0,,22.0,10.0,3.0,0.0,0.0,,,0.0,0.0,
19767,2023,Luton,1359,27.0,11.0,1093.0,6.444444,False,16.0,8.0,27.0,7.0,1.0,0.0,0.0,0.0,,342.0,6.0,,13.0,7.0,9.0,102.0,48.0,15.0,9.0,,14.0,9.0,1.0,0.0,0.0,,,0.0,0.0,
19769,2022,Bournemouth,35,10.0,3.0,293.0,6.275,False,7.0,1.0,24.0,1.0,,0.0,0.0,,,96.0,,,5.0,1.0,5.0,32.0,13.0,8.0,3.0,,,4.0,2.0,0.0,0.0,,,0.0,0.0,
19772,2023,Brighton,51,0.0,0.0,0.0,,False,0.0,0.0,0.0,,,0.0,,,,,,,,,,,,,,,,,0.0,0.0,0.0,,,,,
19779,2023,Sheffield Utd,62,0.0,0.0,0.0,,False,0.0,0.0,18.0,,,0.0,0.0,,,,,,,,,,,,,,,,0.0,0.0,0.0,,,0.0,0.0,0.0
19789,2022,Brentford,55,30.0,30.0,2700.0,7.173333,False,0.0,,,12.0,9.0,3.0,0.0,,,1092.0,9.0,,52.0,31.0,35.0,240.0,169.0,3.0,2.0,,10.0,6.0,0.0,,0.0,,,0.0,0.0,
19789,2023,Brentford,55,29.0,28.0,2529.0,7.05862,False,1.0,,,16.0,4.0,2.0,0.0,0.0,,1398.0,4.0,40.0,35.0,24.0,43.0,238.0,165.0,9.0,6.0,,11.0,4.0,1.0,,0.0,,,0.0,0.0,
19789,2024,Brentford,55,31.0,26.0,1913.0,6.954545,False,5.0,,,10.0,6.0,2.0,0.0,0.0,,1030.0,8.0,41.0,35.0,18.0,24.0,177.0,106.0,9.0,3.0,,4.0,8.0,2.0,,0.0,,,0.0,0.0,
19789,2025,Brentford,55,4.0,4.0,321.0,6.75,False,0.0,3.0,26.0,1.0,1.0,0.0,0.0,0.0,,133.0,,82.0,5.0,5.0,5.0,34.0,20.0,1.0,1.0,,2.0,,1.0,0.0,0.0,,,0.0,0.0,
19802,2023,Luton,1359,19.0,12.0,1019.0,6.768421,False,7.0,8.0,9.0,16.0,7.0,2.0,0.0,,,229.0,8.0,,19.0,1.0,8.0,212.0,87.0,22.0,6.0,,19.0,19.0,4.0,0.0,0.0,,,0.0,0.0,
19804,2022,Bournemouth,35,27.0,12.0,1270.0,6.647619,False,15.0,5.0,23.0,22.0,9.0,4.0,0.0,,,353.0,5.0,,14.0,5.0,1.0,249.0,114.0,9.0,2.0,,30.0,26.0,1.0,0.0,0.0,,,0.0,0.0,
19804,2023,Bournemouth,35,8.0,0.0,100.0,6.675,False,8.0,0.0,16.0,5.0,2.0,1.0,0.0,,,40.0,2.0,,,,,22.0,9.0,2.0,1.0,,2.0,5.0,0.0,0.0,0.0,,,0.0,0.0,
19804,2024,Bournemouth,35,,,,,False,,,,,,,,,,,,,,,,,,,,,,,,,,,,,,
19808,2023,Luton,1359,24.0,2.0,408.0,6.7,False,22.0,2.0,30.0,11.0,4.0,1.0,0.0,1.0,,139.0,9.0,,16.0,1.0,1.0,72.0,32.0,3.0,2.0,,4.0,8.0,2.0,0.0,0.0,,,0.0,0.0,
19824,2022,Bournemouth,35,19.0,17.0,1457.0,6.563157,False,2.0,5.0,7.0,3.0,1.0,0.0,0.0,1.0,,456.0,18.0,,39.0,9.0,16.0,156.0,78.0,36.0,18.0,,14.0,17.0,1.0,0.0,0.0,,,0.0,0.0,
19825,2022,Southampton,41,21.0,13.0,1226.0,6.685714,False,8.0,10.0,16.0,9.0,8.0,2.0,0.0,,,375.0,9.0,,31.0,1.0,10.0,195.0,91.0,38.0,17.0,,13.0,10.0,2.0,0.0,0.0,,,0.0,0.0,
19825,2024,Southampton,41,32.0,21.0,2014.0,6.734375,False,11.0,13.0,17.0,11.0,7.0,3.0,0.0,0.0,,1031.0,16.0,,48.0,11.0,20.0,225.0,121.0,44.0,21.0,,28.0,20.0,1.0,0.0,0.0,,,0.0,0.0,
19827,2023,Burnley,44,33.0,28.0,2068.0,7.124,False,5.0,,,9.0,5.0,2.0,0.0,3.0,,1341.0,26.0,46.0,42.0,19.0,15.0,195.0,113.0,8.0,3.0,,49.0,24.0,9.0,,0.0,,,0.0,0.0,
19827,2025,Burnley,44,18.0,18.0,1519.0,6.91,False,0.0,6.0,0.0,7.0,6.0,2.0,0.0,2.0,,866.0,13.0,84.0,31.0,11.0,22.0,121.0,66.0,6.0,2.0,,18.0,16.0,2.0,0.0,0.0,,1.0,0.0,0.0,
19829,2023,Luton,1359,37.0,37.0,2937.0,7.032432,False,0.0,,,13.0,8.0,2.0,0.0,8.0,,1090.0,71.0,,63.0,9.0,31.0,252.0,128.0,57.0,33.0,,9.0,31.0,5.0,,0.0,,,0.0,0.0,
19831,2022,Brentford,55,0.0,0.0,0.0,,False,0.0,0.0,0.0,,,0.0,,,,,,,,,,,,,,,,,0.0,0.0,0.0,,,,,
19842,2022,Nottingham Forest,65,0.0,0.0,0.0,,False,0.0,0.0,2.0,,,0.0,0.0,,,,,,,,,,,,,,,,0.0,0.0,0.0,,,0.0,0.0,
19842,2023,Nottingham Forest,65,,,,,False,,,,,,,,,,,,,,,,,,,,,,,,,,,,,,
19860,2022,Brighton,51,0.0,0.0,0.0,,False,0.0,0.0,0.0,,,0.0,,,,,,,,,,,,,,,,,0.0,0.0,0.0,,,,,
19866,2022,Bournemouth,35,2.0,0.0,10.0,6.2,False,2.0,0.0,10.0,,,0.0,0.0,,,4.0,,,,,,,,,,,,,0.0,0.0,0.0,,,0.0,0.0,
19866,2023,Bournemouth,35,0.0,0.0,0.0,,False,0.0,0.0,0.0,,,0.0,,,,,,,,,,,,,,,,,0.0,0.0,0.0,,,,,
19881,2025,Sunderland,746,0.0,0.0,,,False,0.0,0.0,23.0,,,0.0,0.0,0.0,,,,,,,,,,,,,,,0.0,0.0,0.0,,,0.0,0.0,
19910,2025,Sunderland,746,3.0,0.0,13.0,6.7,False,3.0,0.0,22.0,,,0.0,0.0,0.0,,9.0,,88.0,,,1.0,3.0,1.0,,,,1.0,,0.0,0.0,0.0,,,0.0,0.0,
19911,2025,Sunderland,746,9.0,3.0,344.0,6.57,False,6.0,0.0,20.0,1.0,,0.0,0.0,0.0,,135.0,,77.0,3.0,1.0,4.0,27.0,12.0,1.0,1.0,,4.0,4.0,1.0,0.0,1.0,,,0.0,0.0,
19959,2022,Arsenal,42,38.0,36.0,3067.0,6.907894,False,2.0,15.0,2.0,8.0,3.0,2.0,0.0,5.0,,1950.0,27.0,44.0,60.0,11.0,22.0,249.0,131.0,23.0,8.0,,30.0,28.0,5.0,0.0,0.0,,,0.0,0.0,
19959,2023,Arsenal,42,37.0,36.0,2995.0,7.227777,False,1.0,,,12.0,8.0,4.0,0.0,4.0,,1911.0,38.0,46.0,48.0,22.0,32.0,197.0,105.0,21.0,9.0,,12.0,19.0,8.0,,0.0,,,0.0,0.0,
19959,2024,Arsenal,42,20.0,18.0,1213.0,6.970588,False,2.0,,,5.0,2.0,,0.0,2.0,,590.0,10.0,,20.0,8.0,16.0,94.0,43.0,5.0,,,5.0,10.0,2.0,,0.0,,,0.0,0.0,
19959,2025,Arsenal,42,8.0,6.0,496.0,6.86,False,2.0,3.0,19.0,4.0,1.0,0.0,0.0,1.0,,245.0,7.0,83.0,15.0,3.0,6.0,61.0,34.0,4.0,3.0,,5.0,5.0,0.0,0.0,0.0,,,0.0,0.0,
19964,2022,Bournemouth,35,6.0,0.0,104.0,6.68,False,6.0,0.0,15.0,2.0,2.0,0.0,0.0,,,42.0,4.0,,3.0,,1.0,25.0,11.0,9.0,6.0,,2.0,1.0,0.0,0.0,0.0,,,0.0,0.0,
19964,2023,Bournemouth,35,0.0,0.0,0.0,,False,0.0,0.0,0.0,,,0.0,,,,,,,,,,,,,,,,,0.0,0.0,0.0,,,,,
19974,2022,Brentford,55,33.0,33.0,2953.0,7.287878,False,0.0,,,78.0,42.0,20.0,0.0,4.0,,736.0,27.0,,23.0,9.0,14.0,482.0,222.0,45.0,16.0,,74.0,52.0,9.0,,0.0,,,6.0,1.0,
19974,2023,Brentford,55,18.0,17.0,1449.0,6.952941,False,1.0,,,40.0,22.0,4.0,0.0,2.0,,388.0,12.0,,15.0,1.0,10.0,227.0,108.0,20.0,10.0,,29.0,24.0,5.0,,0.0,,,0.0,0.0,
19974,2024,Brentford,55,0.0,0.0,0.0,,False,0.0,0.0,0.0,,,0.0,,,,,,,,,,,,,,,,,0.0,0.0,0.0,,,,,
20007,2024,Ipswich,57,28.0,20.0,869.0,6.655,False,8.0,,,10.0,4.0,1.0,0.0,1.0,,306.0,8.0,,15.0,1.0,4.0,65.0,29.0,8.0,4.0,,7.0,11.0,2.0,,0.0,,,0.0,0.0,
20031,2024,Ipswich,57,2.0,0.0,43.0,6.25,False,2.0,0.0,2.0,,,0.0,0.0,0.0,,16.0,,,1.0,1.0,,5.0,1.0,1.0,,,,,0.0,0.0,0.0,,,0.0,0.0,
20069,2022,Everton,45,0.0,0.0,0.0,,False,0.0,0.0,0.0,,,0.0,,,,,,,,,,,,,,,,,0.0,0.0,0.0,,,,,
20069,2023,Everton,45,0.0,0.0,0.0,,False,0.0,0.0,1.0,,,0.0,0.0,,,,,,,,,,,,,,,,0.0,0.0,0.0,,,0.0,0.0,0.0
20069,2024,Everton,45,0.0,0.0,0.0,,False,0.0,0.0,0.0,,,0.0,,,,,,,,,,,,,,,,,0.0,0.0,0.0,,,,,
20079,2022,Leicester,46,12.0,11.0,991.0,6.772727,False,1.0,0.0,7.0,6.0,2.0,0.0,0.0,1.0,,548.0,3.0,,15.0,12.0,12.0,83.0,61.0,3.0,3.0,,5.0,5.0,2.0,0.0,0.0,,,0.0,0.0,
20079,2024,Leicester,46,0.0,0.0,0.0,,False,0.0,0.0,0.0,,,0.0,,,,,,,,,,,,,,,,,0.0,0.0,0.0,,,,,
20089,2024,Ipswich,57,21.0,17.0,933.0,6.67647,False,4.0,,,4.0,1.0,,0.0,1.0,,199.0,10.0,,13.0,2.0,10.0,98.0,41.0,23.0,9.0,,11.0,4.0,1.0,,0.0,,,0.0,0.0,
20093,2022,Bournemouth,35,0.0,0.0,0.0,,False,0.0,0.0,6.0,,,0.0,0.0,,,,,,,,,,,,,,,,0.0,0.0,0.0,,,0.0,0.0,
20093,2023,Bournemouth,35,1.0,0.0,15.0,6.866666,False,1.0,0.0,3.0,,,0.0,0.0,,,34.0,,,3.0,2.0,3.0,11.0,7.0,1.0,,,,1.0,0.0,0.0,0.0,,,0.0,0.0,
20093,2024,Bournemouth,35,10.0,6.0,448.0,6.722222,False,4.0,5.0,25.0,4.0,,0.0,0.0,1.0,,205.0,3.0,,15.0,,9.0,63.0,35.0,2.0,1.0,,5.0,7.0,1.0,0.0,0.0,,,0.0,0.0,
20093,2025,Bournemouth,35,23.0,16.0,1580.0,6.98,False,7.0,2.0,12.0,7.0,1.0,0.0,0.0,3.0,,732.0,9.0,78.0,30.0,12.0,31.0,193.0,124.0,2.0,2.0,,12.0,11.0,3.0,0.0,0.0,,,0.0,0.0,
20110,2022,Brentford,55,28.0,15.0,612.0,6.647826,False,13.0,,,2.0,1.0,,0.0,1.0,,279.0,10.0,,15.0,2.0,7.0,77.0,39.0,9.0,6.0,,12.0,11.0,3.0,,1.0,,,0.0,0.0,
20110,2023,Brentford,55,21.0,10.0,241.0,6.744444,False,11.0,,,2.0,2.0,1.0,0.0,1.0,,86.0,4.0,,4.0,1.0,3.0,31.0,13.0,11.0,6.0,,,3.0,1.0,,0.0,,,0.0,0.0,
20110,2024,Brentford,55,,,,,False,,,,,,,,,,,,,,,,,,,,,,,,,,,,,,
20167,2024,Ipswich,57,0.0,0.0,0.0,,False,0.0,0.0,0.0,,,0.0,,,,,,,,,,,,,,,,,0.0,0.0,0.0,,,,,
20189,2023,Luton,1359,23.0,14.0,1305.0,6.604545,False,9.0,10.0,13.0,9.0,4.0,1.0,0.0,1.0,,483.0,12.0,,30.0,3.0,11.0,186.0,86.0,36.0,12.0,,26.0,14.0,4.0,0.0,0.0,,,0.0,0.0,
20203,2023,Luton,1359,14.0,14.0,1173.0,6.921428,False,0.0,4.0,0.0,6.0,1.0,1.0,0.0,1.0,,418.0,3.0,,25.0,13.0,23.0,112.0,70.0,6.0,4.0,,10.0,15.0,4.0,0.0,0.0,,,0.0,0.0,
20206,2023,Luton,1359,21.0,21.0,1848.0,6.814285,False,0.0,2.0,1.0,9.0,2.0,2.0,0.0,0.0,,702.0,2.0,,41.0,20.0,31.0,183.0,98.0,12.0,7.0,,14.0,23.0,3.0,0.0,0.0,,,0.0,0.0,
20224,2022,Everton,45,0.0,0.0,0.0,,False,0.0,0.0,4.0,,,0.0,0.0,,,,,,,,,,,,,,,,0.0,0.0,0.0,,,0.0,0.0,0.0
20224,2023,Everton,45,0.0,0.0,0.0,,False,0.0,0.0,10.0,,,0.0,0.0,,,,,,,,,,,,,,,,0.0,0.0,0.0,,,0.0,0.0,0.0
20224,2024,Everton,45,,,,,False,,,,,,,,,,,,,,,,,,,,,,,,,,,,,,
20303,2025,Burnley,44,28.0,16.0,1596.0,6.45,False,12.0,6.0,15.0,9.0,4.0,1.0,0.0,0.0,,581.0,11.0,77.0,40.0,8.0,23.0,167.0,82.0,13.0,7.0,,10.0,25.0,7.0,0.0,1.0,,1.0,0.0,0.0,
20319,2022,Manchester United,33,0.0,0.0,0.0,,False,0.0,0.0,4.0,,,0.0,0.0,,,,,,,,,,,,,,,,0.0,0.0,0.0,,,0.0,0.0,0.0
20319,2023,Manchester United,33,0.0,0.0,0.0,,False,0.0,0.0,0.0,,,0.0,,,,,,,,,,,,,,,,,0.0,0.0,0.0,,,,,
20355,2022,Arsenal,42,38.0,38.0,3420.0,6.828947,False,0.0,0.0,0.0,,,0.0,43.0,,95.0,933.0,,,1.0,,,12.0,12.0,1.0,1.0,,4.0,,1.0,0.0,0.0,,,0.0,0.0,0.0
20355,2023,Arsenal,42,6.0,6.0,540.0,6.616666,False,0.0,0.0,31.0,,,0.0,5.0,,9.0,158.0,,,,,,1.0,1.0,,,,1.0,,0.0,0.0,0.0,,,0.0,0.0,1.0
20355,2024,Southampton,41,30.0,30.0,2700.0,,False,0.0,0.0,0.0,,,0.0,0.0,,,,,,,,,,,,,,,,2.0,0.0,0.0,,,0.0,0.0,0.0
20355,2024,Arsenal,42,0.0,0.0,0.0,,False,0.0,0.0,2.0,,,0.0,0.0,,,,,,,,,,,,,,,,0.0,0.0,0.0,,,0.0,0.0,0.0
20355,2025,Newcastle,34,11.0,10.0,913.0,6.71,False,1.0,0.0,22.0,,,0.0,15.0,0.0,24.0,362.0,1.0,67.0,,,,8.0,6.0,,,,1.0,,2.0,0.0,0.0,,,0.0,0.0,0.0
20386,2023,Luton,1359,0.0,0.0,0.0,,False,0.0,0.0,0.0,,,0.0,,,,,,,,,,,,,,,,,0.0,0.0,0.0,,,,,
20415,2024,Ipswich,57,0.0,0.0,0.0,,False,0.0,0.0,0.0,,,0.0,,,,,,,,,,,,,,,,,0.0,0.0,0.0,,,,,
20457,2024,Ipswich,57,23.0,19.0,1540.0,6.894444,False,4.0,,,8.0,3.0,,0.0,2.0,,770.0,7.0,,17.0,15.0,14.0,95.0,65.0,,,,4.0,6.0,0.0,,0.0,,,0.0,0.0,
20503,2022,Nottingham Forest,65,13.0,6.0,580.0,6.633333,False,7.0,3.0,9.0,5.0,2.0,1.0,0.0,,,207.0,4.0,,16.0,2.0,5.0,67.0,40.0,10.0,7.0,,15.0,5.0,2.0,0.0,0.0,,,0.0,0.0,
20503,2023,Nottingham Forest,65,0.0,0.0,0.0,,False,0.0,0.0,1.0,,,0.0,0.0,,,,,,,,,,,,,,,,0.0,0.0,0.0,,,0.0,0.0,
20503,2024,Nottingham Forest,65,0.0,0.0,0.0,,False,0.0,0.0,0.0,,,0.0,,,,,,,,,,,,,,,,,0.0,0.0,0.0,,,,,
20557,2022,Southampton,41,18.0,11.0,819.0,6.505555,False,7.0,7.0,19.0,4.0,,0.0,0.0,,,399.0,4.0,,25.0,1.0,6.0,102.0,55.0,13.0,8.0,,7.0,18.0,4.0,0.0,0.0,,,0.0,0.0,
20589,2022,Brentford,55,38.0,36.0,2931.0,7.068421,False,2.0,26.0,2.0,59.0,33.0,9.0,0.0,8.0,,809.0,53.0,,26.0,1.0,13.0,342.0,129.0,82.0,45.0,,23.0,27.0,5.0,0.0,0.0,,,1.0,0.0,
20589,2023,Brentford,55,25.0,22.0,1960.0,7.264,False,3.0,4.0,3.0,42.0,20.0,9.0,0.0,6.0,,650.0,32.0,,15.0,2.0,7.0,266.0,106.0,68.0,26.0,,42.0,22.0,2.0,0.0,0.0,,,3.0,0.0,
20589,2024,Brentford,55,38.0,38.0,3417.0,7.45,False,0.0,3.0,0.0,65.0,41.0,20.0,0.0,7.0,,1090.0,70.0,,49.0,3.0,14.0,385.0,178.0,99.0,52.0,,44.0,25.0,3.0,0.0,0.0,,,5.0,1.0,
20589,2025,Manchester United,33,27.0,26.0,2216.0,6.88,False,1.0,13.0,1.0,52.0,30.0,9.0,0.0,3.0,,702.0,41.0,79.0,23.0,1.0,7.0,235.0,74.0,46.0,14.0,,26.0,21.0,4.0,0.0,0.0,1.0,,0.0,0.0,
20600,2022,Southampton,41,29.0,22.0,1838.0,6.544827,False,7.0,10.0,9.0,13.0,6.0,2.0,0.0,2.0,,659.0,15.0,,54.0,6.0,20.0,210.0,93.0,35.0,10.0,,15.0,31.0,4.0,0.0,0.0,,,0.0,0.0,
20619,2022,Leeds,63,34.0,34.0,3060.0,6.614705,False,0.0,0.0,4.0,1.0,1.0,0.0,67.0,,94.0,843.0,,,2.0,,1.0,25.0,18.0,,,,5.0,1.0,3.0,0.0,0.0,,,0.0,0.0,0.0
20619,2025,Leeds,63,0.0,0.0,,,False,0.0,0.0,5.0,,,0.0,0.0,0.0,,,,,,,,,,,,,,,0.0,0.0,0.0,,,0.0,0.0,
20638,2025,Sunderland,746,30.0,27.0,2405.0,6.83,False,3.0,7.0,3.0,16.0,6.0,4.0,0.0,4.0,,896.0,38.0,81.0,70.0,11.0,25.0,277.0,124.0,37.0,11.0,,27.0,26.0,5.0,0.0,0.0,,,3.0,1.0,
20649,2022,Brentford,55,38.0,16.0,1599.0,6.743243,False,22.0,15.0,22.0,29.0,15.0,7.0,0.0,3.0,,327.0,13.0,,17.0,,6.0,180.0,87.0,35.0,20.0,,26.0,21.0,3.0,0.0,0.0,,,0.0,0.0,
20649,2023,Brentford,55,34.0,29.0,2509.0,7.085294,False,5.0,20.0,5.0,52.0,26.0,12.0,0.0,3.0,,440.0,30.0,,28.0,3.0,9.0,278.0,137.0,43.0,20.0,,51.0,38.0,7.0,0.0,0.0,,,0.0,0.0,
20649,2024,Brentford,55,35.0,34.0,2929.0,7.157142,False,1.0,11.0,1.0,69.0,43.0,19.0,0.0,4.0,,564.0,29.0,,22.0,8.0,8.0,264.0,118.0,40.0,15.0,,51.0,34.0,5.0,0.0,0.0,,,0.0,0.0,
20649,2025,Newcastle,34,14.0,4.0,437.0,6.46,False,10.0,4.0,13.0,11.0,5.0,1.0,0.0,0.0,,71.0,2.0,76.0,3.0,1.0,,47.0,12.0,8.0,1.0,,1.0,4.0,1.0,0.0,0.0,,,0.0,0.0,
20665,2023,Wolves,39,22.0,16.0,964.0,6.654545,False,6.0,,,10.0,5.0,2.0,0.0,1.0,,281.0,12.0,,17.0,2.0,8.0,144.0,66.0,34.0,17.0,,24.0,10.0,0.0,,1.0,,,0.0,0.0,
20665,2024,Wolves,39,37.0,28.0,1706.0,6.808823,False,9.0,,,16.0,5.0,2.0,0.0,7.0,,550.0,29.0,,39.0,3.0,10.0,225.0,110.0,45.0,14.0,,47.0,31.0,3.0,,0.0,,,0.0,0.0,
20665,2025,Wolves,39,23.0,14.0,1150.0,6.77,False,9.0,13.0,9.0,15.0,7.0,1.0,0.0,1.0,,391.0,12.0,79.0,26.0,3.0,10.0,156.0,85.0,28.0,17.0,,37.0,18.0,5.0,0.0,0.0,,,0.0,0.0,
20850,2022,Vitesse,200,0.0,0.0,0.0,,False,0.0,0.0,0.0,,,0.0,,,,,,,,,,,,,,,,,0.0,0.0,0.0,,,,,
20995,2024,Crystal Palace,52,35.0,35.0,3118.0,7.022857,False,0.0,,,25.0,6.0,1.0,0.0,1.0,,1463.0,8.0,,68.0,21.0,54.0,262.0,156.0,12.0,8.0,,19.0,34.0,5.0,,0.0,,,0.0,0.0,
20995,2025,Crystal Palace,52,29.0,29.0,2576.0,6.9,False,0.0,0.0,0.0,14.0,4.0,1.0,0.0,2.0,,1350.0,5.0,88.0,51.0,13.0,39.0,281.0,171.0,9.0,5.0,,17.0,30.0,3.0,0.0,1.0,,2.0,0.0,0.0,
21090,2022,Aston Villa,66,3.0,3.0,204.0,6.566666,False,0.0,,,3.0,,,0.0,,,139.0,1.0,,1.0,2.0,1.0,13.0,7.0,,,,,2.0,0.0,,0.0,,,0.0,0.0,
21090,2023,Aston Villa,66,27.0,22.0,1827.0,6.659259,False,5.0,,,8.0,1.0,,0.0,0.0,,1339.0,3.0,43.0,27.0,19.0,13.0,120.0,53.0,4.0,2.0,,4.0,26.0,4.0,,0.0,,,0.0,0.0,
21090,2024,Aston Villa,66,10.0,9.0,828.0,6.62,False,1.0,,,4.0,1.0,,0.0,0.0,,600.0,,53.0,8.0,7.0,5.0,47.0,22.0,2.0,2.0,,1.0,11.0,1.0,,0.0,,,0.0,0.0,
21104,2025,Tottenham,47,24.0,16.0,1325.0,6.45,False,8.0,13.0,10.0,10.0,3.0,1.0,0.0,1.0,,229.0,19.0,69.0,22.0,1.0,3.0,220.0,72.0,50.0,17.0,,13.0,34.0,2.0,0.0,0.0,,,0.0,0.0,
21138,2022,Wolves,39,21.0,9.0,1068.0,6.628571,False,12.0,5.0,19.0,8.0,5.0,1.0,0.0,,,474.0,7.0,,33.0,,9.0,152.0,86.0,46.0,28.0,,11.0,15.0,4.0,0.0,0.0,,,0.0,0.0,
21138,2023,Wolves,39,33.0,29.0,2345.0,6.893939,False,4.0,19.0,4.0,19.0,8.0,2.0,0.0,1.0,,1038.0,25.0,,71.0,6.0,15.0,373.0,207.0,101.0,62.0,,53.0,25.0,7.0,0.0,0.0,,,0.0,0.0,
21138,2023,Manchester City,50,33.0,31.0,2343.0,6.893939,False,2.0,,,19.0,8.0,2.0,0.0,1.0,,1038.0,25.0,,71.0,6.0,15.0,373.0,207.0,101.0,62.0,,53.0,25.0,7.0,,0.0,,,0.0,0.0,
21138,2024,Wolves,39,37.0,37.0,3129.0,7.008108,False,0.0,18.0,0.0,21.0,13.0,4.0,0.0,7.0,,1377.0,47.0,,89.0,6.0,27.0,408.0,220.0,119.0,63.0,,46.0,30.0,6.0,1.0,0.0,,,0.0,0.0,
21138,2024,Manchester City,50,37.0,37.0,3128.0,7.008108,False,0.0,,,21.0,13.0,4.0,0.0,7.0,,1377.0,47.0,,89.0,6.0,27.0,408.0,220.0,119.0,63.0,,46.0,30.0,7.0,,1.0,,,0.0,0.0,
21138,2025,Manchester City,50,14.0,10.0,808.0,6.94,False,4.0,4.0,10.0,5.0,1.0,0.0,0.0,2.0,,488.0,8.0,89.0,29.0,1.0,13.0,119.0,70.0,38.0,20.0,,8.0,13.0,2.0,0.0,0.0,,,0.0,0.0,
21566,2025,Fulham,36,0.0,0.0,,,False,0.0,0.0,32.0,,,0.0,0.0,0.0,,,,,,,,,,,,,,,0.0,0.0,0.0,,,0.0,0.0,
21636,2022,Aston Villa,66,0.0,0.0,0.0,,False,0.0,0.0,0.0,,,0.0,,,,,,,,,,,,,,,,,0.0,0.0,0.0,,,,,
21694,2022,West Ham,48,18.0,17.0,1595.0,6.944444,False,1.0,1.0,4.0,9.0,2.0,2.0,0.0,,,759.0,6.0,,27.0,24.0,18.0,124.0,71.0,4.0,4.0,,8.0,8.0,4.0,0.0,0.0,,,0.0,0.0,
21694,2023,West Ham,48,21.0,21.0,1859.0,6.828571,False,0.0,1.0,3.0,11.0,4.0,1.0,0.0,,,1164.0,4.0,44.0,26.0,24.0,17.0,135.0,83.0,5.0,3.0,,6.0,10.0,2.0,1.0,0.0,,,0.0,0.0,
21694,2024,West Ham,48,0.0,0.0,0.0,,False,0.0,0.0,0.0,,,0.0,,,,,,,,,,,,,,,,,0.0,0.0,0.0,,,,,
21694,2025,West Ham,48,2.0,2.0,180.0,6.25,False,0.0,0.0,0.0,2.0,,0.0,0.0,0.0,,115.0,,90.0,1.0,2.0,1.0,10.0,7.0,1.0,1.0,,1.0,,0.0,0.0,0.0,,,0.0,0.0,
21998,2023,Chelsea,49,31.0,29.0,2580.0,6.845161,False,2.0,2.0,6.0,15.0,4.0,2.0,0.0,,,2198.0,3.0,64.0,33.0,19.0,18.0,205.0,134.0,17.0,12.0,,17.0,17.0,6.0,0.0,0.0,,,0.0,0.0,
21998,2024,Aston Villa,66,7.0,5.0,488.0,6.714285,False,2.0,0.0,6.0,2.0,,0.0,0.0,0.0,,266.0,3.0,,9.0,1.0,5.0,48.0,28.0,15.0,9.0,,2.0,3.0,2.0,0.0,0.0,,,0.0,0.0,
21998,2024,Chelsea,49,6.0,4.0,365.0,6.714285,False,2.0,2.0,11.0,2.0,,1.0,0.0,0.0,,266.0,3.0,,9.0,1.0,5.0,48.0,28.0,15.0,9.0,,2.0,3.0,1.0,0.0,0.0,,,0.0,0.0,
21998,2025,West Ham,48,8.0,8.0,720.0,6.76,False,0.0,0.0,0.0,4.0,3.0,0.0,0.0,0.0,,342.0,1.0,89.0,6.0,7.0,4.0,32.0,20.0,,,,3.0,5.0,0.0,0.0,0.0,,,0.0,0.0,
22090,2022,Arsenal,42,27.0,27.0,2416.0,6.97037,False,0.0,1.0,0.0,6.0,3.0,2.0,0.0,1.0,,1864.0,6.0,62.0,34.0,10.0,19.0,180.0,109.0,10.0,9.0,,13.0,19.0,4.0,0.0,0.0,,,0.0,0.0,
22090,2023,Arsenal,42,38.0,38.0,3420.0,7.042105,False,0.0,0.0,0.0,6.0,4.0,2.0,0.0,1.0,,2839.0,6.0,69.0,41.0,17.0,29.0,233.0,139.0,14.0,10.0,,16.0,22.0,4.0,0.0,0.0,,,0.0,0.0,
22090,2024,Arsenal,42,35.0,35.0,3042.0,6.997142,False,0.0,2.0,0.0,5.0,3.0,2.0,0.0,0.0,,2548.0,7.0,68.0,61.0,15.0,21.0,236.0,151.0,18.0,12.0,,17.0,28.0,2.0,0.0,1.0,,,0.0,0.0,
22090,2025,Arsenal,42,26.0,25.0,2165.0,6.99,False,1.0,2.0,1.0,4.0,1.0,1.0,0.0,0.0,,1791.0,8.0,92.0,30.0,4.0,15.0,199.0,113.0,8.0,5.0,,15.0,18.0,1.0,0.0,0.0,,,0.0,0.0,
22094,2022,Leicester,46,2.0,2.0,180.0,6.826666,False,0.0,0.0,0.0,6.0,2.0,0.0,0.0,,,862.0,2.0,51.0,30.0,10.0,20.0,138.0,90.0,9.0,8.0,,22.0,11.0,1.0,0.0,0.0,,,0.0,0.0,
22094,2022,Chelsea,49,16.0,13.0,1187.0,6.826666,False,3.0,,,6.0,2.0,1.0,0.0,,,862.0,2.0,51.0,30.0,10.0,20.0,138.0,90.0,9.0,8.0,,22.0,11.0,3.0,,0.0,,,0.0,0.0,
22094,2023,Chelsea,49,0.0,0.0,0.0,,False,0.0,0.0,0.0,,,0.0,,,,,,,,,,,,,,,,,0.0,0.0,0.0,,,,,
22094,2024,Chelsea,49,15.0,14.0,1176.0,6.857142,False,1.0,,,3.0,,,0.0,0.0,,781.0,6.0,50.0,13.0,9.0,14.0,116.0,64.0,11.0,8.0,,16.0,24.0,7.0,,0.0,,,0.0,0.0,
22094,2025,Chelsea,49,20.0,15.0,1367.0,6.99,False,5.0,5.0,10.0,4.0,,0.0,0.0,1.0,,1004.0,3.0,92.0,19.0,16.0,28.0,169.0,104.0,14.0,10.0,,13.0,19.0,5.0,1.0,0.0,,,0.0,0.0,
22136,2025,Bournemouth,35,18.0,15.0,1286.0,6.66,False,3.0,2.0,16.0,1.0,,0.0,0.0,0.0,,749.0,3.0,87.0,20.0,5.0,12.0,111.0,60.0,3.0,,,5.0,8.0,1.0,0.0,0.0,,1.0,0.0,0.0,
22149,2023,Nottingham Forest,65,24.0,19.0,1043.0,6.794117,False,5.0,,,5.0,,,0.0,0.0,,419.0,7.0,,42.0,7.0,16.0,134.0,65.0,12.0,6.0,,9.0,22.0,6.0,,0.0,,,0.0,0.0,
22149,2024,Nottingham Forest,65,18.0,12.0,597.0,6.8,False,6.0,,,1.0,1.0,,0.0,1.0,,320.0,5.0,,28.0,4.0,6.0,85.0,46.0,1.0,,,8.0,16.0,3.0,,0.0,,,0.0,0.0,
22149,2025,Nottingham Forest,65,24.0,22.0,1865.0,6.98,False,2.0,7.0,5.0,14.0,5.0,2.0,0.0,2.0,,833.0,11.0,86.0,55.0,15.0,18.0,207.0,101.0,20.0,10.0,,15.0,36.0,5.0,0.0,0.0,,2.0,0.0,0.0,
22157,2025,Crystal Palace,52,1.0,1.0,90.0,7.2,False,0.0,0.0,28.0,,,0.0,0.0,0.0,3.0,27.0,,66.0,,,,,,,,,,,0.0,0.0,0.0,,,0.0,0.0,0.0
22160,2025,Brighton,51,9.0,6.0,549.0,6.97,False,3.0,2.0,26.0,1.0,,0.0,0.0,1.0,,500.0,3.0,86.0,12.0,1.0,13.0,52.0,32.0,2.0,2.0,,5.0,7.0,2.0,0.0,0.0,,,0.0,0.0,
22166,2022,Chelsea,49,0.0,0.0,0.0,,False,0.0,0.0,0.0,,,0.0,,,,,,,,,,,,,,,,,0.0,0.0,0.0,,,,,
22166,2023,Chelsea,49,0.0,0.0,0.0,,False,0.0,0.0,0.0,,,0.0,,,,,,,,,,,,,,,,,0.0,0.0,0.0,,,,,
22166,2024,Chelsea,49,,,,,False,,,,,,,,,,,,,,,,,,,,,,,,,,,,,,
22173,2022,Newcastle,34,25.0,18.0,1131.0,6.966666,False,7.0,,,19.0,13.0,1.0,0.0,5.0,,405.0,31.0,,10.0,,5.0,164.0,85.0,90.0,57.0,,16.0,6.0,1.0,,0.0,,,0.0,0.0,
22173,2023,Newcastle,34,0.0,0.0,0.0,,False,0.0,0.0,0.0,,,0.0,,,,,,,,,,,,,,,,,0.0,0.0,0.0,,,,,
22224,2022,Arsenal,42,38.0,38.0,3411.0,7.015789,False,0.0,2.0,0.0,26.0,10.0,3.0,0.0,,,2395.0,5.0,56.0,48.0,26.0,32.0,304.0,190.0,2.0,2.0,,40.0,25.0,5.0,0.0,0.0,,,0.0,0.0,
22224,2023,Arsenal,42,36.0,34.0,3044.0,7.172222,False,2.0,2.0,4.0,25.0,10.0,4.0,0.0,0.0,,2144.0,3.0,53.0,48.0,33.0,31.0,267.0,161.0,4.0,2.0,,34.0,35.0,4.0,0.0,0.0,,,0.0,0.0,
22224,2024,Arsenal,42,28.0,28.0,2366.0,7.239285,False,0.0,3.0,0.0,15.0,5.0,3.0,0.0,1.0,,1628.0,14.0,52.0,25.0,29.0,16.0,164.0,101.0,5.0,4.0,,19.0,19.0,4.0,0.0,0.0,,,0.0,0.0,
22224,2025,Arsenal,42,26.0,25.0,2256.0,7.46,False,1.0,1.0,1.0,12.0,5.0,3.0,0.0,4.0,,1458.0,6.0,88.0,33.0,26.0,18.0,218.0,151.0,2.0,1.0,,28.0,16.0,3.0,0.0,0.0,,,0.0,0.0,
22225,2025,Sunderland,746,19.0,18.0,1519.0,6.72,False,1.0,1.0,1.0,2.0,,0.0,0.0,1.0,,614.0,4.0,85.0,30.0,12.0,26.0,179.0,98.0,25.0,13.0,,30.0,28.0,7.0,0.0,1.0,1.0,1.0,0.0,0.0,
22233,2022,Leicester,46,26.0,20.0,1634.0,6.742307,False,6.0,11.0,9.0,1.0,,0.0,0.0,,,900.0,11.0,,57.0,4.0,33.0,202.0,109.0,18.0,12.0,,22.0,31.0,9.0,0.0,0.0,,,0.0,0.0,
22233,2024,Leicester,46,31.0,25.0,2171.0,6.706451,False,6.0,6.0,10.0,4.0,,0.0,0.0,0.0,,1219.0,11.0,,37.0,10.0,27.0,191.0,108.0,41.0,27.0,,23.0,24.0,8.0,0.0,0.0,,,0.0,0.0,
22265,2022,Nottingham Forest,65,0.0,0.0,0.0,,False,0.0,0.0,0.0,,,0.0,,,,,,,,,,,,,,,,,0.0,0.0,0.0,,,,,
24760,2025,Liverpool,40,7.0,7.0,630.0,6.61,False,0.0,0.0,25.0,,,0.0,12.0,0.0,25.0,231.0,,71.0,,,,6.0,4.0,,,,2.0,1.0,0.0,0.0,0.0,,1.0,0.0,0.0,1.0
24882,2022,Nottingham Forest,65,27.0,20.0,1557.0,6.688888,False,7.0,15.0,12.0,7.0,3.0,1.0,0.0,1.0,,506.0,3.0,,28.0,7.0,23.0,147.0,78.0,28.0,16.0,,23.0,22.0,3.0,0.0,0.0,,,0.0,0.0,
24882,2023,Nottingham Forest,65,20.0,19.0,1571.0,6.705,False,1.0,9.0,2.0,9.0,1.0,1.0,0.0,,,642.0,6.0,,27.0,6.0,26.0,142.0,70.0,26.0,13.0,,21.0,23.0,6.0,0.0,0.0,,,0.0,0.0,
24882,2024,Nottingham Forest,65,,,,,False,,,,,,,,,,,,,,,,,,,,,,,,,,,,,,
24882,2024,Everton,45,19.0,14.0,1262.0,6.931578,False,5.0,4.0,5.0,14.0,6.0,1.0,0.0,0.0,,483.0,8.0,,16.0,3.0,21.0,109.0,53.0,23.0,14.0,,17.0,24.0,2.0,0.0,0.0,,,0.0,0.0,
24888,2022,Wolves,39,27.0,12.0,1128.0,6.614814,False,15.0,11.0,17.0,13.0,7.0,3.0,0.0,1.0,,264.0,10.0,,20.0,2.0,5.0,155.0,59.0,26.0,13.0,,19.0,20.0,1.0,0.0,0.0,,,0.0,0.0,
24888,2023,Wolves,39,29.0,25.0,2125.0,6.972413,False,4.0,11.0,4.0,35.0,18.0,12.0,0.0,3.0,,530.0,17.0,,20.0,1.0,10.0,243.0,95.0,66.0,36.0,,32.0,31.0,6.0,0.0,0.0,,,1.0,0.0,
24888,2024,Wolves,39,21.0,5.0,650.0,6.585,False,16.0,4.0,24.0,4.0,3.0,2.0,0.0,0.0,,189.0,3.0,,6.0,,2.0,61.0,20.0,14.0,2.0,,9.0,6.0,0.0,0.0,0.0,,,0.0,0.0,
24888,2025,Wolves,39,21.0,15.0,1174.0,6.64,False,6.0,15.0,12.0,13.0,6.0,2.0,0.0,1.0,,319.0,10.0,76.0,8.0,,8.0,93.0,36.0,22.0,8.0,,15.0,22.0,3.0,0.0,0.0,,,1.0,0.0,
25004,2022,Manchester City,50,38.0,21.0,270.0,7.8,False,17.0,,,,,,1.0,,14.0,151.0,,43.0,,,,1.0,1.0,,,,,,0.0,,0.0,,,0.0,0.0,0.0
25004,2023,Manchester City,50,38.0,23.0,632.0,6.988888,False,15.0,,,,,,7.0,0.0,20.0,242.0,,,,,,2.0,2.0,,,,1.0,,0.0,,0.0,,,0.0,0.0,0.0
25004,2024,Manchester City,50,38.0,24.0,1099.0,6.846153,False,14.0,,,,,,18.0,0.0,33.0,402.0,,,,,,6.0,4.0,,,,2.0,1.0,1.0,,0.0,,,0.0,0.0,0.0
25004,2025,Manchester City,50,0.0,0.0,,,False,0.0,0.0,1.0,,,0.0,0.0,0.0,,,,,,,,,,,,,,,0.0,0.0,0.0,,,0.0,0.0,
25004,2025,Nottingham Forest,65,3.0,3.0,270.0,7.03,False,0.0,0.0,2.0,,,0.0,4.0,0.0,8.0,68.0,,69.0,,,,1.0,1.0,,,,,,0.0,0.0,0.0,,,0.0,0.0,0.0
25061,2022,Southampton,41,24.0,24.0,1885.0,6.941666,False,0.0,6.0,2.0,13.0,2.0,0.0,0.0,2.0,,927.0,6.0,,37.0,12.0,44.0,165.0,114.0,7.0,4.0,,33.0,9.0,4.0,0.0,0.0,,,0.0,0.0,
25061,2024,Southampton,41,12.0,7.0,329.0,6.45,False,5.0,,,1.0,,,0.0,0.0,,223.0,,50.0,7.0,2.0,5.0,27.0,15.0,1.0,,,2.0,3.0,0.0,,0.0,,,0.0,0.0,
25073,2022,Brentford,55,35.0,24.0,2208.0,6.845714,False,11.0,11.0,11.0,11.0,5.0,3.0,0.0,1.0,,977.0,16.0,,54.0,9.0,29.0,211.0,116.0,23.0,9.0,,21.0,22.0,3.0,0.0,0.0,,,0.0,0.0,
25073,2023,Brentford,55,38.0,38.0,3071.0,6.973684,False,0.0,,,13.0,7.0,1.0,0.0,3.0,,1306.0,37.0,,63.0,9.0,36.0,233.0,133.0,15.0,8.0,,28.0,27.0,8.0,,0.0,,,0.0,0.0,
25073,2024,Brentford,55,32.0,29.0,2287.0,6.840625,False,3.0,,,11.0,4.0,1.0,0.0,3.0,,1014.0,15.0,,38.0,9.0,27.0,143.0,75.0,10.0,3.0,,15.0,24.0,3.0,,0.0,,,0.0,0.0,
25073,2025,Brentford,55,22.0,13.0,1267.0,6.96,False,9.0,3.0,11.0,9.0,3.0,1.0,0.0,4.0,,718.0,19.0,86.0,24.0,8.0,29.0,117.0,61.0,10.0,4.0,,12.0,17.0,7.0,0.0,0.0,,,0.0,0.0,
25114,2022,Vitesse,200,0.0,0.0,0.0,,False,0.0,0.0,0.0,,,0.0,,,,,,,,,,,,,,,,,0.0,0.0,0.0,,,,,
25287,2024,Tottenham,47,10.0,9.0,842.0,6.94,False,1.0,1.0,1.0,7.0,3.0,0.0,0.0,0.0,,553.0,2.0,47.0,7.0,14.0,6.0,73.0,43.0,3.0,2.0,,13.0,9.0,0.0,0.0,0.0,,,0.0,0.0,
25287,2025,Tottenham,47,18.0,11.0,967.0,6.9,False,7.0,3.0,17.0,2.0,1.0,0.0,0.0,0.0,,615.0,,85.0,21.0,8.0,12.0,138.0,90.0,1.0,,,9.0,11.0,4.0,0.0,0.0,,,0.0,0.0,
25391,2024,West Ham,48,18.0,6.0,785.0,6.838888,False,12.0,5.0,13.0,14.0,7.0,3.0,0.0,2.0,,196.0,14.0,,4.0,,1.0,137.0,50.0,7.0,1.0,,6.0,21.0,2.0,0.0,0.0,,,0.0,0.0,
25391,2025,West Ham,48,8.0,5.0,408.0,6.08,False,3.0,4.0,5.0,7.0,3.0,0.0,0.0,0.0,,93.0,7.0,61.0,2.0,1.0,2.0,69.0,21.0,,,,1.0,11.0,0.0,0.0,0.0,,,0.0,0.0,
25416,2022,Manchester United,33,17.0,14.0,807.0,6.611764,False,3.0,,,11.0,5.0,,0.0,1.0,,207.0,14.0,,11.0,2.0,7.0,102.0,39.0,11.0,4.0,,9.0,14.0,1.0,,0.0,,,0.0,0.0,
25416,2023,Burnley,44,,,,,False,,,,,,,,,,,,,,,,,,,,,,,,,,,,,,
25628,2023,Burnley,44,15.0,15.0,1239.0,6.9,False,0.0,5.0,0.0,2.0,,0.0,0.0,1.0,,855.0,3.0,50.0,35.0,15.0,16.0,123.0,73.0,6.0,4.0,,6.0,11.0,6.0,0.0,0.0,,,0.0,0.0,
25916,2022,Nottingham Forest,65,15.0,15.0,1162.0,6.621428,False,0.0,,,6.0,3.0,,0.0,,,299.0,1.0,,18.0,8.0,19.0,85.0,43.0,4.0,,,6.0,12.0,1.0,,0.0,,,0.0,0.0,
25916,2023,Nottingham Forest,65,33.0,24.0,1465.0,6.7,False,9.0,,,3.0,1.0,1.0,0.0,0.0,,688.0,3.0,,42.0,12.0,14.0,88.0,64.0,3.0,3.0,,4.0,11.0,5.0,,1.0,,,0.0,0.0,
25916,2024,Nottingham Forest,65,,,,,False,,,,,,,,,,,,,,,,,,,,,,,,,,,,,,
25927,2022,Crystal Palace,52,29.0,6.0,753.0,6.555555,False,23.0,6.0,31.0,19.0,7.0,2.0,0.0,,,146.0,5.0,,7.0,1.0,3.0,127.0,44.0,8.0,3.0,,8.0,16.0,3.0,0.0,0.0,,,0.0,0.0,
25927,2023,Crystal Palace,52,35.0,25.0,2284.0,6.974285,False,10.0,12.0,12.0,39.0,29.0,16.0,0.0,5.0,,413.0,32.0,,22.0,4.0,4.0,340.0,119.0,61.0,25.0,,22.0,35.0,3.0,0.0,0.0,,,2.0,0.0,
25927,2024,Crystal Palace,52,37.0,33.0,2658.0,6.927027,False,4.0,16.0,4.0,53.0,33.0,14.0,0.0,2.0,,422.0,29.0,,18.0,4.0,2.0,343.0,129.0,41.0,19.0,,29.0,27.0,2.0,0.0,0.0,,,2.0,0.0,
25927,2025,Crystal Palace,52,25.0,23.0,1969.0,6.76,False,2.0,11.0,2.0,50.0,28.0,10.0,0.0,0.0,,281.0,7.0,62.0,9.0,5.0,6.0,259.0,100.0,30.0,14.0,,18.0,17.0,2.0,0.0,0.0,1.0,,4.0,0.0,
26232,2023,Brentford,55,37.0,37.0,3285.0,7.083783,False,0.0,,,,,,63.0,1.0,115.0,1446.0,4.0,,1.0,,,26.0,18.0,4.0,3.0,,4.0,2.0,3.0,,0.0,,,0.0,0.0,0.0
26232,2024,Brentford,55,37.0,37.0,3276.0,7.375675,False,0.0,,,,,,55.0,2.0,153.0,1583.0,3.0,,4.0,,,18.0,12.0,1.0,1.0,,3.0,,1.0,,0.0,,,0.0,0.0,0.0
26238,2022,Leeds,63,36.0,36.0,3178.0,6.625,False,0.0,3.0,1.0,13.0,4.0,0.0,0.0,,,1588.0,6.0,,53.0,21.0,43.0,321.0,182.0,3.0,1.0,,17.0,35.0,7.0,0.0,0.0,,,0.0,0.0,
26303,2025,Crystal Palace,52,6.0,0.0,54.0,6.45,False,6.0,0.0,28.0,,,0.0,0.0,0.0,,23.0,1.0,47.0,3.0,,1.0,10.0,5.0,1.0,,,,3.0,0.0,0.0,0.0,,,0.0,0.0,
26305,2024,Estudiantes L.P.,450,0.0,0.0,0.0,,False,0.0,0.0,0.0,,,0.0,,,,,,,,,,,,,,,,,0.0,0.0,0.0,,,,,
26475,2022,Brighton,51,22.0,6.0,618.0,6.69,False,16.0,6.0,30.0,19.0,12.0,5.0,0.0,,,162.0,8.0,,7.0,1.0,,57.0,20.0,6.0,4.0,,4.0,15.0,2.0,0.0,0.0,,,0.0,0.0,
26475,2023,Brighton,51,0.0,0.0,0.0,,False,0.0,0.0,0.0,,,0.0,,,,,,,,,,,,,,,,,0.0,0.0,0.0,,,,,
26475,2024,Brighton,51,0.0,0.0,0.0,,False,0.0,0.0,0.0,,,0.0,,,,,,,,,,,,,,,,,0.0,0.0,0.0,,,,,
26644,2025,Bournemouth,35,0.0,0.0,,,False,0.0,0.0,9.0,,,0.0,0.0,0.0,,,,,,,,,,,,,,,0.0,0.0,0.0,,,0.0,0.0,
27778,2023,Wolves,39,,,,,False,,,,,,,,,,,,,,,,,,,,,,,,,,,,,,
30407,2022,Brentford,55,22.0,22.0,1770.0,6.981818,False,0.0,,,15.0,10.0,1.0,0.0,3.0,,793.0,12.0,,52.0,9.0,34.0,203.0,98.0,18.0,8.0,,20.0,35.0,6.0,,0.0,,,0.0,0.0,
30407,2023,Brentford,55,31.0,31.0,2513.0,7.038709,False,0.0,,,23.0,7.0,2.0,0.0,1.0,,1441.0,24.0,,81.0,6.0,54.0,318.0,159.0,10.0,6.0,,32.0,41.0,8.0,,0.0,,,0.0,0.0,
30407,2024,Brentford,55,34.0,34.0,2829.0,7.088235,False,0.0,,,27.0,16.0,5.0,0.0,4.0,,1391.0,18.0,,79.0,20.0,49.0,295.0,163.0,12.0,7.0,,28.0,44.0,8.0,,1.0,,,0.0,0.0,
30407,2025,Arsenal,42,6.0,0.0,63.0,6.58,False,6.0,0.0,25.0,1.0,1.0,0.0,0.0,0.0,,23.0,,82.0,,1.0,,8.0,2.0,,,,,1.0,0.0,0.0,0.0,,,0.0,0.0,
30410,2024,Liverpool,40,6.0,1.0,104.0,6.416666,False,5.0,1.0,18.0,3.0,2.0,0.0,0.0,0.0,,28.0,2.0,,1.0,,,18.0,3.0,2.0,,,2.0,3.0,0.0,0.0,0.0,,,0.0,0.0,
30410,2025,Liverpool,40,23.0,1.0,354.0,6.6,False,22.0,1.0,29.0,10.0,4.0,2.0,0.0,1.0,,105.0,3.0,71.0,8.0,2.0,4.0,48.0,18.0,11.0,2.0,,5.0,9.0,3.0,0.0,0.0,,,0.0,0.0,
30427,2024,Leicester,46,19.0,12.0,1122.0,6.752941,False,7.0,4.0,25.0,4.0,2.0,1.0,0.0,0.0,,643.0,,,25.0,14.0,15.0,103.0,57.0,,,,9.0,16.0,4.0,0.0,0.0,,,0.0,0.0,
30435,2022,Tottenham,47,30.0,23.0,2079.0,6.8,False,7.0,19.0,7.0,22.0,10.0,2.0,0.0,7.0,,676.0,47.0,,38.0,,13.0,290.0,118.0,104.0,52.0,,25.0,36.0,2.0,0.0,0.0,,,0.0,0.0,
30435,2023,Tottenham,47,36.0,31.0,2767.0,7.083333,False,5.0,10.0,5.0,31.0,24.0,8.0,0.0,3.0,,1132.0,66.0,,62.0,1.0,18.0,392.0,152.0,120.0,54.0,,29.0,54.0,7.0,0.0,0.0,,,0.0,0.0,
30435,2024,Tottenham,47,32.0,27.0,2390.0,6.9,False,5.0,5.0,5.0,28.0,18.0,7.0,0.0,4.0,,789.0,66.0,,43.0,5.0,13.0,367.0,129.0,109.0,38.0,,38.0,48.0,3.0,0.0,0.0,,,0.0,0.0,
30471,2022,Vitesse,200,0.0,0.0,0.0,,False,0.0,0.0,0.0,,,0.0,,,,,,,,,,,,,,,,,0.0,0.0,0.0,,,,,
30476,2022,Southampton,41,21.0,11.0,1172.0,6.823809,False,10.0,2.0,18.0,11.0,4.0,1.0,0.0,1.0,,502.0,4.0,,24.0,25.0,20.0,114.0,67.0,10.0,8.0,,10.0,16.0,4.0,0.0,0.0,,,0.0,0.0,
30476,2024,Southampton,41,,,,,False,,,,,,,,,,,,,,,,,,,,,,,,,,,,,,
30544,2022,West Ham,48,16.0,11.0,929.0,6.71875,False,5.0,8.0,9.0,22.0,10.0,3.0,0.0,,,175.0,13.0,,10.0,,4.0,104.0,43.0,12.0,6.0,,10.0,16.0,3.0,0.0,0.0,,,0.0,0.0,
30544,2023,West Ham,48,0.0,0.0,0.0,,False,0.0,0.0,0.0,,,0.0,,,,,,,,,,,,,,,,,0.0,0.0,0.0,,,,,
30765,2023,Bournemouth,35,13.0,6.0,180.0,6.1,False,7.0,,,,,,7.0,,5.0,58.0,,,,,,,,,,,,,0.0,,0.0,,,0.0,0.0,0.0
30765,2024,Bournemouth,35,,,,,False,,,,,,,,,,,,,,,,,,,,,,,,,,,,,,
30776,2022,Tottenham,47,2.0,2.0,180.0,6.937037,False,0.0,0.0,0.0,10.0,2.0,0.0,0.0,1.0,,1584.0,8.0,51.0,68.0,18.0,44.0,253.0,150.0,21.0,13.0,,12.0,42.0,0.0,0.0,0.0,,,0.0,0.0,
30776,2023,Tottenham,47,33.0,33.0,2793.0,7.296969,False,0.0,2.0,0.0,20.0,10.0,5.0,0.0,0.0,,2586.0,7.0,72.0,66.0,22.0,44.0,268.0,182.0,6.0,5.0,,24.0,31.0,7.0,0.0,1.0,,,0.0,0.0,
30776,2024,Tottenham,47,18.0,18.0,1421.0,7.027777,False,0.0,5.0,3.0,14.0,8.0,1.0,0.0,0.0,,1209.0,8.0,60.0,36.0,3.0,20.0,147.0,90.0,3.0,1.0,,12.0,14.0,3.0,0.0,0.0,,,0.0,0.0,
30776,2025,Tottenham,47,23.0,22.0,1872.0,7.13,False,1.0,5.0,1.0,15.0,6.0,4.0,0.0,1.0,,1128.0,12.0,87.0,58.0,14.0,31.0,234.0,155.0,10.0,8.0,,16.0,32.0,10.0,1.0,1.0,,,0.0,0.0,
31057,2022,Bournemouth,35,7.0,5.0,429.0,6.914285,False,2.0,4.0,2.0,2.0,,0.0,0.0,,,135.0,15.0,,17.0,,2.0,79.0,40.0,24.0,16.0,,4.0,4.0,0.0,0.0,0.0,,,0.0,0.0,
31057,2023,Bournemouth,35,10.0,4.0,51.0,6.633333,False,6.0,,,2.0,2.0,,0.0,,,24.0,1.0,,1.0,,,14.0,6.0,8.0,4.0,,,,0.0,,0.0,,,0.0,0.0,
31057,2024,Bournemouth,35,0.0,0.0,0.0,,False,0.0,0.0,1.0,,,0.0,0.0,,,,,,,,,,,,,,,,0.0,0.0,0.0,,,0.0,0.0,
31057,2025,Bournemouth,35,1.0,0.0,16.0,6.3,False,1.0,0.0,1.0,,,0.0,0.0,1.0,,2.0,1.0,100.0,1.0,,,4.0,1.0,1.0,,,,,0.0,0.0,0.0,,,0.0,0.0,
31146,2023,Newcastle,34,9.0,6.0,439.0,6.825,False,3.0,,,2.0,2.0,1.0,0.0,,,266.0,8.0,,7.0,,2.0,36.0,17.0,5.0,3.0,,6.0,9.0,2.0,,0.0,,,0.0,0.0,
31146,2024,Newcastle,34,36.0,32.0,2631.0,7.052777,False,4.0,,,22.0,12.0,4.0,0.0,2.0,,1462.0,28.0,,51.0,11.0,34.0,244.0,132.0,34.0,20.0,,49.0,37.0,5.0,,0.0,,,0.0,0.0,
31146,2025,Newcastle,34,30.0,26.0,2134.0,6.96,False,4.0,13.0,4.0,15.0,7.0,0.0,0.0,2.0,,1315.0,27.0,84.0,29.0,7.0,25.0,171.0,93.0,27.0,17.0,,38.0,19.0,3.0,0.0,0.0,,,0.0,0.0,
31354,2023,Tottenham,47,38.0,38.0,3420.0,7.036842,False,0.0,,,,,,61.0,0.0,110.0,1372.0,,,,,1.0,31.0,29.0,,,,8.0,,2.0,,0.0,,,0.0,0.0,0.0
31354,2024,Tottenham,47,26.0,25.0,2160.0,7.0625,False,1.0,,,,,,37.0,0.0,68.0,753.0,,,,,1.0,12.0,12.0,1.0,1.0,,2.0,,1.0,,0.0,,,0.0,0.0,0.0
31354,2025,Tottenham,47,31.0,31.0,2790.0,6.87,False,0.0,0.0,0.0,,,0.0,50.0,0.0,83.0,1071.0,1.0,67.0,1.0,,,18.0,16.0,,,,3.0,,1.0,0.0,0.0,,,0.0,0.0,0.0
32887,2024,Southampton,41,35.0,24.0,1564.0,6.703333,False,11.0,,,9.0,6.0,1.0,0.0,1.0,,720.0,18.0,,31.0,10.0,11.0,103.0,55.0,19.0,9.0,,10.0,15.0,4.0,,0.0,,,0.0,0.0,
32966,2025,Leeds,63,22.0,8.0,849.0,6.71,False,14.0,8.0,23.0,12.0,4.0,2.0,0.0,0.0,,442.0,12.0,84.0,19.0,2.0,14.0,75.0,34.0,6.0,2.0,,4.0,8.0,1.0,0.0,0.0,,,0.0,0.0,
33095,2023,Luton,1359,10.0,6.0,594.0,6.45,False,4.0,3.0,7.0,1.0,,0.0,0.0,0.0,,256.0,3.0,,11.0,7.0,8.0,65.0,30.0,2.0,1.0,,6.0,10.0,0.0,0.0,0.0,,,0.0,0.0,
36865,2022,Vitesse,200,0.0,0.0,0.0,,False,0.0,0.0,0.0,,,0.0,,,,,,,,,,,,,,,,,0.0,0.0,0.0,,,,,
36878,2025,Aston Villa,66,6.0,5.0,500.0,6.48,False,1.0,0.0,26.0,,,0.0,9.0,0.0,17.0,199.0,,77.0,,,,3.0,2.0,,,,1.0,1.0,2.0,0.0,0.0,,1.0,0.0,0.0,0.0
36902,2025,Manchester City,50,26.0,17.0,1503.0,6.87,False,9.0,11.0,14.0,31.0,15.0,5.0,0.0,2.0,,743.0,18.0,88.0,10.0,1.0,11.0,114.0,46.0,41.0,18.0,,15.0,18.0,2.0,0.0,0.0,,,0.0,0.0,
36922,2022,Liverpool,40,0.0,0.0,0.0,,False,0.0,0.0,4.0,,,0.0,0.0,,,,,,,,,,,,,,,,0.0,0.0,0.0,,,0.0,0.0,
36922,2024,Brentford,55,31.0,29.0,2588.0,6.958064,False,2.0,4.0,3.0,18.0,6.0,0.0,0.0,0.0,,1205.0,6.0,,39.0,38.0,22.0,260.0,142.0,7.0,4.0,,5.0,23.0,3.0,0.0,0.0,,,0.0,0.0,
36922,2024,Liverpool,40,0.0,0.0,0.0,6.958064,False,0.0,0.0,0.0,18.0,6.0,0.0,0.0,0.0,,1205.0,6.0,,39.0,38.0,22.0,260.0,142.0,7.0,4.0,,5.0,23.0,0.0,0.0,0.0,,,0.0,0.0,
36922,2025,Brentford,55,27.0,26.0,2393.0,6.76,False,1.0,0.0,5.0,17.0,6.0,0.0,0.0,1.0,,1235.0,6.0,88.0,15.0,19.0,26.0,222.0,147.0,1.0,1.0,,10.0,13.0,1.0,0.0,0.0,,,0.0,0.0,
36927,2025,Burnley,44,23.0,15.0,1312.0,6.8,False,8.0,10.0,11.0,31.0,18.0,8.0,0.0,0.0,,212.0,8.0,65.0,10.0,4.0,6.0,208.0,86.0,11.0,4.0,,19.0,34.0,3.0,0.0,0.0,,,2.0,0.0,
36929,2023,Sheffield Utd,62,36.0,35.0,2923.0,6.911111,False,1.0,,,34.0,15.0,4.0,0.0,6.0,,981.0,71.0,,39.0,9.0,29.0,244.0,90.0,56.0,28.0,,17.0,50.0,9.0,,0.0,,,0.0,0.0,
37122,2022,Vitesse,200,0.0,0.0,0.0,,False,0.0,0.0,0.0,,,0.0,,,,,,,,,,,,,,,,,0.0,0.0,0.0,,,,,
37127,2022,Arsenal,42,37.0,37.0,3149.0,7.354054,False,0.0,23.0,0.0,60.0,33.0,15.0,0.0,7.0,,1689.0,77.0,,36.0,5.0,6.0,281.0,124.0,78.0,49.0,,26.0,30.0,4.0,0.0,0.0,,,0.0,0.0,
37127,2023,Arsenal,42,35.0,35.0,3104.0,7.654285,False,0.0,13.0,1.0,47.0,23.0,8.0,0.0,10.0,,1900.0,102.0,47.0,49.0,1.0,15.0,301.0,125.0,75.0,37.0,,36.0,30.0,2.0,0.0,0.0,,,2.0,0.0,
37127,2024,Arsenal,42,30.0,26.0,2331.0,7.29,False,4.0,12.0,4.0,30.0,17.0,3.0,0.0,8.0,,1390.0,64.0,40.0,19.0,,6.0,186.0,75.0,57.0,25.0,,23.0,12.0,4.0,0.0,0.0,,,1.0,0.0,
37127,2025,Arsenal,42,20.0,13.0,1078.0,7.01,False,7.0,8.0,7.0,16.0,7.0,1.0,0.0,5.0,,631.0,31.0,85.0,17.0,,7.0,78.0,35.0,20.0,9.0,,7.0,7.0,0.0,0.0,0.0,,,0.0,0.0,
37130,2022,Vitesse,200,0.0,0.0,0.0,,False,0.0,0.0,0.0,,,0.0,,,,,,,,,,,,,,,,,0.0,0.0,0.0,,,,,
37143,2025,Sunderland,746,25.0,14.0,1432.0,6.83,False,11.0,3.0,15.0,4.0,2.0,0.0,0.0,0.0,,609.0,7.0,85.0,34.0,8.0,16.0,99.0,55.0,10.0,6.0,,5.0,14.0,1.0,0.0,0.0,,,0.0,0.0,
37145,2022,Manchester United,33,22.0,14.0,1392.0,6.761904,False,8.0,4.0,23.0,3.0,2.0,0.0,0.0,,,667.0,9.0,,46.0,3.0,25.0,147.0,73.0,19.0,6.0,,13.0,39.0,6.0,0.0,0.0,,,0.0,0.0,
37145,2023,Manchester United,33,0.0,0.0,0.0,,False,0.0,0.0,0.0,,,0.0,,,,,,,,,,,,,,,,,0.0,0.0,0.0,,,,,
37145,2024,Manchester United,33,3.0,2.0,101.0,6.566666,False,1.0,2.0,9.0,,,0.0,0.0,0.0,,48.0,1.0,,2.0,,1.0,11.0,5.0,1.0,1.0,,2.0,3.0,1.0,0.0,0.0,,,0.0,0.0,
37145,2025,Manchester United,33,2.0,0.0,24.0,6.4,False,2.0,0.0,22.0,,,0.0,0.0,0.0,,7.0,,71.0,1.0,,,1.0,1.0,,,,,,0.0,0.0,0.0,,,0.0,0.0,
37161,2022,Leeds,63,19.0,13.0,874.0,6.722222,False,6.0,12.0,7.0,22.0,11.0,5.0,0.0,,,329.0,9.0,,21.0,1.0,8.0,150.0,70.0,36.0,19.0,,12.0,14.0,2.0,1.0,0.0,,,0.0,0.0,
37161,2023,Bournemouth,35,20.0,7.0,692.0,7.04,False,13.0,7.0,17.0,19.0,9.0,2.0,0.0,2.0,,281.0,20.0,,23.0,,8.0,140.0,74.0,47.0,29.0,,6.0,11.0,0.0,0.0,0.0,,,0.0,0.0,
37161,2024,Bournemouth,35,12.0,1.0,229.0,6.91,False,11.0,2.0,12.0,9.0,6.0,1.0,0.0,1.0,,85.0,10.0,,7.0,,1.0,48.0,20.0,18.0,8.0,,2.0,4.0,0.0,0.0,0.0,,,0.0,0.0,
37276,2022,Brighton,51,0.0,0.0,0.0,,False,0.0,0.0,0.0,,,0.0,,,,,,,,,,,,,,,,,0.0,0.0,0.0,,,,,
37276,2022,Vitesse,200,0.0,0.0,0.0,,False,0.0,0.0,0.0,,,0.0,,,,,,,,,,,,,,,,,0.0,0.0,0.0,,,,,
37276,2024,Brighton,51,,,,,False,,,,,,,,,,,,,,,,,,,,,,,,,,,,,,
37381,2023,Burnley,44,16.0,3.0,412.0,6.533333,False,13.0,4.0,22.0,4.0,,0.0,0.0,,,146.0,7.0,,10.0,,1.0,61.0,25.0,22.0,11.0,,3.0,,0.0,0.0,0.0,,,0.0,0.0,
37381,2025,Burnley,44,5.0,0.0,55.0,6.5,False,5.0,0.0,6.0,,,0.0,0.0,0.0,,25.0,1.0,88.0,1.0,,,7.0,1.0,2.0,,,,,0.0,0.0,0.0,,,0.0,0.0,
37440,2022,Brentford,55,1.0,1.0,10.0,6.3,False,0.0,,,,,,0.0,,,,,,,,,2.0,,,,,,,0.0,,0.0,,,0.0,0.0,
37724,2022,Leeds,63,28.0,12.0,1417.0,6.603571,False,16.0,5.0,24.0,18.0,9.0,4.0,0.0,2.0,,393.0,16.0,,30.0,2.0,13.0,208.0,100.0,46.0,24.0,,41.0,22.0,4.0,0.0,0.0,,,0.0,0.0,
37724,2024,West Ham,48,19.0,7.0,779.0,6.757894,False,12.0,6.0,13.0,8.0,5.0,1.0,0.0,1.0,,231.0,17.0,,13.0,4.0,,111.0,53.0,31.0,13.0,,23.0,9.0,2.0,0.0,0.0,,,0.0,0.0,
37724,2025,West Ham,48,25.0,23.0,1942.0,6.99,False,2.0,14.0,2.0,27.0,15.0,5.0,0.0,1.0,,498.0,21.0,83.0,33.0,3.0,13.0,247.0,121.0,73.0,34.0,,50.0,40.0,4.0,0.0,0.0,1.0,,0.0,0.0,
37882,2025,Burnley,44,20.0,10.0,986.0,6.67,False,10.0,8.0,20.0,13.0,6.0,1.0,0.0,3.0,,303.0,18.0,82.0,8.0,,2.0,114.0,38.0,35.0,13.0,,15.0,7.0,0.0,0.0,0.0,,,0.0,0.0,
38695,2022,Brighton,51,8.0,3.0,291.0,6.614285,False,5.0,1.0,29.0,2.0,,0.0,0.0,,,246.0,,,8.0,5.0,6.0,39.0,18.0,,,,4.0,7.0,2.0,0.0,0.0,,,0.0,0.0,
38695,2022,Brighton,51,8.0,3.0,291.0,6.614285,False,5.0,1.0,29.0,2.0,,0.0,0.0,,,246.0,,,8.0,5.0,6.0,39.0,18.0,,,,4.0,7.0,2.0,0.0,0.0,,,0.0,0.0,
38695,2023,Brighton,51,28.0,26.0,2367.0,7.155555,False,2.0,0.0,6.0,11.0,6.0,0.0,0.0,,,2399.0,10.0,82.0,47.0,27.0,30.0,206.0,135.0,7.0,5.0,,17.0,14.0,4.0,0.0,0.0,,,0.0,0.0,
38695,2024,Brighton,51,34.0,33.0,2961.0,7.085294,False,1.0,2.0,1.0,13.0,5.0,1.0,0.0,1.0,,2265.0,16.0,58.0,45.0,22.0,24.0,260.0,156.0,9.0,5.0,,24.0,25.0,7.0,1.0,0.0,,,0.0,0.0,
38695,2025,Brighton,51,30.0,30.0,2671.0,7.36,False,0.0,1.0,0.0,12.0,9.0,3.0,0.0,2.0,,2047.0,11.0,87.0,45.0,25.0,33.0,276.0,167.0,5.0,3.0,,36.0,23.0,8.0,0.0,0.0,,1.0,0.0,0.0,
38731,2022,Vitesse,200,0.0,0.0,0.0,,False,0.0,0.0,0.0,,,0.0,,,,,,,,,,,,,,,,,0.0,0.0,0.0,,,,,
38734,2022,Newcastle,34,36.0,35.0,3128.0,6.991428,False,1.0,2.0,3.0,16.0,7.0,0.0,0.0,,,1754.0,9.0,42.0,38.0,24.0,34.0,189.0,126.0,1.0,1.0,,12.0,15.0,2.0,0.0,0.0,,,0.0,0.0,
38734,2023,Newcastle,34,17.0,16.0,1385.0,6.894117,False,1.0,,,8.0,2.0,2.0,0.0,2.0,,1012.0,5.0,53.0,20.0,16.0,9.0,91.0,56.0,2.0,,,2.0,9.0,2.0,,0.0,,,0.0,0.0,
38734,2024,Newcastle,34,10.0,8.0,418.0,7.057142,False,2.0,,,2.0,2.0,,0.0,0.0,,245.0,2.0,,12.0,4.0,5.0,52.0,34.0,2.0,1.0,,4.0,5.0,1.0,,0.0,,,0.0,0.0,
38734,2025,Newcastle,34,19.0,15.0,1298.0,6.93,False,4.0,4.0,9.0,10.0,4.0,1.0,0.0,1.0,,846.0,6.0,88.0,14.0,16.0,12.0,135.0,86.0,2.0,2.0,,11.0,10.0,1.0,0.0,0.0,,1.0,0.0,0.0,
38746,2023,Arsenal,42,2.0,1.0,71.0,6.7,False,1.0,1.0,1.0,,,0.0,0.0,0.0,,67.0,,,2.0,,,9.0,4.0,1.0,1.0,,,3.0,2.0,0.0,0.0,,,0.0,0.0,
38746,2024,Arsenal,42,30.0,27.0,2423.0,6.953333,False,3.0,9.0,5.0,8.0,4.0,1.0,0.0,3.0,,1182.0,17.0,,58.0,4.0,22.0,240.0,133.0,48.0,24.0,,29.0,31.0,7.0,0.0,0.0,,,0.0,0.0,
38746,2025,Arsenal,42,30.0,28.0,2457.0,6.92,False,2.0,5.0,2.0,22.0,7.0,3.0,0.0,5.0,,1085.0,27.0,85.0,66.0,6.0,24.0,257.0,147.0,33.0,13.0,,29.0,38.0,5.0,0.0,0.0,1.0,,0.0,0.0,
38750,2025,Sunderland,746,25.0,16.0,1470.0,6.59,False,9.0,12.0,11.0,21.0,13.0,6.0,0.0,1.0,,203.0,10.0,70.0,7.0,5.0,,210.0,88.0,10.0,2.0,,29.0,23.0,5.0,0.0,0.0,1.0,1.0,0.0,0.0,
39105,2022,Leeds,63,0.0,0.0,0.0,,False,0.0,0.0,11.0,,,0.0,0.0,,,,,,,,,,,,,,,,0.0,0.0,0.0,,,0.0,0.0,0.0
39243,2022,Vitesse,200,0.0,0.0,0.0,,False,0.0,0.0,0.0,,,0.0,,,,,,,,,,,,,,,,,0.0,0.0,0.0,,,,,
40165,2024,Southampton,41,0.0,0.0,0.0,,False,0.0,0.0,0.0,,,0.0,,,,,,,,,,,,,,,,,0.0,0.0,0.0,,,,,
40401,2022,Nottingham Forest,65,1.0,0.0,15.0,6.2,False,1.0,,,,,,0.0,,,2.0,,,,,,,,,,,,,0.0,,0.0,,,0.0,0.0,
40434,2022,Brentford,55,0.0,0.0,0.0,,False,0.0,0.0,0.0,,,0.0,,,,,,,,,,,,,,,,,0.0,0.0,0.0,,,,,
40911,2022,Brighton,51,0.0,0.0,0.0,,False,0.0,0.0,0.0,,,0.0,,,,,,,,,,,,,,,,,0.0,0.0,0.0,,,,,
40911,2023,Brighton,51,17.0,6.0,612.0,6.629411,False,11.0,5.0,21.0,7.0,3.0,0.0,0.0,0.0,,289.0,5.0,,19.0,2.0,2.0,66.0,33.0,11.0,6.0,,5.0,8.0,2.0,0.0,0.0,,,0.0,0.0,
40911,2024,Brighton,51,4.0,0.0,7.0,6.633333,False,4.0,0.0,13.0,,,0.0,0.0,0.0,,21.0,3.0,,1.0,,,4.0,1.0,,,,,,0.0,0.0,0.0,,,0.0,0.0,
41104,2022,Fulham,36,35.0,35.0,3113.0,6.977142,False,0.0,5.0,0.0,27.0,9.0,3.0,0.0,,,1266.0,7.0,,146.0,5.0,46.0,473.0,281.0,29.0,14.0,,50.0,48.0,14.0,0.0,0.0,,,0.0,0.0,
41104,2023,Fulham,36,33.0,32.0,2707.0,7.148484,False,1.0,,,33.0,14.0,4.0,0.0,1.0,,1321.0,13.0,,152.0,9.0,46.0,425.0,259.0,20.0,11.0,,56.0,52.0,13.0,,0.0,,,0.0,0.0,
41104,2024,Fulham,36,0.0,0.0,0.0,,False,0.0,0.0,0.0,,,0.0,,,,,,,,,,,,,,,,,0.0,0.0,0.0,,,,,
41104,2025,Tottenham,47,27.0,19.0,1808.0,7.0,False,8.0,7.0,10.0,12.0,5.0,3.0,0.0,2.0,,820.0,6.0,80.0,97.0,10.0,24.0,258.0,160.0,19.0,7.0,,27.0,22.0,6.0,0.0,0.0,,,0.0,0.0,
41577,2022,Arsenal,42,0.0,0.0,0.0,,False,0.0,0.0,0.0,,,0.0,,,,,,,,,,,,,,,,,0.0,0.0,0.0,,,,,
41577,2023,Nottingham Forest,65,8.0,5.0,455.0,6.8,False,3.0,1.0,8.0,7.0,1.0,0.0,0.0,,,218.0,2.0,,11.0,,1.0,40.0,22.0,9.0,6.0,,2.0,8.0,2.0,0.0,0.0,,,0.0,0.0,
41577,2023,Arsenal,42,0.0,0.0,0.0,6.8,False,0.0,0.0,0.0,7.0,1.0,0.0,0.0,,,218.0,2.0,,11.0,,1.0,40.0,22.0,9.0,6.0,,2.0,8.0,0.0,0.0,0.0,,,0.0,0.0,
41577,2024,Nottingham Forest,65,,,,,False,,,,,,,,,,,,,,,,,,,,,,,,,,,,,,
41577,2024,Arsenal,42,,,,,False,,,,,,,,,,,,,,,,,,,,,,,,,,,,,,
41606,2022,Wolves,39,17.0,10.0,980.0,6.847058,False,7.0,3.0,18.0,5.0,2.0,1.0,0.0,,,497.0,4.0,,15.0,8.0,11.0,91.0,46.0,15.0,9.0,,5.0,16.0,6.0,0.0,0.0,,,0.0,0.0,
41606,2023,Wolves,39,35.0,31.0,2778.0,6.802857,False,4.0,8.0,7.0,8.0,5.0,1.0,0.0,3.0,,1713.0,6.0,40.0,44.0,19.0,26.0,227.0,136.0,28.0,23.0,,13.0,38.0,7.0,0.0,0.0,,,0.0,0.0,
41606,2024,Wolves,39,31.0,30.0,2616.0,6.890322,False,1.0,3.0,2.0,7.0,3.0,0.0,0.0,1.0,,1662.0,9.0,46.0,61.0,17.0,25.0,233.0,149.0,30.0,20.0,,15.0,24.0,7.0,0.0,0.0,,,0.0,0.0,
41606,2025,Wolves,39,14.0,13.0,1101.0,6.85,False,1.0,4.0,7.0,7.0,3.0,0.0,0.0,0.0,,659.0,4.0,83.0,32.0,15.0,13.0,105.0,67.0,5.0,4.0,,5.0,10.0,2.0,0.0,1.0,,,0.0,0.0,
41621,2022,Wolves,39,34.0,30.0,2479.0,6.755882,False,4.0,16.0,5.0,18.0,9.0,1.0,0.0,1.0,,974.0,28.0,,67.0,4.0,16.0,348.0,182.0,72.0,44.0,,49.0,37.0,2.0,0.0,1.0,,,0.0,0.0,
41621,2023,Wolves,39,2.0,2.0,180.0,6.7875,False,0.0,0.0,0.0,7.0,4.0,0.0,0.0,2.0,,422.0,9.0,,10.0,1.0,1.0,92.0,40.0,22.0,9.0,,16.0,8.0,1.0,1.0,0.0,,,0.0,0.0,
41621,2023,Manchester City,50,33.0,21.0,661.0,6.7875,False,12.0,,,7.0,4.0,,0.0,2.0,,422.0,9.0,,10.0,1.0,1.0,92.0,40.0,22.0,9.0,,16.0,8.0,0.0,,0.0,,,0.0,0.0,
41621,2024,Manchester City,50,35.0,24.0,1682.0,7.204761,False,11.0,,,7.0,4.0,1.0,0.0,6.0,,1074.0,23.0,,35.0,4.0,15.0,184.0,87.0,32.0,18.0,,20.0,30.0,4.0,,0.0,,,0.0,0.0,
41621,2025,Manchester City,50,28.0,26.0,2357.0,6.96,False,2.0,3.0,4.0,6.0,2.0,1.0,0.0,4.0,,1777.0,23.0,89.0,49.0,6.0,27.0,217.0,130.0,44.0,23.0,,27.0,13.0,4.0,0.0,0.0,1.0,1.0,0.0,0.0,
41725,2022,Arsenal,42,22.0,3.0,499.0,6.652631,False,19.0,4.0,33.0,9.0,2.0,1.0,0.0,2.0,,267.0,12.0,,6.0,,4.0,49.0,20.0,17.0,6.0,,5.0,3.0,0.0,0.0,0.0,,,0.0,0.0,
41725,2023,Arsenal,42,11.0,2.0,291.0,6.96,False,9.0,2.0,22.0,6.0,2.0,1.0,0.0,2.0,,134.0,5.0,,3.0,,2.0,34.0,16.0,8.0,2.0,,10.0,8.0,0.0,0.0,1.0,,,1.0,0.0,
41725,2024,Arsenal,42,0.0,0.0,0.0,,False,0.0,0.0,0.0,,,0.0,,,,,,,,,,,,,,,,,0.0,0.0,0.0,,,,,
44803,2024,Ipswich,57,,,,,False,,,,,,,,,,,,,,,,,,,,,,,,,,,,,,
44809,2023,Sheffield Utd,62,10.0,4.0,500.0,6.52,False,6.0,3.0,9.0,,,0.0,0.0,1.0,,107.0,2.0,,21.0,4.0,5.0,59.0,31.0,5.0,2.0,,3.0,7.0,1.0,0.0,0.0,,,0.0,0.0,
44811,2022,Nottingham Forest,65,20.0,19.0,1573.0,6.678947,False,1.0,3.0,6.0,2.0,,0.0,0.0,,,700.0,8.0,,12.0,14.0,12.0,94.0,57.0,6.0,5.0,,4.0,8.0,4.0,0.0,0.0,,,0.0,0.0,
44811,2023,Nottingham Forest,65,6.0,6.0,417.0,6.86,False,0.0,,,2.0,,,0.0,,,169.0,3.0,,4.0,4.0,5.0,33.0,26.0,,,,2.0,3.0,0.0,,0.0,,,0.0,0.0,
44871,2022,Brentford,55,28.0,28.0,1929.0,6.584,False,0.0,,,7.0,2.0,,0.0,1.0,,727.0,6.0,,38.0,7.0,17.0,189.0,104.0,35.0,17.0,,35.0,20.0,7.0,,0.0,,,0.0,0.0,
44871,2023,Brentford,55,9.0,9.0,720.0,6.733333,False,0.0,,,5.0,1.0,,0.0,,,252.0,1.0,,16.0,3.0,3.0,67.0,38.0,10.0,5.0,,16.0,10.0,5.0,,0.0,,,0.0,0.0,
44871,2024,Brentford,55,0.0,0.0,0.0,,False,0.0,0.0,1.0,,,0.0,0.0,,,,,,,,,,,,,,,,0.0,0.0,0.0,,,0.0,0.0,
44871,2025,Brentford,55,18.0,7.0,617.0,6.62,False,11.0,6.0,16.0,4.0,1.0,0.0,0.0,0.0,,266.0,,83.0,12.0,4.0,7.0,61.0,29.0,7.0,,,8.0,6.0,1.0,0.0,0.0,,,0.0,0.0,
44912,2022,Newcastle,34,0.0,0.0,0.0,,False,0.0,0.0,1.0,,,0.0,0.0,,,,,,,,,,,,,,,,0.0,0.0,0.0,,,0.0,0.0,0.0
44912,2023,Newcastle,34,0.0,0.0,0.0,,False,0.0,0.0,12.0,,,0.0,0.0,,,,,,,,,,,,,,,,0.0,0.0,0.0,,,0.0,0.0,0.0
44912,2024,Newcastle,34,0.0,0.0,0.0,,False,0.0,0.0,0.0,,,0.0,,,,,,,,,,,,,,,,,0.0,0.0,0.0,,,,,
44922,2023,Luton,1359,0.0,0.0,0.0,,False,0.0,0.0,1.0,,,0.0,0.0,,,,,,,,,,,,,,,,0.0,0.0,0.0,,,0.0,0.0,
44994,2024,Ipswich,57,,,,,False,,,,,,,,,,,,,,,,,,,,,,,,,,,,,,
45078,2024,Southampton,41,12.0,4.0,385.0,6.5,False,8.0,4.0,8.0,5.0,2.0,1.0,0.0,0.0,,95.0,,,6.0,,1.0,75.0,29.0,5.0,3.0,,7.0,7.0,1.0,0.0,0.0,,,0.0,0.0,
45815,2023,Manchester City,50,,,,,False,,,,,,,,,,,,,,,,,,,,,,,,,,,,,,
46731,2022,Brighton,51,35.0,31.0,2682.0,6.88,False,4.0,11.0,5.0,17.0,5.0,1.0,0.0,5.0,,1621.0,51.0,,61.0,8.0,37.0,284.0,142.0,37.0,19.0,,26.0,42.0,4.0,0.0,0.0,,,0.0,0.0,
46731,2023,Brighton,51,19.0,15.0,1246.0,7.068421,False,4.0,6.0,5.0,9.0,6.0,2.0,0.0,3.0,,820.0,26.0,,26.0,4.0,21.0,131.0,64.0,18.0,9.0,,17.0,22.0,4.0,0.0,0.0,,,0.0,0.0,
46731,2024,Brighton,51,30.0,26.0,2402.0,7.016666,False,4.0,4.0,5.0,20.0,9.0,1.0,0.0,1.0,,1308.0,26.0,,65.0,5.0,37.0,269.0,150.0,32.0,19.0,,20.0,36.0,5.0,0.0,0.0,,,0.0,0.0,
46792,2022,Arsenal,42,0.0,0.0,0.0,,False,0.0,0.0,0.0,,,0.0,,,,,,,,,,,,,,,,,0.0,0.0,0.0,,,,,
46815,2023,Aston Villa,66,34.0,32.0,2463.0,6.841379,False,2.0,,,9.0,5.0,2.0,0.0,,,1770.0,8.0,53.0,29.0,12.0,14.0,155.0,79.0,26.0,17.0,,10.0,18.0,1.0,,0.0,,,0.0,0.0,
46815,2024,Aston Villa,66,28.0,26.0,2020.0,6.708333,False,2.0,,,5.0,3.0,,0.0,0.0,,1355.0,3.0,50.0,21.0,11.0,10.0,112.0,61.0,17.0,15.0,,7.0,8.0,2.0,,0.0,,,0.0,0.0,
46815,2025,Aston Villa,66,18.0,16.0,1484.0,6.88,False,2.0,3.0,11.0,6.0,,0.0,0.0,0.0,,1034.0,1.0,89.0,20.0,15.0,11.0,95.0,54.0,10.0,6.0,,5.0,5.0,0.0,0.0,0.0,,,0.0,0.0,
47302,2022,Leeds,63,8.0,7.0,648.0,6.7625,False,1.0,0.0,12.0,5.0,,0.0,0.0,,,427.0,,44.0,13.0,2.0,15.0,54.0,35.0,3.0,2.0,,2.0,6.0,1.0,0.0,0.0,,,0.0,0.0,
47311,2024,Arsenal,42,28.0,17.0,1581.0,7.039285,False,11.0,5.0,11.0,31.0,15.0,7.0,0.0,2.0,,558.0,18.0,,46.0,5.0,15.0,286.0,137.0,19.0,9.0,,23.0,41.0,3.0,1.0,0.0,,,0.0,0.0,
47311,2025,Arsenal,42,21.0,10.0,1007.0,6.9,False,11.0,5.0,13.0,15.0,8.0,4.0,0.0,3.0,,355.0,12.0,75.0,26.0,2.0,10.0,171.0,79.0,12.0,5.0,,20.0,21.0,1.0,0.0,0.0,,,0.0,0.0,
47315,2025,Arsenal,42,32.0,31.0,2680.0,7.11,False,1.0,10.0,1.0,19.0,9.0,5.0,0.0,1.0,,1731.0,16.0,87.0,57.0,5.0,35.0,224.0,132.0,13.0,6.0,,12.0,28.0,4.0,0.0,0.0,,,0.0,0.0,
47341,2022,Leeds,63,32.0,29.0,2329.0,6.80625,False,3.0,17.0,6.0,21.0,13.0,1.0,0.0,2.0,,1211.0,33.0,,66.0,10.0,23.0,264.0,130.0,27.0,17.0,,29.0,40.0,7.0,0.0,0.0,,,0.0,0.0,
47380,2022,Chelsea,49,24.0,21.0,1678.0,6.9,False,3.0,11.0,6.0,3.0,,0.0,0.0,2.0,,1090.0,11.0,,66.0,8.0,16.0,179.0,108.0,11.0,5.0,,21.0,16.0,4.0,0.0,0.0,,,0.0,0.0,
47380,2022,Brighton,51,0.0,0.0,0.0,6.9,False,0.0,0.0,0.0,3.0,,0.0,0.0,2.0,,1090.0,11.0,,66.0,8.0,16.0,179.0,108.0,11.0,5.0,,21.0,16.0,0.0,0.0,0.0,,,0.0,0.0,
47380,2023,Chelsea,49,21.0,20.0,1785.0,7.009523,False,1.0,4.0,7.0,6.0,4.0,0.0,0.0,2.0,,1057.0,19.0,43.0,62.0,13.0,22.0,205.0,122.0,11.0,4.0,,35.0,23.0,10.0,0.0,0.0,,,0.0,0.0,
47380,2024,Chelsea,49,36.0,33.0,2990.0,7.033333,False,3.0,5.0,3.0,19.0,12.0,5.0,0.0,1.0,,1632.0,19.0,40.0,67.0,16.0,28.0,278.0,141.0,13.0,4.0,,38.0,37.0,9.0,1.0,0.0,,,0.0,0.0,
47380,2025,Chelsea,49,28.0,25.0,2170.0,6.76,False,3.0,4.0,3.0,12.0,5.0,1.0,0.0,3.0,,1249.0,33.0,87.0,46.0,8.0,24.0,190.0,101.0,3.0,1.0,,21.0,35.0,6.0,0.0,1.0,,,0.0,0.0,
47421,2024,Estudiantes L.P.,450,0.0,0.0,0.0,,False,0.0,0.0,0.0,,,0.0,,,,,,,,,,,,,,,,,0.0,0.0,0.0,,,,,
47438,2022,Brentford,55,37.0,37.0,2830.0,7.045945,False,0.0,27.0,0.0,18.0,7.0,5.0,0.0,6.0,,1217.0,50.0,,70.0,5.0,32.0,302.0,130.0,52.0,24.0,,25.0,32.0,5.0,0.0,0.0,,,0.0,0.0,
47438,2023,Brentford,55,32.0,27.0,2220.0,6.934375,False,5.0,22.0,5.0,11.0,7.0,3.0,0.0,3.0,,972.0,41.0,,54.0,6.0,23.0,244.0,96.0,41.0,18.0,,19.0,28.0,5.0,0.0,0.0,,,0.0,0.0,
47438,2024,Brentford,55,24.0,8.0,853.0,6.7875,False,16.0,6.0,16.0,5.0,1.0,0.0,0.0,2.0,,403.0,17.0,,14.0,4.0,8.0,74.0,40.0,14.0,8.0,,10.0,7.0,2.0,0.0,0.0,,,0.0,0.0,
47438,2025,Brentford,55,30.0,20.0,1771.0,6.91,False,10.0,11.0,12.0,16.0,7.0,2.0,0.0,1.0,,838.0,25.0,81.0,31.0,4.0,14.0,149.0,62.0,24.0,15.0,,9.0,15.0,3.0,0.0,0.0,,,0.0,0.0,
47480,2022,Southampton,41,22.0,21.0,1973.0,6.986363,False,1.0,1.0,5.0,17.0,5.0,0.0,0.0,1.0,,1090.0,8.0,,51.0,25.0,31.0,189.0,116.0,10.0,7.0,,3.0,26.0,5.0,0.0,0.0,,,0.0,0.0,
47499,2023,Bournemouth,35,16.0,9.0,363.0,6.66,False,7.0,,,18.0,11.0,2.0,0.0,2.0,,72.0,5.0,,6.0,2.0,1.0,66.0,25.0,10.0,2.0,,9.0,10.0,1.0,,0.0,,,0.0,0.0,
47499,2024,Bournemouth,35,17.0,9.0,345.0,6.647058,False,8.0,,,16.0,7.0,2.0,0.0,1.0,,94.0,4.0,,1.0,,,89.0,35.0,11.0,1.0,,9.0,6.0,2.0,,0.0,,,0.0,0.0,
47499,2025,Bournemouth,35,18.0,0.0,202.0,6.41,False,18.0,0.0,21.0,9.0,2.0,1.0,0.0,0.0,,42.0,,64.0,1.0,,,53.0,10.0,4.0,1.0,,4.0,6.0,1.0,0.0,0.0,,,0.0,0.0,
47519,2022,Tottenham,47,15.0,13.0,1137.0,6.985714,False,2.0,7.0,4.0,20.0,7.0,3.0,0.0,3.0,,478.0,25.0,,25.0,2.0,15.0,134.0,56.0,37.0,14.0,,16.0,12.0,0.0,0.0,0.0,,,0.0,0.0,
47519,2023,Tottenham,47,35.0,35.0,3093.0,7.345714,False,0.0,4.0,1.0,38.0,12.0,3.0,0.0,7.0,,1864.0,51.0,42.0,91.0,18.0,34.0,304.0,159.0,50.0,26.0,,27.0,37.0,3.0,0.0,0.0,,,0.0,0.0,
47519,2024,Tottenham,47,33.0,28.0,2609.0,7.20303,False,5.0,4.0,10.0,27.0,8.0,2.0,0.0,6.0,,1440.0,57.0,,66.0,17.0,36.0,248.0,125.0,38.0,14.0,,33.0,25.0,5.0,0.0,0.0,,,0.0,0.0,
47519,2025,Tottenham,47,28.0,26.0,2258.0,6.81,False,2.0,6.0,2.0,16.0,5.0,0.0,0.0,2.0,,1185.0,42.0,73.0,51.0,9.0,18.0,210.0,104.0,31.0,14.0,,22.0,27.0,7.0,0.0,0.0,,,0.0,0.0,
47521,2025,Sunderland,746,1.0,0.0,27.0,6.5,False,1.0,0.0,3.0,,,0.0,0.0,0.0,,20.0,,80.0,,,,2.0,1.0,1.0,1.0,,,,0.0,0.0,0.0,,,0.0,0.0,
47522,2022,Aston Villa,66,37.0,33.0,2933.0,7.1,False,4.0,9.0,5.0,22.0,12.0,6.0,0.0,6.0,,1696.0,46.0,,73.0,7.0,40.0,313.0,164.0,39.0,24.0,,42.0,48.0,6.0,0.0,1.0,,,0.0,0.0,
47522,2023,Aston Villa,66,35.0,35.0,3003.0,7.291428,False,0.0,9.0,0.0,28.0,17.0,9.0,0.0,5.0,,1973.0,53.0,50.0,58.0,8.0,23.0,289.0,148.0,40.0,24.0,,41.0,51.0,12.0,0.0,0.0,,,4.0,0.0,
47522,2024,Aston Villa,66,,,,,False,,,,,,,,,,,,,,,,,,,,,,,,,,,,,,
47522,2025,Nottingham Forest,65,8.0,5.0,331.0,6.79,False,3.0,5.0,9.0,3.0,1.0,0.0,0.0,0.0,,224.0,5.0,92.0,10.0,1.0,7.0,33.0,19.0,6.0,1.0,,5.0,4.0,2.0,0.0,0.0,,1.0,0.0,0.0,
47522,2025,Aston Villa,66,9.0,6.0,505.0,6.99,False,3.0,5.0,3.0,4.0,3.0,1.0,0.0,0.0,,348.0,13.0,87.0,11.0,1.0,4.0,45.0,28.0,5.0,4.0,,8.0,8.0,0.0,0.0,0.0,,,0.0,0.0,
47547,2022,Aston Villa,66,19.0,14.0,1334.0,6.657894,False,5.0,10.0,5.0,10.0,3.0,0.0,0.0,3.0,,579.0,22.0,,23.0,3.0,7.0,160.0,66.0,50.0,23.0,,11.0,17.0,3.0,0.0,0.0,,,0.0,0.0,
47547,2023,Aston Villa,66,21.0,11.0,1028.0,6.725,False,10.0,6.0,14.0,7.0,4.0,2.0,0.0,,,408.0,11.0,,18.0,2.0,13.0,102.0,53.0,32.0,15.0,,16.0,11.0,2.0,0.0,0.0,,,0.0,0.0,
47547,2024,Nottingham Forest,65,15.0,11.0,959.0,6.653333,False,4.0,8.0,16.0,1.0,,0.0,0.0,1.0,,320.0,8.0,,25.0,5.0,15.0,101.0,42.0,16.0,8.0,,6.0,12.0,2.0,0.0,0.0,,,0.0,0.0,
47547,2024,Aston Villa,66,0.0,0.0,0.0,6.653333,False,0.0,0.0,0.0,1.0,,0.0,0.0,1.0,,320.0,8.0,,25.0,5.0,15.0,101.0,42.0,16.0,8.0,,6.0,12.0,0.0,0.0,0.0,,,0.0,0.0,
47903,2023,Burnley,44,8.0,5.0,439.0,6.6375,False,3.0,5.0,15.0,2.0,1.0,0.0,0.0,,,217.0,1.0,,4.0,5.0,6.0,33.0,12.0,3.0,2.0,,2.0,8.0,2.0,0.0,0.0,,,0.0,0.0,
47903,2025,Burnley,44,16.0,14.0,1269.0,6.71,False,2.0,2.0,15.0,4.0,1.0,0.0,0.0,0.0,,521.0,3.0,84.0,20.0,10.0,10.0,105.0,67.0,3.0,2.0,,4.0,5.0,0.0,0.0,0.0,,,0.0,0.0,
47969,2025,Leeds,63,30.0,29.0,2463.0,6.63,False,1.0,8.0,1.0,13.0,3.0,0.0,0.0,0.0,,895.0,20.0,76.0,62.0,6.0,22.0,311.0,167.0,73.0,38.0,,52.0,30.0,5.0,1.0,0.0,,,0.0,0.0,
48119,2024,Atalanta,499,0.0,0.0,0.0,,False,0.0,0.0,0.0,,,0.0,,,,,,,,,,,,,,,,,0.0,0.0,0.0,,,,,
48389,2025,Leeds,63,24.0,15.0,1303.0,6.8,False,9.0,14.0,10.0,18.0,10.0,4.0,0.0,0.0,,251.0,14.0,75.0,20.0,,10.0,184.0,78.0,76.0,33.0,,13.0,16.0,3.0,0.0,0.0,,,0.0,0.0,
48648,2025,Nottingham Forest,65,24.0,14.0,1181.0,6.63,False,10.0,11.0,13.0,11.0,4.0,1.0,0.0,1.0,,282.0,14.0,78.0,23.0,2.0,10.0,149.0,69.0,33.0,13.0,,22.0,16.0,1.0,0.0,0.0,,,0.0,0.0,
48649,2023,Brighton,51,0.0,0.0,0.0,,False,0.0,0.0,0.0,,,0.0,,,,,,,,,,,,,,,,,0.0,0.0,0.0,,,,,
50132,2023,Manchester United,33,0.0,0.0,0.0,,False,0.0,0.0,33.0,,,0.0,0.0,,,,,,,,,,,,,,,,0.0,0.0,0.0,,,0.0,0.0,0.0
50132,2024,Manchester United,33,4.0,4.0,360.0,6.4,False,0.0,,,,,,10.0,0.0,8.0,140.0,,,,,,4.0,2.0,,,,1.0,,0.0,,0.0,,,0.0,0.0,0.0
50132,2025,Manchester United,33,6.0,6.0,540.0,6.58,False,0.0,0.0,26.0,,,0.0,11.0,0.0,13.0,177.0,1.0,60.0,,,,6.0,5.0,1.0,1.0,,3.0,,0.0,0.0,0.0,,,0.0,0.0,0.0
50737,2023,Arsenal,42,0.0,0.0,0.0,6.575,False,0.0,0.0,0.0,7.0,2.0,0.0,0.0,0.0,,846.0,8.0,,47.0,22.0,35.0,231.0,127.0,11.0,6.0,,13.0,23.0,0.0,0.0,0.0,,,0.0,0.0,
50737,2023,Sheffield Utd,62,38.0,32.0,2604.0,6.575,False,6.0,,,7.0,2.0,,0.0,0.0,,846.0,8.0,,47.0,22.0,35.0,231.0,127.0,11.0,6.0,,13.0,23.0,4.0,,0.0,,,0.0,0.0,
50739,2022,Leeds,63,36.0,28.0,2384.0,6.513888,False,8.0,20.0,10.0,29.0,9.0,1.0,0.0,3.0,,716.0,47.0,,45.0,3.0,5.0,357.0,142.0,82.0,34.0,,55.0,16.0,2.0,0.0,0.0,,,0.0,0.0,
50739,2025,Leeds,63,31.0,25.0,2081.0,6.74,False,6.0,23.0,7.0,26.0,15.0,4.0,0.0,4.0,,572.0,28.0,79.0,46.0,3.0,11.0,337.0,134.0,68.0,23.0,,44.0,18.0,1.0,0.0,0.0,,1.0,0.0,0.0,
50816,2022,Nottingham Forest,65,0.0,0.0,0.0,,False,0.0,0.0,0.0,,,0.0,,,,,,,,,,,,,,,,,0.0,0.0,0.0,,,,,
50816,2023,Nottingham Forest,65,0.0,0.0,0.0,,False,0.0,0.0,0.0,,,0.0,,,,,,,,,,,,,,,,,0.0,0.0,0.0,,,,,
50828,2023,Manchester City,50,0.0,0.0,0.0,,False,0.0,0.0,0.0,,,0.0,,,,,,,,,,,,,,,,,0.0,0.0,0.0,,,,,
50856,2025,West Ham,48,12.0,12.0,948.0,6.72,False,0.0,9.0,0.0,22.0,11.0,4.0,0.0,0.0,,177.0,11.0,65.0,6.0,2.0,1.0,104.0,34.0,10.0,2.0,,10.0,21.0,3.0,0.0,0.0,,,0.0,0.0,
50892,2023,Luton,1359,0.0,0.0,0.0,,False,0.0,0.0,0.0,,,0.0,,,,,,,,,,,,,,,,,0.0,0.0,0.0,,,,,
50999,2022,Arsenal,42,0.0,0.0,0.0,,False,0.0,0.0,37.0,,,0.0,0.0,,,,,,,,,,,,,,,,0.0,0.0,0.0,,,0.0,0.0,0.0
50999,2023,Nottingham Forest,65,17.0,17.0,1530.0,7.0,False,0.0,0.0,21.0,,,0.0,28.0,,55.0,473.0,,,,,,7.0,7.0,,,,3.0,,2.0,0.0,0.0,,,0.0,0.0,0.0
50999,2023,Arsenal,42,0.0,0.0,0.0,7.0,False,0.0,0.0,0.0,,,0.0,28.0,,55.0,473.0,,,,,,7.0,7.0,,,,3.0,,0.0,0.0,0.0,,,0.0,0.0,0.0
50999,2024,Crystal Palace,52,0.0,0.0,0.0,,False,0.0,0.0,32.0,,,0.0,0.0,,,,,,,,,,,,,,,,0.0,0.0,0.0,,,0.0,0.0,1.0
50999,2024,Nottingham Forest,65,0.0,0.0,0.0,,False,0.0,0.0,0.0,,,0.0,0.0,,,,,,,,,,,,,,,,0.0,0.0,0.0,,,0.0,0.0,1.0
51051,2024,Bournemouth,35,19.0,12.0,516.0,6.358333,False,7.0,,,,,,0.0,0.0,,191.0,1.0,,10.0,,6.0,41.0,15.0,1.0,,,2.0,7.0,2.0,,0.0,,,0.0,0.0,
51051,2025,Bournemouth,35,0.0,0.0,,,False,0.0,0.0,8.0,,,0.0,0.0,0.0,,,,,,,,,,,,,,,0.0,0.0,0.0,,,0.0,0.0,
51494,2024,Manchester United,33,32.0,29.0,1796.0,6.824137,False,3.0,,,12.0,4.0,1.0,0.0,2.0,,897.0,10.0,,77.0,4.0,27.0,277.0,146.0,28.0,18.0,,33.0,41.0,11.0,,0.0,,,0.0,0.0,
51494,2025,Manchester United,33,22.0,8.0,901.0,6.68,False,14.0,5.0,24.0,8.0,1.0,0.0,0.0,0.0,,502.0,3.0,85.0,46.0,5.0,20.0,148.0,79.0,10.0,7.0,,15.0,24.0,1.0,0.0,0.0,,,0.0,0.0,
51572,2022,Bournemouth,35,16.0,10.0,468.0,6.5,False,6.0,,,8.0,6.0,2.0,0.0,,,145.0,2.0,,19.0,1.0,4.0,90.0,44.0,21.0,10.0,,11.0,7.0,1.0,,0.0,,,0.0,0.0,
51617,2022,Liverpool,40,29.0,19.0,1699.0,6.885714,False,10.0,13.0,10.0,71.0,37.0,9.0,0.0,3.0,,371.0,28.0,,11.0,,3.0,214.0,82.0,37.0,18.0,,17.0,25.0,1.0,0.0,1.0,,,0.0,0.0,
51617,2023,Liverpool,40,36.0,22.0,2047.0,6.983333,False,14.0,13.0,15.0,86.0,46.0,11.0,0.0,8.0,,465.0,33.0,,22.0,6.0,2.0,228.0,86.0,35.0,15.0,,15.0,28.0,9.0,0.0,0.0,,,0.0,1.0,
51617,2024,Liverpool,40,30.0,8.0,1119.0,6.786666,False,22.0,6.0,27.0,28.0,13.0,5.0,0.0,2.0,,224.0,12.0,,21.0,,4.0,167.0,63.0,22.0,8.0,,14.0,27.0,8.0,0.0,0.0,,,0.0,0.0,
55904,2025,Sunderland,746,26.0,22.0,2007.0,6.96,False,4.0,3.0,4.0,21.0,9.0,2.0,0.0,0.0,,1029.0,15.0,82.0,31.0,22.0,19.0,265.0,159.0,4.0,2.0,,28.0,25.0,3.0,0.0,0.0,1.0,,0.0,0.0,
56296,2022,Vitesse,200,0.0,0.0,0.0,,False,0.0,0.0,0.0,,,0.0,,,,,,,,,,,,,,,,,0.0,0.0,0.0,,,,,
59258,2024,Estudiantes L.P.,450,0.0,0.0,0.0,,False,0.0,0.0,0.0,,,0.0,,,,,,,,,,,,,,,,,0.0,0.0,0.0,,,,,
60353,2022,Tottenham,47,0.0,0.0,0.0,,False,0.0,0.0,0.0,,,0.0,,,,,,,,,,,,,,,,,0.0,0.0,0.0,,,,,
61178,2022,Wolves,39,1.0,0.0,0.0,,False,1.0,0.0,11.0,,,0.0,0.0,,,3.0,,,,,,1.0,1.0,1.0,1.0,,,,0.0,0.0,0.0,,,0.0,0.0,
61431,2022,Arsenal,42,18.0,11.0,431.0,6.771428,False,7.0,,,1.0,1.0,1.0,0.0,,,196.0,1.0,,7.0,3.0,6.0,31.0,17.0,1.0,1.0,,1.0,1.0,0.0,,0.0,,,0.0,0.0,
61431,2023,Arsenal,42,38.0,23.0,971.0,6.90625,False,15.0,,,4.0,3.0,1.0,0.0,3.0,,544.0,6.0,,20.0,3.0,8.0,69.0,40.0,3.0,2.0,,3.0,10.0,1.0,,0.0,,,0.0,0.0,
61431,2024,Arsenal,42,37.0,24.0,1132.0,6.888235,False,13.0,,,1.0,1.0,1.0,0.0,0.0,,729.0,5.0,,22.0,8.0,6.0,71.0,40.0,5.0,3.0,,4.0,10.0,1.0,,0.0,,,0.0,0.0,
61431,2025,Arsenal,42,0.0,0.0,,,False,0.0,0.0,1.0,,,0.0,0.0,0.0,,,,,,,,,,,,,,,0.0,0.0,0.0,,,0.0,0.0,
61742,2023,Brentford,55,0.0,0.0,0.0,,False,0.0,0.0,4.0,,,0.0,0.0,,,,,,,,,,,,,,,,0.0,0.0,0.0,,,0.0,0.0,0.0
61742,2024,Brentford,55,2.0,1.0,144.0,6.65,False,1.0,0.0,37.0,,,0.0,2.0,0.0,3.0,63.0,,,,,,1.0,1.0,,,,,,0.0,0.0,0.0,,,0.0,0.0,0.0
61742,2025,Brentford,55,1.0,1.0,90.0,6.3,False,0.0,0.0,31.0,,,0.0,3.0,0.0,1.0,41.0,,73.0,,,,,,,,,,,0.0,0.0,0.0,,,0.0,0.0,0.0
63577,2022,Chelsea,49,19.0,12.0,661.0,6.52,False,7.0,,,12.0,5.0,,0.0,2.0,,184.0,10.0,,11.0,1.0,,96.0,41.0,33.0,13.0,,12.0,8.0,1.0,,0.0,,,0.0,0.0,
63577,2023,Chelsea,49,35.0,29.0,1586.0,6.903225,False,6.0,,,28.0,12.0,5.0,0.0,2.0,,477.0,32.0,,21.0,1.0,9.0,204.0,94.0,70.0,39.0,,27.0,22.0,5.0,,0.0,,,0.0,0.0,
63577,2024,Chelsea,49,12.0,5.0,158.0,6.657142,False,7.0,,,1.0,1.0,,0.0,0.0,,35.0,2.0,,2.0,1.0,,26.0,9.0,8.0,3.0,,2.0,2.0,0.0,,0.0,,,0.0,0.0,
64003,2022,Leeds,63,29.0,26.0,2204.0,6.760714,False,3.0,6.0,8.0,10.0,7.0,2.0,0.0,1.0,,1072.0,14.0,,84.0,12.0,32.0,282.0,165.0,16.0,9.0,,12.0,29.0,5.0,0.0,0.0,,,0.0,0.0,
64003,2025,Leeds,63,29.0,28.0,2521.0,6.83,False,1.0,1.0,3.0,19.0,5.0,0.0,0.0,1.0,,1605.0,11.0,88.0,31.0,16.0,27.0,267.0,150.0,5.0,3.0,,20.0,22.0,4.0,0.0,0.0,,,0.0,0.0,
64167,2023,Chelsea,49,,,,,False,,,,,,,,,,,,,,,,,,,,,,,,,,,,,,
64167,2024,Chelsea,49,,,,,False,,,,,,,,,,,,,,,,,,,,,,,,,,,,,,
64167,2025,Chelsea,49,0.0,0.0,,,False,0.0,0.0,4.0,,,0.0,0.0,0.0,,,,,,,,,,,,,,,0.0,0.0,0.0,,,0.0,0.0,
64304,2022,Vitesse,200,0.0,0.0,0.0,,False,0.0,0.0,0.0,,,0.0,,,,,,,,,,,,,,,,,0.0,0.0,0.0,,,,,
64304,2022,Brighton,51,0.0,0.0,0.0,,False,0.0,0.0,0.0,,,0.0,,,,,,,,,,,,,,,,,0.0,0.0,0.0,,,,,
64304,2023,Brighton,51,0.0,0.0,0.0,,False,0.0,0.0,0.0,,,0.0,,,,,,,,,,,,,,,,,0.0,0.0,0.0,,,,,
64304,2024,Brighton,51,,,,,False,,,,,,,,,,,,,,,,,,,,,,,,,,,,,,
66240,2022,Vitesse,200,0.0,0.0,0.0,,False,0.0,0.0,0.0,,,0.0,,,,,,,,,,,,,,,,,0.0,0.0,0.0,,,,,
66407,2025,Wolves,39,25.0,24.0,2130.0,6.69,False,1.0,3.0,2.0,13.0,8.0,2.0,0.0,1.0,,1210.0,8.0,83.0,25.0,13.0,30.0,182.0,88.0,3.0,2.0,,7.0,30.0,4.0,1.0,0.0,,,0.0,0.0,
67943,2024,Nottingham Forest,65,34.0,20.0,922.0,6.607692,False,14.0,,,1.0,1.0,,0.0,0.0,,306.0,,,22.0,5.0,9.0,68.0,32.0,2.0,2.0,,2.0,11.0,5.0,,0.0,,,0.0,0.0,
67943,2025,Nottingham Forest,65,15.0,10.0,955.0,6.93,False,5.0,1.0,21.0,4.0,1.0,0.0,0.0,0.0,,571.0,1.0,86.0,24.0,8.0,8.0,77.0,51.0,4.0,4.0,,7.0,11.0,4.0,0.0,0.0,,,0.0,0.0,
67971,2022,Crystal Palace,52,37.0,37.0,3330.0,6.954054,False,0.0,1.0,0.0,11.0,6.0,1.0,0.0,,,2201.0,10.0,50.0,52.0,24.0,45.0,253.0,160.0,17.0,14.0,,40.0,24.0,8.0,0.0,0.0,,,0.0,0.0,
67971,2023,Crystal Palace,52,25.0,24.0,2022.0,6.876,False,1.0,,,4.0,,,0.0,1.0,,1296.0,8.0,45.0,28.0,17.0,17.0,149.0,90.0,11.0,7.0,,26.0,14.0,2.0,,0.0,,,0.0,0.0,
67971,2024,Crystal Palace,52,34.0,34.0,3060.0,7.091176,False,0.0,,,9.0,7.0,3.0,0.0,2.0,,1731.0,16.0,42.0,62.0,23.0,28.0,285.0,169.0,14.0,12.0,,27.0,24.0,9.0,,1.0,,,0.0,0.0,
67971,2025,Crystal Palace,52,20.0,20.0,1800.0,7.22,False,0.0,0.0,0.0,10.0,4.0,2.0,0.0,2.0,,1064.0,9.0,85.0,30.0,10.0,25.0,161.0,103.0,5.0,2.0,,18.0,14.0,4.0,0.0,0.0,1.0,,0.0,0.0,
67971,2025,Manchester City,50,9.0,9.0,810.0,7.76,False,0.0,0.0,0.0,11.0,4.0,1.0,0.0,0.0,,759.0,6.0,93.0,10.0,10.0,17.0,78.0,53.0,4.0,3.0,,9.0,4.0,1.0,0.0,0.0,,,0.0,0.0,
67972,2022,Chelsea,49,35.0,18.0,1614.0,6.747058,False,17.0,9.0,19.0,17.0,11.0,3.0,0.0,1.0,,809.0,21.0,,46.0,10.0,23.0,271.0,123.0,46.0,23.0,,35.0,35.0,10.0,1.0,0.0,,,0.0,0.0,
67972,2023,Chelsea,49,37.0,37.0,3137.0,7.302702,False,0.0,8.0,0.0,36.0,18.0,5.0,0.0,7.0,,1930.0,53.0,47.0,85.0,11.0,43.0,422.0,212.0,56.0,38.0,,64.0,83.0,8.0,1.0,0.0,,,0.0,0.0,
67972,2024,Chelsea,49,0.0,0.0,0.0,,False,0.0,0.0,0.0,,,0.0,,,,,,,,,,,,,,,,,0.0,0.0,0.0,,,,,
67972,2025,Tottenham,47,10.0,8.0,679.0,6.53,False,2.0,6.0,2.0,4.0,2.0,0.0,0.0,1.0,,286.0,8.0,81.0,10.0,2.0,11.0,75.0,34.0,9.0,5.0,,15.0,14.0,0.0,0.0,0.0,,,0.0,0.0,
68127,2022,Newcastle,34,0.0,0.0,0.0,,False,0.0,0.0,0.0,,,0.0,,,,,,,,,,,,,,,,,0.0,0.0,0.0,,,,,
68127,2023,Newcastle,34,0.0,0.0,0.0,,False,0.0,0.0,0.0,,,0.0,,,,,,,,,,,,,,,,,0.0,0.0,0.0,,,,,
68466,2024,West Ham,48,10.0,1.0,160.0,6.725,False,9.0,1.0,24.0,3.0,2.0,0.0,0.0,0.0,,120.0,1.0,,7.0,1.0,1.0,24.0,10.0,1.0,1.0,,1.0,6.0,2.0,0.0,0.0,,,0.0,0.0,
68466,2025,West Ham,48,7.0,2.0,163.0,6.6,False,5.0,2.0,13.0,,,0.0,0.0,0.0,,92.0,3.0,89.0,6.0,1.0,1.0,15.0,6.0,1.0,,,,1.0,0.0,0.0,0.0,,,0.0,0.0,
69257,2022,Brighton,51,0.0,0.0,0.0,,False,0.0,0.0,1.0,,,0.0,0.0,,,,,,,,,,,,,,,,0.0,0.0,0.0,,,0.0,0.0,
69257,2023,Brighton,51,,,,,False,,,,,,,,,,,,,,,,,,,,,,,,,,,,,,
69403,2023,Burnley,44,0.0,0.0,0.0,,False,0.0,0.0,0.0,,,0.0,,,,,,,,,,,,,,,,,0.0,0.0,0.0,,,,,
69539,2023,Burnley,44,0.0,0.0,0.0,,False,0.0,0.0,0.0,,,0.0,,,,,,,,,,,,,,,,,0.0,0.0,0.0,,,,,
69680,2023,Burnley,44,0.0,0.0,0.0,,False,0.0,0.0,0.0,,,0.0,,,,,,,,,,,,,,,,,0.0,0.0,0.0,,,,,
70078,2022,Manchester United,33,4.0,0.0,60.0,6.5,False,4.0,0.0,23.0,,,0.0,0.0,,,15.0,,,1.0,,,8.0,5.0,3.0,2.0,,2.0,1.0,0.0,0.0,0.0,,,0.0,0.0,
70078,2023,Manchester United,33,9.0,1.0,165.0,6.766666,False,8.0,1.0,19.0,3.0,2.0,0.0,0.0,1.0,,74.0,1.0,,5.0,1.0,1.0,40.0,22.0,9.0,5.0,,6.0,4.0,0.0,0.0,0.0,,,0.0,0.0,
70078,2024,Manchester United,33,0.0,0.0,0.0,,False,0.0,0.0,0.0,,,0.0,,,,,,,,,,,,,,,,,0.0,0.0,0.0,,,,,
70100,2024,Manchester United,33,32.0,24.0,1406.0,6.603125,False,8.0,,,19.0,11.0,3.0,0.0,1.0,,405.0,12.0,,14.0,4.0,6.0,181.0,59.0,35.0,11.0,,13.0,9.0,2.0,,0.0,,,0.0,0.0,
70100,2025,Manchester United,33,18.0,4.0,550.0,6.52,False,14.0,2.0,25.0,16.0,7.0,2.0,0.0,1.0,,207.0,10.0,75.0,8.0,2.0,1.0,81.0,34.0,8.0,5.0,,4.0,8.0,1.0,0.0,0.0,,,0.0,0.0,
70366,2025,Nottingham Forest,65,5.0,5.0,438.0,6.3,False,0.0,1.0,12.0,,,0.0,8.0,0.0,6.0,130.0,,63.0,,,,,,,,,,,1.0,0.0,0.0,,,0.0,0.0,0.0
70747,2022,Brighton,51,20.0,7.0,800.0,6.96,False,13.0,7.0,24.0,30.0,18.0,4.0,0.0,2.0,,242.0,13.0,,13.0,,4.0,136.0,65.0,56.0,31.0,,15.0,13.0,1.0,0.0,0.0,,,0.0,0.0,
70747,2022,Brighton,51,20.0,7.0,800.0,6.96,False,13.0,7.0,24.0,30.0,18.0,4.0,0.0,2.0,,242.0,13.0,,13.0,,4.0,136.0,65.0,56.0,31.0,,15.0,13.0,1.0,0.0,0.0,,,0.0,0.0,
70747,2023,Brighton,51,12.0,5.0,475.0,7.041666,False,7.0,5.0,8.0,22.0,8.0,0.0,0.0,2.0,,167.0,9.0,,6.0,,,61.0,34.0,24.0,17.0,,10.0,6.0,2.0,0.0,0.0,,,0.0,0.0,
70747,2024,Ipswich,57,13.0,12.0,878.0,6.827272,False,1.0,10.0,1.0,17.0,11.0,2.0,0.0,0.0,,130.0,5.0,,,,,50.0,23.0,18.0,10.0,,7.0,3.0,3.0,0.0,0.0,,,0.0,0.0,
70747,2024,Brighton,51,12.0,2.0,286.0,6.827272,False,10.0,2.0,17.0,17.0,11.0,0.0,0.0,0.0,,130.0,5.0,,,,,50.0,23.0,18.0,10.0,,7.0,3.0,0.0,0.0,0.0,,,0.0,0.0,
70767,2022,Nottingham Forest,65,0.0,0.0,0.0,,False,0.0,0.0,0.0,,,0.0,,,,,,,,,,,,,,,,,0.0,0.0,0.0,,,,,
80296,2025,Leeds,63,16.0,16.0,1440.0,6.63,False,0.0,0.0,12.0,,,0.0,29.0,0.0,38.0,559.0,,53.0,,,,10.0,7.0,,,,3.0,1.0,2.0,0.0,0.0,,1.0,0.0,0.0,0.0
81573,2024,Manchester City,50,16.0,16.0,1190.0,7.30625,False,0.0,,,34.0,17.0,7.0,0.0,0.0,,286.0,15.0,,13.0,1.0,6.0,132.0,57.0,40.0,19.0,,20.0,15.0,0.0,,0.0,,,0.0,0.0,
81573,2025,Manchester City,50,17.0,7.0,600.0,6.63,False,10.0,7.0,14.0,18.0,7.0,1.0,0.0,3.0,,146.0,11.0,86.0,12.0,2.0,2.0,76.0,39.0,16.0,8.0,,18.0,10.0,2.0,0.0,0.0,,,0.0,0.0,
82097,2024,Ipswich,57,13.0,13.0,1170.0,7.092307,False,0.0,,,,,,30.0,0.0,46.0,368.0,1.0,,,,,9.0,9.0,,,,4.0,1.0,2.0,,0.0,,,0.0,0.0,0.0
82855,2023,Wolves,39,0.0,0.0,0.0,,False,0.0,0.0,4.0,,,0.0,0.0,,,,,,,,,,,,,,,,0.0,0.0,0.0,,,0.0,0.0,0.0
82855,2024,Wolves,39,1.0,0.0,0.0,,False,1.0,0.0,3.0,,,0.0,0.0,0.0,,,,,,,,,,,,,,,0.0,0.0,0.0,,,0.0,0.0,0.0
82855,2024,Everton,45,3.0,2.0,1.0,,False,1.0,,,,,,0.0,0.0,,,,,,,,,,,,,,,0.0,,0.0,,,0.0,0.0,0.0
82855,2025,Everton,45,0.0,0.0,,,False,0.0,0.0,13.0,,,0.0,0.0,0.0,,,,,,,,,,,,,,,0.0,0.0,0.0,,,0.0,0.0,
83029,2023,Nottingham Forest,65,,,,,False,,,,,,,,,,,,,,,,,,,,,,,,,,,,,,
83029,2024,Nottingham Forest,65,0.0,0.0,0.0,,False,0.0,0.0,0.0,,,0.0,,,,,,,,,,,,,,,,,0.0,0.0,0.0,,,,,
84081,2022,Nottingham Forest,65,10.0,5.0,22.0,6.8,False,5.0,,,,,,0.0,,,18.0,,,2.0,,1.0,4.0,4.0,,,,,,0.0,,0.0,,,0.0,0.0,
84081,2023,Nottingham Forest,65,0.0,0.0,0.0,,False,0.0,0.0,0.0,,,0.0,,,,,,,,,,,,,,,,,0.0,0.0,0.0,,,,,
84082,2023,Bournemouth,35,5.0,0.0,36.0,6.48,False,5.0,0.0,13.0,1.0,,0.0,0.0,,,23.0,,,1.0,,,17.0,7.0,5.0,2.0,,4.0,2.0,1.0,0.0,0.0,,,0.0,0.0,
84082,2024,Bournemouth,35,0.0,0.0,0.0,,False,0.0,0.0,0.0,,,0.0,,,,,,,,,,,,,,,,,0.0,0.0,0.0,,,,,
84082,2025,Bournemouth,35,0.0,0.0,,,False,0.0,0.0,1.0,,,0.0,0.0,0.0,,,,,,,,,,,,,,,0.0,0.0,0.0,,,0.0,0.0,
84087,2025,Sunderland,746,27.0,11.0,1074.0,6.58,False,16.0,11.0,19.0,27.0,14.0,4.0,0.0,0.0,,108.0,,56.0,9.0,1.0,,145.0,41.0,20.0,6.0,,4.0,13.0,1.0,0.0,0.0,,,0.0,0.0,
84088,2023,Nottingham Forest,65,0.0,0.0,0.0,,False,0.0,0.0,0.0,,,0.0,,,,,,,,,,,,,,,,,0.0,0.0,0.0,,,,,
84088,2024,Nottingham Forest,65,0.0,0.0,0.0,,False,0.0,0.0,0.0,,,0.0,,,,,,,,,,,,,,,,,0.0,0.0,0.0,,,,,
87858,2023,Luton,1359,0.0,0.0,0.0,,False,0.0,0.0,1.0,,,0.0,0.0,,,,,,,,,,,,,,,,0.0,0.0,0.0,,,0.0,0.0,
90494,2022,West Ham,48,0.0,0.0,0.0,,False,0.0,0.0,0.0,,,0.0,,,,,,,,,,,,,,,,,0.0,0.0,0.0,,,,,
90590,2022,Leeds,63,11.0,1.0,264.0,6.418181,False,10.0,1.0,19.0,2.0,,0.0,0.0,1.0,,60.0,4.0,,10.0,,3.0,80.0,36.0,22.0,9.0,,6.0,5.0,0.0,0.0,0.0,,,0.0,0.0,
90590,2022,Leeds,63,11.0,1.0,264.0,6.418181,False,10.0,1.0,19.0,2.0,,0.0,0.0,1.0,,60.0,4.0,,10.0,,3.0,80.0,36.0,22.0,9.0,,6.0,5.0,0.0,0.0,0.0,,,0.0,0.0,
90590,2024,Brighton,51,28.0,24.0,1672.0,6.807142,False,4.0,,,30.0,12.0,5.0,0.0,3.0,,344.0,19.0,,39.0,3.0,10.0,309.0,136.0,61.0,27.0,,45.0,34.0,2.0,,0.0,,,0.0,0.0,
90590,2025,Brighton,51,26.0,19.0,1641.0,6.6,False,7.0,15.0,11.0,24.0,12.0,2.0,0.0,2.0,,392.0,21.0,69.0,28.0,1.0,10.0,254.0,102.0,56.0,25.0,,32.0,27.0,2.0,0.0,0.0,1.0,,0.0,0.0,
92987,2022,Vitesse,200,0.0,0.0,0.0,,False,0.0,0.0,0.0,,,0.0,,,,,,,,,,,,,,,,,0.0,0.0,0.0,,,,,
92993,2024,Brighton,51,28.0,17.0,1045.0,6.85,False,11.0,,,8.0,4.0,1.0,0.0,3.0,,647.0,15.0,,58.0,2.0,17.0,186.0,107.0,14.0,7.0,,10.0,23.0,6.0,,0.0,,,0.0,0.0,
92993,2025,Brighton,51,22.0,19.0,1671.0,6.81,False,3.0,7.0,3.0,13.0,6.0,2.0,0.0,3.0,,792.0,19.0,83.0,64.0,6.0,24.0,262.0,130.0,20.0,9.0,,18.0,26.0,7.0,0.0,0.0,,,0.0,0.0,
94360,2023,Bournemouth,35,,,,,False,,,,,,,,,,,,,,,,,,,,,,,,,,,,,,
94360,2024,Bournemouth,35,,,,,False,,,,,,,,,,,,,,,,,,,,,,,,,,,,,,
98936,2023,Burnley,44,24.0,22.0,1920.0,6.820833,False,2.0,,,30.0,17.0,5.0,0.0,3.0,,452.0,19.0,,19.0,3.0,3.0,290.0,99.0,37.0,19.0,,11.0,24.0,0.0,,1.0,,,0.0,0.0,
98936,2025,Burnley,44,23.0,15.0,1307.0,6.5,False,8.0,12.0,10.0,11.0,5.0,3.0,0.0,2.0,,264.0,10.0,70.0,14.0,3.0,4.0,195.0,63.0,21.0,10.0,,13.0,21.0,4.0,0.0,0.0,,,0.0,0.0,
105789,2023,Burnley,44,0.0,0.0,0.0,,False,0.0,0.0,0.0,,,0.0,,,,,,,,,,,,,,,,,0.0,0.0,0.0,,,,,
105971,2022,Southampton,41,32.0,32.0,2880.0,6.571875,False,0.0,0.0,6.0,,,0.0,56.0,,69.0,1028.0,1.0,,1.0,,1.0,19.0,18.0,,,,2.0,1.0,0.0,0.0,0.0,,,0.0,0.0,0.0
105971,2024,Southampton,41,0.0,0.0,0.0,,False,0.0,0.0,0.0,,,0.0,,,,,,,,,,,,,,,,,0.0,0.0,0.0,,,,,
106086,2022,Crystal Palace,52,0.0,0.0,0.0,,False,0.0,0.0,3.0,,,0.0,0.0,,,,,,,,,,,,,,,,0.0,0.0,0.0,,,0.0,0.0,
106086,2023,Crystal Palace,52,0.0,0.0,0.0,,False,0.0,0.0,0.0,,,0.0,,,,,,,,,,,,,,,,,0.0,0.0,0.0,,,,,
106725,2022,Brentford,55,10.0,3.0,317.0,6.666666,False,7.0,3.0,16.0,4.0,2.0,0.0,0.0,1.0,,76.0,5.0,,1.0,1.0,,36.0,13.0,14.0,4.0,,4.0,1.0,0.0,0.0,0.0,,,0.0,0.0,
106725,2023,Brentford,55,30.0,15.0,1440.0,6.644827,False,15.0,13.0,18.0,33.0,22.0,3.0,0.0,1.0,,358.0,13.0,,17.0,2.0,7.0,161.0,71.0,54.0,21.0,,18.0,9.0,0.0,0.0,0.0,,,0.0,0.0,
106725,2024,Brentford,55,38.0,36.0,3102.0,6.878947,False,2.0,10.0,2.0,23.0,14.0,1.0,0.0,3.0,,1047.0,26.0,,49.0,10.0,21.0,289.0,147.0,91.0,40.0,,31.0,18.0,7.0,0.0,0.0,,,0.0,0.0,
106725,2025,Brentford,55,30.0,16.0,1452.0,6.68,False,14.0,10.0,16.0,15.0,7.0,3.0,0.0,2.0,,386.0,15.0,76.0,19.0,1.0,8.0,137.0,65.0,29.0,12.0,,25.0,13.0,1.0,0.0,0.0,,,0.0,0.0,
106835,2022,Brighton,51,33.0,24.0,2316.0,6.896875,False,9.0,8.0,11.0,42.0,21.0,7.0,0.0,5.0,,914.0,41.0,,44.0,,17.0,299.0,148.0,114.0,59.0,,27.0,29.0,0.0,0.0,0.0,,,0.0,0.0,
106835,2022,Brighton,51,33.0,24.0,2316.0,6.896875,False,9.0,8.0,11.0,42.0,21.0,7.0,0.0,5.0,,914.0,41.0,,44.0,,17.0,299.0,148.0,114.0,59.0,,27.0,29.0,0.0,0.0,0.0,,,0.0,0.0,
106835,2023,Brighton,51,19.0,15.0,1485.0,7.178947,False,4.0,3.0,4.0,26.0,15.0,3.0,0.0,4.0,,597.0,25.0,,13.0,1.0,5.0,183.0,86.0,83.0,39.0,,23.0,14.0,4.0,0.0,0.0,,,0.0,0.0,
106835,2024,Brighton,51,36.0,28.0,2610.0,6.983333,False,8.0,14.0,8.0,45.0,27.0,10.0,0.0,4.0,,890.0,37.0,,45.0,3.0,14.0,338.0,147.0,126.0,52.0,,24.0,40.0,1.0,0.0,0.0,,,0.0,0.0,
106835,2025,Brighton,51,21.0,16.0,1436.0,6.78,False,5.0,7.0,5.0,19.0,11.0,2.0,0.0,1.0,,471.0,27.0,80.0,14.0,,8.0,169.0,65.0,52.0,22.0,,16.0,24.0,3.0,0.0,0.0,,,0.0,0.0,
107087,2023,Crystal Palace,52,0.0,0.0,0.0,,False,0.0,0.0,0.0,,,0.0,,,,,,,,,,,,,,,,,0.0,0.0,0.0,,,,,
110153,2025,Wolves,39,28.0,12.0,1279.0,6.58,False,16.0,5.0,17.0,32.0,13.0,3.0,0.0,1.0,,247.0,11.0,62.0,6.0,1.0,5.0,253.0,119.0,31.0,18.0,,13.0,17.0,1.0,0.0,0.0,,,0.0,1.0,
115589,2025,Manchester United,33,27.0,14.0,1423.0,6.74,False,13.0,6.0,14.0,48.0,31.0,9.0,0.0,1.0,,272.0,8.0,69.0,5.0,2.0,3.0,188.0,75.0,25.0,7.0,,4.0,15.0,2.0,0.0,0.0,,,0.0,0.0,
116117,2022,Brighton,51,37.0,34.0,3140.0,7.064864,False,3.0,4.0,3.0,13.0,8.0,1.0,0.0,1.0,,2209.0,43.0,53.0,100.0,7.0,56.0,376.0,219.0,49.0,28.0,,54.0,65.0,10.0,0.0,0.0,,,0.0,0.0,
116117,2023,Chelsea,49,35.0,33.0,2874.0,7.111428,False,2.0,10.0,2.0,8.0,4.0,1.0,0.0,3.0,,2097.0,23.0,54.0,91.0,25.0,37.0,349.0,196.0,50.0,26.0,,49.0,50.0,11.0,0.0,0.0,,,0.0,0.0,
116117,2023,Brighton,51,0.0,0.0,0.0,7.111428,False,0.0,0.0,0.0,8.0,4.0,0.0,0.0,3.0,,2097.0,23.0,54.0,91.0,25.0,37.0,349.0,196.0,50.0,26.0,,49.0,50.0,0.0,0.0,0.0,,,0.0,0.0,
116117,2024,Chelsea,49,38.0,38.0,3356.0,7.236842,False,0.0,5.0,0.0,11.0,3.0,1.0,0.0,2.0,,2153.0,30.0,51.0,114.0,10.0,48.0,401.0,236.0,51.0,29.0,,58.0,70.0,11.0,0.0,0.0,,,0.0,0.0,
116117,2025,Chelsea,49,27.0,26.0,2267.0,7.21,False,1.0,4.0,2.0,13.0,7.0,3.0,0.0,1.0,,1634.0,14.0,91.0,77.0,14.0,52.0,254.0,141.0,21.0,11.0,,41.0,42.0,9.0,0.0,1.0,,1.0,0.0,0.0,
118307,2023,Chelsea,49,23.0,22.0,1986.0,6.943478,False,1.0,0.0,13.0,,,0.0,38.0,0.0,75.0,707.0,,,,,,6.0,6.0,,,,1.0,,2.0,0.0,0.0,,,0.0,0.0,0.0
118307,2024,Chelsea,49,0.0,0.0,0.0,,False,0.0,0.0,0.0,,,0.0,,,,,,,,,,,,,,,,,0.0,0.0,0.0,,,,,
118307,2025,Bournemouth,35,32.0,32.0,2880.0,6.89,False,0.0,0.0,0.0,,,0.0,45.0,0.0,96.0,767.0,,64.0,,,,23.0,20.0,,,,2.0,,2.0,0.0,0.0,,,0.0,0.0,0.0
119121,2025,Sunderland,746,32.0,29.0,2591.0,6.76,False,3.0,6.0,3.0,19.0,5.0,0.0,0.0,1.0,,876.0,20.0,73.0,59.0,10.0,22.0,286.0,154.0,15.0,3.0,,34.0,26.0,9.0,0.0,0.0,,1.0,0.0,0.0,
123469,2023,Burnley,44,34.0,27.0,1972.0,6.805882,False,7.0,26.0,11.0,39.0,22.0,5.0,0.0,1.0,,488.0,16.0,,27.0,10.0,9.0,284.0,110.0,76.0,29.0,,39.0,22.0,2.0,0.0,0.0,,,1.0,0.0,
125618,2023,Brighton,51,0.0,0.0,0.0,,False,0.0,0.0,0.0,,,0.0,,,,,,,,,,,,,,,,,0.0,0.0,0.0,,,,,
125743,2023,Everton,45,30.0,9.0,936.0,6.714285,False,21.0,8.0,23.0,39.0,13.0,3.0,0.0,0.0,,174.0,11.0,,14.0,,1.0,218.0,95.0,32.0,15.0,,19.0,21.0,2.0,0.0,0.0,,,0.0,1.0,
125743,2024,Everton,45,30.0,15.0,1529.0,6.763333,False,15.0,9.0,23.0,41.0,23.0,8.0,0.0,0.0,,265.0,12.0,,14.0,2.0,4.0,350.0,155.0,36.0,19.0,,23.0,33.0,2.0,0.0,0.0,,,0.0,0.0,
125743,2025,Everton,45,32.0,13.0,1316.0,6.61,False,19.0,12.0,19.0,25.0,14.0,7.0,0.0,1.0,,184.0,9.0,61.0,14.0,2.0,1.0,288.0,117.0,37.0,11.0,,11.0,29.0,2.0,0.0,0.0,,,0.0,0.0,
126690,2024,Fulham,36,,,,,False,,,,,,,,,,,,,,,,,,,,,,,,,,,,,,
126791,2022,Everton,45,0.0,0.0,0.0,,False,0.0,0.0,0.0,,,0.0,,,,,,,,,,,,,,,,,0.0,0.0,0.0,,,,,
126791,2024,Ipswich,57,25.0,17.0,697.0,6.666666,False,8.0,,,9.0,8.0,2.0,0.0,0.0,,216.0,7.0,,9.0,1.0,4.0,92.0,40.0,32.0,17.0,,13.0,4.0,1.0,,0.0,,,0.0,0.0,
126949,2022,Crystal Palace,52,27.0,16.0,443.0,6.6375,False,11.0,,,3.0,,,0.0,,,195.0,1.0,,9.0,1.0,8.0,34.0,24.0,,,,1.0,2.0,0.0,,0.0,,,0.0,0.0,
126949,2023,Crystal Palace,52,35.0,29.0,2097.0,6.88,False,6.0,,,9.0,3.0,1.0,0.0,1.0,,924.0,6.0,,46.0,12.0,27.0,185.0,115.0,1.0,1.0,,7.0,12.0,3.0,,0.0,,,0.0,0.0,
126949,2024,Crystal Palace,52,29.0,25.0,1925.0,6.847826,False,4.0,,,9.0,6.0,1.0,0.0,0.0,,835.0,2.0,,47.0,14.0,18.0,179.0,100.0,6.0,1.0,,5.0,11.0,4.0,,1.0,,,0.0,0.0,
126949,2025,Crystal Palace,52,27.0,27.0,2423.0,7.0,False,0.0,1.0,1.0,4.0,1.0,1.0,0.0,0.0,,1256.0,9.0,84.0,52.0,17.0,41.0,253.0,148.0,6.0,4.0,,3.0,14.0,3.0,0.0,0.0,,,0.0,0.0,
127472,2022,Liverpool,40,2.0,1.0,66.0,7.0,False,1.0,1.0,17.0,,,0.0,0.0,,,82.0,,,2.0,,2.0,7.0,6.0,,,,,1.0,0.0,0.0,0.0,,,0.0,0.0,
127472,2023,Liverpool,40,0.0,0.0,0.0,,False,0.0,0.0,0.0,,,0.0,,,,,,,,,,,,,,,,,0.0,0.0,0.0,,,,,
127472,2024,Liverpool,40,0.0,0.0,0.0,,False,0.0,0.0,0.0,,,0.0,,,,,,,,,,,,,,,,,0.0,0.0,0.0,,,,,
127579,2024,Ipswich,57,27.0,26.0,2205.0,6.892,False,1.0,,,8.0,4.0,1.0,0.0,0.0,,1093.0,6.0,,40.0,26.0,21.0,221.0,148.0,5.0,4.0,,21.0,16.0,5.0,,0.0,,,0.0,0.0,
127605,2022,Crystal Palace,52,0.0,0.0,0.0,,False,0.0,0.0,0.0,,,0.0,,,,,,,,,,,,,,,,,0.0,0.0,0.0,,,,,
127605,2023,Crystal Palace,52,0.0,0.0,0.0,,False,0.0,0.0,0.0,,,0.0,,,,,,,,,,,,,,,,,0.0,0.0,0.0,,,,,
127605,2024,Crystal Palace,52,,,,,False,,,,,,,,,,,,,,,,,,,,,,,,,,,,,,
127769,2022,Arsenal,42,36.0,34.0,2806.0,7.158333,False,2.0,18.0,2.0,55.0,32.0,15.0,0.0,5.0,,978.0,59.0,,31.0,1.0,9.0,367.0,141.0,114.0,59.0,,37.0,39.0,3.0,0.0,0.0,,,0.0,0.0,
127769,2023,Arsenal,42,35.0,24.0,2029.0,7.108571,False,11.0,20.0,11.0,39.0,22.0,6.0,0.0,4.0,,807.0,46.0,,30.0,1.0,5.0,278.0,109.0,101.0,40.0,,24.0,23.0,1.0,0.0,0.0,,,0.0,0.0,
127769,2024,Arsenal,42,33.0,25.0,2298.0,6.893939,False,8.0,15.0,10.0,40.0,25.0,8.0,0.0,4.0,,589.0,40.0,,23.0,,5.0,261.0,94.0,92.0,33.0,,21.0,16.0,1.0,0.0,0.0,,,0.0,0.0,
127769,2025,Arsenal,42,26.0,10.0,906.0,6.57,False,16.0,9.0,20.0,19.0,10.0,1.0,0.0,3.0,,208.0,10.0,68.0,10.0,1.0,,115.0,48.0,33.0,18.0,,13.0,7.0,2.0,0.0,0.0,,,0.0,0.0,
127817,2025,Arsenal,42,21.0,17.0,1504.0,6.93,False,4.0,5.0,7.0,1.0,1.0,1.0,0.0,2.0,,743.0,12.0,89.0,39.0,7.0,20.0,147.0,85.0,11.0,5.0,,12.0,16.0,2.0,0.0,0.0,,,0.0,0.0,
128338,2024,Leicester,46,4.0,1.0,107.0,6.6,False,3.0,1.0,9.0,2.0,1.0,0.0,0.0,0.0,,44.0,,,6.0,1.0,5.0,13.0,7.0,1.0,,,1.0,2.0,1.0,0.0,0.0,,,0.0,0.0,
128895,2025,Burnley,44,7.0,1.0,165.0,6.73,False,6.0,1.0,9.0,3.0,1.0,1.0,0.0,0.0,,59.0,1.0,66.0,2.0,,1.0,18.0,8.0,3.0,1.0,,,4.0,0.0,0.0,0.0,,,0.0,0.0,
129033,2023,Manchester City,50,35.0,30.0,2328.0,7.35,False,5.0,,,26.0,14.0,4.0,0.0,1.0,,1732.0,18.0,54.0,55.0,12.0,27.0,223.0,135.0,40.0,26.0,,22.0,20.0,3.0,,0.0,,,0.0,0.0,
129033,2024,Manchester City,50,38.0,37.0,3279.0,7.356756,False,1.0,,,30.0,12.0,5.0,0.0,0.0,,2524.0,26.0,62.0,59.0,20.0,44.0,269.0,164.0,39.0,25.0,,27.0,16.0,2.0,,0.0,,,0.0,0.0,
129033,2025,Manchester City,50,16.0,15.0,1304.0,7.03,False,1.0,3.0,2.0,12.0,5.0,2.0,0.0,2.0,,997.0,5.0,89.0,18.0,9.0,13.0,96.0,53.0,6.0,2.0,,7.0,16.0,2.0,0.0,0.0,,1.0,0.0,0.0,
129058,2023,Brighton,51,38.0,30.0,1890.0,7.128571,False,8.0,,,,,,28.0,,65.0,743.0,,,1.0,,,11.0,9.0,1.0,1.0,,2.0,1.0,3.0,,0.0,,,0.0,0.0,0.0
129058,2024,Brighton,51,36.0,36.0,3240.0,6.875,False,0.0,,,,,,58.0,1.0,91.0,1187.0,1.0,,,,,18.0,14.0,2.0,2.0,,2.0,,5.0,,0.0,,,0.0,0.0,0.0
129058,2025,Brighton,51,32.0,32.0,2880.0,7.14,False,0.0,0.0,0.0,,,0.0,37.0,0.0,91.0,1303.0,1.0,76.0,1.0,,,17.0,14.0,1.0,1.0,,3.0,2.0,3.0,0.0,0.0,,1.0,0.0,0.0,1.0
129142,2025,Leeds,63,22.0,15.0,1322.0,6.71,False,7.0,9.0,17.0,6.0,1.0,0.0,0.0,3.0,,575.0,11.0,90.0,24.0,6.0,15.0,112.0,52.0,7.0,6.0,,9.0,16.0,3.0,0.0,0.0,,,0.0,0.0,
129169,2023,Burnley,44,6.0,1.0,149.0,6.433333,False,5.0,1.0,12.0,2.0,1.0,0.0,0.0,,,59.0,2.0,,1.0,,,20.0,6.0,5.0,2.0,,3.0,4.0,0.0,0.0,1.0,,,0.0,0.0,
129643,2022,Brighton,51,21.0,15.0,956.0,6.863157,False,6.0,,,28.0,17.0,6.0,0.0,2.0,,222.0,11.0,,6.0,1.0,2.0,88.0,34.0,13.0,8.0,,11.0,9.0,1.0,,0.0,,,0.0,0.0,
129643,2023,Brighton,51,28.0,24.0,1388.0,6.796296,False,4.0,,,29.0,20.0,6.0,0.0,,,300.0,6.0,,14.0,3.0,2.0,146.0,59.0,13.0,7.0,,25.0,24.0,1.0,,0.0,,,0.0,0.0,
129643,2024,West Ham,48,8.0,1.0,150.0,6.584615,False,7.0,1.0,11.0,5.0,2.0,0.0,0.0,0.0,,57.0,3.0,,4.0,1.0,,32.0,10.0,2.0,1.0,,1.0,3.0,0.0,0.0,0.0,,,0.0,0.0,
129643,2024,Brighton,51,15.0,8.0,261.0,6.584615,False,7.0,,,5.0,2.0,1.0,0.0,0.0,,57.0,3.0,,4.0,1.0,,32.0,10.0,2.0,1.0,,1.0,3.0,0.0,,0.0,,,0.0,0.0,
129682,2025,Bournemouth,35,27.0,10.0,1050.0,6.84,False,17.0,8.0,21.0,14.0,9.0,3.0,0.0,1.0,,389.0,15.0,76.0,34.0,2.0,6.0,169.0,90.0,21.0,8.0,,22.0,26.0,2.0,0.0,0.0,1.0,,0.0,0.0,
129695,2025,Nottingham Forest,65,10.0,3.0,343.0,6.49,False,7.0,3.0,13.0,7.0,3.0,0.0,0.0,1.0,,129.0,7.0,75.0,2.0,1.0,,44.0,15.0,15.0,4.0,,8.0,9.0,1.0,0.0,0.0,,,0.0,0.0,
129705,2024,Fulham,36,,,,,False,,,,,,,,,,,,,,,,,,,,,,,,,,,,,,
129707,2022,Fulham,36,1.0,0.0,0.0,6.2,False,1.0,0.0,5.0,,,0.0,0.0,,,2.0,,,,,,,,,,,,,0.0,0.0,0.0,,,0.0,0.0,
129707,2023,Fulham,36,0.0,0.0,0.0,,False,0.0,0.0,5.0,,,0.0,0.0,,,,,,,,,,,,,,,,0.0,0.0,0.0,,,0.0,0.0,
129711,2022,Nottingham Forest,65,38.0,33.0,2941.0,6.686842,False,5.0,12.0,5.0,46.0,27.0,8.0,0.0,3.0,,441.0,29.0,,34.0,1.0,5.0,275.0,106.0,74.0,33.0,,21.0,37.0,6.0,0.0,0.0,,,1.0,2.0,
129711,2023,Tottenham,47,32.0,23.0,2091.0,6.7,False,9.0,15.0,9.0,1.0,,5.0,0.0,,,58.0,1.0,,4.0,1.0,,24.0,14.0,5.0,2.0,,7.0,1.0,3.0,0.0,0.0,,,0.0,0.0,
129711,2023,Nottingham Forest,65,3.0,3.0,240.0,6.7,False,0.0,3.0,0.0,1.0,,0.0,0.0,,,58.0,1.0,,4.0,1.0,,24.0,14.0,5.0,2.0,,7.0,1.0,0.0,0.0,0.0,,,0.0,0.0,
129711,2024,Tottenham,47,33.0,24.0,2178.0,7.072727,False,9.0,10.0,11.0,43.0,20.0,11.0,0.0,3.0,,570.0,19.0,,39.0,3.0,4.0,193.0,91.0,41.0,19.0,,26.0,27.0,5.0,0.0,0.0,,,0.0,0.0,
129711,2025,Tottenham,47,16.0,6.0,628.0,6.63,False,10.0,5.0,12.0,5.0,2.0,2.0,0.0,0.0,,140.0,6.0,70.0,13.0,1.0,2.0,42.0,24.0,10.0,3.0,,4.0,2.0,2.0,0.0,0.0,,,0.0,0.0,
129711,2025,Crystal Palace,52,12.0,8.0,697.0,6.52,False,4.0,5.0,4.0,7.0,3.0,0.0,0.0,1.0,,149.0,9.0,62.0,7.0,,1.0,59.0,23.0,11.0,3.0,,6.0,11.0,3.0,0.0,0.0,,,0.0,0.0,
129712,2022,Nottingham Forest,65,1.0,0.0,7.0,6.2,False,1.0,0.0,4.0,,,0.0,0.0,,,1.0,,,,,,4.0,1.0,2.0,,,1.0,,0.0,0.0,0.0,,,0.0,0.0,
129712,2023,Nottingham Forest,65,0.0,0.0,0.0,,False,0.0,0.0,0.0,,,0.0,,,,,,,,,,,,,,,,,0.0,0.0,0.0,,,,,
129712,2024,Nottingham Forest,65,,,,,False,,,,,,,,,,,,,,,,,,,,,,,,,,,,,,
129712,2024,Nottingham Forest U21,19746,0.0,0.0,0.0,,False,0.0,0.0,0.0,,,0.0,,,,,,,,,,,,,,,,,0.0,0.0,0.0,,,,,
129791,2023,Wolves,39,8.0,3.0,261.0,6.325,False,5.0,3.0,14.0,6.0,3.0,0.0,0.0,,,75.0,4.0,,7.0,,2.0,38.0,15.0,7.0,2.0,,4.0,8.0,2.0,0.0,0.0,,,0.0,0.0,
129791,2024,Wolves,39,0.0,0.0,0.0,,False,0.0,0.0,0.0,,,0.0,,,,,,,,,,,,,,,,,0.0,0.0,0.0,,,,,
130416,2023,Bournemouth,35,0.0,0.0,0.0,,False,0.0,0.0,7.0,,,0.0,0.0,,,,,,,,,,,,,,,,0.0,0.0,0.0,,,0.0,0.0,
130416,2024,Bournemouth,35,0.0,0.0,0.0,,False,0.0,0.0,0.0,,,0.0,,,,,,,,,,,,,,,,,0.0,0.0,0.0,,,,,
130419,2022,Newcastle,34,0.0,0.0,0.0,,False,0.0,0.0,0.0,,,0.0,,,,,,,,,,,,,,,,,0.0,0.0,0.0,,,,,
130419,2023,Newcastle,34,,,,,False,,,,,,,,,,,,,,,,,,,,,,,,,,,,,,
130421,2024,Southampton,41,18.0,6.0,682.0,6.552941,False,12.0,4.0,14.0,3.0,1.0,1.0,0.0,0.0,,313.0,10.0,,20.0,,2.0,71.0,31.0,6.0,4.0,,3.0,11.0,1.0,0.0,0.0,,,0.0,0.0,
130423,2022,Chelsea,49,0.0,0.0,0.0,6.663636,False,0.0,0.0,1.0,3.0,1.0,0.0,0.0,1.0,,403.0,2.0,,5.0,2.0,6.0,41.0,15.0,4.0,2.0,,3.0,8.0,0.0,0.0,0.0,,,0.0,0.0,
130423,2022,Brighton,51,30.0,19.0,521.0,6.663636,False,11.0,,,3.0,1.0,,0.0,1.0,,403.0,2.0,,5.0,2.0,6.0,41.0,15.0,4.0,2.0,,3.0,8.0,1.0,,0.0,,,0.0,0.0,
130423,2023,Brighton,51,31.0,26.0,2125.0,6.946666,False,5.0,,,14.0,5.0,,0.0,1.0,,2064.0,22.0,63.0,26.0,9.0,11.0,163.0,75.0,21.0,8.0,,30.0,22.0,8.0,,1.0,,,0.0,0.0,
130423,2024,Brighton,51,2.0,2.0,97.0,7.0,False,0.0,,,,,,0.0,0.0,,66.0,,,3.0,,,11.0,7.0,2.0,1.0,,3.0,2.0,0.0,,0.0,,,0.0,0.0,
131278,2022,Leeds,63,0.0,0.0,0.0,,False,0.0,0.0,0.0,,,0.0,,,,,,,,,,,,,,,,,0.0,0.0,0.0,,,,,
134428,2023,Aston Villa,66,,,,,False,,,,,,,,,,,,,,,,,,,,,,,,,,,,,,
135068,2024,Wolves,39,16.0,16.0,1411.0,7.1125,False,0.0,1.0,0.0,6.0,2.0,1.0,0.0,0.0,,991.0,4.0,53.0,30.0,13.0,13.0,110.0,70.0,12.0,10.0,,4.0,7.0,3.0,0.0,0.0,,,0.0,0.0,
135068,2025,Wolves,39,14.0,12.0,1101.0,6.85,False,2.0,0.0,6.0,7.0,3.0,0.0,0.0,0.0,,659.0,4.0,83.0,32.0,15.0,13.0,105.0,67.0,5.0,4.0,,5.0,10.0,1.0,0.0,1.0,,,0.0,0.0,
135334,2023,Wolves,39,30.0,19.0,820.0,6.625,False,11.0,,,,,,0.0,0.0,,476.0,2.0,,13.0,12.0,6.0,78.0,34.0,1.0,1.0,,5.0,10.0,1.0,,0.0,,,0.0,0.0,
135334,2024,Wolves,39,37.0,27.0,1716.0,6.660714,False,10.0,,,6.0,3.0,,0.0,0.0,,836.0,,,41.0,21.0,15.0,147.0,80.0,4.0,,,5.0,26.0,2.0,,0.0,,,0.0,0.0,
135334,2025,Wolves,39,23.0,22.0,2013.0,6.76,False,1.0,2.0,9.0,5.0,5.0,2.0,0.0,1.0,,899.0,7.0,87.0,41.0,14.0,21.0,160.0,91.0,1.0,,,9.0,21.0,4.0,0.0,0.0,1.0,,0.0,0.0,
135525,2022,Liverpool,40,0.0,0.0,0.0,,False,0.0,0.0,1.0,,,0.0,0.0,,,,,,,,,,,,,,,,0.0,0.0,0.0,,,0.0,0.0,
135525,2023,Liverpool,40,,,,,False,,,,,,,,,,,,,,,,,,,,,,,,,,,,,,
135525,2024,Liverpool,40,,,,,False,,,,,,,,,,,,,,,,,,,,,,,,,,,,,,
135525,2025,Liverpool,40,0.0,0.0,,,False,0.0,0.0,17.0,,,0.0,0.0,0.0,,,,,,,,,,,,,,,0.0,0.0,0.0,,,0.0,0.0,
135775,2023,Brighton,51,24.0,14.0,522.0,6.711764,False,10.0,,,14.0,11.0,2.0,0.0,0.0,,204.0,6.0,,5.0,,3.0,69.0,24.0,14.0,5.0,,13.0,6.0,2.0,,0.0,,,0.0,0.0,
135775,2024,Brighton,51,,,,,False,,,,,,,,,,,,,,,,,,,,,,,,,,,,,,
136723,2022,Chelsea,49,12.0,7.0,645.0,6.833333,False,5.0,7.0,9.0,10.0,6.0,1.0,0.0,,,260.0,13.0,,12.0,2.0,4.0,115.0,62.0,57.0,33.0,,15.0,4.0,0.0,0.0,0.0,,,0.0,0.0,
136723,2023,Chelsea,49,23.0,13.0,1055.0,7.068181,False,10.0,11.0,20.0,22.0,13.0,5.0,0.0,2.0,,454.0,20.0,,17.0,,4.0,171.0,80.0,73.0,37.0,,19.0,8.0,2.0,0.0,0.0,,,1.0,0.0,
136723,2024,Chelsea,49,32.0,27.0,2049.0,7.053125,False,5.0,21.0,6.0,57.0,32.0,7.0,0.0,3.0,,599.0,35.0,,25.0,,10.0,238.0,106.0,91.0,45.0,,25.0,22.0,3.0,0.0,0.0,,,0.0,0.0,
136723,2025,Arsenal,42,21.0,13.0,962.0,6.81,False,8.0,13.0,13.0,12.0,6.0,1.0,0.0,1.0,,315.0,17.0,74.0,18.0,1.0,4.0,143.0,67.0,50.0,25.0,,14.0,13.0,0.0,0.0,0.0,,,0.0,0.0,
137220,2022,Brighton,51,1.0,0.0,11.0,6.3,False,1.0,0.0,13.0,,,0.0,0.0,,,2.0,,,,,,,,,,,,,0.0,0.0,0.0,,,0.0,0.0,
137220,2022,Brighton,51,1.0,0.0,11.0,6.3,False,1.0,0.0,13.0,,,0.0,0.0,,,2.0,,,,,,,,,,,,,0.0,0.0,0.0,,,0.0,0.0,
137220,2023,Brighton,51,0.0,0.0,0.0,,False,0.0,0.0,0.0,,,0.0,,,,,,,,,,,,,,,,,0.0,0.0,0.0,,,,,
137220,2024,Brighton,51,0.0,0.0,0.0,,False,0.0,0.0,0.0,,,0.0,,,,,,,,,,,,,,,,,0.0,0.0,0.0,,,,,
137302,2022,Aston Villa,66,6.0,0.0,43.0,6.24,False,6.0,0.0,14.0,,,0.0,0.0,,,11.0,,,,,,7.0,2.0,1.0,1.0,,1.0,2.0,0.0,0.0,0.0,,,0.0,0.0,
137302,2023,Sheffield Utd,62,29.0,21.0,1836.0,6.2,False,8.0,12.0,8.0,,,4.0,0.0,,,6.0,,,,,,1.0,,,,,,1.0,1.0,0.0,0.0,,,0.0,0.0,
137302,2023,Aston Villa,66,1.0,0.0,5.0,6.2,False,1.0,0.0,2.0,,,0.0,0.0,,,6.0,,,,,,1.0,,,,,,1.0,1.0,0.0,0.0,,,0.0,0.0,
137302,2024,Southampton,41,35.0,13.0,1430.0,6.44,False,22.0,13.0,24.0,22.0,11.0,2.0,0.0,0.0,,246.0,5.0,,13.0,1.0,2.0,148.0,50.0,35.0,15.0,,13.0,16.0,0.0,0.0,0.0,,,0.0,1.0,
137302,2024,Aston Villa,66,0.0,0.0,0.0,6.44,False,0.0,0.0,0.0,22.0,11.0,0.0,0.0,0.0,,246.0,5.0,,13.0,1.0,2.0,148.0,50.0,35.0,15.0,,13.0,16.0,0.0,0.0,0.0,,,0.0,1.0,
137303,2025,Aston Villa,66,13.0,6.0,597.0,6.41,False,7.0,6.0,12.0,7.0,5.0,0.0,0.0,1.0,,93.0,4.0,81.0,18.0,3.0,1.0,103.0,44.0,25.0,7.0,,12.0,11.0,0.0,0.0,0.0,,,0.0,0.0,
137303,2025,Crystal Palace,52,6.0,3.0,299.0,6.75,False,3.0,2.0,3.0,3.0,1.0,1.0,0.0,1.0,,84.0,1.0,82.0,6.0,,4.0,50.0,23.0,13.0,6.0,,8.0,4.0,0.0,0.0,0.0,,,0.0,0.0,
138411,2022,Liverpool,40,0.0,0.0,0.0,,False,0.0,0.0,0.0,,,0.0,,,,,,,,,,,,,,,,,0.0,0.0,0.0,,,,,
138417,2022,Everton,45,19.0,14.0,1277.0,6.677777,False,5.0,3.0,7.0,4.0,1.0,0.0,0.0,,,472.0,6.0,,49.0,4.0,15.0,154.0,83.0,23.0,11.0,,13.0,14.0,3.0,0.0,0.0,,,0.0,0.0,
138417,2023,Everton,45,20.0,9.0,996.0,6.626315,False,11.0,2.0,23.0,2.0,,0.0,0.0,2.0,,408.0,8.0,,34.0,3.0,9.0,119.0,53.0,17.0,7.0,,5.0,18.0,4.0,0.0,0.0,,,0.0,0.0,
138417,2024,Everton,45,10.0,3.0,343.0,6.675,False,7.0,3.0,25.0,1.0,,0.0,0.0,1.0,,120.0,4.0,,11.0,,2.0,46.0,22.0,11.0,9.0,,1.0,6.0,1.0,0.0,0.0,,,0.0,0.0,
138417,2025,Everton,45,6.0,3.0,265.0,6.87,False,3.0,2.0,20.0,1.0,1.0,0.0,0.0,0.0,,83.0,,77.0,10.0,2.0,2.0,33.0,20.0,5.0,1.0,,2.0,2.0,0.0,0.0,0.0,,,0.0,0.0,
138776,2025,Leeds,63,0.0,0.0,,,False,0.0,0.0,1.0,,,0.0,0.0,0.0,,,,,,,,,,,,,,,0.0,0.0,0.0,,,0.0,0.0,
138777,2023,Chelsea,49,,,,,False,,,,,,,,,,,,,,,,,,,,,,,,,,,,,,
138777,2024,Chelsea,49,0.0,0.0,0.0,,False,0.0,0.0,0.0,,,0.0,,,,,,,,,,,,,,,,,0.0,0.0,0.0,,,,,
138780,2022,Nottingham Forest,65,31.0,20.0,1876.0,6.683333,False,11.0,5.0,13.0,20.0,7.0,1.0,0.0,,,603.0,15.0,,72.0,8.0,33.0,274.0,135.0,50.0,19.0,,27.0,33.0,7.0,0.0,0.0,,,0.0,0.0,
138780,2023,Nottingham Forest,65,31.0,26.0,1665.0,6.81923,False,5.0,,,8.0,4.0,,0.0,1.0,,597.0,11.0,,69.0,13.0,22.0,255.0,149.0,37.0,19.0,,30.0,23.0,4.0,,0.0,,,0.0,0.0,
138780,2024,Nottingham Forest,65,38.0,34.0,2599.0,7.002857,False,4.0,,,21.0,7.0,1.0,0.0,3.0,,850.0,18.0,,90.0,10.0,31.0,317.0,191.0,37.0,18.0,,43.0,24.0,7.0,,0.0,,,0.0,0.0,
138780,2025,Nottingham Forest,65,31.0,31.0,2715.0,6.96,False,0.0,2.0,0.0,24.0,18.0,2.0,0.0,3.0,,1118.0,32.0,82.0,81.0,14.0,37.0,332.0,190.0,56.0,26.0,,48.0,26.0,5.0,0.0,1.0,,1.0,0.0,0.0,
138786,2022,Everton,45,11.0,2.0,221.0,6.545454,False,9.0,2.0,19.0,4.0,1.0,1.0,0.0,,,61.0,2.0,,,,,36.0,14.0,2.0,2.0,,1.0,,0.0,0.0,0.0,,,0.0,0.0,
138787,2022,Newcastle,34,16.0,4.0,480.0,6.725,False,12.0,5.0,12.0,19.0,16.0,1.0,0.0,,,253.0,8.0,,34.0,,4.0,185.0,69.0,40.0,11.0,,15.0,20.0,1.0,0.0,0.0,,,0.0,0.0,
138787,2022,Everton,45,16.0,12.0,1096.0,6.725,False,4.0,5.0,5.0,19.0,16.0,3.0,0.0,,,253.0,8.0,,34.0,,4.0,185.0,69.0,40.0,11.0,,15.0,20.0,6.0,0.0,0.0,,,0.0,0.0,
138787,2023,Newcastle,34,35.0,35.0,2900.0,7.402857,False,0.0,,,55.0,31.0,11.0,0.0,10.0,,922.0,57.0,,55.0,,7.0,377.0,183.0,110.0,53.0,,66.0,38.0,12.0,,1.0,,,1.0,0.0,
138787,2024,Newcastle,34,34.0,31.0,2444.0,7.07647,False,3.0,,,40.0,19.0,6.0,0.0,5.0,,809.0,52.0,,32.0,2.0,7.0,287.0,149.0,85.0,38.0,,71.0,20.0,2.0,,0.0,,,1.0,1.0,
138787,2025,Newcastle,34,26.0,24.0,1817.0,7.08,False,2.0,19.0,2.0,37.0,20.0,6.0,0.0,2.0,,517.0,26.0,81.0,19.0,,3.0,214.0,101.0,71.0,33.0,,40.0,13.0,3.0,0.0,1.0,1.0,,3.0,0.0,
138793,2022,Tottenham,47,1.0,0.0,4.0,,False,1.0,0.0,3.0,,,0.0,0.0,,,5.0,,,,,,2.0,1.0,,,,,,0.0,0.0,0.0,,,0.0,0.0,
138793,2023,Tottenham,47,0.0,0.0,0.0,,False,0.0,0.0,0.0,,,0.0,,,,,,,,,,,,,,,,,0.0,0.0,0.0,,,,,
138804,2022,Manchester United,33,0.0,0.0,0.0,,False,0.0,0.0,1.0,,,0.0,0.0,,,,,,,,,,,,,,,,0.0,0.0,0.0,,,0.0,0.0,0.0
138804,2023,Manchester United,33,0.0,0.0,0.0,,False,0.0,0.0,0.0,,,0.0,,,,,,,,,,,,,,,,,0.0,0.0,0.0,,,,,
138806,2022,Manchester United,33,0.0,0.0,0.0,,False,0.0,0.0,7.0,,,0.0,0.0,,,,,,,,,,,,,,,,0.0,0.0,0.0,,,0.0,0.0,
138806,2023,Manchester United,33,0.0,0.0,0.0,,False,0.0,0.0,0.0,,,0.0,,,,,,,,,,,,,,,,,0.0,0.0,0.0,,,,,
138806,2024,Ipswich,57,,,,,False,,,,,,,,,,,,,,,,,,,,,,,,,,,,,,
138815,2022,Brighton,51,20.0,3.0,438.0,6.517647,False,17.0,2.0,20.0,4.0,,0.0,0.0,,,232.0,4.0,,11.0,3.0,7.0,65.0,35.0,21.0,8.0,,14.0,6.0,1.0,0.0,0.0,,,0.0,0.0,
138815,2023,Brighton,51,19.0,10.0,913.0,6.636842,False,9.0,9.0,9.0,2.0,,0.0,0.0,3.0,,371.0,10.0,,21.0,3.0,6.0,87.0,49.0,14.0,6.0,,18.0,11.0,3.0,0.0,0.0,,,0.0,0.0,
138815,2024,Brighton,51,15.0,10.0,861.0,6.58,False,5.0,5.0,15.0,6.0,2.0,2.0,0.0,2.0,,324.0,5.0,,17.0,7.0,7.0,104.0,38.0,28.0,10.0,,10.0,15.0,0.0,0.0,0.0,,,0.0,0.0,
138816,2023,Chelsea,49,12.0,1.0,199.0,6.4,False,11.0,1.0,19.0,2.0,1.0,0.0,0.0,,,119.0,2.0,,3.0,,3.0,32.0,7.0,4.0,,,1.0,5.0,1.0,0.0,0.0,,,0.0,0.0,
138816,2023,Aston Villa,66,20.0,11.0,222.0,6.4,False,9.0,,,2.0,1.0,,0.0,,,119.0,2.0,,3.0,,3.0,32.0,7.0,4.0,,,1.0,5.0,1.0,,0.0,,,0.0,0.0,
138816,2024,Aston Villa,66,37.0,25.0,1164.0,6.807142,False,12.0,,,13.0,5.0,1.0,0.0,2.0,,616.0,21.0,,29.0,,15.0,126.0,61.0,29.0,13.0,,9.0,11.0,2.0,,0.0,,,0.0,0.0,
138816,2025,Aston Villa,66,25.0,13.0,1282.0,6.65,False,12.0,7.0,19.0,13.0,5.0,0.0,0.0,0.0,,619.0,20.0,85.0,36.0,,13.0,165.0,85.0,38.0,18.0,,16.0,12.0,2.0,0.0,0.0,,,0.0,0.0,
138821,2023,Burnley,44,0.0,0.0,0.0,,False,0.0,0.0,0.0,,,0.0,,,,,,,,,,,,,,,,,0.0,0.0,0.0,,,,,
138822,2022,Chelsea,49,12.0,2.0,286.0,6.572727,False,10.0,2.0,11.0,6.0,5.0,1.0,0.0,,,53.0,1.0,,4.0,1.0,1.0,64.0,27.0,13.0,8.0,,6.0,2.0,0.0,0.0,0.0,,,0.0,0.0,
138822,2023,Fulham,36,8.0,0.0,81.0,6.576923,False,8.0,0.0,12.0,9.0,2.0,0.0,0.0,,,93.0,3.0,,3.0,1.0,,76.0,28.0,29.0,13.0,,8.0,4.0,0.0,0.0,0.0,,,0.0,0.0,
138822,2023,Chelsea,49,13.0,6.0,453.0,6.576923,False,7.0,6.0,8.0,9.0,2.0,1.0,0.0,,,93.0,3.0,,3.0,1.0,,76.0,28.0,29.0,13.0,,8.0,4.0,0.0,0.0,0.0,,,0.0,0.0,
138822,2024,Fulham,36,,,,,False,,,,,,,,,,,,,,,,,,,,,,,,,,,,,,
138822,2024,Everton,45,10.0,4.0,331.0,6.57,False,6.0,4.0,9.0,4.0,,0.0,0.0,0.0,,71.0,4.0,,3.0,,1.0,80.0,33.0,15.0,8.0,,4.0,6.0,1.0,0.0,0.0,,,0.0,0.0,
138822,2024,Chelsea,49,0.0,0.0,0.0,6.57,False,0.0,0.0,0.0,4.0,,0.0,0.0,0.0,,71.0,4.0,,3.0,,1.0,80.0,33.0,15.0,8.0,,4.0,6.0,0.0,0.0,0.0,,,0.0,0.0,
138822,2025,Burnley,44,21.0,8.0,837.0,6.4,False,13.0,6.0,17.0,8.0,6.0,1.0,0.0,1.0,,139.0,4.0,69.0,6.0,,3.0,188.0,61.0,24.0,8.0,,14.0,12.0,0.0,0.0,0.0,,,0.0,0.0,
138828,2023,Sheffield Utd,62,11.0,6.0,532.0,6.536363,False,5.0,6.0,28.0,4.0,1.0,0.0,0.0,,,165.0,2.0,,17.0,1.0,7.0,58.0,33.0,17.0,10.0,,5.0,5.0,1.0,0.0,0.0,,,0.0,0.0,
138832,2024,Brentford,55,,,,,False,,,,,,,,,,,,,,,,,,,,,,,,,,,,,,
138835,2022,Arsenal,42,0.0,0.0,0.0,,False,0.0,0.0,0.0,,,0.0,,,,,,,,,,,,,,,,,0.0,0.0,0.0,,,,,
138835,2023,Arsenal,42,0.0,0.0,0.0,,False,0.0,0.0,0.0,,,0.0,,,,,,,,,,,,,,,,,0.0,0.0,0.0,,,,,
138836,2024,Ipswich,57,7.0,4.0,377.0,6.333333,False,3.0,0.0,8.0,1.0,1.0,0.0,0.0,0.0,,208.0,1.0,,5.0,4.0,4.0,32.0,17.0,2.0,1.0,,1.0,5.0,2.0,1.0,0.0,,,0.0,0.0,
138842,2023,Arsenal,42,,,,,False,,,,,,,,,,,,,,,,,,,,,,,,,,,,,,
138843,2023,Arsenal,42,,,,,False,,,,,,,,,,,,,,,,,,,,,,,,,,,,,,
138844,2024,Everton,45,0.0,0.0,0.0,,False,0.0,0.0,0.0,,,0.0,,,,,,,,,,,,,,,,,0.0,0.0,0.0,,,,,
138844,2025,Everton,45,0.0,0.0,,,False,0.0,0.0,1.0,,,0.0,0.0,0.0,,,,,,,,,,,,,,,0.0,0.0,0.0,,,0.0,0.0,
138849,2022,Everton,45,0.0,0.0,0.0,,False,0.0,0.0,2.0,,,0.0,0.0,,,,,,,,,,,,,,,,0.0,0.0,0.0,,,0.0,0.0,
138877,2022,Vitesse,200,0.0,0.0,0.0,,False,0.0,0.0,0.0,,,0.0,,,,,,,,,,,,,,,,,0.0,0.0,0.0,,,,,
138901,2023,Luton,1359,,,,,False,,,,,,,,,,,,,,,,,,,,,,,,,,,,,,
138906,2023,Newcastle,34,4.0,0.0,9.0,6.45,False,4.0,0.0,14.0,,,0.0,0.0,,,12.0,,,1.0,,,5.0,1.0,,,,,2.0,1.0,0.0,0.0,,,0.0,0.0,
138906,2024,Newcastle,34,0.0,0.0,0.0,,False,0.0,0.0,0.0,,,0.0,,,,,,,,,,,,,,,,,0.0,0.0,0.0,,,,,
138908,2022,Newcastle,34,22.0,3.0,393.0,6.62,False,19.0,3.0,31.0,7.0,4.0,0.0,0.0,1.0,,185.0,9.0,,11.0,2.0,6.0,82.0,42.0,23.0,10.0,,10.0,6.0,0.0,0.0,0.0,,,0.0,0.0,
138908,2023,Newcastle,34,21.0,10.0,1022.0,6.894736,False,11.0,7.0,11.0,14.0,5.0,0.0,0.0,2.0,,416.0,15.0,,24.0,4.0,8.0,168.0,82.0,38.0,20.0,,19.0,21.0,3.0,0.0,0.0,,,0.0,0.0,
138908,2023,Nottingham Forest,65,21.0,16.0,1022.0,6.894736,False,5.0,,,14.0,5.0,,0.0,2.0,,416.0,15.0,,24.0,4.0,8.0,168.0,82.0,38.0,20.0,,19.0,21.0,3.0,,0.0,,,0.0,0.0,
138908,2024,Newcastle,34,,,,,False,,,,,,,,,,,,,,,,,,,,,,,,,,,,,,
138908,2024,Nottingham Forest,65,37.0,34.0,2742.0,7.027027,False,3.0,,,20.0,7.0,2.0,0.0,6.0,,1287.0,37.0,,91.0,9.0,31.0,462.0,242.0,69.0,37.0,,58.0,48.0,10.0,,0.0,,,0.0,0.0,
138908,2025,Nottingham Forest,65,32.0,32.0,2869.0,7.28,False,0.0,3.0,0.0,21.0,8.0,2.0,0.0,2.0,,2046.0,48.0,85.0,91.0,12.0,35.0,470.0,258.0,78.0,41.0,,69.0,48.0,6.0,0.0,0.0,,1.0,1.0,0.0,
138929,2022,Leicester,46,1.0,0.0,22.0,6.3,False,1.0,0.0,7.0,,,0.0,0.0,,,16.0,,,,,,1.0,1.0,,,,1.0,,0.0,0.0,0.0,,,0.0,0.0,
138929,2024,Leicester,46,,,,,False,,,,,,,,,,,,,,,,,,,,,,,,,,,,,,
138931,2023,Aston Villa,66,1.0,0.0,3.0,6.3,False,1.0,0.0,1.0,,,0.0,0.0,,,4.0,,,,,,,,,,,,,0.0,0.0,0.0,,,0.0,0.0,
138931,2024,Ipswich,57,10.0,5.0,474.0,6.53,False,5.0,4.0,6.0,6.0,,2.0,0.0,0.0,,81.0,1.0,,11.0,,3.0,51.0,23.0,12.0,4.0,,8.0,12.0,1.0,0.0,0.0,,,0.0,0.0,
138931,2024,Aston Villa,66,11.0,2.0,325.0,6.53,False,9.0,1.0,12.0,6.0,,0.0,0.0,0.0,,81.0,1.0,,11.0,,3.0,51.0,23.0,12.0,4.0,,8.0,12.0,3.0,1.0,0.0,,,0.0,0.0,
138934,2023,Brentford,55,,,,,False,,,,,,,,,,,,,,,,,,,,,,,,,,,,,,
138935,2022,Chelsea,49,14.0,2.0,344.0,6.691666,False,12.0,2.0,19.0,2.0,1.0,0.0,0.0,,,200.0,8.0,,13.0,,6.0,43.0,25.0,11.0,6.0,,5.0,2.0,0.0,0.0,0.0,,,0.0,0.0,
138935,2022,Aston Villa,66,0.0,0.0,0.0,6.691666,False,0.0,0.0,0.0,2.0,1.0,0.0,0.0,,,200.0,8.0,,13.0,,6.0,43.0,25.0,11.0,6.0,,5.0,2.0,0.0,0.0,0.0,,,0.0,0.0,
138935,2023,Chelsea,49,9.0,2.0,222.0,6.614285,False,7.0,2.0,11.0,2.0,2.0,1.0,0.0,1.0,,133.0,4.0,,6.0,1.0,,33.0,11.0,12.0,2.0,,2.0,3.0,2.0,0.0,0.0,,,0.0,0.0,
138935,2024,Chelsea,49,0.0,0.0,0.0,,False,0.0,0.0,0.0,,,0.0,,,,,,,,,,,,,,,,,0.0,0.0,0.0,,,,,
138937,2022,Aston Villa,66,0.0,0.0,0.0,,False,0.0,0.0,1.0,,,0.0,0.0,,,,,,,,,,,,,,,,0.0,0.0,0.0,,,0.0,0.0,0.0
138937,2023,Aston Villa,66,0.0,0.0,0.0,,False,0.0,0.0,10.0,,,0.0,0.0,,,,,,,,,,,,,,,,0.0,0.0,0.0,,,0.0,0.0,0.0
138937,2024,Aston Villa,66,,,,,False,,,,,,,,,,,,,,,,,,,,,,,,,,,,,,
140947,2023,Manchester City,50,,,,,False,,,,,,,,,,,,,,,,,,,,,,,,,,,,,,
140947,2023,Luton,1359,24.0,21.0,1734.0,6.8,False,3.0,8.0,7.0,4.0,1.0,0.0,0.0,2.0,,541.0,16.0,,52.0,11.0,16.0,209.0,117.0,36.0,18.0,,30.0,27.0,7.0,0.0,0.0,,,0.0,0.0,
140947,2024,Manchester City,50,0.0,0.0,0.0,,False,0.0,0.0,1.0,,,0.0,0.0,,,,,,,,,,,,,,,,0.0,0.0,0.0,,,0.0,0.0,
141901,2024,Nottingham Forest,65,31.0,18.0,891.0,6.77,False,13.0,,,16.0,7.0,3.0,0.0,1.0,,171.0,14.0,,27.0,1.0,12.0,184.0,82.0,25.0,10.0,,23.0,24.0,5.0,,0.0,,,0.0,0.0,
141901,2025,Nottingham Forest,65,1.0,0.0,11.0,6.7,False,1.0,0.0,1.0,,,0.0,0.0,0.0,,2.0,,100.0,2.0,,,4.0,3.0,,,,1.0,,0.0,0.0,0.0,,,0.0,0.0,
144709,2022,West Ham,48,0.0,0.0,0.0,,False,0.0,0.0,7.0,,,0.0,0.0,,,,,,,,,,,,,,,,0.0,0.0,0.0,,,0.0,0.0,0.0
144709,2023,West Ham,48,0.0,0.0,0.0,,False,0.0,0.0,8.0,,,0.0,0.0,,,,,,,,,,,,,,,,0.0,0.0,0.0,,,0.0,0.0,0.0
144709,2024,West Ham,48,,,,,False,,,,,,,,,,,,,,,,,,,,,,,,,,,,,,
144720,2022,West Ham,48,0.0,0.0,0.0,,False,0.0,0.0,0.0,,,0.0,,,,,,,,,,,,,,,,,0.0,0.0,0.0,,,,,
144723,2022,West Ham,48,0.0,0.0,0.0,,False,0.0,0.0,3.0,,,0.0,0.0,,,,,,,,,,,,,,,,0.0,0.0,0.0,,,0.0,0.0,0.0
144723,2023,West Ham,48,0.0,0.0,0.0,,False,0.0,0.0,0.0,,,0.0,,,,,,,,,,,,,,,,,0.0,0.0,0.0,,,,,
144723,2024,West Ham,48,,,,,False,,,,,,,,,,,,,,,,,,,,,,,,,,,,,,
144725,2022,West Ham,48,0.0,0.0,0.0,,False,0.0,0.0,0.0,,,0.0,,,,,,,,,,,,,,,,,0.0,0.0,0.0,,,,,
144725,2023,West Ham,48,,,,,False,,,,,,,,,,,,,,,,,,,,,,,,,,,,,,
144725,2024,West Ham,48,0.0,0.0,0.0,,False,0.0,0.0,0.0,,,0.0,,,,,,,,,,,,,,,,,0.0,0.0,0.0,,,,,
144729,2023,Manchester City,50,0.0,0.0,0.0,,False,0.0,0.0,0.0,,,0.0,,,,,,,,,,,,,,,,,0.0,0.0,0.0,,,,,
144729,2024,Manchester City,50,,,,,False,,,,,,,,,,,,,,,,,,,,,,,,,,,,,,
144729,2024,Southampton,41,34.0,32.0,2828.0,6.873529,False,2.0,5.0,2.0,14.0,8.0,1.0,0.0,0.0,,2123.0,14.0,55.0,28.0,43.0,30.0,213.0,108.0,3.0,3.0,,14.0,35.0,9.0,0.0,0.0,,,0.0,0.0,
144732,2023,Manchester City,50,,,,,False,,,,,,,,,,,,,,,,,,,,,,,,,,,,,,
144732,2023,Wolves,39,32.0,20.0,1246.0,6.846153,False,12.0,,,12.0,3.0,,0.0,0.0,,911.0,8.0,,26.0,9.0,12.0,62.0,31.0,2.0,1.0,,4.0,11.0,2.0,,0.0,,,0.0,0.0,
144732,2024,Wolves,39,33.0,20.0,521.0,6.657142,False,13.0,,,6.0,2.0,,0.0,1.0,,370.0,7.0,,11.0,5.0,5.0,47.0,22.0,6.0,5.0,,5.0,5.0,1.0,,0.0,,,0.0,0.0,
144733,2022,Manchester City,50,0.0,0.0,0.0,,False,0.0,0.0,4.0,,,0.0,0.0,,,,,,,,,,,,,,,,0.0,0.0,0.0,,,0.0,0.0,
144733,2023,Manchester City,50,0.0,0.0,0.0,,False,0.0,0.0,0.0,,,0.0,,,,,,,,,,,,,,,,,0.0,0.0,0.0,,,,,
144733,2024,Manchester City,50,,,,,False,,,,,,,,,,,,,,,,,,,,,,,,,,,,,,
144741,2022,Wolves,39,0.0,0.0,0.0,,False,0.0,0.0,0.0,,,0.0,,,,,,,,,,,,,,,,,0.0,0.0,0.0,,,,,
144741,2023,Wolves,39,,,,,False,,,,,,,,,,,,,,,,,,,,,,,,,,,,,,
144741,2024,Wolves,39,,,,,False,,,,,,,,,,,,,,,,,,,,,,,,,,,,,,
144741,2024,Crystal Palace,52,,,,,False,,,,,,,,,,,,,,,,,,,,,,,,,,,,,,
145476,2023,Brighton,51,0.0,0.0,0.0,,False,0.0,0.0,0.0,,,0.0,,,,,,,,,,,,,,,,,0.0,0.0,0.0,,,,,
146325,2023,Luton,1359,0.0,0.0,0.0,,False,0.0,0.0,0.0,,,0.0,,,,,,,,,,,,,,,,,0.0,0.0,0.0,,,,,
147831,2025,Nottingham Forest,65,9.0,0.0,107.0,6.28,False,9.0,0.0,18.0,1.0,1.0,0.0,0.0,0.0,,29.0,1.0,82.0,1.0,,,12.0,5.0,1.0,,,,2.0,0.0,0.0,0.0,,,0.0,0.0,
147832,2024,Ipswich,57,,,,,False,,,,,,,,,,,,,,,,,,,,,,,,,,,,,,
147835,2023,Nottingham Forest,65,11.0,8.0,780.0,6.57,False,3.0,0.0,11.0,,,0.0,0.0,,,309.0,2.0,,10.0,8.0,13.0,39.0,20.0,,,,3.0,6.0,2.0,0.0,0.0,,,0.0,0.0,
147835,2024,Nottingham Forest,65,0.0,0.0,0.0,,False,0.0,0.0,4.0,,,0.0,0.0,,,,,,,,,,,,,,,,0.0,0.0,0.0,,,0.0,0.0,
148099,2022,Leicester,46,31.0,28.0,2315.0,6.854838,False,3.0,11.0,5.0,19.0,6.0,2.0,0.0,2.0,,1095.0,39.0,,53.0,13.0,28.0,275.0,143.0,66.0,40.0,,35.0,37.0,4.0,1.0,0.0,,,0.0,0.0,
148099,2024,Leicester,46,,,,,False,,,,,,,,,,,,,,,,,,,,,,,,,,,,,,
148099,2024,Chelsea,49,13.0,2.0,256.0,6.7,False,11.0,2.0,24.0,,,0.0,0.0,1.0,,149.0,3.0,,8.0,,2.0,27.0,16.0,4.0,2.0,,6.0,4.0,0.0,0.0,0.0,,,0.0,0.0,
148099,2025,Everton,45,25.0,24.0,2103.0,7.18,False,1.0,9.0,1.0,23.0,13.0,7.0,0.0,3.0,,834.0,29.0,83.0,42.0,3.0,9.0,224.0,119.0,37.0,22.0,,40.0,26.0,6.0,0.0,0.0,,1.0,0.0,0.0,
148270,2022,Aston Villa,66,0.0,0.0,0.0,,False,0.0,0.0,2.0,,,0.0,0.0,,,,,,,,,,,,,,,,0.0,0.0,0.0,,,0.0,0.0,0.0
148270,2023,Aston Villa,66,0.0,0.0,0.0,,False,0.0,0.0,1.0,,,0.0,0.0,,,,,,,,,,,,,,,,0.0,0.0,0.0,,,0.0,0.0,0.0
148270,2024,Aston Villa,66,0.0,0.0,0.0,,False,0.0,0.0,9.0,,,0.0,0.0,,,,,,,,,,,,,,,,0.0,0.0,0.0,,,0.0,0.0,0.0
148284,2022,Vitesse,200,0.0,0.0,0.0,,False,0.0,0.0,0.0,,,0.0,,,,,,,,,,,,,,,,,0.0,0.0,0.0,,,,,
149550,2022,Tottenham,47,4.0,2.0,146.0,6.266666,False,2.0,2.0,28.0,,,0.0,0.0,,,91.0,,,3.0,,2.0,24.0,13.0,2.0,1.0,,3.0,3.0,0.0,0.0,0.0,,,0.0,0.0,
149550,2023,Tottenham,47,0.0,0.0,0.0,,False,0.0,0.0,0.0,,,0.0,,,,,,,,,,,,,,,,,0.0,0.0,0.0,,,,,
149551,2024,Tottenham,47,,,,,False,,,,,,,,,,,,,,,,,,,,,,,,,,,,,,
149564,2022,Wolves,39,0.0,0.0,0.0,,False,0.0,0.0,3.0,,,0.0,0.0,,,,,,,,,,,,,,,,0.0,0.0,0.0,,,0.0,0.0,
149564,2023,Wolves,39,0.0,0.0,0.0,,False,0.0,0.0,0.0,,,0.0,,,,,,,,,,,,,,,,,0.0,0.0,0.0,,,,,
149564,2024,Wolves,39,0.0,0.0,0.0,,False,0.0,0.0,3.0,,,0.0,0.0,,,,,,,,,,,,,,,,0.0,0.0,0.0,,,0.0,0.0,
151754,2022,Liverpool,40,0.0,0.0,0.0,,False,0.0,0.0,0.0,,,0.0,,,,,,,,,,,,,,,,,0.0,0.0,0.0,,,,,
151756,2022,Bournemouth,35,0.0,0.0,0.0,,False,0.0,0.0,1.0,,,0.0,0.0,,,,,,,,,,,,,,,,0.0,0.0,0.0,,,0.0,0.0,0.0
151756,2023,Bournemouth,35,,,,,False,,,,,,,,,,,,,,,,,,,,,,,,,,,,,,
151756,2024,Bournemouth,35,0.0,0.0,0.0,,False,0.0,0.0,21.0,,,0.0,0.0,,,,,,,,,,,,,,,,0.0,0.0,0.0,,,0.0,0.0,0.0
151756,2025,Bournemouth,35,0.0,0.0,,,False,0.0,0.0,19.0,,,0.0,0.0,0.0,,,,,,,,,,,,,,,0.0,0.0,0.0,,,0.0,0.0,
152418,2022,Crystal Palace,52,8.0,0.0,86.0,6.5,False,8.0,0.0,11.0,3.0,,0.0,0.0,,,44.0,1.0,,3.0,,,11.0,4.0,2.0,1.0,,,2.0,1.0,0.0,0.0,,,0.0,0.0,
152418,2023,Crystal Palace,52,20.0,0.0,333.0,6.395,False,20.0,0.0,34.0,5.0,2.0,0.0,0.0,,,179.0,1.0,,13.0,,2.0,66.0,29.0,12.0,7.0,,6.0,9.0,3.0,1.0,0.0,,,0.0,0.0,
152418,2024,Crystal Palace,52,0.0,0.0,0.0,,False,0.0,0.0,1.0,,,0.0,0.0,,,,,,,,,,,,,,,,0.0,0.0,0.0,,,0.0,0.0,
152654,2024,Liverpool,40,,,,,False,,,,,,,,,,,,,,,,,,,,,,,,,,,,,,
152654,2025,Liverpool,40,16.0,10.0,837.0,6.86,False,6.0,7.0,8.0,5.0,1.0,0.0,0.0,1.0,,374.0,14.0,85.0,9.0,,6.0,86.0,46.0,27.0,18.0,,13.0,5.0,1.0,0.0,0.0,,,0.0,0.0,
152849,2023,Tottenham,47,28.0,27.0,2342.0,6.988888,False,1.0,,,7.0,3.0,3.0,0.0,0.0,,1782.0,1.0,62.0,49.0,15.0,18.0,203.0,119.0,24.0,15.0,,17.0,13.0,5.0,,0.0,,,0.0,0.0,
152849,2024,Tottenham,47,19.0,16.0,1018.0,6.753846,False,3.0,,,5.0,2.0,,0.0,2.0,,793.0,2.0,55.0,10.0,8.0,10.0,87.0,42.0,8.0,4.0,,9.0,10.0,4.0,,0.0,,,0.0,0.0,
152849,2025,Tottenham,47,29.0,29.0,2503.0,6.71,False,0.0,2.0,1.0,12.0,6.0,4.0,0.0,1.0,,1442.0,5.0,89.0,32.0,20.0,22.0,177.0,94.0,13.0,9.0,,18.0,23.0,8.0,0.0,1.0,,1.0,0.0,0.0,
152856,2024,Bournemouth,35,32.0,30.0,2335.0,7.090322,False,2.0,,,57.0,32.0,10.0,0.0,1.0,,341.0,26.0,,16.0,2.0,1.0,252.0,119.0,15.0,7.0,,53.0,37.0,1.0,,1.0,,,0.0,1.0,
152856,2025,Bournemouth,35,30.0,26.0,2295.0,6.62,False,4.0,18.0,4.0,49.0,22.0,6.0,0.0,1.0,,383.0,26.0,75.0,7.0,4.0,4.0,236.0,89.0,27.0,13.0,,28.0,20.0,1.0,0.0,0.0,2.0,,0.0,0.0,
152949,2022,Southampton,41,0.0,0.0,0.0,,False,0.0,0.0,0.0,,,0.0,,,,,,,,,,,,,,,,,0.0,0.0,0.0,,,,,
152953,2022,Brighton,51,17.0,13.0,1218.0,6.74375,False,4.0,2.0,15.0,7.0,,0.0,0.0,2.0,,1148.0,7.0,59.0,8.0,3.0,15.0,99.0,64.0,1.0,1.0,,10.0,8.0,1.0,0.0,0.0,,,0.0,0.0,
152953,2023,Chelsea,49,23.0,20.0,1799.0,7.021739,False,3.0,5.0,7.0,8.0,3.0,1.0,0.0,1.0,,1053.0,7.0,,48.0,10.0,26.0,175.0,114.0,13.0,9.0,,14.0,25.0,2.0,0.0,0.0,,,0.0,0.0,
152953,2024,Chelsea,49,35.0,35.0,3150.0,7.002857,False,0.0,1.0,2.0,14.0,4.0,2.0,0.0,1.0,,2593.0,13.0,66.0,47.0,25.0,33.0,275.0,155.0,11.0,6.0,,21.0,45.0,9.0,0.0,0.0,,,0.0,0.0,
152955,2022,Chelsea,49,0.0,0.0,0.0,,False,0.0,0.0,0.0,,,0.0,,,,,,,,,,,,,,,,,0.0,0.0,0.0,,,,,
152955,2023,Chelsea,49,0.0,0.0,0.0,,False,0.0,0.0,15.0,,,0.0,0.0,,,,,,,,,,,,,,,,0.0,0.0,0.0,,,0.0,0.0,1.0
152955,2024,Chelsea,49,0.0,0.0,0.0,,False,0.0,0.0,0.0,,,0.0,,,,,,,,,,,,,,,,,0.0,0.0,0.0,,,,,
152957,2022,Wolves U21,7204,0.0,0.0,0.0,,False,0.0,0.0,0.0,,,0.0,,,,,,,,,,,,,,,,,0.0,0.0,0.0,,,,,
152967,2023,Fulham,36,33.0,28.0,2300.0,6.775,False,5.0,,,4.0,2.0,1.0,0.0,0.0,,1667.0,1.0,49.0,49.0,11.0,28.0,158.0,101.0,13.0,11.0,,11.0,15.0,6.0,,1.0,,,0.0,0.0,
152967,2024,Fulham,36,37.0,36.0,3074.0,6.865714,False,1.0,,,9.0,4.0,1.0,0.0,0.0,,2135.0,3.0,54.0,54.0,17.0,20.0,231.0,144.0,26.0,15.0,,32.0,26.0,7.0,,0.0,,,0.0,0.0,
152967,2025,Fulham,36,24.0,22.0,2004.0,6.83,False,2.0,0.0,4.0,5.0,1.0,1.0,0.0,0.0,,1357.0,6.0,88.0,50.0,19.0,17.0,198.0,119.0,17.0,8.0,,30.0,23.0,5.0,0.0,0.0,1.0,1.0,0.0,0.0,
152968,2023,Luton,1359,0.0,0.0,0.0,,False,0.0,0.0,0.0,,,0.0,,,,,,,,,,,,,,,,,0.0,0.0,0.0,,,,,
152969,2022,Leicester,46,17.0,11.0,1070.0,6.5625,False,6.0,3.0,25.0,2.0,,0.0,0.0,,,527.0,5.0,,23.0,4.0,27.0,102.0,47.0,11.0,6.0,,7.0,12.0,3.0,0.0,0.0,,,0.0,0.0,
152969,2023,Sheffield Utd,62,12.0,11.0,920.0,6.608333,False,1.0,4.0,5.0,4.0,1.0,0.0,0.0,,,275.0,2.0,,20.0,5.0,10.0,88.0,48.0,9.0,5.0,,13.0,10.0,3.0,0.0,0.0,,,0.0,0.0,
152969,2024,Leicester,46,14.0,13.0,1113.0,6.853846,False,1.0,4.0,12.0,,,0.0,0.0,0.0,,516.0,9.0,,31.0,6.0,21.0,111.0,57.0,6.0,3.0,,10.0,16.0,3.0,0.0,0.0,,,0.0,0.0,
152970,2024,Leicester,46,10.0,10.0,900.0,6.93,False,0.0,0.0,11.0,,,0.0,16.0,0.0,28.0,350.0,,,2.0,,,8.0,7.0,,,,,,1.0,0.0,0.0,,,0.0,0.0,1.0
152976,2022,Liverpool,40,0.0,0.0,0.0,,False,0.0,0.0,0.0,,,0.0,,,,,,,,,,,,,,,,,0.0,0.0,0.0,,,,,
152976,2023,Liverpool,40,,,,,False,,,,,,,,,,,,,,,,,,,,,,,,,,,,,,
152976,2024,Liverpool,40,,,,,False,,,,,,,,,,,,,,,,,,,,,,,,,,,,,,
152977,2022,Liverpool,40,0.0,0.0,0.0,,False,0.0,0.0,0.0,,,0.0,,,,,,,,,,,,,,,,,0.0,0.0,0.0,,,,,
152979,2022,Liverpool,40,0.0,0.0,0.0,,False,0.0,0.0,0.0,,,0.0,,,,,,,,,,,,,,,,,0.0,0.0,0.0,,,,,
152979,2023,Liverpool,40,,,,,False,,,,,,,,,,,,,,,,,,,,,,,,,,,,,,
152979,2024,Liverpool,40,0.0,0.0,0.0,,False,0.0,0.0,0.0,,,0.0,,,,,,,,,,,,,,,,,0.0,0.0,0.0,,,,,
152980,2023,Newcastle,34,,,,,False,,,,,,,,,,,,,,,,,,,,,,,,,,,,,,
152982,2022,Manchester City,50,14.0,2.0,358.0,6.70909,False,12.0,0.0,29.0,5.0,4.0,0.0,0.0,1.0,,185.0,5.0,,5.0,1.0,1.0,47.0,26.0,21.0,14.0,,6.0,1.0,1.0,0.0,0.0,,,0.0,0.0,
152982,2023,Chelsea,49,33.0,29.0,2618.0,7.745454,False,4.0,15.0,4.0,76.0,46.0,22.0,0.0,11.0,,1302.0,72.0,,23.0,2.0,20.0,229.0,102.0,98.0,52.0,,26.0,23.0,7.0,0.0,0.0,,,9.0,0.0,
152982,2023,Manchester City,50,1.0,0.0,10.0,7.745454,False,1.0,0.0,3.0,76.0,46.0,0.0,0.0,11.0,,1302.0,72.0,,23.0,2.0,20.0,229.0,102.0,98.0,52.0,,26.0,23.0,0.0,0.0,0.0,,,9.0,0.0,
152982,2024,Chelsea,49,37.0,36.0,3199.0,7.656756,False,1.0,10.0,1.0,86.0,51.0,15.0,0.0,8.0,,1311.0,91.0,,34.0,1.0,11.0,268.0,147.0,98.0,51.0,,60.0,15.0,7.0,0.0,0.0,,,4.0,1.0,
152982,2025,Chelsea,49,21.0,19.0,1516.0,7.08,False,2.0,11.0,3.0,34.0,20.0,9.0,0.0,1.0,,645.0,22.0,84.0,20.0,,13.0,149.0,66.0,53.0,20.0,,26.0,12.0,4.0,0.0,0.0,,,5.0,0.0,
153066,2022,Liverpool,40,13.0,4.0,342.0,6.561538,False,9.0,4.0,27.0,10.0,4.0,2.0,0.0,,,139.0,1.0,,8.0,,6.0,57.0,20.0,5.0,2.0,,6.0,6.0,0.0,0.0,0.0,,,0.0,0.0,
153066,2023,Liverpool,40,,,,,False,,,,,,,,,,,,,,,,,,,,,,,,,,,,,,
153066,2024,Brentford,55,19.0,3.0,444.0,6.664705,False,16.0,3.0,22.0,8.0,6.0,2.0,0.0,1.0,,166.0,4.0,,13.0,1.0,3.0,63.0,27.0,12.0,2.0,,10.0,5.0,1.0,0.0,0.0,,,0.0,0.0,
153066,2024,Liverpool,40,0.0,0.0,0.0,6.664705,False,0.0,0.0,0.0,8.0,6.0,0.0,0.0,1.0,,166.0,4.0,,13.0,1.0,3.0,63.0,27.0,12.0,2.0,,10.0,5.0,0.0,0.0,0.0,,,0.0,0.0,
153066,2025,Brentford,55,6.0,1.0,128.0,6.72,False,5.0,0.0,9.0,2.0,1.0,1.0,0.0,0.0,,25.0,,80.0,3.0,,,11.0,5.0,3.0,1.0,,,,0.0,0.0,0.0,,,0.0,0.0,
153261,2022,Brentford,55,0.0,0.0,0.0,,False,0.0,0.0,0.0,,,0.0,,,,,,,,,,,,,,,,,0.0,0.0,0.0,,,,,
153261,2023,Brentford,55,,,,,False,,,,,,,,,,,,,,,,,,,,,,,,,,,,,,
153400,2022,Leeds,63,18.0,3.0,411.0,6.675,False,15.0,2.0,33.0,7.0,2.0,1.0,0.0,2.0,,141.0,13.0,,15.0,2.0,1.0,64.0,22.0,7.0,3.0,,3.0,11.0,1.0,0.0,0.0,,,0.0,0.0,
153407,2022,Arsenal,42,0.0,0.0,0.0,,False,0.0,0.0,1.0,,,0.0,0.0,,,,,,,,,,,,,,,,0.0,0.0,0.0,,,0.0,0.0,
153407,2024,Arsenal,42,1.0,0.0,6.0,6.7,False,1.0,0.0,14.0,1.0,1.0,0.0,0.0,0.0,,,,,,,,,,,,,,,0.0,0.0,0.0,,,0.0,0.0,
153411,2022,Leeds,63,1.0,1.0,70.0,6.3,False,0.0,1.0,5.0,,,0.0,0.0,,,31.0,,,5.0,,1.0,10.0,7.0,1.0,1.0,,,1.0,0.0,0.0,0.0,,,0.0,0.0,
153420,2022,Fulham,36,0.0,0.0,0.0,,False,0.0,0.0,2.0,,,0.0,0.0,,,,,,,,,,,,,,,,0.0,0.0,0.0,,,0.0,0.0,0.0
153420,2023,Fulham,36,0.0,0.0,0.0,,False,0.0,0.0,0.0,,,0.0,,,,,,,,,,,,,,,,,0.0,0.0,0.0,,,,,
153420,2024,Fulham,36,,,,,False,,,,,,,,,,,,,,,,,,,,,,,,,,,,,,
153422,2023,Brentford,55,0.0,0.0,0.0,,False,0.0,0.0,13.0,,,0.0,0.0,,,,,,,,,,,,,,,,0.0,0.0,0.0,,,0.0,0.0,
153422,2024,Brentford,55,,,,,False,,,,,,,,,,,,,,,,,,,,,,,,,,,,,,
153425,2023,Everton,45,12.0,1.0,222.0,6.644444,False,11.0,1.0,27.0,5.0,2.0,1.0,0.0,,,54.0,4.0,,9.0,1.0,1.0,52.0,23.0,21.0,6.0,,6.0,3.0,1.0,0.0,0.0,,,0.0,0.0,
153425,2024,Everton,45,,,,,False,,,,,,,,,,,,,,,,,,,,,,,,,,,,,,
153425,2024,Aston Villa,66,,,,,False,,,,,,,,,,,,,,,,,,,,,,,,,,,,,,
153429,2022,Manchester United,33,0.0,0.0,0.0,,False,0.0,0.0,0.0,,,0.0,,,,,,,,,,,,,,,,,0.0,0.0,0.0,,,,,
153429,2023,Manchester United,33,0.0,0.0,0.0,6.803333,False,0.0,0.0,0.0,11.0,4.0,0.0,0.0,0.0,,928.0,6.0,,54.0,27.0,57.0,223.0,128.0,10.0,7.0,,7.0,35.0,0.0,0.0,0.0,,,0.0,0.0,
153429,2023,Luton,1359,33.0,30.0,2470.0,6.803333,False,3.0,,,11.0,4.0,1.0,0.0,0.0,,928.0,6.0,,54.0,27.0,57.0,223.0,128.0,10.0,7.0,,7.0,35.0,3.0,,0.0,,,0.0,0.0,
153430,2022,Manchester United,33,16.0,5.0,420.0,6.584615,False,11.0,5.0,22.0,9.0,4.0,0.0,0.0,1.0,,121.0,6.0,,3.0,,2.0,52.0,23.0,12.0,5.0,,7.0,3.0,0.0,0.0,0.0,,,0.0,0.0,
153430,2022,Newcastle,34,27.0,17.0,437.0,6.584615,False,10.0,,,9.0,4.0,,0.0,1.0,,121.0,6.0,,3.0,,2.0,52.0,23.0,12.0,5.0,,7.0,3.0,0.0,,0.0,,,0.0,0.0,
153430,2023,Nottingham Forest,65,36.0,25.0,2433.0,6.894444,False,11.0,10.0,11.0,43.0,23.0,5.0,0.0,9.0,,645.0,33.0,,33.0,2.0,8.0,233.0,104.0,70.0,28.0,,26.0,9.0,1.0,0.0,0.0,,,0.0,0.0,
153430,2023,Manchester United,33,0.0,0.0,0.0,6.894444,False,0.0,0.0,0.0,43.0,23.0,0.0,0.0,9.0,,645.0,33.0,,33.0,2.0,8.0,233.0,104.0,70.0,28.0,,26.0,9.0,0.0,0.0,0.0,,,0.0,0.0,
153430,2023,Newcastle,34,36.0,32.0,2434.0,6.894444,False,4.0,,,43.0,23.0,5.0,0.0,9.0,,645.0,33.0,,33.0,2.0,8.0,233.0,104.0,70.0,28.0,,26.0,9.0,1.0,,0.0,,,0.0,0.0,
153430,2024,Nottingham Forest,65,38.0,31.0,2511.0,7.018421,False,7.0,19.0,7.0,37.0,24.0,6.0,0.0,11.0,,631.0,50.0,,20.0,1.0,6.0,256.0,116.0,64.0,25.0,,47.0,9.0,1.0,0.0,0.0,,,0.0,0.0,
153430,2024,Newcastle,34,38.0,34.0,2508.0,7.018421,False,4.0,,,37.0,24.0,6.0,0.0,11.0,,631.0,50.0,,20.0,1.0,6.0,256.0,116.0,64.0,25.0,,47.0,9.0,1.0,,0.0,,,0.0,0.0,
153430,2025,Newcastle,34,28.0,13.0,1227.0,6.59,False,15.0,11.0,15.0,11.0,4.0,0.0,0.0,1.0,,384.0,15.0,81.0,14.0,,3.0,139.0,59.0,38.0,11.0,,22.0,8.0,0.0,0.0,0.0,,,0.0,0.0,
153434,2023,Manchester United,33,,,,,False,,,,,,,,,,,,,,,,,,,,,,,,,,,,,,
153434,2024,Manchester United,33,,,,,False,,,,,,,,,,,,,,,,,,,,,,,,,,,,,,
154800,2022,Tottenham,47,0.0,0.0,0.0,,False,0.0,0.0,0.0,,,0.0,,,,,,,,,,,,,,,,,0.0,0.0,0.0,,,,,
154806,2023,Luton,1359,0.0,0.0,0.0,,False,0.0,0.0,0.0,,,0.0,,,,,,,,,,,,,,,,,0.0,0.0,0.0,,,,,
154807,2022,West Ham,48,0.0,0.0,0.0,,False,0.0,0.0,0.0,,,0.0,,,,,,,,,,,,,,,,,0.0,0.0,0.0,,,,,
154807,2023,West Ham,48,,,,,False,,,,,,,,,,,,,,,,,,,,,,,,,,,,,,
156428,2022,Tottenham,47,0.0,0.0,0.0,,False,0.0,0.0,15.0,,,0.0,0.0,,,,,,,,,,,,,,,,0.0,0.0,0.0,,,0.0,0.0,1.0
156428,2023,Tottenham,47,0.0,0.0,0.0,,False,0.0,0.0,18.0,,,0.0,0.0,,,,,,,,,,,,,,,,0.0,0.0,0.0,,,0.0,0.0,0.0
156428,2024,Tottenham,47,1.0,1.0,90.0,7.3,False,0.0,0.0,12.0,,,0.0,2.0,0.0,2.0,27.0,,,,,,4.0,4.0,,,,2.0,,0.0,0.0,0.0,,,0.0,0.0,0.0
156428,2025,Tottenham,47,0.0,0.0,,,False,0.0,0.0,6.0,,,0.0,0.0,0.0,,,,,,,,,,,,,,,0.0,0.0,0.0,,,0.0,0.0,
156477,2025,Manchester City,50,26.0,15.0,1392.0,7.25,False,11.0,12.0,12.0,21.0,9.0,3.0,0.0,10.0,,1006.0,45.0,86.0,24.0,1.0,7.0,199.0,93.0,80.0,38.0,,30.0,13.0,1.0,0.0,0.0,,,0.0,0.0,
156490,2022,Everton,45,0.0,0.0,0.0,,False,0.0,0.0,0.0,,,0.0,,,,,,,,,,,,,,,,,0.0,0.0,0.0,,,,,
157052,2024,Arsenal,42,22.0,16.0,984.0,6.938888,False,6.0,,,9.0,6.0,2.0,0.0,1.0,,479.0,6.0,,27.0,6.0,9.0,113.0,64.0,12.0,9.0,,6.0,16.0,4.0,,0.0,,,0.0,0.0,
157052,2025,Arsenal,42,22.0,18.0,1455.0,6.9,False,4.0,12.0,6.0,19.0,6.0,1.0,0.0,2.0,,652.0,5.0,85.0,31.0,2.0,14.0,164.0,92.0,18.0,13.0,,9.0,25.0,5.0,0.0,0.0,,,0.0,0.0,
157912,2022,Wolves,39,10.0,4.0,406.0,6.6,False,6.0,2.0,7.0,3.0,,0.0,0.0,1.0,,145.0,1.0,,12.0,2.0,7.0,54.0,25.0,8.0,4.0,,2.0,10.0,2.0,0.0,0.0,,,0.0,0.0,
157912,2023,Wolves,39,24.0,7.0,805.0,6.554166,False,17.0,2.0,26.0,7.0,1.0,0.0,0.0,0.0,,443.0,6.0,,35.0,2.0,5.0,127.0,55.0,14.0,10.0,,4.0,23.0,4.0,0.0,0.0,,,0.0,0.0,
157912,2024,Wolves,39,1.0,0.0,0.0,,False,1.0,0.0,8.0,,,0.0,0.0,0.0,,,,,2.0,,,3.0,2.0,,,,,,0.0,0.0,0.0,,,0.0,0.0,
157997,2022,Manchester United,33,0.0,0.0,0.0,,False,0.0,0.0,0.0,,,0.0,,,,,,,,,,,,,,,,,0.0,0.0,0.0,,,,,
157997,2023,Manchester United,33,9.0,3.0,387.0,7.0,False,6.0,3.0,14.0,7.0,4.0,1.0,0.0,1.0,,167.0,10.0,,10.0,1.0,1.0,65.0,29.0,21.0,11.0,,4.0,5.0,1.0,0.0,0.0,,,0.0,0.0,
157997,2024,Manchester United,33,26.0,20.0,1901.0,7.4,False,6.0,6.0,8.0,27.0,17.0,8.0,0.0,6.0,,854.0,49.0,,38.0,2.0,11.0,243.0,117.0,84.0,41.0,,28.0,21.0,5.0,0.0,0.0,,,0.0,0.0,
157997,2025,Manchester United,33,26.0,23.0,1989.0,6.93,False,3.0,8.0,3.0,31.0,18.0,2.0,0.0,2.0,,800.0,38.0,88.0,35.0,1.0,15.0,220.0,115.0,69.0,36.0,,34.0,18.0,2.0,0.0,0.0,1.0,,0.0,0.0,
158054,2025,Newcastle,34,28.0,21.0,1697.0,6.65,False,7.0,18.0,7.0,23.0,12.0,7.0,0.0,3.0,,303.0,14.0,73.0,22.0,2.0,4.0,221.0,86.0,30.0,12.0,,18.0,19.0,0.0,0.0,0.0,,,1.0,0.0,
158378,2024,Aston Villa,66,0.0,0.0,0.0,,False,0.0,0.0,0.0,,,0.0,,,,,,,,,,,,,,,,,0.0,0.0,0.0,,,,,
158432,2022,Wolves,39,5.0,0.0,69.0,6.4,False,5.0,0.0,14.0,2.0,,0.0,0.0,,,28.0,,,2.0,,1.0,17.0,7.0,4.0,2.0,,1.0,,0.0,0.0,0.0,,,0.0,0.0,
158693,2023,Liverpool,40,1.0,0.0,7.0,6.7,False,1.0,0.0,1.0,,,0.0,0.0,,,4.0,,,2.0,,,3.0,2.0,1.0,,,,,0.0,0.0,0.0,,,0.0,0.0,
158693,2024,Liverpool,40,0.0,0.0,0.0,,False,0.0,0.0,0.0,,,0.0,,,,,,,,,,,,,,,,,0.0,0.0,0.0,,,,,
158694,2022,Southampton,41,2.0,0.0,26.0,7.0,False,2.0,0.0,2.0,,,0.0,0.0,,,19.0,,,2.0,,2.0,7.0,6.0,2.0,2.0,,2.0,,0.0,0.0,0.0,,,0.0,0.0,
158694,2022,Newcastle,34,2.0,1.0,26.0,7.0,False,1.0,,,,,,0.0,,,19.0,,,2.0,,2.0,7.0,6.0,2.0,2.0,,2.0,,0.0,,0.0,,,0.0,0.0,
158694,2023,Newcastle,34,33.0,22.0,1312.0,6.8,False,11.0,,,2.0,2.0,1.0,0.0,,,675.0,12.0,,23.0,7.0,25.0,128.0,80.0,25.0,17.0,,28.0,3.0,1.0,,0.0,,,0.0,0.0,
158694,2024,Newcastle,34,37.0,36.0,2842.0,6.875675,False,1.0,,,4.0,2.0,,0.0,1.0,,1355.0,26.0,,54.0,11.0,23.0,271.0,141.0,48.0,25.0,,35.0,6.0,1.0,,0.0,,,0.0,0.0,
158694,2025,Newcastle,34,16.0,13.0,1254.0,6.77,False,3.0,1.0,3.0,1.0,,0.0,0.0,1.0,,608.0,11.0,88.0,20.0,2.0,6.0,103.0,54.0,31.0,13.0,,15.0,7.0,1.0,0.0,0.0,,,0.0,0.0,
158696,2022,Manchester City,50,,,,,False,,,,,,,,,,,,,,,,,,,,,,,,,,,,,,
158696,2024,Manchester City,50,,,,,False,,,,,,,,,,,,,,,,,,,,,,,,,,,,,,
158697,2023,Sheffield Utd,62,30.0,20.0,1825.0,,False,10.0,14.0,12.0,,,3.0,0.0,,,,,,,,,,,,,,,,2.0,0.0,0.0,,,0.0,0.0,
158697,2023,Manchester City,50,1.0,0.0,0.0,,False,1.0,0.0,3.0,,,0.0,0.0,,,,,,,,,,,,,,,,0.0,0.0,0.0,,,0.0,0.0,
158697,2024,Manchester City,50,15.0,3.0,340.0,6.66923,False,12.0,3.0,32.0,12.0,4.0,3.0,0.0,0.0,,117.0,3.0,,4.0,,2.0,31.0,11.0,6.0,2.0,,3.0,6.0,1.0,0.0,0.0,,,0.0,0.0,
158697,2025,Nottingham Forest,65,10.0,1.0,190.0,6.49,False,9.0,1.0,28.0,,,0.0,0.0,0.0,,73.0,3.0,91.0,4.0,,1.0,29.0,11.0,6.0,3.0,,3.0,4.0,1.0,0.0,0.0,,,0.0,0.0,
158698,2022,Liverpool,40,0.0,0.0,0.0,,False,0.0,0.0,0.0,,,0.0,,,,,,,,,,,,,,,,,0.0,0.0,0.0,,,,,
158698,2023,Liverpool,40,17.0,13.0,1189.0,7.03125,False,4.0,3.0,21.0,6.0,4.0,2.0,0.0,0.0,,1165.0,3.0,60.0,25.0,8.0,17.0,119.0,76.0,7.0,4.0,,2.0,10.0,1.0,0.0,0.0,,,0.0,0.0,
158698,2024,Liverpool,40,13.0,4.0,487.0,6.6,False,9.0,1.0,34.0,,,0.0,0.0,0.0,,378.0,2.0,,12.0,7.0,7.0,47.0,21.0,3.0,1.0,,1.0,9.0,2.0,0.0,0.0,,,0.0,0.0,
158702,2024,Ipswich,57,0.0,0.0,0.0,,False,0.0,0.0,4.0,,,0.0,0.0,,,,,,,,,,,,,,,,0.0,0.0,0.0,,,0.0,0.0,0.0
158710,2022,Leicester,46,12.0,11.0,895.0,6.60909,False,1.0,4.0,3.0,2.0,,0.0,0.0,1.0,,364.0,7.0,,38.0,4.0,3.0,118.0,63.0,12.0,7.0,,9.0,17.0,2.0,0.0,0.0,,,0.0,0.0,
158710,2024,Leicester,46,30.0,29.0,2490.0,6.723333,False,1.0,9.0,6.0,3.0,,0.0,0.0,1.0,,1027.0,18.0,,87.0,15.0,42.0,260.0,135.0,17.0,8.0,,18.0,19.0,1.0,0.0,0.0,,,0.0,0.0,
159420,2024,Southampton,41,1.0,0.0,12.0,6.2,False,1.0,0.0,3.0,,,0.0,0.0,0.0,,5.0,,,,1.0,,,,,,,,,0.0,0.0,0.0,,,0.0,0.0,
161621,2025,Burnley,44,23.0,9.0,891.0,6.57,False,14.0,9.0,23.0,12.0,7.0,1.0,0.0,0.0,,240.0,5.0,74.0,14.0,1.0,2.0,102.0,42.0,16.0,4.0,,12.0,4.0,1.0,0.0,0.0,,,0.0,0.0,
161663,2024,Brighton,51,11.0,6.0,19.0,6.3,False,5.0,,,,,,0.0,0.0,,27.0,,,,,,5.0,2.0,1.0,,,,,0.0,,0.0,,,0.0,0.0,
161671,2022,Bournemouth,35,5.0,3.0,297.0,6.5,False,2.0,0.0,8.0,,,0.0,0.0,,,199.0,,,4.0,2.0,3.0,18.0,8.0,1.0,1.0,,2.0,1.0,0.0,0.0,0.0,,,0.0,0.0,
161671,2023,Bournemouth,35,37.0,37.0,3330.0,6.748648,False,0.0,0.0,0.0,6.0,3.0,1.0,0.0,0.0,,1802.0,7.0,,59.0,34.0,33.0,282.0,167.0,11.0,9.0,,24.0,24.0,5.0,0.0,0.0,,,0.0,0.0,
161671,2024,Bournemouth,35,36.0,35.0,3112.0,6.938888,False,1.0,4.0,1.0,9.0,1.0,0.0,0.0,1.0,,1697.0,12.0,,52.0,20.0,41.0,226.0,142.0,8.0,6.0,,7.0,20.0,4.0,0.0,1.0,,,0.0,0.0,
161907,2023,Chelsea,49,27.0,19.0,1754.0,7.05,False,8.0,10.0,9.0,13.0,5.0,0.0,0.0,6.0,,1218.0,32.0,40.0,55.0,4.0,17.0,199.0,110.0,37.0,17.0,,30.0,22.0,7.0,0.0,1.0,,,0.0,0.0,
161907,2024,Chelsea,49,32.0,19.0,1855.0,6.840625,False,13.0,6.0,14.0,16.0,5.0,0.0,0.0,1.0,,1211.0,22.0,,45.0,8.0,25.0,164.0,78.0,15.0,4.0,,20.0,20.0,4.0,0.0,0.0,,,0.0,0.0,
161907,2025,Chelsea,49,29.0,21.0,1832.0,6.69,False,8.0,12.0,9.0,8.0,5.0,2.0,0.0,3.0,,1027.0,18.0,86.0,48.0,3.0,24.0,153.0,84.0,20.0,10.0,,15.0,15.0,3.0,1.0,0.0,,,0.0,0.0,
161921,2023,Nottingham Forest,65,13.0,8.0,230.0,6.755555,False,5.0,,,4.0,2.0,,0.0,1.0,,129.0,7.0,,7.0,,2.0,42.0,19.0,7.0,3.0,,2.0,3.0,0.0,,0.0,,,0.0,0.0,
161921,2024,Nottingham Forest,65,,,,,False,,,,,,,,,,,,,,,,,,,,,,,,,,,,,,
161933,2024,Manchester City,50,14.0,11.0,763.0,6.94,False,3.0,,,7.0,2.0,1.0,0.0,0.0,,621.0,1.0,57.0,16.0,,8.0,82.0,38.0,4.0,1.0,,5.0,13.0,3.0,,0.0,,,0.0,0.0,
161933,2025,Manchester City,50,21.0,15.0,1375.0,7.02,False,6.0,6.0,13.0,4.0,2.0,1.0,0.0,0.0,,1148.0,8.0,89.0,36.0,6.0,22.0,170.0,93.0,16.0,11.0,,17.0,28.0,6.0,0.0,0.0,,,0.0,0.0,
161948,2022,Manchester City,50,0.0,0.0,0.0,,False,0.0,0.0,1.0,,,0.0,0.0,,,,,,,,,,,,,,,,0.0,0.0,0.0,,,0.0,0.0,
161948,2024,Manchester City,50,,,,,False,,,,,,,,,,,,,,,,,,,,,,,,,,,,,,
161948,2024,Ipswich,57,37.0,35.0,2612.0,6.878378,False,2.0,,,53.0,32.0,12.0,0.0,2.0,,346.0,20.0,,11.0,,2.0,414.0,158.0,76.0,40.0,,51.0,72.0,11.0,,0.0,,,2.0,0.0,
161948,2025,Chelsea,49,23.0,9.0,824.0,6.48,False,14.0,7.0,14.0,23.0,11.0,1.0,0.0,0.0,,149.0,2.0,69.0,4.0,,1.0,114.0,48.0,9.0,7.0,,15.0,18.0,2.0,0.0,0.0,1.0,,0.0,0.0,
162007,2025,Brighton,51,24.0,14.0,1183.0,6.78,False,10.0,10.0,16.0,8.0,6.0,2.0,0.0,0.0,,542.0,20.0,83.0,19.0,1.0,10.0,103.0,49.0,12.0,4.0,,18.0,15.0,2.0,0.0,0.0,,1.0,0.0,0.0,
162016,2025,Tottenham,47,26.0,17.0,1616.0,6.84,False,9.0,7.0,9.0,21.0,9.0,1.0,0.0,4.0,,741.0,31.0,82.0,33.0,1.0,15.0,228.0,112.0,62.0,27.0,,40.0,19.0,4.0,0.0,1.0,,,0.0,0.0,
162075,2023,Brentford,55,,,,,False,,,,,,,,,,,,,,,,,,,,,,,,,,,,,,
162075,2024,Brentford,55,8.0,0.0,111.0,6.614285,False,8.0,0.0,23.0,,,0.0,0.0,0.0,,81.0,1.0,,2.0,2.0,1.0,18.0,10.0,4.0,3.0,,4.0,2.0,0.0,0.0,0.0,,,0.0,0.0,
162076,2025,Sunderland,746,7.0,3.0,311.0,6.67,False,4.0,1.0,10.0,1.0,,0.0,0.0,0.0,,94.0,,77.0,8.0,1.0,5.0,32.0,17.0,4.0,3.0,,2.0,3.0,1.0,0.0,0.0,,,0.0,0.0,
162114,2022,Chelsea,49,,,,,False,,,,,,,,,,,,,,,,,,,,,,,,,,,,,,
162128,2022,Leeds,63,24.0,14.0,1350.0,6.591666,False,10.0,7.0,15.0,14.0,8.0,2.0,0.0,4.0,,453.0,23.0,,28.0,1.0,5.0,224.0,96.0,64.0,21.0,,39.0,28.0,7.0,0.0,0.0,,,0.0,0.0,
162128,2025,Leeds,63,17.0,4.0,407.0,6.63,False,13.0,4.0,21.0,4.0,,0.0,0.0,1.0,,165.0,6.0,81.0,14.0,,3.0,66.0,27.0,12.0,3.0,,9.0,7.0,3.0,0.0,0.0,1.0,,0.0,0.0,
162148,2022,Tottenham,47,0.0,0.0,0.0,,False,0.0,0.0,0.0,,,0.0,,,,,,,,,,,,,,,,,0.0,0.0,0.0,,,,,
162148,2024,Tottenham,47,,,,,False,,,,,,,,,,,,,,,,,,,,,,,,,,,,,,
162150,2022,Tottenham,47,0.0,0.0,0.0,,False,0.0,0.0,0.0,,,0.0,,,,,,,,,,,,,,,,,0.0,0.0,0.0,,,,,
162150,2024,Tottenham,47,,,,,False,,,,,,,,,,,,,,,,,,,,,,,,,,,,,,
162168,2024,Aston Villa,66,,,,,False,,,,,,,,,,,,,,,,,,,,,,,,,,,,,,
162173,2024,Aston Villa,66,0.0,0.0,0.0,,False,0.0,0.0,0.0,,,0.0,,,,,,,,,,,,,,,,,0.0,0.0,0.0,,,,,
162173,2025,Aston Villa,66,0.0,0.0,,,False,0.0,0.0,1.0,,,0.0,0.0,0.0,,,,,,,,,,,,,,,0.0,0.0,0.0,,,0.0,0.0,
162189,2023,Brentford,55,,,,,False,,,,,,,,,,,,,,,,,,,,,,,,,,,,,,
162267,2025,Bournemouth,35,32.0,32.0,2840.0,6.73,False,0.0,2.0,0.0,7.0,2.0,0.0,0.0,3.0,,1306.0,24.0,82.0,85.0,9.0,42.0,345.0,177.0,61.0,26.0,,24.0,36.0,4.0,0.0,0.0,,,0.0,0.0,
162489,2023,Burnley,44,28.0,28.0,2520.0,6.953571,False,0.0,0.0,8.0,,,0.0,62.0,,107.0,1368.0,,,2.0,,1.0,26.0,23.0,2.0,2.0,,5.0,,2.0,0.0,0.0,,,0.0,0.0,1.0
162489,2025,Manchester City,50,3.0,3.0,270.0,7.33,False,0.0,0.0,28.0,,,0.0,4.0,0.0,11.0,107.0,,71.0,2.0,,,5.0,5.0,1.0,1.0,,1.0,,0.0,0.0,0.0,,,0.0,0.0,0.0
162493,2022,Tottenham,47,3.0,2.0,13.0,6.9,False,1.0,,,,,,0.0,,,6.0,,,4.0,,,4.0,4.0,,,,,,0.0,,0.0,,,0.0,0.0,
162493,2023,Tottenham,47,0.0,0.0,0.0,,False,0.0,0.0,0.0,,,0.0,,,,,,,,,,,,,,,,,0.0,0.0,0.0,,,,,
162498,2023,Tottenham,47,9.0,4.0,424.0,6.711111,False,5.0,0.0,14.0,1.0,,0.0,0.0,0.0,,369.0,,,5.0,4.0,8.0,33.0,19.0,2.0,1.0,,4.0,6.0,1.0,0.0,0.0,,,0.0,0.0,
162498,2024,Tottenham,47,16.0,14.0,1253.0,6.65625,False,2.0,3.0,9.0,5.0,1.0,0.0,0.0,0.0,,836.0,4.0,44.0,10.0,16.0,15.0,89.0,53.0,,,,10.0,6.0,1.0,0.0,0.0,,,0.0,0.0,
162498,2025,Tottenham,47,8.0,5.0,521.0,6.47,False,3.0,1.0,10.0,3.0,,0.0,0.0,0.0,,236.0,,77.0,5.0,8.0,15.0,47.0,23.0,1.0,1.0,,1.0,9.0,0.0,0.0,0.0,,,0.0,0.0,
162511,2025,Manchester United,33,26.0,26.0,2340.0,6.94,False,0.0,0.0,3.0,,,0.0,34.0,0.0,60.0,763.0,,58.0,1.0,,,10.0,9.0,,,,3.0,,0.0,0.0,0.0,,,0.0,0.0,0.0
162517,2022,Brighton,51,,,,,False,,,,,,,,,,,,,,,,,,,,,,,,,,,,,,
162528,2023,Burnley,44,0.0,0.0,0.0,,False,0.0,0.0,0.0,,,0.0,,,,,,,,,,,,,,,,,0.0,0.0,0.0,,,,,
162552,2023,Tottenham,47,4.0,0.0,18.0,6.375,False,4.0,0.0,8.0,,,0.0,0.0,0.0,,3.0,,,1.0,,,9.0,3.0,2.0,,,2.0,1.0,0.0,0.0,0.0,,,0.0,0.0,
162552,2024,Tottenham,47,0.0,0.0,0.0,6.6,False,0.0,0.0,0.0,1.0,1.0,0.0,0.0,1.0,,5.0,1.0,,1.0,,,4.0,3.0,,,,1.0,,0.0,0.0,0.0,,,0.0,0.0,
162552,2025,Tottenham,47,2.0,0.0,21.0,6.45,False,2.0,0.0,11.0,,,0.0,0.0,0.0,,4.0,,50.0,,,,4.0,,,,,,1.0,0.0,0.0,0.0,,,0.0,0.0,
162590,2022,Liverpool,40,0.0,0.0,0.0,,False,0.0,0.0,0.0,,,0.0,,,,,,,,,,,,,,,,,0.0,0.0,0.0,,,,,
162590,2023,Liverpool,40,,,,,False,,,,,,,,,,,,,,,,,,,,,,,,,,,,,,
162590,2023,Liverpool U21,7196,0.0,0.0,0.0,,False,0.0,0.0,0.0,,,0.0,,,,,,,,,,,,,,,,,0.0,0.0,0.0,,,,,
162590,2024,Liverpool,40,0.0,0.0,0.0,,False,0.0,0.0,8.0,,,0.0,0.0,,,,,,,,,,,,,,,,0.0,0.0,0.0,,,0.0,0.0,
162607,2022,Tottenham,47,0.0,0.0,0.0,,False,0.0,0.0,0.0,,,0.0,,,,,,,,,,,,,,,,,0.0,0.0,0.0,,,,,
162687,2023,Liverpool,40,,,,,False,,,,,,,,,,,,,,,,,,,,,,,,,,,,,,
162687,2024,Liverpool,40,12.0,5.0,11.0,7.3,False,7.0,,,,,,0.0,0.0,1.0,6.0,,,,,,,,,,,,,0.0,,0.0,,,0.0,0.0,0.0
162714,2022,Everton,45,33.0,29.0,2496.0,6.9,False,4.0,13.0,5.0,28.0,6.0,1.0,0.0,2.0,,970.0,22.0,,72.0,6.0,37.0,349.0,199.0,41.0,18.0,,49.0,44.0,9.0,0.0,0.0,,,0.0,0.0,
162714,2023,Everton,45,31.0,26.0,2090.0,7.03,False,5.0,,,21.0,6.0,2.0,0.0,0.0,,1023.0,17.0,,71.0,6.0,21.0,273.0,180.0,20.0,12.0,,45.0,37.0,5.0,,0.0,,,0.0,0.0,
162714,2024,Everton,45,0.0,0.0,0.0,6.980769,False,0.0,0.0,0.0,13.0,6.0,0.0,0.0,0.0,,797.0,10.0,,55.0,7.0,26.0,209.0,131.0,17.0,14.0,,30.0,32.0,0.0,0.0,0.0,,,0.0,0.0,
162714,2024,Aston Villa,66,28.0,23.0,1631.0,6.980769,False,5.0,,,13.0,6.0,3.0,0.0,0.0,,797.0,10.0,,55.0,7.0,26.0,209.0,131.0,17.0,14.0,,30.0,32.0,4.0,,0.0,,,0.0,0.0,
162714,2025,Aston Villa,66,23.0,20.0,1674.0,7.06,False,3.0,10.0,4.0,14.0,7.0,2.0,0.0,0.0,,799.0,6.0,87.0,45.0,16.0,24.0,184.0,117.0,13.0,7.0,,25.0,19.0,2.0,0.0,0.0,,,0.0,0.0,
162904,2022,Liverpool,40,0.0,0.0,0.0,,False,0.0,0.0,2.0,,,0.0,0.0,,,,,,,,,,,,,,,,0.0,0.0,0.0,,,0.0,0.0,
162904,2023,Liverpool,40,,,,,False,,,,,,,,,,,,,,,,,,,,,,,,,,,,,,
162904,2024,Liverpool,40,0.0,0.0,0.0,,False,0.0,0.0,0.0,,,0.0,,,,,,,,,,,,,,,,,0.0,0.0,0.0,,,,,
163054,2022,Manchester United,33,0.0,0.0,0.0,,False,0.0,0.0,1.0,,,0.0,0.0,,,,,,,,,,,,,,,,0.0,0.0,0.0,,,0.0,0.0,
163054,2023,Manchester United,33,0.0,0.0,0.0,,False,0.0,0.0,0.0,,,0.0,,,,,,,,,,,,,,,,,0.0,0.0,0.0,,,,,
163054,2024,Manchester United,33,0.0,0.0,0.0,,False,0.0,0.0,0.0,,,0.0,,,,,,,,,,,,,,,,,0.0,0.0,0.0,,,,,
163068,2024,Arsenal,42,,,,,False,,,,,,,,,,,,,,,,,,,,,,,,,,,,,,
163069,2025,Nottingham Forest,65,2.0,0.0,48.0,6.75,False,2.0,0.0,7.0,,,0.0,0.0,0.0,,25.0,,84.0,,1.0,,5.0,1.0,1.0,1.0,,,,0.0,0.0,0.0,,,0.0,0.0,
163189,2025,Newcastle,34,29.0,27.0,2424.0,7.08,False,2.0,2.0,5.0,18.0,12.0,4.0,0.0,0.0,,1373.0,6.0,89.0,34.0,28.0,26.0,237.0,149.0,5.0,5.0,,9.0,21.0,4.0,0.0,0.0,,1.0,0.0,0.0,
167656,2023,Brighton,51,0.0,0.0,0.0,,False,0.0,0.0,0.0,,,0.0,,,,,,,,,,,,,,,,,0.0,0.0,0.0,,,,,
167656,2024,Brighton,51,0.0,0.0,0.0,,False,0.0,0.0,0.0,,,0.0,,,,,,,,,,,,,,,,,0.0,0.0,0.0,,,,,
167657,2023,Everton,45,1.0,0.0,0.0,,False,1.0,0.0,5.0,,,0.0,0.0,,,,,,,,,,,,,,,,0.0,0.0,0.0,,,0.0,0.0,
167657,2024,Everton,45,0.0,0.0,0.0,,False,0.0,0.0,0.0,,,0.0,,,,,,,,,,,,,,,,,0.0,0.0,0.0,,,,,
167657,2025,Everton,45,0.0,0.0,,,False,0.0,0.0,3.0,,,0.0,0.0,0.0,,,,,,,,,,,,,,,0.0,0.0,0.0,,,0.0,0.0,
167658,2022,Arsenal,42,0.0,0.0,0.0,,False,0.0,0.0,3.0,,,0.0,0.0,,,,,,,,,,,,,,,,0.0,0.0,0.0,,,0.0,0.0,
167663,2022,Brighton,51,0.0,0.0,0.0,,False,0.0,0.0,6.0,,,0.0,0.0,,,,,,,,,,,,,,,,0.0,0.0,0.0,,,0.0,0.0,0.0
167663,2023,Brighton,51,0.0,0.0,0.0,,False,0.0,0.0,0.0,,,0.0,,,,,,,,,,,,,,,,,0.0,0.0,0.0,,,,,
167663,2024,Brighton,51,0.0,0.0,0.0,,False,0.0,0.0,0.0,,,0.0,,,,,,,,,,,,,,,,,0.0,0.0,0.0,,,,,
169291,2022,Aston Villa,66,0.0,0.0,0.0,,False,0.0,0.0,15.0,,,0.0,0.0,,,,,,,,,,,,,,,,0.0,0.0,0.0,,,0.0,0.0,0.0
169291,2023,Aston Villa,66,0.0,0.0,0.0,,False,0.0,0.0,0.0,,,0.0,,,,,,,,,,,,,,,,,0.0,0.0,0.0,,,,,
169291,2024,Aston Villa,66,0.0,0.0,0.0,,False,0.0,0.0,0.0,,,0.0,,,,,,,,,,,,,,,,,0.0,0.0,0.0,,,,,
169295,2022,Arsenal,42,0.0,0.0,0.0,,False,0.0,0.0,1.0,,,0.0,0.0,,,,,,,,,,,,,,,,0.0,0.0,0.0,,,0.0,0.0,0.0
169295,2023,Arsenal,42,0.0,0.0,0.0,,False,0.0,0.0,5.0,,,0.0,0.0,,,,,,,,,,,,,,,,0.0,0.0,0.0,,,0.0,0.0,0.0
169295,2024,Arsenal,42,0.0,0.0,0.0,,False,0.0,0.0,0.0,,,0.0,,,,,,,,,,,,,,,,,0.0,0.0,0.0,,,,,
171035,2023,Wolves,39,8.0,1.0,139.0,6.571428,False,7.0,1.0,22.0,2.0,1.0,0.0,0.0,,,53.0,1.0,,7.0,,1.0,24.0,11.0,3.0,1.0,,2.0,4.0,1.0,0.0,0.0,,,0.0,0.0,
171035,2024,Wolves,39,0.0,0.0,0.0,,False,0.0,0.0,0.0,,,0.0,0.0,,,,,,,,,,,,,,,,0.0,0.0,0.0,,,0.0,0.0,
171035,2025,Wolves,39,2.0,0.0,31.0,6.45,False,2.0,0.0,7.0,,,0.0,0.0,0.0,,3.0,,100.0,3.0,,,8.0,4.0,,,,1.0,3.0,0.0,0.0,0.0,,,0.0,0.0,
171058,2022,Newcastle,34,0.0,0.0,0.0,,False,0.0,0.0,2.0,,,0.0,0.0,,,,,,,,,,,,,,,,0.0,0.0,0.0,,,0.0,0.0,
171058,2022,West Ham,48,0.0,0.0,0.0,,False,0.0,0.0,3.0,,,0.0,0.0,,,,,,,,,,,,,,,,0.0,0.0,0.0,,,0.0,0.0,
171058,2023,Newcastle,34,0.0,0.0,0.0,,False,0.0,0.0,0.0,,,0.0,,,,,,,,,,,,,,,,,0.0,0.0,0.0,,,,,
171058,2024,Newcastle,34,0.0,0.0,0.0,,False,0.0,0.0,0.0,,,0.0,,,,,,,,,,,,,,,,,0.0,0.0,0.0,,,,,
171059,2022,West Ham,48,0.0,0.0,0.0,,False,0.0,0.0,0.0,,,0.0,,,,,,,,,,,,,,,,,0.0,0.0,0.0,,,,,
174174,2022,Fulham,36,0.0,0.0,0.0,,False,0.0,0.0,2.0,,,0.0,0.0,,,,,,,,,,,,,,,,0.0,0.0,0.0,,,0.0,0.0,
174565,2025,Liverpool,40,28.0,21.0,1810.0,6.93,False,7.0,15.0,8.0,48.0,19.0,11.0,0.0,4.0,,400.0,21.0,76.0,11.0,2.0,3.0,239.0,92.0,72.0,38.0,,12.0,35.0,0.0,0.0,0.0,,,0.0,0.0,
174918,2022,Nottingham Forest,65,0.0,0.0,0.0,,False,0.0,0.0,1.0,,,0.0,0.0,,,,,,,,,,,,,,,,0.0,0.0,0.0,,,0.0,0.0,
177665,2025,Leeds,63,26.0,25.0,2142.0,7.13,False,1.0,7.0,2.0,26.0,13.0,4.0,0.0,3.0,,868.0,58.0,78.0,57.0,9.0,19.0,260.0,136.0,39.0,18.0,,20.0,32.0,3.0,0.0,0.0,,1.0,0.0,0.0,
178077,2022,Brentford,55,18.0,7.0,727.0,6.623529,False,11.0,6.0,13.0,10.0,4.0,0.0,0.0,1.0,,156.0,9.0,,12.0,,4.0,131.0,62.0,30.0,12.0,,8.0,13.0,2.0,0.0,0.0,,,0.0,0.0,
178077,2023,Brentford,55,11.0,3.0,330.0,6.618181,False,8.0,3.0,8.0,7.0,4.0,2.0,0.0,1.0,,88.0,4.0,,3.0,,1.0,72.0,28.0,12.0,2.0,,6.0,10.0,0.0,0.0,0.0,,,0.0,0.0,
178077,2024,Brentford,55,38.0,26.0,2300.0,7.013157,False,12.0,20.0,12.0,43.0,27.0,11.0,0.0,2.0,,448.0,23.0,,39.0,4.0,5.0,396.0,196.0,82.0,30.0,,38.0,21.0,3.0,0.0,0.0,,,0.0,0.0,
178077,2025,Brentford,55,29.0,27.0,2307.0,6.79,False,2.0,11.0,2.0,40.0,21.0,7.0,0.0,3.0,,457.0,26.0,68.0,36.0,3.0,18.0,364.0,164.0,61.0,18.0,,37.0,40.0,6.0,0.0,1.0,2.0,,0.0,1.0,
179400,2023,Burnley,44,16.0,15.0,1311.0,6.74375,False,1.0,3.0,1.0,5.0,,0.0,0.0,0.0,,810.0,1.0,42.0,27.0,10.0,27.0,134.0,70.0,1.0,1.0,,16.0,25.0,6.0,0.0,0.0,,,0.0,0.0,
179400,2025,Burnley,44,29.0,29.0,2495.0,6.64,False,0.0,5.0,0.0,9.0,1.0,0.0,0.0,0.0,,1158.0,7.0,86.0,34.0,23.0,32.0,182.0,121.0,4.0,3.0,,12.0,11.0,1.0,0.0,0.0,,,0.0,0.0,
179651,2023,Luton,1359,0.0,0.0,0.0,,False,0.0,0.0,0.0,,,0.0,,,,,,,,,,,,,,,,,0.0,0.0,0.0,,,,,
180289,2022,Bournemouth,35,0.0,0.0,0.0,,False,0.0,0.0,1.0,,,0.0,0.0,,,,,,,,,,,,,,,,0.0,0.0,0.0,,,0.0,0.0,
180308,2023,Brentford,55,3.0,0.0,10.0,6.5,False,3.0,0.0,9.0,,,0.0,0.0,,,7.0,1.0,,,,,11.0,2.0,,,,2.0,2.0,0.0,0.0,0.0,,,0.0,0.0,
180308,2024,Brentford,55,0.0,0.0,0.0,,False,0.0,0.0,1.0,,,0.0,0.0,,,,,,,,,,,,,,,,0.0,0.0,0.0,,,0.0,0.0,
180308,2025,Brentford,55,1.0,0.0,1.0,,False,1.0,0.0,5.0,,,0.0,0.0,0.0,,,,,,,,1.0,,,,,,1.0,0.0,0.0,0.0,,,0.0,0.0,
180316,2022,Liverpool,40,0.0,0.0,0.0,,False,0.0,0.0,3.0,,,0.0,0.0,,,,,,,,,,,,,,,,0.0,0.0,0.0,,,0.0,0.0,0.0
180316,2024,Liverpool,40,0.0,0.0,0.0,,False,0.0,0.0,3.0,,,0.0,0.0,,,,,,,,,,,,,,,,0.0,0.0,0.0,,,0.0,0.0,0.0
180317,2023,Liverpool,40,11.0,10.0,761.0,7.281818,False,1.0,8.0,9.0,8.0,4.0,1.0,0.0,3.0,,435.0,15.0,,33.0,1.0,9.0,120.0,69.0,27.0,13.0,,12.0,8.0,2.0,0.0,0.0,,,0.0,0.0,
180317,2024,Liverpool,40,19.0,7.0,748.0,6.783333,False,12.0,7.0,18.0,5.0,3.0,0.0,0.0,2.0,,476.0,7.0,,14.0,2.0,4.0,96.0,49.0,22.0,10.0,,14.0,12.0,4.0,0.0,0.0,,,0.0,0.0,
180317,2025,Liverpool,40,15.0,12.0,932.0,6.59,False,3.0,9.0,4.0,2.0,,0.0,0.0,1.0,,492.0,4.0,83.0,19.0,4.0,13.0,136.0,61.0,22.0,7.0,,20.0,18.0,5.0,0.0,0.0,,,0.0,0.0,
180560,2022,Manchester United,33,0.0,0.0,0.0,,False,0.0,0.0,0.0,,,0.0,,,,,,,,,,,,,,,,,0.0,0.0,0.0,,,,,
180560,2023,Manchester United,33,5.0,1.0,129.0,6.875,False,4.0,0.0,13.0,1.0,1.0,1.0,0.0,,,36.0,2.0,,3.0,1.0,,29.0,13.0,3.0,2.0,,6.0,5.0,1.0,0.0,0.0,,,0.0,0.0,
180560,2023,Burnley,44,14.0,8.0,138.0,6.875,False,6.0,,,1.0,1.0,1.0,0.0,,,36.0,2.0,,3.0,1.0,,29.0,13.0,3.0,2.0,,6.0,5.0,1.0,,0.0,,,0.0,0.0,
180560,2024,Manchester United,33,0.0,0.0,0.0,,False,0.0,0.0,0.0,,,0.0,,,,,,,,,,,,,,,,,0.0,0.0,0.0,,,,,
180560,2025,Burnley,44,23.0,12.0,1012.0,6.69,False,11.0,9.0,13.0,8.0,4.0,1.0,0.0,3.0,,395.0,14.0,77.0,25.0,2.0,8.0,169.0,83.0,27.0,16.0,,37.0,17.0,7.0,0.0,0.0,,1.0,0.0,0.0,
180731,2023,Burnley,44,15.0,15.0,1240.0,6.66,False,0.0,4.0,0.0,5.0,4.0,1.0,0.0,2.0,,352.0,13.0,,35.0,7.0,19.0,170.0,77.0,30.0,13.0,,16.0,33.0,4.0,1.0,0.0,,,0.0,0.0,
180866,2022,Liverpool,40,,,,,False,,,,,,,,,,,,,,,,,,,,,,,,,,,,,,
180866,2023,Liverpool,40,0.0,0.0,0.0,,False,0.0,0.0,1.0,,,0.0,0.0,,,,,,,,,,,,,,,,0.0,0.0,0.0,,,0.0,0.0,0.0
180866,2024,Liverpool,40,0.0,0.0,0.0,,False,0.0,0.0,0.0,,,0.0,,,,,,,,,,,,,,,,,0.0,0.0,0.0,,,,,
180919,2024,Southampton,41,10.0,6.0,482.0,6.677777,False,4.0,4.0,7.0,1.0,,0.0,0.0,0.0,,142.0,3.0,,21.0,1.0,6.0,63.0,39.0,8.0,5.0,,8.0,6.0,1.0,0.0,0.0,,,0.0,0.0,
180940,2023,Chelsea,49,0.0,0.0,0.0,,False,0.0,0.0,1.0,,,0.0,0.0,,,,,,,,,,,,,,,,0.0,0.0,0.0,,,0.0,0.0,0.0
180940,2025,Chelsea,49,0.0,0.0,,,False,0.0,0.0,7.0,,,0.0,0.0,0.0,,,,,,,,,,,,,,,0.0,0.0,0.0,,,0.0,0.0,
181796,2022,Chelsea,49,,,,,False,,,,,,,,,,,,,,,,,,,,,,,,,,,,,,
181796,2023,Chelsea,49,0.0,0.0,0.0,,False,0.0,0.0,1.0,,,0.0,0.0,,,,,,,,,,,,,,,,0.0,0.0,0.0,,,0.0,0.0,
181796,2024,Chelsea,49,,,,,False,,,,,,,,,,,,,,,,,,,,,,,,,,,,,,
181797,2022,Chelsea,49,0.0,0.0,0.0,,False,0.0,0.0,4.0,,,0.0,0.0,,,,,,,,,,,,,,,,0.0,0.0,0.0,,,0.0,0.0,
181797,2023,Chelsea,49,0.0,0.0,0.0,,False,0.0,0.0,2.0,,,0.0,0.0,,,,,,,,,,,,,,,,0.0,0.0,0.0,,,0.0,0.0,
181797,2024,Chelsea,49,0.0,0.0,0.0,,False,0.0,0.0,0.0,,,0.0,,,,,,,,,,,,,,,,,0.0,0.0,0.0,,,,,
181797,2025,Burnley,44,16.0,14.0,1322.0,6.94,False,2.0,2.0,6.0,4.0,2.0,0.0,0.0,0.0,,681.0,8.0,80.0,26.0,16.0,8.0,121.0,60.0,10.0,5.0,,8.0,13.0,5.0,0.0,0.0,,,0.0,0.0,
181806,2025,Nottingham Forest,65,14.0,11.0,1026.0,6.59,False,3.0,2.0,7.0,4.0,3.0,2.0,0.0,0.0,,399.0,7.0,78.0,20.0,3.0,4.0,70.0,34.0,5.0,2.0,,5.0,12.0,2.0,0.0,0.0,,,0.0,0.0,
181822,2022,Chelsea,49,0.0,0.0,0.0,,False,0.0,0.0,1.0,,,0.0,0.0,,,,,,,,,,,,,,,,0.0,0.0,0.0,,,0.0,0.0,0.0
181822,2023,Chelsea,49,,,,,False,,,,,,,,,,,,,,,,,,,,,,,,,,,,,,
181827,2023,Burnley,44,0.0,0.0,0.0,,False,0.0,0.0,1.0,,,0.0,0.0,,,,,,,,,,,,,,,,0.0,0.0,0.0,,,0.0,0.0,
182201,2022,Crystal Palace,52,36.0,34.0,2896.0,6.647222,False,2.0,,,3.0,1.0,,0.0,2.0,,1198.0,15.0,,71.0,11.0,42.0,231.0,123.0,26.0,17.0,,10.0,33.0,5.0,,1.0,,,0.0,0.0,
182201,2023,Crystal Palace,52,37.0,37.0,3208.0,6.916216,False,0.0,,,8.0,4.0,2.0,0.0,3.0,,1206.0,24.0,,106.0,10.0,26.0,268.0,160.0,34.0,17.0,,16.0,22.0,6.0,,0.0,,,0.0,0.0,
182201,2024,Crystal Palace,52,38.0,37.0,3102.0,6.916216,False,1.0,,,9.0,3.0,,0.0,5.0,,1023.0,41.0,,90.0,13.0,19.0,262.0,151.0,33.0,16.0,,25.0,23.0,2.0,,0.0,,,0.0,0.0,
182201,2025,Crystal Palace,52,31.0,31.0,2758.0,6.78,False,0.0,4.0,0.0,10.0,5.0,1.0,0.0,2.0,,923.0,24.0,72.0,84.0,8.0,28.0,260.0,139.0,37.0,14.0,,22.0,24.0,5.0,0.0,0.0,,,0.0,0.0,
184226,2025,Crystal Palace,52,28.0,22.0,1815.0,6.9,False,6.0,18.0,7.0,22.0,11.0,2.0,0.0,1.0,,719.0,40.0,74.0,32.0,1.0,8.0,226.0,89.0,38.0,16.0,,22.0,26.0,4.0,0.0,0.0,,,0.0,0.0,
190686,2022,Southampton,41,22.0,4.0,540.0,6.60909,False,18.0,4.0,29.0,15.0,5.0,1.0,0.0,2.0,,103.0,6.0,,14.0,,1.0,158.0,58.0,29.0,13.0,,6.0,20.0,1.0,0.0,0.0,,,0.0,0.0,
190686,2024,Southampton,41,0.0,0.0,0.0,,False,0.0,0.0,0.0,,,0.0,,,,,,,,,,,,,,,,,0.0,0.0,0.0,,,,,
191337,2022,Brentford,55,0.0,0.0,0.0,,False,0.0,0.0,4.0,,,0.0,0.0,,,,,,,,,,,,,,,,0.0,0.0,0.0,,,0.0,0.0,
191337,2023,Brentford,55,0.0,0.0,0.0,,False,0.0,0.0,0.0,,,0.0,,,,,,,,,,,,,,,,,0.0,0.0,0.0,,,,,
191337,2024,Brentford,55,0.0,0.0,0.0,,False,0.0,0.0,0.0,,,0.0,,,,,,,,,,,,,,,,,0.0,0.0,0.0,,,,,
191971,2022,Fulham,36,3.0,1.0,86.0,6.266666,False,2.0,1.0,4.0,,,0.0,0.0,,,20.0,1.0,,,1.0,1.0,7.0,1.0,,,,1.0,1.0,0.0,0.0,0.0,,,0.0,0.0,
191971,2023,Fulham,36,0.0,0.0,0.0,,False,0.0,0.0,1.0,,,0.0,0.0,,,,,,,,,,,,,,,,0.0,0.0,0.0,,,0.0,0.0,
191971,2024,Fulham,36,1.0,0.0,0.0,,False,1.0,0.0,2.0,,,0.0,0.0,0.0,,,,,,,,1.0,,,,,,1.0,0.0,0.0,0.0,,,0.0,0.0,
192349,2022,Nottingham Forest,65,0.0,0.0,0.0,,False,0.0,0.0,2.0,,,0.0,0.0,,,,,,,,,,,,,,,,0.0,0.0,0.0,,,0.0,0.0,1.0
192349,2023,Nottingham Forest,65,0.0,0.0,0.0,,False,0.0,0.0,0.0,,,0.0,,,,,,,,,,,,,,,,,0.0,0.0,0.0,,,,,
192351,2023,Nottingham Forest,65,,,,,False,,,,,,,,,,,,,,,,,,,,,,,,,,,,,,
194536,2025,Sunderland,746,29.0,29.0,2610.0,7.09,False,0.0,0.0,0.0,,,0.0,34.0,0.0,92.0,1125.0,4.0,63.0,,,,31.0,29.0,1.0,1.0,,11.0,,3.0,0.0,0.0,,,0.0,0.0,1.0
195103,2022,Wolves,39,17.0,13.0,650.0,6.827272,False,4.0,,,2.0,2.0,1.0,0.0,,,312.0,5.0,,29.0,3.0,4.0,103.0,60.0,15.0,8.0,,16.0,17.0,5.0,,0.0,,,0.0,0.0,
195103,2023,Wolves,39,35.0,33.0,2667.0,6.894117,False,2.0,,,15.0,8.0,2.0,0.0,1.0,,1237.0,20.0,,128.0,8.0,18.0,422.0,211.0,49.0,26.0,,38.0,66.0,11.0,,0.0,,,0.0,0.0,
195103,2024,Wolves,39,36.0,36.0,2987.0,6.861111,False,0.0,,,24.0,7.0,3.0,0.0,1.0,,1571.0,23.0,,117.0,4.0,25.0,441.0,205.0,58.0,30.0,,47.0,70.0,11.0,,1.0,,,0.0,0.0,
195103,2025,Wolves,39,30.0,27.0,2394.0,6.77,False,3.0,7.0,4.0,12.0,6.0,1.0,0.0,1.0,,1255.0,14.0,85.0,88.0,5.0,31.0,377.0,191.0,61.0,40.0,,40.0,57.0,9.0,0.0,0.0,,,0.0,0.0,
195106,2022,Fulham,36,0.0,0.0,0.0,,False,0.0,0.0,2.0,,,0.0,0.0,,,,,,,,,,,,,,,,0.0,0.0,0.0,,,0.0,0.0,
195106,2023,Fulham,36,26.0,18.0,1596.0,7.14,False,8.0,11.0,15.0,56.0,27.0,9.0,0.0,1.0,,219.0,18.0,,7.0,3.0,6.0,305.0,120.0,18.0,5.0,,34.0,25.0,1.0,0.0,0.0,,,0.0,0.0,
195106,2024,Fulham,36,31.0,8.0,950.0,6.846666,False,23.0,8.0,24.0,36.0,19.0,8.0,0.0,1.0,,140.0,7.0,,10.0,2.0,5.0,221.0,114.0,15.0,6.0,,31.0,11.0,1.0,0.0,0.0,,,0.0,0.0,
195106,2025,Fulham,36,15.0,6.0,660.0,6.53,False,9.0,6.0,9.0,17.0,4.0,1.0,0.0,1.0,,84.0,8.0,46.0,4.0,2.0,2.0,141.0,67.0,11.0,4.0,,11.0,12.0,1.0,0.0,0.0,,,0.0,0.0,
195717,2022,Wolves,39,0.0,0.0,0.0,,False,0.0,0.0,11.0,,,0.0,0.0,,,,,,,,,,,,,,,,0.0,0.0,0.0,,,0.0,0.0,
195717,2023,Wolves,39,0.0,0.0,0.0,,False,0.0,0.0,1.0,,,0.0,0.0,,,,,,,,,,,,,,,,0.0,0.0,0.0,,,0.0,0.0,
195717,2024,Wolves,39,5.0,5.0,442.0,7.02,False,0.0,1.0,0.0,1.0,,0.0,0.0,0.0,,237.0,2.0,40.0,11.0,10.0,10.0,47.0,29.0,,,,7.0,6.0,2.0,0.0,0.0,,,0.0,0.0,
195717,2025,Wolves,39,23.0,20.0,1782.0,6.68,False,3.0,7.0,9.0,15.0,6.0,0.0,0.0,0.0,,681.0,11.0,81.0,52.0,13.0,19.0,226.0,130.0,20.0,8.0,,36.0,25.0,11.0,0.0,0.0,,2.0,0.0,0.0,
195962,2022,Wolves,39,0.0,0.0,0.0,,False,0.0,0.0,0.0,,,0.0,,,,,,,,,,,,,,,,,0.0,0.0,0.0,,,,,
195962,2023,Wolves,39,0.0,0.0,0.0,,False,0.0,0.0,0.0,,,0.0,,,,,,,,,,,,,,,,,0.0,0.0,0.0,,,,,
195962,2024,Wolves,39,1.0,0.0,6.0,6.7,False,1.0,0.0,1.0,,,0.0,0.0,0.0,,2.0,1.0,,,,,1.0,,,,,,1.0,0.0,0.0,0.0,,,0.0,0.0,
195993,2022,Southampton,41,18.0,13.0,1035.0,6.561111,False,5.0,11.0,7.0,18.0,10.0,4.0,0.0,2.0,,283.0,5.0,,10.0,5.0,1.0,139.0,47.0,24.0,13.0,,17.0,16.0,3.0,0.0,0.0,,,0.0,0.0,
195993,2024,Everton,45,15.0,7.0,761.0,7.04,False,8.0,5.0,8.0,20.0,11.0,2.0,0.0,3.0,,260.0,14.0,,11.0,2.0,5.0,95.0,46.0,16.0,9.0,,12.0,13.0,4.0,0.0,0.0,,,0.0,0.0,
195993,2024,Southampton,41,1.0,0.0,9.0,7.04,False,1.0,0.0,1.0,20.0,11.0,0.0,0.0,3.0,,260.0,14.0,,11.0,2.0,5.0,95.0,46.0,16.0,9.0,,12.0,13.0,0.0,0.0,0.0,,,0.0,0.0,
195993,2025,Everton,45,16.0,6.0,697.0,6.46,False,10.0,6.0,16.0,11.0,5.0,0.0,0.0,1.0,,284.0,9.0,80.0,13.0,2.0,3.0,93.0,42.0,13.0,6.0,,11.0,8.0,3.0,0.0,0.0,,,0.0,0.0,
196000,2022,Bournemouth,35,,,,,False,,,,,,,,,,,,,,,,,,,,,,,,,,,,,,
196156,2024,Brentford,55,8.0,5.0,174.0,6.6875,False,3.0,,,2.0,,,0.0,0.0,,54.0,2.0,,5.0,,2.0,31.0,18.0,5.0,3.0,,3.0,3.0,0.0,,0.0,,,0.0,0.0,
196156,2025,Brentford,55,32.0,31.0,2744.0,7.03,False,1.0,7.0,1.0,60.0,39.0,21.0,0.0,1.0,,540.0,20.0,68.0,29.0,5.0,9.0,445.0,174.0,45.0,26.0,,22.0,60.0,6.0,0.0,0.0,,,7.0,1.0,
196298,2024,Nottingham Forest,65,32.0,15.0,327.0,6.729411,False,17.0,,,8.0,5.0,1.0,0.0,0.0,,84.0,8.0,,5.0,,4.0,51.0,25.0,12.0,8.0,,8.0,6.0,1.0,,0.0,,,0.0,0.0,
196855,2022,Bournemouth,35,30.0,11.0,1245.0,6.603333,False,19.0,7.0,27.0,18.0,13.0,3.0,0.0,1.0,,461.0,12.0,,30.0,3.0,10.0,161.0,67.0,45.0,15.0,,12.0,9.0,2.0,0.0,0.0,,,0.0,0.0,
196855,2023,Bournemouth,35,3.0,2.0,153.0,6.333333,False,1.0,2.0,1.0,2.0,1.0,0.0,0.0,,,43.0,,,3.0,,1.0,26.0,8.0,5.0,2.0,,2.0,4.0,1.0,0.0,0.0,,,0.0,0.0,
196855,2024,Bournemouth,35,0.0,0.0,0.0,,False,0.0,0.0,2.0,,,0.0,0.0,,,,,,,,,,,,,,,,0.0,0.0,0.0,,,0.0,0.0,
196855,2025,Burnley,44,31.0,26.0,2221.0,6.85,False,5.0,15.0,6.0,35.0,19.0,7.0,0.0,1.0,,706.0,32.0,79.0,36.0,7.0,13.0,266.0,113.0,80.0,30.0,,39.0,20.0,4.0,0.0,0.0,1.0,1.0,0.0,0.0,
196856,2023,Crystal Palace,52,0.0,0.0,0.0,,False,0.0,0.0,0.0,,,0.0,,,,,,,,,,,,,,,,,0.0,0.0,0.0,,,,,
196856,2024,Crystal Palace,52,0.0,0.0,0.0,,False,0.0,0.0,0.0,,,0.0,,,,,,,,,,,,,,,,,0.0,0.0,0.0,,,,,
196856,2025,Crystal Palace,52,0.0,0.0,,,False,0.0,0.0,2.0,,,0.0,0.0,0.0,,,,,,,,,,,,,,,0.0,0.0,0.0,,,0.0,0.0,
197448,2023,Manchester City,50,,,,,False,,,,,,,,,,,,,,,,,,,,,,,,,,,,,,
197448,2024,Manchester City,50,,,,,False,,,,,,,,,,,,,,,,,,,,,,,,,,,,,,
197542,2024,Estudiantes L.P.,450,0.0,0.0,0.0,,False,0.0,0.0,0.0,,,0.0,,,,,,,,,,,,,,,,,0.0,0.0,0.0,,,,,
199089,2025,Nottingham Forest,65,3.0,1.0,120.0,6.67,False,2.0,1.0,3.0,3.0,1.0,1.0,0.0,0.0,,13.0,1.0,46.0,,,1.0,13.0,6.0,,,,2.0,1.0,0.0,0.0,0.0,,,0.0,0.0,
199310,2023,Sheffield Utd,62,28.0,15.0,434.0,6.326666,False,13.0,,,6.0,3.0,,0.0,,,134.0,3.0,,11.0,1.0,5.0,82.0,26.0,15.0,2.0,,6.0,7.0,2.0,,0.0,,,0.0,0.0,
199837,2022,Southampton,41,18.0,10.0,967.0,6.733333,False,8.0,8.0,8.0,20.0,7.0,2.0,0.0,1.0,,244.0,14.0,,15.0,,6.0,148.0,68.0,67.0,36.0,,12.0,9.0,1.0,0.0,0.0,,,0.0,0.0,
199837,2024,Southampton,41,26.0,17.0,1405.0,6.616,False,9.0,12.0,11.0,16.0,8.0,1.0,0.0,1.0,,330.0,10.0,,22.0,4.0,6.0,218.0,84.0,94.0,38.0,,11.0,22.0,2.0,0.0,0.0,,,0.0,0.0,
200233,2023,Brighton,51,0.0,0.0,0.0,,False,0.0,0.0,4.0,,,0.0,0.0,,,,,,,,,,,,,,,,0.0,0.0,0.0,,,0.0,0.0,
200233,2024,Brighton,51,,,,,False,,,,,,,,,,,,,,,,,,,,,,,,,,,,,,
201368,2024,Brighton,51,0.0,0.0,0.0,,False,0.0,0.0,1.0,,,0.0,0.0,,,,,,,,,,,,,,,,0.0,0.0,0.0,,,0.0,0.0,0.0
201373,2023,Sheffield Utd,62,1.0,0.0,27.0,6.3,False,1.0,0.0,9.0,,,0.0,0.0,,,7.0,,,1.0,,,3.0,1.0,,,,,,0.0,0.0,0.0,,,0.0,0.0,
202086,2022,Brighton,51,20.0,10.0,199.0,6.677777,False,10.0,,,4.0,2.0,,0.0,1.0,,64.0,2.0,,6.0,,1.0,37.0,16.0,10.0,6.0,,4.0,4.0,1.0,,0.0,,,0.0,0.0,
202086,2022,Brighton,51,20.0,10.0,199.0,6.677777,False,10.0,,,4.0,2.0,,0.0,1.0,,64.0,2.0,,6.0,,1.0,37.0,16.0,10.0,6.0,,4.0,4.0,1.0,,0.0,,,0.0,0.0,
202086,2023,Brighton,51,0.0,0.0,0.0,,False,0.0,0.0,0.0,,,0.0,,,,,,,,,,,,,,,,,0.0,0.0,0.0,,,,,
202086,2024,Brighton,51,1.0,1.0,8.0,6.2,False,0.0,,,,,,0.0,0.0,,6.0,,,,,,,,,,,,,0.0,,0.0,,,0.0,0.0,
202854,2025,Everton,45,12.0,2.0,375.0,6.48,False,10.0,0.0,19.0,5.0,,0.0,0.0,0.0,,111.0,5.0,73.0,18.0,2.0,2.0,80.0,36.0,10.0,3.0,,3.0,9.0,0.0,0.0,0.0,,,0.0,0.0,
203224,2025,Liverpool,40,28.0,24.0,2083.0,6.86,False,4.0,17.0,4.0,27.0,16.0,4.0,0.0,3.0,,1263.0,54.0,84.0,31.0,2.0,9.0,216.0,89.0,63.0,35.0,,17.0,20.0,1.0,0.0,0.0,,,0.0,0.0,
204031,2023,Sheffield Utd,62,,,,,False,,,,,,,,,,,,,,,,,,,,,,,,,,,,,,
204033,2022,Wolves,39,6.0,1.0,172.0,6.483333,False,5.0,1.0,16.0,1.0,,0.0,0.0,,,95.0,1.0,,5.0,,,14.0,7.0,,,,1.0,2.0,1.0,0.0,0.0,,,0.0,0.0,
204033,2023,Wolves,39,0.0,0.0,0.0,,False,0.0,0.0,9.0,,,0.0,0.0,,,,,,,,,,,,,,,,0.0,0.0,0.0,,,0.0,0.0,
204033,2024,Wolves,39,0.0,0.0,0.0,,False,0.0,0.0,0.0,,,0.0,,,,,,,,,,,,,,,,,0.0,0.0,0.0,,,,,
204039,2023,Tottenham,47,28.0,28.0,2398.0,6.885714,False,0.0,6.0,0.0,7.0,5.0,2.0,0.0,3.0,,1214.0,24.0,,68.0,8.0,37.0,301.0,150.0,50.0,24.0,,36.0,51.0,6.0,1.0,0.0,,,0.0,0.0,
204039,2024,Tottenham,47,25.0,24.0,1933.0,6.98,False,1.0,10.0,6.0,2.0,1.0,0.0,0.0,1.0,,953.0,16.0,,75.0,6.0,22.0,228.0,138.0,28.0,12.0,,38.0,29.0,2.0,0.0,0.0,,,0.0,0.0,
204039,2025,Tottenham,47,15.0,9.0,932.0,6.53,False,6.0,3.0,7.0,2.0,1.0,0.0,0.0,1.0,,450.0,10.0,84.0,21.0,4.0,4.0,97.0,47.0,16.0,5.0,,15.0,13.0,3.0,0.0,0.0,,,0.0,0.0,
206254,2023,Bournemouth,35,31.0,26.0,1983.0,6.721428,False,5.0,,,11.0,5.0,,0.0,1.0,,627.0,12.0,,47.0,11.0,20.0,186.0,98.0,24.0,12.0,,21.0,25.0,4.0,,1.0,,,0.0,0.0,
206254,2024,Bournemouth,35,38.0,38.0,3342.0,7.042105,False,0.0,,,11.0,5.0,2.0,0.0,5.0,,1349.0,37.0,,52.0,11.0,46.0,284.0,152.0,39.0,22.0,,50.0,30.0,4.0,,0.0,,,0.0,0.0,
206254,2025,Liverpool,40,28.0,25.0,2044.0,6.64,False,3.0,12.0,7.0,7.0,2.0,2.0,0.0,1.0,,970.0,24.0,85.0,40.0,8.0,13.0,177.0,104.0,20.0,11.0,,23.0,19.0,4.0,0.0,0.0,,,0.0,0.0,
206404,2023,Brighton,51,0.0,0.0,0.0,,False,0.0,0.0,1.0,,,0.0,0.0,,,,,,,,,,,,,,,,0.0,0.0,0.0,,,0.0,0.0,
206404,2024,Brighton,51,,,,,False,,,,,,,,,,,,,,,,,,,,,,,,,,,,,,
215873,2022,Brentford,55,0.0,0.0,0.0,,False,0.0,0.0,0.0,,,0.0,,,,,,,,,,,,,,,,,0.0,0.0,0.0,,,,,
215874,2022,Everton,45,2.0,0.0,23.0,6.8,False,2.0,0.0,2.0,1.0,1.0,0.0,0.0,,,5.0,1.0,,,,,4.0,2.0,,,,2.0,,0.0,0.0,0.0,,,0.0,0.0,
215874,2023,Everton,45,1.0,0.0,0.0,,False,1.0,0.0,3.0,,,0.0,0.0,,,,,,,,,,,,,,,,0.0,0.0,0.0,,,0.0,0.0,
215874,2024,Leicester,46,0.0,0.0,0.0,,False,0.0,0.0,1.0,,,0.0,0.0,,,,,,,,,,,,,,,,0.0,0.0,0.0,,,0.0,0.0,
216770,2023,Manchester United,33,0.0,0.0,0.0,,False,0.0,0.0,0.0,,,0.0,,,,,,,,,,,,,,,,,0.0,0.0,0.0,,,,,
216809,2022,Brighton,51,1.0,0.0,5.0,6.3,False,1.0,0.0,5.0,,,0.0,0.0,,,4.0,,,,,,1.0,1.0,,,,,,0.0,0.0,0.0,,,0.0,0.0,
216809,2023,Brighton,51,0.0,0.0,0.0,,False,0.0,0.0,0.0,,,0.0,0.0,,,,,,,,,,,,,,,,0.0,0.0,0.0,,,0.0,0.0,
216809,2024,Brighton,51,0.0,0.0,0.0,,False,0.0,0.0,0.0,,,0.0,,,,,,,,,,,,,,,,,0.0,0.0,0.0,,,,,
231029,2022,Southampton,41,0.0,0.0,0.0,,False,0.0,0.0,0.0,,,0.0,,,,,,,,,,,,,,,,,0.0,0.0,0.0,,,,,
231062,2022,Arsenal,42,0.0,0.0,0.0,,False,0.0,0.0,0.0,,,0.0,,,,,,,,,,,,,,,,,0.0,0.0,0.0,,,,,
231062,2023,Arsenal,42,0.0,0.0,0.0,,False,0.0,0.0,0.0,,,0.0,,,,,,,,,,,,,,,,,0.0,0.0,0.0,,,,,
237129,2022,Tottenham,47,11.0,2.0,211.0,6.511111,False,9.0,2.0,24.0,2.0,,0.0,0.0,1.0,,154.0,2.0,,7.0,2.0,6.0,31.0,15.0,3.0,2.0,,3.0,4.0,1.0,0.0,0.0,,,0.0,0.0,
237129,2023,Tottenham,47,34.0,27.0,2085.0,7.002941,False,7.0,23.0,7.0,25.0,14.0,3.0,0.0,3.0,,1311.0,20.0,,34.0,5.0,31.0,205.0,94.0,36.0,19.0,,17.0,32.0,9.0,0.0,0.0,,,0.0,0.0,
237129,2024,Tottenham,47,36.0,22.0,1915.0,6.844444,False,14.0,16.0,16.0,27.0,13.0,3.0,0.0,2.0,,996.0,16.0,,49.0,10.0,30.0,257.0,129.0,28.0,11.0,,35.0,34.0,6.0,0.0,0.0,,,0.0,0.0,
237129,2025,Tottenham,47,23.0,13.0,1359.0,6.86,False,10.0,2.0,12.0,9.0,6.0,2.0,0.0,3.0,,620.0,8.0,85.0,33.0,10.0,17.0,181.0,85.0,20.0,12.0,,13.0,26.0,2.0,0.0,0.0,,,0.0,0.0,
237819,2025,Fulham,36,23.0,8.0,904.0,6.77,False,15.0,8.0,16.0,17.0,9.0,1.0,0.0,1.0,,297.0,13.0,77.0,19.0,,9.0,180.0,77.0,75.0,36.0,,15.0,12.0,1.0,0.0,0.0,1.0,,0.0,0.0,
263177,2024,Southampton,41,4.0,2.0,143.0,6.3,False,2.0,2.0,4.0,,,0.0,0.0,0.0,,16.0,1.0,,4.0,1.0,,22.0,7.0,4.0,,,1.0,,0.0,0.0,0.0,,,0.0,0.0,
263538,2022,Brentford,55,0.0,0.0,0.0,,False,0.0,0.0,3.0,,,0.0,0.0,,,,,,,,,,,,,,,,0.0,0.0,0.0,,,0.0,0.0,
263538,2023,Brentford,55,27.0,6.0,674.0,6.642307,False,21.0,6.0,32.0,8.0,5.0,0.0,0.0,0.0,,282.0,3.0,,17.0,4.0,6.0,96.0,49.0,24.0,17.0,,6.0,12.0,2.0,0.0,0.0,,,0.0,0.0,
263538,2024,Brentford,55,31.0,15.0,1441.0,6.793333,False,16.0,9.0,23.0,5.0,2.0,0.0,0.0,0.0,,739.0,9.0,,49.0,9.0,14.0,169.0,83.0,24.0,13.0,,13.0,19.0,6.0,0.0,0.0,,,0.0,0.0,
263538,2025,Brentford,55,32.0,25.0,2237.0,6.67,False,7.0,13.0,7.0,11.0,4.0,1.0,0.0,2.0,,1105.0,14.0,84.0,57.0,10.0,25.0,233.0,100.0,34.0,11.0,,10.0,35.0,7.0,0.0,0.0,,,0.0,0.0,
264437,2023,Burnley,44,0.0,0.0,0.0,,False,0.0,0.0,0.0,,,0.0,,,,,,,,,,,,,,,,,0.0,0.0,0.0,,,,,
265733,2024,Chelsea,49,,,,,False,,,,,,,,,,,,,,,,,,,,,,,,,,,,,,
265782,2025,Wolves,39,18.0,9.0,856.0,6.58,False,9.0,5.0,22.0,1.0,,0.0,0.0,2.0,,220.0,7.0,73.0,9.0,2.0,6.0,51.0,29.0,8.0,5.0,,4.0,7.0,1.0,0.0,0.0,,,0.0,0.0,
265784,2024,Wolves,39,35.0,33.0,2495.0,6.93125,False,2.0,,,8.0,1.0,,0.0,0.0,,1335.0,18.0,,92.0,8.0,37.0,244.0,144.0,28.0,16.0,,34.0,36.0,7.0,,0.0,,,0.0,0.0,
265784,2025,Wolves,39,29.0,24.0,2226.0,6.83,False,5.0,6.0,5.0,5.0,1.0,1.0,0.0,0.0,,1094.0,14.0,90.0,68.0,9.0,26.0,233.0,122.0,26.0,13.0,,37.0,34.0,9.0,0.0,0.0,,,0.0,0.0,
265820,2022,Brighton,51,3.0,1.0,66.0,6.566666,False,2.0,1.0,14.0,1.0,,0.0,0.0,,,22.0,2.0,,2.0,,,10.0,5.0,,,,3.0,,0.0,0.0,0.0,,,0.0,0.0,
265820,2022,Brighton,51,3.0,1.0,66.0,6.566666,False,2.0,1.0,14.0,1.0,,0.0,0.0,,,22.0,2.0,,2.0,,,10.0,5.0,,,,3.0,,0.0,0.0,0.0,,,0.0,0.0,
265820,2023,Brighton,51,0.0,0.0,0.0,,False,0.0,0.0,0.0,,,0.0,,,,,,,,,,,,,,,,,0.0,0.0,0.0,,,,,
265820,2024,Brighton,51,34.0,22.0,1969.0,6.902941,False,12.0,14.0,14.0,22.0,8.0,2.0,0.0,1.0,,900.0,30.0,,59.0,6.0,20.0,243.0,119.0,36.0,18.0,,26.0,37.0,4.0,0.0,0.0,,,0.0,0.0,
265820,2025,Brighton,51,25.0,19.0,1829.0,6.81,False,6.0,4.0,7.0,30.0,10.0,3.0,0.0,3.0,,913.0,16.0,86.0,46.0,4.0,23.0,200.0,96.0,46.0,17.0,,25.0,21.0,1.0,0.0,0.0,,,0.0,0.0,
265826,2024,Tottenham,47,6.0,6.0,540.0,7.45,False,0.0,0.0,12.0,,,0.0,11.0,0.0,24.0,179.0,1.0,,3.0,,,5.0,5.0,,,,,,0.0,0.0,0.0,,,0.0,0.0,0.0
265826,2025,Tottenham,47,1.0,1.0,90.0,6.2,False,0.0,0.0,30.0,,,0.0,1.0,0.0,1.0,36.0,,69.0,,,,,,,,,,,0.0,0.0,0.0,,,0.0,0.0,0.0
266203,2022,Crystal Palace,52,0.0,0.0,0.0,,False,0.0,0.0,5.0,,,0.0,0.0,,,,,,,,,,,,,,,,0.0,0.0,0.0,,,0.0,0.0,
266203,2023,Crystal Palace,52,0.0,0.0,0.0,,False,0.0,0.0,3.0,,,0.0,0.0,,,,,,,,,,,,,,,,0.0,0.0,0.0,,,0.0,0.0,
266657,2024,Manchester City,50,36.0,29.0,1770.0,7.333333,False,7.0,,,37.0,21.0,1.0,0.0,8.0,,763.0,46.0,,23.0,2.0,6.0,209.0,104.0,92.0,52.0,,28.0,17.0,3.0,,0.0,,,0.0,0.0,
266657,2025,Manchester City,50,18.0,5.0,596.0,6.73,False,13.0,4.0,15.0,12.0,9.0,0.0,0.0,1.0,,268.0,6.0,83.0,6.0,,5.0,64.0,24.0,28.0,8.0,,10.0,8.0,2.0,0.0,0.0,1.0,,0.0,0.0,
270139,2023,Crystal Palace,52,0.0,0.0,0.0,,False,0.0,0.0,0.0,,,0.0,,,,,,,,,,,,,,,,,0.0,0.0,0.0,,,,,
270139,2024,Everton,45,20.0,17.0,1569.0,6.905,False,3.0,1.0,20.0,4.0,3.0,2.0,0.0,0.0,,605.0,6.0,,26.0,4.0,4.0,137.0,76.0,9.0,4.0,,5.0,13.0,5.0,0.0,0.0,,,0.0,0.0,
270139,2025,Everton,45,31.0,29.0,2646.0,6.77,False,2.0,2.0,2.0,7.0,4.0,0.0,0.0,1.0,,949.0,13.0,74.0,50.0,14.0,12.0,256.0,159.0,18.0,5.0,,11.0,15.0,2.0,0.0,1.0,,1.0,0.0,0.0,
270357,2022,Crystal Palace,52,0.0,0.0,0.0,,False,0.0,0.0,2.0,,,0.0,0.0,,,,,,,,,,,,,,,,0.0,0.0,0.0,,,0.0,0.0,
270357,2023,Crystal Palace,52,0.0,0.0,0.0,,False,0.0,0.0,0.0,,,0.0,,,,,,,,,,,,,,,,,0.0,0.0,0.0,,,,,
270357,2024,Crystal Palace,52,0.0,0.0,0.0,,False,0.0,0.0,0.0,,,0.0,,,,,,,,,,,,,,,,,0.0,0.0,0.0,,,,,
270507,2023,Chelsea,49,11.0,0.0,67.0,6.588888,False,11.0,0.0,17.0,,,0.0,0.0,0.0,,65.0,2.0,,5.0,,,31.0,20.0,2.0,2.0,,1.0,4.0,0.0,0.0,0.0,,,0.0,0.0,
270507,2024,Chelsea,49,0.0,0.0,0.0,,False,0.0,0.0,4.0,,,0.0,0.0,,,,,,,,,,,,,,,,0.0,0.0,0.0,,,0.0,0.0,
270508,2023,Chelsea,49,12.0,3.0,294.0,6.7,False,9.0,2.0,14.0,,,0.0,0.0,0.0,,183.0,3.0,,14.0,2.0,1.0,43.0,28.0,4.0,3.0,,2.0,4.0,2.0,0.0,0.0,,,0.0,0.0,
270508,2024,Southampton,41,26.0,18.0,1663.0,6.688,False,8.0,14.0,14.0,6.0,1.0,1.0,0.0,1.0,,698.0,14.0,,48.0,10.0,14.0,189.0,103.0,28.0,19.0,,16.0,31.0,7.0,0.0,0.0,,,0.0,0.0,
270508,2024,Chelsea,49,0.0,0.0,0.0,6.688,False,0.0,0.0,0.0,6.0,1.0,0.0,0.0,1.0,,698.0,14.0,,48.0,10.0,14.0,189.0,103.0,28.0,19.0,,16.0,31.0,0.0,0.0,0.0,,,0.0,0.0,
270508,2025,Burnley,44,31.0,23.0,2058.0,6.7,False,8.0,17.0,8.0,13.0,7.0,3.0,0.0,1.0,,691.0,8.0,83.0,46.0,18.0,16.0,218.0,105.0,28.0,12.0,,26.0,25.0,2.0,1.0,0.0,,1.0,0.0,0.0,
270510,2024,Tottenham,47,13.0,11.0,913.0,6.923076,False,2.0,5.0,3.0,14.0,9.0,2.0,0.0,1.0,,223.0,14.0,,16.0,1.0,2.0,126.0,51.0,46.0,15.0,,16.0,14.0,2.0,0.0,0.0,,,1.0,0.0,
270510,2025,Tottenham,47,25.0,9.0,943.0,6.74,False,16.0,7.0,23.0,20.0,7.0,3.0,0.0,0.0,,232.0,21.0,75.0,16.0,1.0,2.0,176.0,75.0,55.0,30.0,,18.0,12.0,0.0,0.0,0.0,,,0.0,0.0,
272728,2022,Vitesse,200,0.0,0.0,0.0,,False,0.0,0.0,0.0,,,0.0,,,,,,,,,,,,,,,,,0.0,0.0,0.0,,,,,
272730,2022,Vitesse,200,0.0,0.0,0.0,,False,0.0,0.0,0.0,,,0.0,,,,,,,,,,,,,,,,,0.0,0.0,0.0,,,,,
273757,2022,Tottenham,47,0.0,0.0,0.0,,False,0.0,0.0,5.0,,,0.0,0.0,,,,,,,,,,,,,,,,0.0,0.0,0.0,,,0.0,0.0,
273757,2023,Tottenham,47,0.0,0.0,0.0,,False,0.0,0.0,0.0,,,0.0,,,,,,,,,,,,,,,,,0.0,0.0,0.0,,,,,
273757,2024,Tottenham,47,0.0,0.0,0.0,,False,0.0,0.0,1.0,,,0.0,0.0,,,,,,,,,,,,,,,,0.0,0.0,0.0,,,0.0,0.0,
273758,2022,Brighton,51,0.0,0.0,0.0,,False,0.0,0.0,1.0,,,0.0,0.0,,,,,,,,,,,,,,,,0.0,0.0,0.0,,,0.0,0.0,
273758,2023,Brighton,51,0.0,0.0,0.0,,False,0.0,0.0,1.0,,,0.0,0.0,,,,,,,,,,,,,,,,0.0,0.0,0.0,,,0.0,0.0,
273758,2024,Brighton,51,0.0,0.0,0.0,,False,0.0,0.0,2.0,,,0.0,0.0,,,,,,,,,,,,,,,,0.0,0.0,0.0,,,0.0,0.0,
273760,2022,Leeds,63,0.0,0.0,0.0,,False,0.0,0.0,0.0,,,0.0,,,,,,,,,,,,,,,,,0.0,0.0,0.0,,,,,
274550,2022,Chelsea,49,0.0,0.0,0.0,,False,0.0,0.0,1.0,,,0.0,0.0,,,,,,,,,,,,,,,,0.0,0.0,0.0,,,0.0,0.0,
274550,2023,Chelsea,49,,,,,False,,,,,,,,,,,,,,,,,,,,,,,,,,,,,,
274550,2024,Chelsea,49,0.0,0.0,0.0,,False,0.0,0.0,0.0,,,0.0,,,,,,,,,,,,,,,,,0.0,0.0,0.0,,,,,
275170,2022,Nottingham Forest,65,13.0,12.0,982.0,6.907692,False,1.0,7.0,4.0,12.0,4.0,3.0,0.0,2.0,,227.0,9.0,,18.0,6.0,9.0,88.0,39.0,18.0,14.0,,3.0,4.0,1.0,0.0,0.0,,,0.0,0.0,
275170,2023,Nottingham Forest,65,29.0,20.0,1797.0,6.860714,False,9.0,13.0,11.0,16.0,7.0,2.0,0.0,2.0,,726.0,20.0,,35.0,8.0,35.0,145.0,75.0,26.0,17.0,,9.0,13.0,4.0,0.0,0.0,,,0.0,0.0,
275170,2024,Nottingham Forest,65,8.0,5.0,275.0,6.585714,False,3.0,5.0,9.0,,,0.0,0.0,0.0,,117.0,,,8.0,1.0,4.0,22.0,12.0,6.0,3.0,,,2.0,0.0,0.0,0.0,,,0.0,0.0,
276184,2025,Chelsea,49,2.0,1.0,98.0,6.1,False,1.0,1.0,7.0,1.0,,0.0,0.0,0.0,,49.0,,91.0,1.0,1.0,1.0,3.0,1.0,1.0,,,,,0.0,0.0,0.0,,,0.0,0.0,
276263,2022,Brentford,55,0.0,0.0,0.0,,False,0.0,0.0,2.0,,,0.0,0.0,,,,,,,,,,,,,,,,0.0,0.0,0.0,,,0.0,0.0,
276263,2024,Brentford,55,,,,,False,,,,,,,,,,,,,,,,,,,,,,,,,,,,,,
277191,2024,Brighton,51,0.0,0.0,0.0,,False,0.0,0.0,0.0,,,0.0,,,,,,,,,,,,,,,,,0.0,0.0,0.0,,,,,
277716,2023,Sheffield Utd,62,2.0,0.0,11.0,6.25,False,2.0,0.0,2.0,,,0.0,0.0,,,2.0,,,,,,2.0,,1.0,,,,,0.0,0.0,0.0,,,0.0,0.0,
278041,2022,Brentford,55,0.0,0.0,0.0,,False,0.0,0.0,21.0,,,0.0,0.0,,,,,,,,,,,,,,,,0.0,0.0,0.0,,,0.0,0.0,0.0
278041,2023,Brentford,55,0.0,0.0,0.0,,False,0.0,0.0,0.0,,,0.0,,,,,,,,,,,,,,,,,0.0,0.0,0.0,,,,,
278041,2024,Brentford,55,0.0,0.0,0.0,,False,0.0,0.0,0.0,,,0.0,,,,,,,,,,,,,,,,,0.0,0.0,0.0,,,,,
278074,2024,Arsenal,42,0.0,0.0,0.0,,False,0.0,0.0,1.0,,,0.0,0.0,,,,,,,,,,,,,,,,0.0,0.0,0.0,,,0.0,0.0,
278075,2023,Arsenal,42,,,,,False,,,,,,,,,,,,,,,,,,,,,,,,,,,,,,
278079,2023,Aston Villa,66,,,,,False,,,,,,,,,,,,,,,,,,,,,,,,,,,,,,
278079,2023,Burnley,44,17.0,12.0,524.0,6.484615,False,5.0,,,5.0,2.0,,0.0,,,146.0,1.0,,17.0,2.0,1.0,63.0,27.0,9.0,3.0,,3.0,7.0,1.0,,0.0,,,0.0,0.0,
278079,2025,Burnley,44,0.0,0.0,,,False,0.0,0.0,3.0,,,0.0,0.0,0.0,,,,,,,,,,,,,,,0.0,0.0,0.0,,,0.0,0.0,
278085,2022,Southampton,41,17.0,5.0,559.0,6.57647,False,12.0,5.0,14.0,4.0,3.0,0.0,0.0,,,152.0,8.0,,17.0,,6.0,102.0,57.0,28.0,12.0,,22.0,1.0,0.0,0.0,0.0,,,0.0,0.0,
278085,2024,Southampton,41,2.0,0.0,63.0,6.9,False,2.0,0.0,2.0,,,0.0,0.0,0.0,,29.0,1.0,,3.0,,,10.0,6.0,4.0,2.0,,1.0,2.0,1.0,0.0,0.0,,,0.0,0.0,
278086,2023,Fulham,36,,,,,False,,,,,,,,,,,,,,,,,,,,,,,,,,,,,,
278088,2023,Brighton,51,,,,,False,,,,,,,,,,,,,,,,,,,,,,,,,,,,,,
278088,2024,Brighton,51,0.0,0.0,0.0,,False,0.0,0.0,2.0,,,0.0,0.0,,,,,,,,,,,,,,,,0.0,0.0,0.0,,,0.0,0.0,0.0
278115,2024,Leicester,46,0.0,0.0,0.0,,False,0.0,0.0,0.0,,,0.0,,,,,,,,,,,,,,,,,0.0,0.0,0.0,,,,,
278116,2024,Leicester,46,,,,,False,,,,,,,,,,,,,,,,,,,,,,,,,,,,,,
278118,2024,Leicester,46,0.0,0.0,0.0,,False,0.0,0.0,1.0,,,0.0,0.0,,,,,,,,,,,,,,,,0.0,0.0,0.0,,,0.0,0.0,
278123,2022,Aston Villa,66,0.0,0.0,0.0,,False,0.0,0.0,7.0,,,0.0,0.0,,,,,,,,,,,,,,,,0.0,0.0,0.0,,,0.0,0.0,
278123,2023,Aston Villa,66,0.0,0.0,0.0,,False,0.0,0.0,0.0,,,0.0,,,,,,,,,,,,,,,,,0.0,0.0,0.0,,,,,
278123,2024,Aston Villa,66,,,,,False,,,,,,,,,,,,,,,,,,,,,,,,,,,,,,
278128,2022,Manchester City,50,0.0,0.0,0.0,,False,0.0,0.0,8.0,,,0.0,0.0,,,,,,,,,,,,,,,,0.0,0.0,0.0,,,0.0,0.0,
278128,2023,Manchester City,50,,,,,False,,,,,,,,,,,,,,,,,,,,,,,,,,,,,,
278128,2024,Manchester City,50,0.0,0.0,0.0,,False,0.0,0.0,2.0,,,0.0,0.0,,,,,,,,,,,,,,,,0.0,0.0,0.0,,,0.0,0.0,
278129,2022,Manchester City,50,0.0,0.0,0.0,,False,0.0,0.0,2.0,,,0.0,0.0,,,,,,,,,,,,,,,,0.0,0.0,0.0,,,0.0,0.0,
278129,2024,Manchester City,50,,,,,False,,,,,,,,,,,,,,,,,,,,,,,,,,,,,,
278133,2022,Manchester City,50,0.0,0.0,0.0,,False,0.0,0.0,0.0,,,0.0,,,,,,,,,,,,,,,,,0.0,0.0,0.0,,,,,
278133,2023,Manchester City,50,14.0,2.0,291.0,7.13,False,12.0,1.0,33.0,3.0,2.0,1.0,0.0,1.0,,168.0,10.0,,7.0,,5.0,39.0,22.0,17.0,11.0,,3.0,2.0,0.0,0.0,0.0,,,0.0,0.0,
278133,2024,Manchester City,50,3.0,0.0,13.0,6.75,False,3.0,0.0,3.0,,,0.0,0.0,0.0,,15.0,1.0,,,,,3.0,3.0,2.0,2.0,,1.0,,0.0,0.0,0.0,,,0.0,0.0,
278133,2025,Manchester City,50,9.0,5.0,472.0,6.88,False,4.0,3.0,8.0,1.0,,0.0,0.0,1.0,,207.0,10.0,90.0,8.0,,3.0,67.0,36.0,26.0,16.0,,9.0,5.0,1.0,0.0,0.0,,,0.0,0.0,
278133,2025,Fulham,36,8.0,4.0,350.0,6.61,False,4.0,4.0,4.0,4.0,2.0,0.0,0.0,0.0,,116.0,7.0,77.0,7.0,,4.0,42.0,19.0,11.0,7.0,,3.0,3.0,0.0,0.0,0.0,,,0.0,0.0,
278232,2022,West Ham,48,0.0,0.0,0.0,,False,0.0,0.0,0.0,,,0.0,,,,,,,,,,,,,,,,,0.0,0.0,0.0,,,,,
278235,2022,Leeds,63,0.0,0.0,0.0,,False,0.0,0.0,0.0,,,0.0,,,,,,,,,,,,,,,,,0.0,0.0,0.0,,,,,
278240,2022,Leeds,63,0.0,0.0,0.0,,False,0.0,0.0,0.0,,,0.0,,,,,,,,,,,,,,,,,0.0,0.0,0.0,,,,,
278242,2022,Leeds,63,0.0,0.0,0.0,,False,0.0,0.0,3.0,,,0.0,0.0,,,,,,,,,,,,,,,,0.0,0.0,0.0,,,0.0,0.0,
278370,2024,Brighton,51,17.0,10.0,512.0,6.828571,False,7.0,,,7.0,3.0,1.0,0.0,0.0,,289.0,9.0,,21.0,,8.0,77.0,40.0,12.0,6.0,,3.0,8.0,0.0,,0.0,,,0.0,0.0,
278370,2025,Brighton,51,29.0,24.0,2033.0,6.79,False,5.0,22.0,5.0,27.0,14.0,5.0,0.0,1.0,,711.0,20.0,78.0,77.0,3.0,16.0,310.0,154.0,38.0,18.0,,10.0,46.0,9.0,0.0,0.0,,1.0,0.0,0.0,
278454,2025,Sunderland,746,3.0,3.0,270.0,7.1,False,0.0,0.0,5.0,,,0.0,2.0,0.0,10.0,98.0,,46.0,,,,2.0,2.0,1.0,1.0,,1.0,,0.0,0.0,0.0,,,0.0,0.0,0.0
278898,2024,Crystal Palace,52,6.0,4.0,90.0,6.7,False,2.0,,,,,,0.0,0.0,,82.0,,70.0,5.0,,2.0,13.0,7.0,,,,,1.0,0.0,,0.0,,,0.0,0.0,
278898,2025,Crystal Palace,52,6.0,3.0,314.0,6.63,False,3.0,2.0,7.0,2.0,1.0,0.0,0.0,1.0,,264.0,1.0,87.0,4.0,1.0,1.0,38.0,18.0,1.0,1.0,,2.0,4.0,2.0,0.0,0.0,,,0.0,0.0,
280334,2022,Vitesse,200,0.0,0.0,0.0,,False,0.0,0.0,0.0,,,0.0,,,,,,,,,,,,,,,,,0.0,0.0,0.0,,,,,
280672,2022,Brighton,51,0.0,0.0,0.0,,False,0.0,0.0,6.0,,,0.0,0.0,,,,,,,,,,,,,,,,0.0,0.0,0.0,,,0.0,0.0,
280672,2023,Brighton,51,0.0,0.0,0.0,,False,0.0,0.0,0.0,,,0.0,,,,,,,,,,,,,,,,,0.0,0.0,0.0,,,,,
280672,2024,Brighton,51,0.0,0.0,0.0,,False,0.0,0.0,0.0,,,0.0,,,,,,,,,,,,,,,,,0.0,0.0,0.0,,,,,
280683,2023,Liverpool,40,,,,,False,,,,,,,,,,,,,,,,,,,,,,,,,,,,,,
280683,2024,Liverpool,40,,,,,False,,,,,,,,,,,,,,,,,,,,,,,,,,,,,,
280687,2022,Wolves,39,21.0,16.0,1314.0,6.63,False,5.0,9.0,14.0,2.0,1.0,0.0,0.0,1.0,,503.0,16.0,,33.0,1.0,10.0,128.0,63.0,27.0,13.0,,7.0,7.0,1.0,0.0,0.0,,,0.0,0.0,
280687,2023,Wolves,39,22.0,7.0,730.0,6.595454,False,15.0,6.0,26.0,1.0,,0.0,0.0,0.0,,330.0,6.0,,21.0,4.0,6.0,94.0,44.0,19.0,8.0,,6.0,7.0,1.0,0.0,0.0,,,0.0,0.0,
280687,2024,Wolves,39,0.0,0.0,0.0,,False,0.0,0.0,0.0,,,0.0,,,,,,,,,,,,,,,,,0.0,0.0,0.0,,,,,
280687,2025,Wolves,39,29.0,22.0,2047.0,6.67,False,7.0,5.0,7.0,10.0,6.0,1.0,0.0,1.0,,732.0,32.0,81.0,58.0,4.0,35.0,252.0,122.0,69.0,27.0,,21.0,15.0,1.0,0.0,0.0,,,0.0,0.0,
280688,2023,Wolves,39,,,,,False,,,,,,,,,,,,,,,,,,,,,,,,,,,,,,
281975,2023,Brentford,55,0.0,0.0,0.0,,False,0.0,0.0,5.0,,,0.0,0.0,,,,,,,,,,,,,,,,0.0,0.0,0.0,,,0.0,0.0,
281975,2024,Brentford,55,,,,,False,,,,,,,,,,,,,,,,,,,,,,,,,,,,,,
282124,2022,Leeds,63,1.0,0.0,7.0,7.0,False,1.0,0.0,13.0,,,0.0,0.0,,,4.0,,,2.0,,,3.0,3.0,,,,1.0,,0.0,0.0,0.0,,,0.0,0.0,
282125,2022,Southampton,41,29.0,26.0,2229.0,6.77931,False,3.0,12.0,3.0,6.0,3.0,1.0,0.0,,,991.0,17.0,,60.0,11.0,33.0,255.0,143.0,41.0,28.0,,48.0,28.0,9.0,0.0,0.0,,,0.0,0.0,
282125,2023,Chelsea,49,1.0,0.0,32.0,6.7,False,1.0,0.0,2.0,,,0.0,0.0,,,27.0,,,1.0,,,3.0,2.0,,,,1.0,1.0,0.0,0.0,0.0,,,0.0,0.0,
282125,2024,Chelsea,49,16.0,11.0,803.0,6.6125,False,5.0,11.0,9.0,,,0.0,0.0,1.0,,422.0,7.0,,22.0,,16.0,97.0,51.0,16.0,10.0,,7.0,16.0,4.0,0.0,0.0,,,0.0,0.0,
282125,2025,Chelsea,49,9.0,2.0,244.0,6.76,False,7.0,2.0,9.0,1.0,,0.0,0.0,0.0,,200.0,1.0,92.0,5.0,,5.0,25.0,14.0,4.0,3.0,,4.0,6.0,0.0,0.0,0.0,,,0.0,0.0,
282126,2024,Wolves,39,27.0,15.0,241.0,6.525,False,12.0,,,,,,0.0,0.0,,80.0,2.0,,8.0,,1.0,33.0,17.0,12.0,7.0,,1.0,2.0,2.0,,0.0,,,0.0,0.0,
282130,2023,Manchester United,33,,,,,False,,,,,,,,,,,,,,,,,,,,,,,,,,,,,,
282133,2023,Manchester United,33,0.0,0.0,0.0,,False,0.0,0.0,1.0,,,0.0,0.0,,,,,,,,,,,,,,,,0.0,0.0,0.0,,,0.0,0.0,
282133,2024,Manchester United,33,0.0,0.0,0.0,,False,0.0,0.0,0.0,,,0.0,,,,,,,,,,,,,,,,,0.0,0.0,0.0,,,,,
282136,2023,Manchester United,33,,,,,False,,,,,,,,,,,,,,,,,,,,,,,,,,,,,,
282254,2022,Brighton,51,2.0,0.0,23.0,6.25,False,2.0,0.0,7.0,,,0.0,0.0,,,29.0,,,1.0,,,5.0,2.0,1.0,1.0,,,,0.0,0.0,0.0,,,0.0,0.0,
282254,2023,Brighton,51,0.0,0.0,0.0,6.6,False,0.0,0.0,0.0,,,0.0,0.0,,,67.0,,,1.0,,1.0,12.0,8.0,5.0,4.0,,2.0,2.0,0.0,0.0,0.0,,,0.0,0.0,
282254,2024,Brighton,51,0.0,0.0,0.0,,False,0.0,0.0,0.0,,,0.0,,,,,,,,,,,,,,,,,0.0,0.0,0.0,,,,,
282770,2024,Wolves,39,34.0,19.0,823.0,6.734782,False,15.0,,,5.0,3.0,2.0,0.0,0.0,,246.0,13.0,,23.0,1.0,7.0,87.0,42.0,12.0,5.0,,6.0,4.0,0.0,,0.0,,,0.0,0.0,
282770,2025,Wolves,39,16.0,6.0,649.0,6.76,False,10.0,5.0,14.0,13.0,6.0,3.0,0.0,0.0,,188.0,3.0,77.0,18.0,2.0,6.0,73.0,34.0,17.0,3.0,,7.0,4.0,0.0,0.0,0.0,,,0.0,0.0,
282903,2022,Leeds,63,0.0,0.0,0.0,,False,0.0,0.0,0.0,,,0.0,,,,,,,,,,,,,,,,,0.0,0.0,0.0,,,,,
283026,2024,Arsenal,42,,,,,False,,,,,,,,,,,,,,,,,,,,,,,,,,,,,,
283058,2023,Chelsea,49,35.0,33.0,2804.0,7.011428,False,2.0,,,63.0,41.0,14.0,0.0,5.0,,658.0,39.0,,21.0,5.0,4.0,359.0,150.0,90.0,54.0,,40.0,28.0,10.0,,0.0,,,0.0,0.0,
283058,2024,Chelsea,49,31.0,31.0,2238.0,6.926666,False,0.0,,,64.0,35.0,10.0,0.0,5.0,,390.0,28.0,,22.0,2.0,3.0,236.0,90.0,51.0,18.0,,29.0,35.0,7.0,,1.0,,,0.0,0.0,
283265,2024,Ipswich,57,0.0,0.0,0.0,,False,0.0,0.0,0.0,,,0.0,,,,,,,,,,,,,,,,,0.0,0.0,0.0,,,,,
283272,2024,Wolves,39,1.0,0.0,0.0,,False,1.0,0.0,8.0,,,0.0,0.0,0.0,,1.0,,,,,,,,,,,,,0.0,0.0,0.0,,,0.0,0.0,
283272,2025,Wolves,39,0.0,0.0,,,False,0.0,0.0,1.0,,,0.0,0.0,0.0,,,,,,,,,,,,,,,0.0,0.0,0.0,,,0.0,0.0,
283289,2022,Aston Villa,66,,,,,False,,,,,,,,,,,,,,,,,,,,,,,,,,,,,,
283289,2024,Leicester,46,,,,,False,,,,,,,,,,,,,,,,,,,,,,,,,,,,,,
283290,2022,Leicester,46,0.0,0.0,0.0,,False,0.0,0.0,3.0,,,0.0,0.0,,,,,,,,,,,,,,,,0.0,0.0,0.0,,,0.0,0.0,
283290,2024,Leicester,46,18.0,9.0,851.0,6.694117,False,9.0,8.0,11.0,12.0,7.0,1.0,0.0,1.0,,218.0,9.0,,21.0,2.0,5.0,134.0,55.0,21.0,6.0,,15.0,18.0,3.0,0.0,0.0,,,0.0,0.0,
284059,2022,Crystal Palace,52,0.0,0.0,0.0,,False,0.0,0.0,2.0,,,0.0,0.0,,,,,,,,,,,,,,,,0.0,0.0,0.0,,,0.0,0.0,
284059,2023,Crystal Palace,52,0.0,0.0,0.0,,False,0.0,0.0,0.0,,,0.0,0.0,,,,,,,,,,,,,,,,0.0,0.0,0.0,,,0.0,0.0,
284059,2024,Crystal Palace,52,0.0,0.0,0.0,,False,0.0,0.0,0.0,,,0.0,,,,,,,,,,,,,,,,,0.0,0.0,0.0,,,,,
284060,2022,West Ham,48,0.0,0.0,0.0,,False,0.0,0.0,0.0,,,0.0,,,,,,,,,,,,,,,,,0.0,0.0,0.0,,,,,
284060,2023,West Ham,48,0.0,0.0,0.0,,False,0.0,0.0,1.0,,,0.0,0.0,,,,,,,,,,,,,,,,0.0,0.0,0.0,,,0.0,0.0,
284060,2024,West Ham,48,0.0,0.0,0.0,,False,0.0,0.0,0.0,,,0.0,,,,,,,,,,,,,,,,,0.0,0.0,0.0,,,,,
284062,2023,Arsenal,42,,,,,False,,,,,,,,,,,,,,,,,,,,,,,,,,,,,,
284186,2022,Everton,45,0.0,0.0,0.0,,False,0.0,0.0,2.0,,,0.0,0.0,,,,,,,,,,,,,,,,0.0,0.0,0.0,,,0.0,0.0,
284186,2023,Everton,45,0.0,0.0,0.0,,False,0.0,0.0,0.0,,,0.0,,,,,,,,,,,,,,,,,0.0,0.0,0.0,,,,,
284187,2022,Everton,45,0.0,0.0,0.0,,False,0.0,0.0,7.0,,,0.0,0.0,,,,,,,,,,,,,,,,0.0,0.0,0.0,,,0.0,0.0,
284187,2023,Everton,45,0.0,0.0,0.0,,False,0.0,0.0,0.0,,,0.0,,,,,,,,,,,,,,,,,0.0,0.0,0.0,,,,,
284212,2023,Burnley,44,0.0,0.0,0.0,,False,0.0,0.0,0.0,,,0.0,,,,,,,,,,,,,,,,,0.0,0.0,0.0,,,,,
284228,2024,Manchester City,50,,,,,False,,,,,,,,,,,,,,,,,,,,,,,,,,,,,,
284230,2022,Manchester City,50,37.0,23.0,903.0,6.85,False,14.0,,,4.0,2.0,,0.0,,,638.0,12.0,42.0,16.0,4.0,6.0,79.0,42.0,11.0,8.0,,18.0,10.0,1.0,,0.0,,,0.0,0.0,
284230,2023,Manchester City,50,38.0,23.0,806.0,6.992857,False,15.0,,,5.0,4.0,2.0,0.0,,,533.0,13.0,,10.0,1.0,4.0,66.0,34.0,8.0,4.0,,20.0,7.0,1.0,,0.0,,,0.0,0.0,
284230,2024,Manchester City,50,36.0,30.0,1897.0,6.911111,False,6.0,,,8.0,2.0,1.0,0.0,2.0,,1201.0,7.0,,30.0,7.0,13.0,143.0,79.0,20.0,9.0,,34.0,12.0,5.0,,1.0,,,0.0,0.0,
284230,2025,Manchester City,50,10.0,3.0,333.0,6.71,False,7.0,1.0,23.0,2.0,,0.0,0.0,1.0,,234.0,6.0,86.0,6.0,1.0,7.0,31.0,16.0,4.0,2.0,,7.0,4.0,1.0,0.0,0.0,,,0.0,0.0,
284231,2023,Manchester City,50,0.0,0.0,0.0,,False,0.0,0.0,2.0,,,0.0,0.0,,,,,,,,,,,,,,,,0.0,0.0,0.0,,,0.0,0.0,
284231,2024,Manchester City,50,0.0,0.0,0.0,,False,0.0,0.0,0.0,,,0.0,,,,,,,,,,,,,,,,,0.0,0.0,0.0,,,,,
284236,2023,Wolves,39,0.0,0.0,0.0,,False,0.0,0.0,1.0,,,0.0,0.0,,,,,,,,,,,,,,,,0.0,0.0,0.0,,,0.0,0.0,
284236,2024,Wolves,39,0.0,0.0,0.0,,False,0.0,0.0,0.0,,,0.0,,,,,,,,,,,,,,,,,0.0,0.0,0.0,,,,,
284236,2025,Wolves,39,0.0,0.0,,,False,0.0,0.0,0.0,,,0.0,0.0,0.0,,,,,,,,,,,,,,,0.0,0.0,0.0,,,0.0,0.0,
284237,2022,Wolves,39,1.0,0.0,22.0,6.3,False,1.0,0.0,2.0,,,0.0,0.0,,,11.0,,,,,,1.0,,,,,,,0.0,0.0,0.0,,,0.0,0.0,
284239,2023,Wolves,39,0.0,0.0,0.0,,False,0.0,0.0,1.0,,,0.0,0.0,,,,,,,,,,,,,,,,0.0,0.0,0.0,,,0.0,0.0,
284241,2023,Manchester United,33,,,,,False,,,,,,,,,,,,,,,,,,,,,,,,,,,,,,
284242,2023,Manchester United,33,13.0,6.0,87.0,6.6,False,7.0,,,,,,0.0,1.0,,33.0,2.0,,2.0,,,7.0,3.0,2.0,1.0,,,1.0,0.0,,0.0,,,0.0,0.0,
284242,2024,Manchester United,33,,,,,False,,,,,,,,,,,,,,,,,,,,,,,,,,,,,,
284247,2022,Liverpool,40,,,,,False,,,,,,,,,,,,,,,,,,,,,,,,,,,,,,
284247,2024,Liverpool,40,0.0,0.0,0.0,,False,0.0,0.0,0.0,,,0.0,,,,,,,,,,,,,,,,,0.0,0.0,0.0,,,,,
284248,2022,Liverpool,40,0.0,0.0,0.0,,False,0.0,0.0,0.0,,,0.0,,,,,,,,,,,,,,,,,0.0,0.0,0.0,,,,,
284248,2023,Liverpool,40,,,,,False,,,,,,,,,,,,,,,,,,,,,,,,,,,,,,
284253,2022,Liverpool,40,,,,,False,,,,,,,,,,,,,,,,,,,,,,,,,,,,,,
284259,2023,Wolves,39,0.0,0.0,0.0,,False,0.0,0.0,6.0,,,0.0,0.0,,,,,,,,,,,,,,,,0.0,0.0,0.0,,,0.0,0.0,
284259,2024,Wolves,39,0.0,0.0,0.0,,False,0.0,0.0,0.0,,,0.0,,,,,,,,,,,,,,,,,0.0,0.0,0.0,,,,,
284260,2023,Chelsea,49,,,,,False,,,,,,,,,,,,,,,,,,,,,,,,,,,,,,
284260,2024,Chelsea,49,,,,,False,,,,,,,,,,,,,,,,,,,,,,,,,,,,,,
284262,2022,Wolves,39,0.0,0.0,0.0,,False,0.0,0.0,1.0,,,0.0,0.0,,,,,,,,,,,,,,,,0.0,0.0,0.0,,,0.0,0.0,
284262,2023,Wolves,39,0.0,0.0,0.0,,False,0.0,0.0,0.0,,,0.0,0.0,,,,,,,,,,,,,,,,0.0,0.0,0.0,,,0.0,0.0,
284262,2024,Wolves,39,0.0,0.0,0.0,,False,0.0,0.0,0.0,,,0.0,,,,,,,,,,,,,,,,,0.0,0.0,0.0,,,,,
284264,2022,Southampton,41,5.0,2.0,151.0,6.64,False,3.0,2.0,7.0,,,0.0,0.0,,,55.0,,,7.0,,3.0,21.0,12.0,4.0,3.0,,,1.0,0.0,0.0,0.0,,,0.0,0.0,
284264,2024,Southampton,41,0.0,0.0,0.0,,False,0.0,0.0,0.0,,,0.0,,,,,,,,,,,,,,,,,0.0,0.0,0.0,,,,,
284266,2022,Everton,45,0.0,0.0,0.0,,False,0.0,0.0,2.0,,,0.0,0.0,,,,,,,,,,,,,,,,0.0,0.0,0.0,,,0.0,0.0,
284266,2023,Everton,45,1.0,0.0,0.0,,False,1.0,0.0,8.0,,,0.0,0.0,,,2.0,,,,,,,,,,,,,0.0,0.0,0.0,,,0.0,0.0,
284266,2024,Everton,45,0.0,0.0,0.0,,False,0.0,0.0,0.0,,,0.0,,,,,,,,,,,,,,,,,0.0,0.0,0.0,,,,,
284267,2022,Everton,45,3.0,2.0,32.0,6.7,False,1.0,,,,,,0.0,,,13.0,1.0,,,1.0,,2.0,1.0,1.0,1.0,,,,1.0,,0.0,,,0.0,0.0,
284278,2023,Newcastle,34,1.0,0.0,0.0,,False,1.0,0.0,1.0,,,0.0,0.0,,,2.0,,,,,,,,,,,,,0.0,0.0,0.0,,,0.0,0.0,
284278,2024,Newcastle,34,,,,,False,,,,,,,,,,,,,,,,,,,,,,,,,,,,,,
284280,2024,Everton,45,0.0,0.0,0.0,,False,0.0,0.0,0.0,,,0.0,,,,,,,,,,,,,,,,,0.0,0.0,0.0,,,,,
284286,2022,Liverpool,40,0.0,0.0,0.0,,False,0.0,0.0,0.0,,,0.0,,,,,,,,,,,,,,,,,0.0,0.0,0.0,,,,,
284286,2024,Liverpool,40,,,,,False,,,,,,,,,,,,,,,,,,,,,,,,,,,,,,
284287,2023,Liverpool,40,,,,,False,,,,,,,,,,,,,,,,,,,,,,,,,,,,,,
284287,2024,Liverpool,40,,,,,False,,,,,,,,,,,,,,,,,,,,,,,,,,,,,,
284291,2023,Newcastle,34,,,,,False,,,,,,,,,,,,,,,,,,,,,,,,,,,,,,
284291,2024,Newcastle,34,,,,,False,,,,,,,,,,,,,,,,,,,,,,,,,,,,,,
284295,2022,Manchester United,33,0.0,0.0,0.0,,False,0.0,0.0,7.0,,,0.0,0.0,,,,,,,,,,,,,,,,0.0,0.0,0.0,,,0.0,0.0,
284297,2023,Burnley,44,0.0,0.0,0.0,,False,0.0,0.0,0.0,,,0.0,,,,,,,,,,,,,,,,,0.0,0.0,0.0,,,,,
284300,2023,Manchester United,33,0.0,0.0,0.0,,False,0.0,0.0,1.0,,,0.0,0.0,,,,,,,,,,,,,,,,0.0,0.0,0.0,,,0.0,0.0,
284305,2023,Newcastle,34,,,,,False,,,,,,,,,,,,,,,,,,,,,,,,,,,,,,
284305,2024,Newcastle,34,,,,,False,,,,,,,,,,,,,,,,,,,,,,,,,,,,,,
284307,2024,Manchester United,33,,,,,False,,,,,,,,,,,,,,,,,,,,,,,,,,,,,,
284322,2022,Manchester United,33,8.0,2.0,10.0,6.2,False,6.0,,,,,,0.0,,,8.0,,,,1.0,,1.0,,1.0,,,,,0.0,,0.0,,,0.0,0.0,
284322,2023,Manchester United,33,29.0,25.0,1939.0,6.945833,False,4.0,,,8.0,5.0,3.0,0.0,1.0,,862.0,15.0,,47.0,12.0,22.0,228.0,120.0,53.0,31.0,,23.0,15.0,3.0,,0.0,,,0.0,0.0,
284322,2024,Manchester United,33,26.0,24.0,1656.0,6.736,False,2.0,,,7.0,2.0,,0.0,0.0,,818.0,14.0,,46.0,2.0,19.0,242.0,109.0,48.0,23.0,,21.0,27.0,5.0,,0.0,,,0.0,0.0,
284322,2025,Manchester United,33,22.0,10.0,1130.0,6.74,False,12.0,2.0,16.0,5.0,2.0,0.0,0.0,2.0,,702.0,17.0,89.0,25.0,5.0,7.0,137.0,65.0,25.0,11.0,,16.0,8.0,0.0,0.0,0.0,,,0.0,0.0,
284323,2022,Manchester United,33,0.0,0.0,0.0,,False,0.0,0.0,0.0,,,0.0,,,,,,,,,,,,,,,,,0.0,0.0,0.0,,,,,
284323,2023,Manchester United,33,0.0,0.0,0.0,,False,0.0,0.0,0.0,,,0.0,,,,,,,,,,,,,,,,,0.0,0.0,0.0,,,,,
284324,2022,Manchester United,33,19.0,5.0,562.0,6.488235,False,14.0,7.0,23.0,17.0,10.0,3.0,0.0,2.0,,185.0,3.0,,5.0,,5.0,97.0,28.0,39.0,12.0,,8.0,8.0,3.0,0.0,0.0,,,0.0,0.0,
284324,2022,Chelsea,49,28.0,16.0,560.0,6.488235,False,12.0,,,17.0,10.0,3.0,0.0,2.0,,185.0,3.0,,5.0,,5.0,97.0,28.0,39.0,12.0,,8.0,8.0,3.0,,0.0,,,0.0,0.0,
284324,2023,Manchester United,33,36.0,30.0,2578.0,7.069444,False,6.0,18.0,8.0,60.0,28.0,7.0,0.0,4.0,,834.0,46.0,,22.0,2.0,18.0,318.0,130.0,111.0,48.0,,54.0,20.0,4.0,0.0,0.0,,,0.0,0.0,
284324,2023,Chelsea,49,38.0,33.0,2593.0,7.069444,False,5.0,,,60.0,28.0,7.0,0.0,4.0,,834.0,46.0,,22.0,2.0,18.0,318.0,130.0,111.0,48.0,,54.0,20.0,4.0,,0.0,,,0.0,0.0,
284324,2024,Manchester United,33,36.0,23.0,2196.0,6.797222,False,13.0,9.0,13.0,55.0,30.0,6.0,0.0,2.0,,750.0,37.0,,30.0,,13.0,265.0,102.0,81.0,26.0,,43.0,12.0,3.0,0.0,0.0,,,0.0,0.0,
284324,2024,Chelsea,49,36.0,29.0,2195.0,6.797222,False,7.0,,,55.0,30.0,6.0,0.0,2.0,,750.0,37.0,,30.0,,13.0,265.0,102.0,81.0,26.0,,43.0,12.0,3.0,,0.0,,,0.0,0.0,
284324,2025,Chelsea,49,21.0,14.0,1155.0,6.8,False,7.0,10.0,15.0,22.0,7.0,1.0,0.0,4.0,,422.0,26.0,87.0,13.0,,4.0,101.0,46.0,31.0,11.0,,19.0,8.0,2.0,0.0,0.0,,,0.0,0.0,
284326,2024,Everton,45,0.0,0.0,0.0,,False,0.0,0.0,0.0,,,0.0,,,,,,,,,,,,,,,,,0.0,0.0,0.0,,,,,
284327,2022,Everton,45,0.0,0.0,0.0,,False,0.0,0.0,5.0,,,0.0,0.0,,,,,,,,,,,,,,,,0.0,0.0,0.0,,,0.0,0.0,
284327,2024,Everton,45,0.0,0.0,0.0,,False,0.0,0.0,1.0,,,0.0,0.0,,,,,,,,,,,,,,,,0.0,0.0,0.0,,,0.0,0.0,
284327,2025,Everton,45,0.0,0.0,,,False,0.0,0.0,8.0,,,0.0,0.0,0.0,,,,,,,,,,,,,,,0.0,0.0,0.0,,,0.0,0.0,
284356,2022,Manchester City,50,1.0,0.0,27.0,7.0,False,1.0,0.0,2.0,,,0.0,0.0,,,24.0,,,4.0,,1.0,7.0,6.0,,,,,,0.0,0.0,0.0,,,0.0,0.0,
284356,2024,Southampton,41,0.0,0.0,0.0,,False,0.0,0.0,0.0,,,0.0,,,,,,,,,,,,,,,,,0.0,0.0,0.0,,,,,
284357,2023,Wolves,39,,,,,False,,,,,,,,,,,,,,,,,,,,,,,,,,,,,,
284357,2024,Wolves,39,0.0,0.0,0.0,,False,0.0,0.0,0.0,,,0.0,,,,,,,,,,,,,,,,,0.0,0.0,0.0,,,,,
284359,2023,Wolves,39,0.0,0.0,0.0,,False,0.0,0.0,1.0,,,0.0,0.0,,,,,,,,,,,,,,,,0.0,0.0,0.0,,,0.0,0.0,
284359,2024,Wolves,39,0.0,0.0,0.0,,False,0.0,0.0,0.0,,,0.0,,,,,,,,,,,,,,,,,0.0,0.0,0.0,,,,,
284361,2023,Manchester United,33,0.0,0.0,0.0,,False,0.0,0.0,1.0,,,0.0,0.0,,,,,,,,,,,,,,,,0.0,0.0,0.0,,,0.0,0.0,0.0
284361,2024,Manchester United,33,0.0,0.0,0.0,,False,0.0,0.0,0.0,,,0.0,,,,,,,,,,,,,,,,,0.0,0.0,0.0,,,,,
284362,2022,Manchester United,33,,,,,False,,,,,,,,,,,,,,,,,,,,,,,,,,,,,,
284363,2022,Manchester United,33,0.0,0.0,0.0,,False,0.0,0.0,1.0,,,0.0,0.0,,,,,,,,,,,,,,,,0.0,0.0,0.0,,,0.0,0.0,
284363,2023,Manchester United,33,0.0,0.0,0.0,,False,0.0,0.0,1.0,,,0.0,0.0,,,,,,,,,,,,,,,,0.0,0.0,0.0,,,0.0,0.0,
284363,2024,Manchester United,33,0.0,0.0,0.0,,False,0.0,0.0,0.0,,,0.0,,,,,,,,,,,,,,,,,0.0,0.0,0.0,,,,,
284366,2022,Liverpool,40,0.0,0.0,0.0,,False,0.0,0.0,1.0,,,0.0,0.0,,,,,,,,,,,,,,,,0.0,0.0,0.0,,,0.0,0.0,
284366,2023,Liverpool,40,0.0,0.0,0.0,,False,0.0,0.0,4.0,,,0.0,0.0,,,,,,,,,,,,,,,,0.0,0.0,0.0,,,0.0,0.0,
284366,2024,Liverpool,40,,,,,False,,,,,,,,,,,,,,,,,,,,,,,,,,,,,,
284367,2023,Liverpool,40,,,,,False,,,,,,,,,,,,,,,,,,,,,,,,,,,,,,
284367,2024,Liverpool,40,,,,,False,,,,,,,,,,,,,,,,,,,,,,,,,,,,,,
284372,2024,Leicester,46,,,,,False,,,,,,,,,,,,,,,,,,,,,,,,,,,,,,
284372,2024,Manchester City,50,,,,,False,,,,,,,,,,,,,,,,,,,,,,,,,,,,,,
284373,2023,Newcastle,34,,,,,False,,,,,,,,,,,,,,,,,,,,,,,,,,,,,,
284373,2024,Newcastle,34,0.0,0.0,0.0,,False,0.0,0.0,0.0,,,0.0,,,,,,,,,,,,,,,,,0.0,0.0,0.0,,,,,
284375,2023,Newcastle,34,,,,,False,,,,,,,,,,,,,,,,,,,,,,,,,,,,,,
284375,2024,Newcastle,34,0.0,0.0,0.0,,False,0.0,0.0,0.0,,,0.0,,,,,,,,,,,,,,,,,0.0,0.0,0.0,,,,,
284382,2023,Manchester United,33,0.0,0.0,0.0,,False,0.0,0.0,1.0,,,0.0,0.0,,,,,,,,,,,,,,,,0.0,0.0,0.0,,,0.0,0.0,0.0
284382,2024,Manchester United,33,0.0,0.0,0.0,,False,0.0,0.0,0.0,,,0.0,0.0,,,,,,,,,,,,,,,,0.0,0.0,0.0,,,0.0,0.0,0.0
284385,2023,Everton,45,0.0,0.0,0.0,,False,0.0,0.0,1.0,,,0.0,0.0,,,,,,,,,,,,,,,,0.0,0.0,0.0,,,0.0,0.0,
284385,2024,Everton,45,0.0,0.0,0.0,,False,0.0,0.0,0.0,,,0.0,,,,,,,,,,,,,,,,,0.0,0.0,0.0,,,,,
284385,2025,Everton,45,0.0,0.0,,,False,0.0,0.0,10.0,,,0.0,0.0,0.0,,,,,,,,,,,,,,,0.0,0.0,0.0,,,0.0,0.0,
284390,2022,Aston Villa,66,0.0,0.0,0.0,,False,0.0,0.0,1.0,,,0.0,0.0,,,,,,,,,,,,,,,,0.0,0.0,0.0,,,0.0,0.0,0.0
284390,2022,Aston Villa,66,0.0,0.0,0.0,,False,0.0,0.0,1.0,,,0.0,0.0,,,,,,,,,,,,,,,,0.0,0.0,0.0,,,0.0,0.0,0.0
284390,2023,Aston Villa,66,0.0,0.0,0.0,,False,0.0,0.0,3.0,,,0.0,0.0,,,,,,,,,,,,,,,,0.0,0.0,0.0,,,0.0,0.0,0.0
284390,2024,Aston Villa,66,,,,,False,,,,,,,,,,,,,,,,,,,,,,,,,,,,,,
284390,2025,Aston Villa,66,0.0,0.0,,,False,0.0,0.0,7.0,,,0.0,0.0,0.0,,,,,,,,,,,,,,,0.0,0.0,0.0,,,0.0,0.0,
284391,2022,Manchester United,33,,,,,False,,,,,,,,,,,,,,,,,,,,,,,,,,,,,,
284391,2024,Manchester United,33,,,,,False,,,,,,,,,,,,,,,,,,,,,,,,,,,,,,
284396,2022,Leicester,46,0.0,0.0,0.0,,False,0.0,0.0,1.0,,,0.0,0.0,,,,,,,,,,,,,,,,0.0,0.0,0.0,,,0.0,0.0,
284400,2023,Manchester United,33,0.0,0.0,0.0,,False,0.0,0.0,7.0,,,0.0,0.0,,,,,,,,,,,,,,,,0.0,0.0,0.0,,,0.0,0.0,
284400,2024,Manchester United,33,17.0,8.0,175.0,7.016666,False,9.0,,,1.0,,,0.0,0.0,,90.0,2.0,,12.0,1.0,2.0,25.0,20.0,2.0,1.0,,4.0,2.0,0.0,,0.0,,,0.0,0.0,
284403,2024,Leicester,46,,,,,False,,,,,,,,,,,,,,,,,,,,,,,,,,,,,,
284404,2023,Chelsea,49,5.0,2.0,1.0,,False,3.0,,,,,,0.0,,,,,,,,,,,,,,,,0.0,,0.0,,,0.0,0.0,
284404,2024,Chelsea,49,,,,,False,,,,,,,,,,,,,,,,,,,,,,,,,,,,,,
284405,2022,Chelsea,49,,,,,False,,,,,,,,,,,,,,,,,,,,,,,,,,,,,,
284406,2022,Chelsea,49,0.0,0.0,0.0,,False,0.0,0.0,1.0,,,0.0,0.0,,,,,,,,,,,,,,,,0.0,0.0,0.0,,,0.0,0.0,
284406,2023,Chelsea,49,11.0,2.0,199.0,6.714285,False,9.0,2.0,23.0,4.0,1.0,1.0,0.0,,,123.0,,,4.0,3.0,3.0,20.0,7.0,1.0,1.0,,,4.0,1.0,0.0,0.0,,,0.0,0.0,
284406,2024,Chelsea,49,0.0,0.0,0.0,,False,0.0,0.0,0.0,,,0.0,,,,,,,,,,,,,,,,,0.0,0.0,0.0,,,,,
284408,2022,Leeds,63,0.0,0.0,0.0,,False,0.0,0.0,2.0,,,0.0,0.0,,,,,,,,,,,,,,,,0.0,0.0,0.0,,,0.0,0.0,
284409,2022,West Ham,48,3.0,0.0,35.0,6.7,False,3.0,0.0,3.0,,,0.0,0.0,,,8.0,1.0,,1.0,,,12.0,5.0,2.0,1.0,,1.0,3.0,0.0,0.0,0.0,,,0.0,0.0,
284409,2023,West Ham,48,5.0,0.0,75.0,6.2,False,5.0,0.0,31.0,,,0.0,0.0,,,22.0,,,,,,11.0,5.0,,,,1.0,1.0,0.0,0.0,0.0,,,0.0,0.0,
284409,2024,West Ham,48,,,,,False,,,,,,,,,,,,,,,,,,,,,,,,,,,,,,
284409,2024,Manchester City,50,1.0,0.0,27.0,6.2,False,1.0,0.0,5.0,,,0.0,0.0,0.0,,3.0,,,,,,2.0,,,,,,,0.0,0.0,0.0,,,0.0,0.0,
284414,2022,Tottenham,47,0.0,0.0,0.0,,False,0.0,0.0,5.0,,,0.0,0.0,,,,,,,,,,,,,,,,0.0,0.0,0.0,,,0.0,0.0,
284414,2025,Sunderland,746,14.0,2.0,412.0,6.5,False,12.0,2.0,13.0,5.0,2.0,0.0,0.0,0.0,,104.0,1.0,85.0,5.0,,1.0,63.0,24.0,15.0,7.0,,8.0,7.0,1.0,0.0,0.0,,,0.0,0.0,
284415,2022,Tottenham,47,0.0,0.0,0.0,,False,0.0,0.0,1.0,,,0.0,0.0,,,,,,,,,,,,,,,,0.0,0.0,0.0,,,0.0,0.0,
284415,2023,Tottenham,47,0.0,0.0,0.0,,False,0.0,0.0,3.0,,,0.0,0.0,,,,,,,,,,,,,,,,0.0,0.0,0.0,,,0.0,0.0,
284415,2024,Tottenham,47,0.0,0.0,0.0,,False,0.0,0.0,0.0,,,0.0,,,,,,,,,,,,,,,,,0.0,0.0,0.0,,,,,
284416,2023,Crystal Palace,52,0.0,0.0,0.0,,False,0.0,0.0,2.0,,,0.0,0.0,,,,,,,,,,,,,,,,0.0,0.0,0.0,,,0.0,0.0,
284416,2024,Crystal Palace,52,0.0,0.0,0.0,,False,0.0,0.0,0.0,,,0.0,,,,,,,,,,,,,,,,,0.0,0.0,0.0,,,,,
284417,2024,Tottenham,47,0.0,0.0,0.0,,False,0.0,0.0,2.0,,,0.0,0.0,,,,,,,,,,,,,,,,0.0,0.0,0.0,,,0.0,0.0,
284418,2022,Tottenham,47,0.0,0.0,0.0,,False,0.0,0.0,0.0,,,0.0,,,,,,,,,,,,,,,,,0.0,0.0,0.0,,,,,
284419,2022,West Ham,48,0.0,0.0,0.0,,False,0.0,0.0,0.0,,,0.0,,,,,,,,,,,,,,,,,0.0,0.0,0.0,,,,,
284423,2022,Southampton,41,0.0,0.0,0.0,,False,0.0,0.0,2.0,,,0.0,0.0,,,,,,,,,,,,,,,,0.0,0.0,0.0,,,0.0,0.0,
284424,2022,Southampton,41,0.0,0.0,0.0,,False,0.0,0.0,0.0,,,0.0,,,,,,,,,,,,,,,,,0.0,0.0,0.0,,,,,
284427,2022,Southampton,41,0.0,0.0,0.0,,False,0.0,0.0,2.0,,,0.0,0.0,,,,,,,,,,,,,,,,0.0,0.0,0.0,,,0.0,0.0,
284428,2022,Chelsea,49,1.0,0.0,22.0,6.3,False,1.0,0.0,5.0,,,0.0,0.0,,,11.0,1.0,,,,1.0,1.0,,,,,,,0.0,0.0,0.0,,,0.0,0.0,
284428,2023,Chelsea,49,0.0,0.0,0.0,,False,0.0,0.0,0.0,,,0.0,,,,,,,,,,,,,,,,,0.0,0.0,0.0,,,,,
284428,2024,Chelsea,49,,,,,False,,,,,,,,,,,,,,,,,,,,,,,,,,,,,,
284428,2024,Ipswich,57,31.0,30.0,2594.0,6.638709,False,1.0,12.0,2.0,28.0,19.0,3.0,0.0,2.0,,788.0,31.0,,32.0,2.0,11.0,348.0,135.0,119.0,51.0,,46.0,30.0,5.0,0.0,0.0,,,0.0,0.0,
284428,2025,Nottingham Forest,65,25.0,13.0,1356.0,6.75,False,12.0,5.0,17.0,16.0,10.0,1.0,0.0,3.0,,431.0,26.0,82.0,18.0,,9.0,182.0,76.0,65.0,35.0,,19.0,19.0,1.0,0.0,0.0,1.0,,0.0,0.0,
284439,2022,Arsenal,42,0.0,0.0,0.0,,False,0.0,0.0,1.0,,,0.0,0.0,,,,,,,,,,,,,,,,0.0,0.0,0.0,,,0.0,0.0,
284439,2023,Arsenal,42,,,,,False,,,,,,,,,,,,,,,,,,,,,,,,,,,,,,
284439,2023,Aston Villa,66,,,,,False,,,,,,,,,,,,,,,,,,,,,,,,,,,,,,
284439,2024,Aston Villa,66,,,,,False,,,,,,,,,,,,,,,,,,,,,,,,,,,,,,
284444,2024,West Ham,48,,,,,False,,,,,,,,,,,,,,,,,,,,,,,,,,,,,,
284446,2022,West Ham,48,0.0,0.0,0.0,,False,0.0,0.0,0.0,,,0.0,,,,,,,,,,,,,,,,,0.0,0.0,0.0,,,,,
284446,2023,West Ham,48,,,,,False,,,,,,,,,,,,,,,,,,,,,,,,,,,,,,
284446,2024,West Ham,48,0.0,0.0,0.0,,False,0.0,0.0,0.0,,,0.0,,,,,,,,,,,,,,,,,0.0,0.0,0.0,,,,,
284446,2025,West Ham,48,21.0,12.0,1156.0,6.82,False,9.0,8.0,16.0,1.0,1.0,0.0,0.0,1.0,,527.0,8.0,83.0,27.0,3.0,16.0,109.0,63.0,8.0,2.0,,14.0,15.0,1.0,0.0,0.0,,,0.0,0.0,
284449,2022,Crystal Palace,52,0.0,0.0,0.0,,False,0.0,0.0,0.0,,,0.0,,,,,,,,,,,,,,,,,0.0,0.0,0.0,,,,,
284449,2023,Crystal Palace,52,6.0,2.0,140.0,6.775,False,4.0,,,1.0,1.0,,0.0,,,47.0,2.0,,4.0,,3.0,26.0,15.0,9.0,4.0,,5.0,1.0,0.0,,0.0,,,0.0,0.0,
284449,2024,Crystal Palace,52,0.0,0.0,0.0,,False,0.0,0.0,0.0,,,0.0,,,,,,,,,,,,,,,,,0.0,0.0,0.0,,,,,
284449,2025,Crystal Palace,52,0.0,0.0,,,False,0.0,0.0,1.0,,,0.0,0.0,0.0,,,,,,,,,,,,,,,0.0,0.0,0.0,,,0.0,0.0,
284457,2022,Aston Villa,66,0.0,0.0,0.0,,False,0.0,0.0,3.0,,,0.0,0.0,,,,,,,,,,,,,,,,0.0,0.0,0.0,,,0.0,0.0,
284457,2022,Aston Villa,66,0.0,0.0,0.0,,False,0.0,0.0,3.0,,,0.0,0.0,,,,,,,,,,,,,,,,0.0,0.0,0.0,,,0.0,0.0,
284457,2023,Aston Villa,66,,,,,False,,,,,,,,,,,,,,,,,,,,,,,,,,,,,,
284457,2024,Aston Villa,66,8.0,5.0,476.0,6.55,False,3.0,3.0,17.0,1.0,1.0,0.0,0.0,0.0,,253.0,2.0,,14.0,3.0,1.0,62.0,33.0,3.0,2.0,,11.0,8.0,2.0,0.0,0.0,,,0.0,0.0,
284457,2025,Aston Villa,66,24.0,8.0,857.0,6.56,False,16.0,5.0,24.0,,,0.0,0.0,0.0,,423.0,2.0,89.0,20.0,5.0,3.0,92.0,47.0,7.0,2.0,,17.0,14.0,5.0,0.0,0.0,,,0.0,0.0,
284459,2022,Chelsea,49,,,,,False,,,,,,,,,,,,,,,,,,,,,,,,,,,,,,
284463,2024,Arsenal,42,0.0,0.0,0.0,,False,0.0,0.0,6.0,,,0.0,0.0,,,,,,,,,,,,,,,,0.0,0.0,0.0,,,0.0,0.0,
284464,2022,Crystal Palace,52,,,,,False,,,,,,,,,,,,,,,,,,,,,,,,,,,,,,
284466,2023,Arsenal,42,,,,,False,,,,,,,,,,,,,,,,,,,,,,,,,,,,,,
284470,2022,Fulham,36,0.0,0.0,0.0,,False,0.0,0.0,2.0,,,0.0,0.0,,,,,,,,,,,,,,,,0.0,0.0,0.0,,,0.0,0.0,
284470,2023,Fulham,36,0.0,0.0,0.0,,False,0.0,0.0,1.0,,,0.0,0.0,,,,,,,,,,,,,,,,0.0,0.0,0.0,,,0.0,0.0,
284470,2024,Fulham,36,,,,,False,,,,,,,,,,,,,,,,,,,,,,,,,,,,,,
284471,2022,Fulham,36,0.0,0.0,0.0,,False,0.0,0.0,1.0,,,0.0,0.0,,,,,,,,,,,,,,,,0.0,0.0,0.0,,,0.0,0.0,
284471,2023,Fulham,36,,,,,False,,,,,,,,,,,,,,,,,,,,,,,,,,,,,,
284474,2022,Brentford,55,0.0,0.0,0.0,,False,0.0,0.0,1.0,,,0.0,0.0,,,,,,,,,,,,,,,,0.0,0.0,0.0,,,0.0,0.0,
284474,2023,Brentford,55,8.0,0.0,51.0,6.4625,False,8.0,0.0,17.0,2.0,1.0,0.0,0.0,,,32.0,,,3.0,,1.0,23.0,9.0,10.0,3.0,,2.0,2.0,0.0,0.0,0.0,,,0.0,0.0,
284475,2022,Fulham,36,3.0,0.0,10.0,6.3,False,3.0,0.0,23.0,,,0.0,0.0,,,13.0,,,,,,2.0,,,,,,1.0,0.0,0.0,0.0,,,0.0,0.0,
284475,2023,Fulham,36,5.0,3.0,74.0,5.9,False,2.0,,,1.0,1.0,,0.0,,,14.0,,,1.0,,,8.0,3.0,2.0,,,2.0,2.0,0.0,,0.0,,,0.0,0.0,
284475,2024,Fulham,36,0.0,0.0,0.0,,False,0.0,0.0,0.0,,,0.0,,,,,,,,,,,,,,,,,0.0,0.0,0.0,,,,,
284487,2022,Leicester,46,0.0,0.0,0.0,,False,0.0,0.0,4.0,,,0.0,0.0,,,,,,,,,,,,,,,,0.0,0.0,0.0,,,0.0,0.0,
284487,2024,Leicester,46,0.0,0.0,0.0,,False,0.0,0.0,0.0,,,0.0,,,,,,,,,,,,,,,,,0.0,0.0,0.0,,,,,
284492,2022,Chelsea,49,9.0,8.0,658.0,6.966666,False,1.0,5.0,6.0,9.0,5.0,0.0,0.0,,,355.0,14.0,,23.0,,11.0,87.0,52.0,24.0,11.0,,11.0,3.0,1.0,0.0,0.0,,,0.0,0.0,
284492,2023,Newcastle,34,18.0,8.0,777.0,6.761111,False,10.0,5.0,25.0,5.0,4.0,1.0,0.0,0.0,,469.0,3.0,,28.0,2.0,13.0,98.0,51.0,15.0,8.0,,5.0,5.0,2.0,0.0,0.0,,,0.0,0.0,
284492,2023,Chelsea,49,0.0,0.0,0.0,6.761111,False,0.0,0.0,0.0,5.0,4.0,0.0,0.0,0.0,,469.0,3.0,,28.0,2.0,13.0,98.0,51.0,15.0,8.0,,5.0,5.0,0.0,0.0,0.0,,,0.0,0.0,
284492,2024,Chelsea,49,,,,,False,,,,,,,,,,,,,,,,,,,,,,,,,,,,,,
284492,2024,Newcastle,34,27.0,24.0,2192.0,7.274074,False,3.0,6.0,3.0,7.0,1.0,0.0,0.0,4.0,,1313.0,34.0,41.0,58.0,18.0,18.0,221.0,120.0,18.0,11.0,,21.0,9.0,3.0,0.0,0.0,,,0.0,0.0,
284492,2025,Newcastle,34,25.0,20.0,1842.0,6.92,False,5.0,4.0,8.0,12.0,5.0,1.0,0.0,1.0,,1070.0,21.0,85.0,46.0,12.0,25.0,250.0,142.0,61.0,34.0,,36.0,15.0,3.0,0.0,0.0,,,0.0,0.0,
284493,2022,Crystal Palace,52,0.0,0.0,0.0,,False,0.0,0.0,2.0,,,0.0,0.0,,,,,,,,,,,,,,,,0.0,0.0,0.0,,,0.0,0.0,
284493,2023,Crystal Palace,52,0.0,0.0,0.0,,False,0.0,0.0,3.0,,,0.0,0.0,,,,,,,,,,,,,,,,0.0,0.0,0.0,,,0.0,0.0,
284493,2024,Crystal Palace,52,,,,,False,,,,,,,,,,,,,,,,,,,,,,,,,,,,,,
284493,2024,Crystal Palace U21,17000,0.0,0.0,0.0,,False,0.0,0.0,0.0,,,0.0,,,,,,,,,,,,,,,,,0.0,0.0,0.0,,,,,
284500,2022,Aston Villa,66,0.0,0.0,0.0,,False,0.0,0.0,2.0,,,0.0,0.0,,,,,,,,,,,,,,,,0.0,0.0,0.0,,,0.0,0.0,
284500,2023,Aston Villa,66,9.0,1.0,157.0,6.4125,False,8.0,1.0,24.0,,,0.0,0.0,0.0,,55.0,,,7.0,,2.0,33.0,14.0,5.0,3.0,,3.0,9.0,0.0,0.0,0.0,,,0.0,0.0,
284500,2024,Aston Villa,66,,,,,False,,,,,,,,,,,,,,,,,,,,,,,,,,,,,,
284500,2024,Everton,45,18.0,5.0,563.0,6.623529,False,13.0,2.0,17.0,3.0,,0.0,0.0,1.0,,155.0,3.0,,29.0,4.0,16.0,114.0,60.0,16.0,8.0,,12.0,15.0,4.0,0.0,0.0,,,0.0,0.0,
284500,2025,Everton,45,24.0,13.0,1144.0,6.8,False,11.0,8.0,16.0,6.0,1.0,0.0,0.0,2.0,,371.0,6.0,80.0,54.0,8.0,19.0,172.0,94.0,26.0,8.0,,19.0,22.0,8.0,0.0,0.0,1.0,,0.0,0.0,
284502,2023,Arsenal,42,0.0,0.0,0.0,,False,0.0,0.0,1.0,,,0.0,0.0,,,,,,,,,,,,,,,,0.0,0.0,0.0,,,0.0,0.0,
284502,2024,Arsenal,42,,,,,False,,,,,,,,,,,,,,,,,,,,,,,,,,,,,,
284523,2022,Aston Villa,66,0.0,0.0,0.0,,False,0.0,0.0,1.0,,,0.0,0.0,,,,,,,,,,,,,,,,0.0,0.0,0.0,,,0.0,0.0,
284523,2023,Aston Villa,66,,,,,False,,,,,,,,,,,,,,,,,,,,,,,,,,,,,,
284523,2024,Aston Villa,66,0.0,0.0,0.0,,False,0.0,0.0,5.0,,,0.0,0.0,,,,,,,,,,,,,,,,0.0,0.0,0.0,,,0.0,0.0,
284530,2024,Leicester,46,0.0,0.0,0.0,,False,0.0,0.0,0.0,,,0.0,,,,,,,,,,,,,,,,,0.0,0.0,0.0,,,,,
284531,2023,Brighton,51,0.0,0.0,0.0,,False,0.0,0.0,1.0,,,0.0,0.0,,,,,,,,,,,,,,,,0.0,0.0,0.0,,,0.0,0.0,
284531,2024,Brighton,51,,,,,False,,,,,,,,,,,,,,,,,,,,,,,,,,,,,,
284532,2023,Chelsea,49,0.0,0.0,0.0,,False,0.0,0.0,1.0,,,0.0,0.0,,,,,,,,,,,,,,,,0.0,0.0,0.0,,,0.0,0.0,
284532,2024,Chelsea,49,,,,,False,,,,,,,,,,,,,,,,,,,,,,,,,,,,,,
284536,2023,West Ham,48,,,,,False,,,,,,,,,,,,,,,,,,,,,,,,,,,,,,
284536,2024,West Ham,48,,,,,False,,,,,,,,,,,,,,,,,,,,,,,,,,,,,,
284539,2022,Arsenal,42,,,,,False,,,,,,,,,,,,,,,,,,,,,,,,,,,,,,
284539,2024,Manchester United,33,0.0,0.0,0.0,,False,0.0,0.0,2.0,,,0.0,0.0,,,,,,,,,,,,,,,,0.0,0.0,0.0,,,0.0,0.0,0.0
284540,2022,Arsenal,42,0.0,0.0,0.0,,False,0.0,0.0,2.0,,,0.0,0.0,,,,,,,,,,,,,,,,0.0,0.0,0.0,,,0.0,0.0,
284540,2023,Arsenal,42,0.0,0.0,0.0,,False,0.0,0.0,2.0,,,0.0,0.0,,,,,,,,,,,,,,,,0.0,0.0,0.0,,,0.0,0.0,
284540,2024,Arsenal,42,,,,,False,,,,,,,,,,,,,,,,,,,,,,,,,,,,,,
284549,2022,Crystal Palace,52,2.0,2.0,180.0,6.35,False,0.0,0.0,12.0,,,0.0,5.0,,5.0,75.0,,,,,,,,,,,,,0.0,0.0,0.0,,,0.0,0.0,0.0
284549,2023,Crystal Palace,52,0.0,0.0,0.0,,False,0.0,0.0,1.0,,,0.0,0.0,,,,,,,,,,,,,,,,0.0,0.0,0.0,,,0.0,0.0,0.0
284549,2024,Crystal Palace,52,0.0,0.0,0.0,,False,0.0,0.0,0.0,,,0.0,,,,,,,,,,,,,,,,,0.0,0.0,0.0,,,,,
284551,2022,Crystal Palace,52,0.0,0.0,0.0,,False,0.0,0.0,2.0,,,0.0,0.0,,,,,,,,,,,,,,,,0.0,0.0,0.0,,,0.0,0.0,
284551,2023,Crystal Palace,52,0.0,0.0,0.0,,False,0.0,0.0,0.0,,,0.0,,,,,,,,,,,,,,,,,0.0,0.0,0.0,,,,,
284551,2024,Crystal Palace,52,0.0,0.0,0.0,,False,0.0,0.0,0.0,,,0.0,,,,,,,,,,,,,,,,,0.0,0.0,0.0,,,,,
284554,2022,Crystal Palace,52,0.0,0.0,0.0,,False,0.0,0.0,4.0,,,0.0,0.0,,,,,,,,,,,,,,,,0.0,0.0,0.0,,,0.0,0.0,0.0
284554,2023,Crystal Palace,52,0.0,0.0,0.0,,False,0.0,0.0,0.0,,,0.0,,,,,,,,,,,,,,,,,0.0,0.0,0.0,,,,,
284554,2024,Crystal Palace,52,,,,,False,,,,,,,,,,,,,,,,,,,,,,,,,,,,,,
284556,2022,Aston Villa,66,0.0,0.0,0.0,,False,0.0,0.0,2.0,,,0.0,0.0,,,,,,,,,,,,,,,,0.0,0.0,0.0,,,0.0,0.0,
284556,2023,Aston Villa,66,0.0,0.0,0.0,,False,0.0,0.0,1.0,,,0.0,0.0,,,,,,,,,,,,,,,,0.0,0.0,0.0,,,0.0,0.0,
284556,2024,Aston Villa,66,0.0,0.0,0.0,,False,0.0,0.0,0.0,,,0.0,,,,,,,,,,,,,,,,,0.0,0.0,0.0,,,,,
284557,2022,Arsenal,42,,,,,False,,,,,,,,,,,,,,,,,,,,,,,,,,,,,,
284557,2024,Arsenal,42,0.0,0.0,0.0,,False,0.0,0.0,0.0,,,0.0,,,,,,,,,,,,,,,,,0.0,0.0,0.0,,,,,
284559,2023,Fulham,36,,,,,False,,,,,,,,,,,,,,,,,,,,,,,,,,,,,,
284559,2024,Fulham,36,0.0,0.0,0.0,,False,0.0,0.0,0.0,,,0.0,,,,,,,,,,,,,,,,,0.0,0.0,0.0,,,,,
284571,2023,Arsenal,42,0.0,0.0,0.0,,False,0.0,0.0,1.0,,,0.0,0.0,,,,,,,,,,,,,,,,0.0,0.0,0.0,,,0.0,0.0,
284571,2024,Arsenal,42,,,,,False,,,,,,,,,,,,,,,,,,,,,,,,,,,,,,
284797,2022,Bournemouth,35,19.0,15.0,1245.0,6.816666,False,4.0,8.0,4.0,18.0,5.0,1.0,0.0,3.0,,295.0,18.0,,28.0,3.0,13.0,216.0,104.0,68.0,31.0,,15.0,6.0,1.0,0.0,0.0,,,0.0,0.0,
284797,2022,Brentford,55,19.0,17.0,1244.0,6.816666,False,2.0,,,18.0,5.0,1.0,0.0,3.0,,295.0,18.0,,28.0,3.0,13.0,216.0,104.0,68.0,31.0,,15.0,6.0,1.0,,0.0,,,0.0,0.0,
284797,2023,Bournemouth,35,30.0,12.0,1219.0,6.851724,False,18.0,8.0,20.0,20.0,7.0,1.0,0.0,2.0,,448.0,17.0,,45.0,3.0,22.0,208.0,118.0,41.0,21.0,,17.0,15.0,3.0,0.0,0.0,,,0.0,0.0,
284797,2023,Brentford,55,32.0,23.0,1234.0,6.851724,False,9.0,,,20.0,7.0,1.0,0.0,2.0,,448.0,17.0,,45.0,3.0,22.0,208.0,118.0,41.0,21.0,,17.0,15.0,3.0,,0.0,,,0.0,0.0,
284797,2024,Bournemouth,35,32.0,21.0,2007.0,7.071875,False,11.0,14.0,11.0,48.0,20.0,7.0,0.0,4.0,,495.0,35.0,,35.0,10.0,11.0,306.0,138.0,73.0,39.0,,19.0,16.0,3.0,0.0,0.0,,,0.0,0.0,
284797,2024,Brentford,55,32.0,28.0,2014.0,7.071875,False,4.0,,,48.0,20.0,7.0,0.0,4.0,,495.0,35.0,,35.0,10.0,11.0,306.0,138.0,73.0,39.0,,19.0,16.0,3.0,,0.0,,,0.0,0.0,
284797,2025,Brentford,55,26.0,20.0,1808.0,6.83,False,6.0,12.0,6.0,26.0,13.0,5.0,0.0,3.0,,391.0,22.0,61.0,18.0,,23.0,262.0,113.0,65.0,18.0,,32.0,23.0,4.0,0.0,0.0,4.0,,0.0,0.0,
286373,2022,Vitesse,200,0.0,0.0,0.0,,False,0.0,0.0,0.0,,,0.0,,,,,,,,,,,,,,,,,0.0,0.0,0.0,,,,,
286458,2023,Crystal Palace,52,0.0,0.0,0.0,,False,0.0,0.0,0.0,,,0.0,,,,,,,,,,,,,,,,,0.0,0.0,0.0,,,,,
286458,2024,Crystal Palace,52,23.0,4.0,493.0,6.629411,False,19.0,4.0,26.0,7.0,6.0,1.0,0.0,1.0,,186.0,7.0,,17.0,1.0,,58.0,21.0,4.0,2.0,,,8.0,1.0,0.0,0.0,,,0.0,0.0,
286458,2025,Crystal Palace,52,18.0,5.0,638.0,6.44,False,13.0,4.0,24.0,9.0,4.0,1.0,0.0,0.0,,196.0,7.0,71.0,16.0,,,91.0,30.0,12.0,2.0,,6.0,10.0,0.0,0.0,0.0,,,1.0,0.0,
286616,2024,Chelsea,49,6.0,6.0,540.0,6.766666,False,0.0,0.0,31.0,,,0.0,9.0,0.0,20.0,170.0,,,,,,2.0,1.0,,,,1.0,1.0,0.0,0.0,0.0,,,0.0,0.0,0.0
286616,2025,Chelsea,49,3.0,2.0,264.0,6.93,False,1.0,0.0,22.0,,,0.0,4.0,0.0,6.0,133.0,,81.0,,,1.0,2.0,1.0,,,,,,0.0,0.0,0.0,,,0.0,0.0,0.0
286764,2022,Liverpool,40,,,,,False,,,,,,,,,,,,,,,,,,,,,,,,,,,,,,
286764,2023,Liverpool,40,2.0,1.0,1.0,,False,1.0,,,,,,0.0,,,1.0,,,,,,1.0,1.0,,,,,,0.0,,0.0,,,0.0,0.0,
286764,2024,Liverpool,40,0.0,0.0,0.0,,False,0.0,0.0,0.0,,,0.0,,,,,,,,,,,,,,,,,0.0,0.0,0.0,,,,,
286773,2023,Chelsea,49,0.0,0.0,0.0,,False,0.0,0.0,4.0,,,0.0,0.0,,,,,,,,,,,,,,,,0.0,0.0,0.0,,,0.0,0.0,
286773,2024,Chelsea,49,,,,,False,,,,,,,,,,,,,,,,,,,,,,,,,,,,,,
286774,2023,Chelsea,49,0.0,0.0,0.0,,False,0.0,0.0,1.0,,,0.0,0.0,,,,,,,,,,,,,,,,0.0,0.0,0.0,,,0.0,0.0,
286774,2024,Chelsea,49,0.0,0.0,0.0,,False,0.0,0.0,0.0,,,0.0,,,,,,,,,,,,,,,,,0.0,0.0,0.0,,,,,
286894,2025,Chelsea,49,16.0,5.0,495.0,6.6,False,11.0,4.0,17.0,4.0,2.0,0.0,0.0,2.0,,149.0,9.0,79.0,8.0,1.0,2.0,59.0,32.0,21.0,13.0,,8.0,6.0,0.0,0.0,0.0,,,0.0,0.0,
287109,2023,Liverpool,40,3.0,0.0,1.0,6.2,False,3.0,0.0,18.0,,,0.0,0.0,,,6.0,,,,,1.0,2.0,1.0,,,,1.0,1.0,0.0,0.0,0.0,,,0.0,0.0,
287109,2024,Liverpool,40,0.0,0.0,0.0,,False,0.0,0.0,4.0,,,0.0,0.0,,,,,,,,,,,,,,,,0.0,0.0,0.0,,,0.0,0.0,
287111,2022,Liverpool,40,0.0,0.0,0.0,,False,0.0,0.0,0.0,,,0.0,,,,,,,,,,,,,,,,,0.0,0.0,0.0,,,,,
287111,2023,Liverpool,40,0.0,0.0,0.0,,False,0.0,0.0,1.0,,,0.0,0.0,,,,,,,,,,,,,,,,0.0,0.0,0.0,,,0.0,0.0,0.0
287111,2024,Liverpool,40,,,,,False,,,,,,,,,,,,,,,,,,,,,,,,,,,,,,
287868,2023,Chelsea,49,,,,,False,,,,,,,,,,,,,,,,,,,,,,,,,,,,,,
287868,2024,Chelsea,49,0.0,0.0,0.0,,False,0.0,0.0,0.0,,,0.0,,,,,,,,,,,,,,,,,0.0,0.0,0.0,,,,,
287868,2025,Chelsea,49,0.0,0.0,,,False,0.0,0.0,1.0,,,0.0,0.0,0.0,,,,,,,,,,,,,,,0.0,0.0,0.0,,,0.0,0.0,
288006,2023,Manchester United,33,30.0,28.0,2169.0,6.836666,False,2.0,,,33.0,21.0,10.0,0.0,2.0,,391.0,28.0,,11.0,1.0,1.0,223.0,84.0,36.0,18.0,,30.0,20.0,2.0,,0.0,,,0.0,0.0,
288006,2024,Manchester United,33,34.0,28.0,2022.0,6.5625,False,6.0,,,25.0,13.0,4.0,0.0,0.0,,325.0,16.0,,3.0,,2.0,241.0,71.0,30.0,9.0,,28.0,17.0,2.0,,0.0,,,0.0,0.0,
288055,2023,Chelsea,49,,,,,False,,,,,,,,,,,,,,,,,,,,,,,,,,,,,,
288055,2024,Chelsea,49,0.0,0.0,0.0,,False,0.0,0.0,0.0,,,0.0,,,,,,,,,,,,,,,,,0.0,0.0,0.0,,,,,
288102,2023,Crystal Palace,52,16.0,16.0,1305.0,7.11875,False,0.0,,,7.0,1.0,,0.0,3.0,,563.0,21.0,,48.0,3.0,20.0,145.0,79.0,5.0,3.0,,21.0,18.0,2.0,,0.0,,,0.0,0.0,
288102,2024,Crystal Palace,52,21.0,20.0,1336.0,6.965,False,1.0,,,10.0,5.0,,0.0,2.0,,677.0,26.0,,34.0,2.0,20.0,138.0,64.0,10.0,2.0,,21.0,12.0,2.0,,0.0,,,0.0,0.0,
288102,2025,Crystal Palace,52,28.0,26.0,2200.0,7.08,False,2.0,13.0,2.0,12.0,4.0,0.0,0.0,5.0,,1048.0,32.0,79.0,60.0,3.0,23.0,241.0,119.0,24.0,11.0,,26.0,29.0,5.0,1.0,0.0,,1.0,0.0,0.0,
288106,2022,Manchester United,33,0.0,0.0,0.0,,False,0.0,0.0,1.0,,,0.0,0.0,,,,,,,,,,,,,,,,0.0,0.0,0.0,,,0.0,0.0,
288106,2023,Manchester United,33,0.0,0.0,0.0,,False,0.0,0.0,0.0,,,0.0,,,,,,,,,,,,,,,,,0.0,0.0,0.0,,,,,
288107,2023,Manchester United,33,,,,,False,,,,,,,,,,,,,,,,,,,,,,,,,,,,,,
288109,2022,Manchester City,50,0.0,0.0,0.0,,False,0.0,0.0,2.0,,,0.0,0.0,,,,,,,,,,,,,,,,0.0,0.0,0.0,,,0.0,0.0,
288109,2024,Manchester City,50,,,,,False,,,,,,,,,,,,,,,,,,,,,,,,,,,,,,
288112,2023,Manchester United,33,16.0,10.0,336.0,6.371428,False,6.0,,,,,,0.0,,,191.0,,,3.0,3.0,4.0,22.0,11.0,2.0,,,2.0,4.0,1.0,,0.0,,,0.0,0.0,
288112,2024,Manchester United,33,0.0,0.0,0.0,,False,0.0,0.0,0.0,,,0.0,,,,,,,,,,,,,,,,,0.0,0.0,0.0,,,,,
288115,2022,Wolves,39,,,,,False,,,,,,,,,,,,,,,,,,,,,,,,,,,,,,
288116,2022,West Ham,48,0.0,0.0,0.0,,False,0.0,0.0,1.0,,,0.0,0.0,,,,,,,,,,,,,,,,0.0,0.0,0.0,,,0.0,0.0,
288116,2023,West Ham,48,8.0,4.0,1.0,,False,4.0,,,,,,0.0,,,,,,,,,1.0,1.0,,,,,,0.0,,0.0,,,0.0,0.0,
288116,2024,West Ham,48,8.0,5.0,1.0,,False,3.0,,,,,,0.0,0.0,,,,,,,,1.0,1.0,,,,,,0.0,,0.0,,,0.0,0.0,
288118,2022,West Ham,48,0.0,0.0,0.0,,False,0.0,0.0,0.0,,,0.0,,,,,,,,,,,,,,,,,0.0,0.0,0.0,,,,,
288118,2023,West Ham,48,0.0,0.0,0.0,,False,0.0,0.0,4.0,,,0.0,0.0,,,,,,,,,,,,,,,,0.0,0.0,0.0,,,0.0,0.0,
288118,2024,West Ham,48,5.0,3.0,47.0,6.8,False,2.0,,,1.0,,,0.0,0.0,,37.0,2.0,,,,1.0,1.0,,,,,,,0.0,,0.0,,,0.0,0.0,
288121,2022,Fulham,36,0.0,0.0,0.0,,False,0.0,0.0,0.0,,,0.0,,,,,,,,,,,,,,,,,0.0,0.0,0.0,,,,,
288125,2022,West Ham,48,0.0,0.0,0.0,,False,0.0,0.0,0.0,,,0.0,,,,,,,,,,,,,,,,,0.0,0.0,0.0,,,,,
288125,2024,West Ham,48,,,,,False,,,,,,,,,,,,,,,,,,,,,,,,,,,,,,
288129,2025,Fulham,36,0.0,0.0,,,False,0.0,0.0,1.0,,,0.0,0.0,0.0,,,,,,,,,,,,,,,0.0,0.0,0.0,,,0.0,0.0,
288279,2022,West Ham,48,0.0,0.0,0.0,,False,0.0,0.0,0.0,,,0.0,,,,,,,,,,,,,,,,,0.0,0.0,0.0,,,,,
288279,2023,West Ham,48,0.0,0.0,0.0,,False,0.0,0.0,0.0,,,0.0,,,,,,,,,,,,,,,,,0.0,0.0,0.0,,,,,
288699,2022,Manchester City,50,1.0,0.0,18.0,6.2,False,1.0,0.0,5.0,,,0.0,0.0,,,20.0,,,,,,,,,,,,,0.0,0.0,0.0,,,0.0,0.0,
288699,2023,Manchester City,50,0.0,0.0,0.0,,False,0.0,0.0,1.0,,,0.0,0.0,,,,,,,,,,,,,,,,0.0,0.0,0.0,,,0.0,0.0,
288699,2024,Manchester City,50,0.0,0.0,0.0,,False,0.0,0.0,0.0,,,0.0,,,,,,,,,,,,,,,,,0.0,0.0,0.0,,,,,
289472,2024,Estudiantes L.P.,450,0.0,0.0,0.0,,False,0.0,0.0,0.0,,,0.0,,,,,,,,,,,,,,,,,0.0,0.0,0.0,,,,,
289608,2022,Leeds,63,0.0,0.0,0.0,,False,0.0,0.0,0.0,,,0.0,,,,,,,,,,,,,,,,,0.0,0.0,0.0,,,,,
289618,2023,Chelsea,49,1.0,0.0,0.0,,False,1.0,0.0,13.0,,,0.0,0.0,,,,,,,,,1.0,,,,,,,0.0,0.0,0.0,,,0.0,0.0,
289618,2024,Chelsea,49,0.0,0.0,0.0,,False,0.0,0.0,0.0,,,0.0,,,,,,,,,,,,,,,,,0.0,0.0,0.0,,,,,
289624,2022,Leicester,46,0.0,0.0,0.0,,False,0.0,0.0,3.0,,,0.0,0.0,,,,,,,,,,,,,,,,0.0,0.0,0.0,,,0.0,0.0,
289624,2024,Leicester,46,0.0,0.0,0.0,,False,0.0,0.0,0.0,,,0.0,0.0,,,,,,,,,,,,,,,,0.0,0.0,0.0,,,0.0,0.0,
290545,2025,Sunderland,746,2.0,1.0,134.0,6.95,False,1.0,1.0,2.0,,,0.0,0.0,0.0,,109.0,,88.0,4.0,1.0,,14.0,10.0,,,,1.0,1.0,0.0,0.0,0.0,,,0.0,0.0,
290962,2022,Bournemouth,35,0.0,0.0,0.0,,False,0.0,0.0,1.0,,,0.0,0.0,,,,,,,,,,,,,,,,0.0,0.0,0.0,,,0.0,0.0,
290962,2023,Bournemouth,35,0.0,0.0,0.0,,False,0.0,0.0,4.0,,,0.0,0.0,,,,,,,,,,,,,,,,0.0,0.0,0.0,,,0.0,0.0,
291022,2022,Tottenham,47,,,,,False,,,,,,,,,,,,,,,,,,,,,,,,,,,,,,
291022,2023,Tottenham,47,,,,,False,,,,,,,,,,,,,,,,,,,,,,,,,,,,,,
291363,2023,West Ham,48,3.0,0.0,32.0,6.7,False,3.0,1.0,9.0,1.0,1.0,1.0,0.0,0.0,,17.0,,,,,1.0,2.0,,,,,,1.0,0.0,0.0,0.0,,,0.0,0.0,
291363,2024,West Ham,48,0.0,0.0,0.0,,False,0.0,0.0,0.0,,,0.0,,,,,,,,,,,,,,,,,0.0,0.0,0.0,,,,,
291363,2025,West Ham,48,1.0,0.0,8.0,6.5,False,1.0,0.0,6.0,,,0.0,0.0,0.0,,3.0,,100.0,,,,,,,,,,,0.0,0.0,0.0,,,0.0,0.0,
291476,2022,Chelsea,49,3.0,2.0,68.0,6.866666,False,1.0,,,3.0,2.0,,0.0,,,8.0,3.0,,3.0,,,19.0,11.0,7.0,5.0,,3.0,3.0,0.0,,0.0,,,0.0,0.0,
291476,2023,Chelsea,49,16.0,13.0,901.0,6.733333,False,3.0,,,17.0,10.0,4.0,0.0,1.0,,168.0,8.0,,10.0,3.0,1.0,142.0,48.0,37.0,15.0,,10.0,17.0,1.0,,0.0,,,0.0,0.0,
291476,2023,Burnley,44,15.0,13.0,901.0,6.733333,False,2.0,,,17.0,10.0,4.0,0.0,1.0,,168.0,8.0,,10.0,3.0,1.0,142.0,48.0,37.0,15.0,,10.0,17.0,1.0,,0.0,,,0.0,0.0,
291476,2024,Chelsea,49,0.0,0.0,0.0,,False,0.0,0.0,0.0,,,0.0,,,,,,,,,,,,,,,,,0.0,0.0,0.0,,,,,
293162,2022,Crystal Palace,52,,,,,False,,,,,,,,,,,,,,,,,,,,,,,,,,,,,,
293162,2023,Crystal Palace,52,0.0,0.0,0.0,,False,0.0,0.0,2.0,,,0.0,0.0,,,,,,,,,,,,,,,,0.0,0.0,0.0,,,0.0,0.0,
293162,2024,Crystal Palace,52,0.0,0.0,0.0,,False,0.0,0.0,0.0,,,0.0,,,,,,,,,,,,,,,,,0.0,0.0,0.0,,,,,
293163,2022,Tottenham,47,0.0,0.0,0.0,,False,0.0,0.0,0.0,,,0.0,,,,,,,,,,,,,,,,,0.0,0.0,0.0,,,,,
293163,2023,Tottenham,47,13.0,6.0,3.0,,False,7.0,,,,,,0.0,,,1.0,,,,,,6.0,2.0,1.0,,,1.0,1.0,1.0,,0.0,,,0.0,0.0,
293163,2024,Tottenham,47,0.0,0.0,0.0,,False,0.0,0.0,0.0,,,0.0,,,,,,,,,,,,,,,,,0.0,0.0,0.0,,,,,
293164,2023,Newcastle,34,6.0,3.0,1.0,,False,3.0,,,,,,0.0,,,1.0,,,,,,,,,,,,,0.0,,0.0,,,0.0,0.0,
293164,2024,Newcastle,34,0.0,0.0,0.0,,False,0.0,0.0,0.0,,,0.0,,,,,,,,,,,,,,,,,0.0,0.0,0.0,,,,,
293167,2022,Crystal Palace,52,,,,,False,,,,,,,,,,,,,,,,,,,,,,,,,,,,,,
293168,2023,Manchester City,50,0.0,0.0,0.0,,False,0.0,0.0,0.0,,,0.0,,,,,,,,,,,,,,,,,0.0,0.0,0.0,,,,,
293168,2024,Manchester City,50,0.0,0.0,0.0,,False,0.0,0.0,2.0,,,0.0,0.0,,,,,,,,,,,,,,,,0.0,0.0,0.0,,,0.0,0.0,
293168,2025,Manchester City,50,2.0,2.0,135.0,7.2,False,0.0,1.0,4.0,2.0,1.0,0.0,0.0,0.0,,121.0,1.0,93.0,3.0,,3.0,11.0,9.0,4.0,3.0,,,,0.0,0.0,0.0,,,0.0,0.0,
293643,2024,Brighton,51,,,,,False,,,,,,,,,,,,,,,,,,,,,,,,,,,,,,
294638,2023,Aston Villa,66,3.0,1.0,8.0,6.2,False,2.0,,,,,,0.0,0.0,,1.0,,,,,,,,,,,,,0.0,,0.0,,,0.0,0.0,
294638,2024,Aston Villa,66,,,,,False,,,,,,,,,,,,,,,,,,,,,,,,,,,,,,
296085,2022,Leeds,63,0.0,0.0,0.0,,False,0.0,0.0,3.0,,,0.0,0.0,,,,,,,,,,,,,,,,0.0,0.0,0.0,,,0.0,0.0,
296121,2022,Brighton,51,0.0,0.0,0.0,,False,0.0,0.0,0.0,,,0.0,,,,,,,,,,,,,,,,,0.0,0.0,0.0,,,,,
296121,2023,Brighton,51,,,,,False,,,,,,,,,,,,,,,,,,,,,,,,,,,,,,
296121,2024,Brighton,51,,,,,False,,,,,,,,,,,,,,,,,,,,,,,,,,,,,,
296458,2023,Sheffield Utd,62,1.0,0.0,20.0,6.2,False,1.0,0.0,1.0,,,0.0,0.0,0.0,,3.0,,,,,,,,,,,,,0.0,0.0,0.0,,,0.0,0.0,
296458,2023,Bournemouth,35,1.0,0.0,20.0,6.2,False,1.0,,,,,,0.0,0.0,,3.0,,,,,,,,,,,,,0.0,,0.0,,,0.0,0.0,
296458,2024,Bournemouth,35,20.0,10.0,180.0,6.557142,False,10.0,,,5.0,2.0,1.0,0.0,0.0,,39.0,3.0,,5.0,1.0,1.0,37.0,15.0,7.0,4.0,,4.0,2.0,1.0,,0.0,,,0.0,0.0,
296560,2025,Wolves,39,29.0,18.0,1797.0,6.55,False,11.0,4.0,13.0,2.0,1.0,0.0,0.0,1.0,,519.0,21.0,76.0,29.0,8.0,16.0,132.0,65.0,14.0,5.0,,8.0,8.0,3.0,0.0,0.0,,,0.0,0.0,
296664,2024,Everton,45,0.0,0.0,0.0,,False,0.0,0.0,4.0,,,0.0,0.0,,,,,,,,,,,,,,,,0.0,0.0,0.0,,,0.0,0.0,
297187,2022,Leeds,63,0.0,0.0,0.0,,False,0.0,0.0,5.0,,,0.0,0.0,,,,,,,,,,,,,,,,0.0,0.0,0.0,,,0.0,0.0,
297187,2025,Sunderland,746,0.0,0.0,,,False,0.0,0.0,5.0,,,0.0,0.0,0.0,,,,,,,,,,,,,,,0.0,0.0,0.0,,,0.0,0.0,
297635,2023,Fulham,36,0.0,0.0,0.0,,False,0.0,0.0,1.0,,,0.0,0.0,,,,,,,,,,,,,,,,0.0,0.0,0.0,,,0.0,0.0,
297635,2024,Fulham,36,,,,,False,,,,,,,,,,,,,,,,,,,,,,,,,,,,,,
297640,2024,Everton,45,3.0,2.0,90.0,6.2,False,1.0,,,,,,0.0,0.0,,16.0,,,5.0,,1.0,11.0,5.0,3.0,,,,,0.0,,0.0,,,0.0,0.0,
297641,2023,Everton,45,0.0,0.0,0.0,,False,0.0,0.0,4.0,,,0.0,0.0,,,,,,,,,,,,,,,,0.0,0.0,0.0,,,0.0,0.0,
297641,2024,Everton,45,0.0,0.0,0.0,,False,0.0,0.0,2.0,,,0.0,0.0,,,,,,,,,,,,,,,,0.0,0.0,0.0,,,0.0,0.0,
298060,2024,Bournemouth,35,1.0,0.0,0.0,,False,1.0,0.0,8.0,,,0.0,0.0,0.0,,2.0,,,1.0,,,2.0,1.0,,,,,,0.0,0.0,0.0,,,0.0,0.0,
298061,2023,Chelsea,49,0.0,0.0,0.0,,False,0.0,0.0,1.0,,,0.0,0.0,,,,,,,,,,,,,,,,0.0,0.0,0.0,,,0.0,0.0,0.0
298061,2024,Chelsea,49,0.0,0.0,0.0,,False,0.0,0.0,0.0,,,0.0,,,,,,,,,,,,,,,,,0.0,0.0,0.0,,,,,
298062,2023,Manchester United,33,0.0,0.0,0.0,,False,0.0,0.0,3.0,,,0.0,0.0,,,,,,,,,,,,,,,,0.0,0.0,0.0,,,0.0,0.0,
298062,2024,Manchester United,33,0.0,0.0,0.0,,False,0.0,0.0,0.0,,,0.0,,,,,,,,,,,,,,,,,0.0,0.0,0.0,,,,,
298099,2023,Everton,45,0.0,0.0,0.0,,False,0.0,0.0,17.0,,,0.0,0.0,,,,,,,,,,,,,,,,0.0,0.0,0.0,,,0.0,0.0,
298099,2024,Everton,45,,,,,False,,,,,,,,,,,,,,,,,,,,,,,,,,,,,,
298128,2023,Aston Villa,66,3.0,0.0,3.0,6.3,False,3.0,0.0,17.0,,,0.0,0.0,0.0,,,,,,,,1.0,,,,,,,0.0,0.0,0.0,,,0.0,0.0,
298128,2024,Aston Villa,66,0.0,0.0,0.0,,False,0.0,0.0,0.0,,,0.0,,,,,,,,,,,,,,,,,0.0,0.0,0.0,,,,,
298129,2023,Crystal Palace,52,,,,,False,,,,,,,,,,,,,,,,,,,,,,,,,,,,,,
298129,2024,Crystal Palace,52,,,,,False,,,,,,,,,,,,,,,,,,,,,,,,,,,,,,
299813,2024,Ipswich,57,13.0,6.0,144.0,6.51,False,7.0,,,2.0,,,0.0,0.0,,30.0,2.0,,1.0,,,39.0,13.0,7.0,4.0,,3.0,8.0,3.0,,0.0,,,0.0,0.0,
301187,2025,West Ham,48,8.0,6.0,485.0,6.48,False,2.0,5.0,3.0,5.0,1.0,0.0,0.0,1.0,,121.0,7.0,75.0,15.0,1.0,4.0,89.0,35.0,8.0,5.0,,5.0,14.0,0.0,0.0,0.0,,,0.0,0.0,
301281,2023,Tottenham,47,0.0,0.0,0.0,,False,0.0,0.0,7.0,,,0.0,0.0,,,,,,,,,,,,,,,,0.0,0.0,0.0,,,0.0,0.0,
301281,2024,Tottenham,47,0.0,0.0,0.0,,False,0.0,0.0,0.0,,,0.0,,,,,,,,,,,,,,,,,0.0,0.0,0.0,,,,,
301295,2022,Crystal Palace,52,0.0,0.0,0.0,,False,0.0,0.0,2.0,,,0.0,0.0,,,,,,,,,,,,,,,,0.0,0.0,0.0,,,0.0,0.0,
301295,2023,Crystal Palace,52,0.0,0.0,0.0,,False,0.0,0.0,2.0,,,0.0,0.0,,,,,,,,,,,,,,,,0.0,0.0,0.0,,,0.0,0.0,
301295,2024,Crystal Palace,52,0.0,0.0,0.0,,False,0.0,0.0,3.0,,,0.0,0.0,,,,,,,,,,,,,,,,0.0,0.0,0.0,,,0.0,0.0,
301295,2025,Crystal Palace,52,1.0,0.0,9.0,6.5,False,1.0,0.0,11.0,,,0.0,0.0,0.0,,5.0,,60.0,,,,2.0,,,,,,1.0,0.0,0.0,0.0,,,0.0,0.0,
301714,2024,Everton,45,0.0,0.0,0.0,,False,0.0,0.0,0.0,,,0.0,,,,,,,,,,,,,,,,,0.0,0.0,0.0,,,,,
301771,2023,Brighton,51,31.0,25.0,2231.0,6.996774,False,6.0,15.0,7.0,45.0,22.0,6.0,0.0,1.0,,747.0,33.0,,45.0,1.0,19.0,277.0,122.0,114.0,50.0,,19.0,29.0,3.0,0.0,0.0,,,0.0,0.0,
301771,2024,Brighton,51,29.0,12.0,1090.0,6.664285,False,17.0,11.0,23.0,19.0,8.0,2.0,0.0,2.0,,332.0,16.0,,23.0,,8.0,126.0,55.0,48.0,21.0,,4.0,13.0,0.0,0.0,0.0,,,0.0,0.0,
301771,2025,Sunderland,746,14.0,9.0,665.0,6.5,False,5.0,9.0,13.0,4.0,2.0,1.0,0.0,0.0,,161.0,7.0,75.0,11.0,,2.0,98.0,30.0,26.0,7.0,,3.0,17.0,2.0,0.0,0.0,,,0.0,0.0,
303010,2023,Manchester United,33,1.0,0.0,0.0,,False,1.0,0.0,7.0,,,0.0,0.0,,,,,,1.0,,1.0,2.0,2.0,,,,1.0,,0.0,0.0,0.0,,,0.0,0.0,
303010,2024,Manchester United,33,0.0,0.0,0.0,,False,0.0,0.0,0.0,,,0.0,,,,,,,,,,,,,,,,,0.0,0.0,0.0,,,,,
303015,2024,Manchester City,50,,,,,False,,,,,,,,,,,,,,,,,,,,,,,,,,,,,,
303016,2023,Manchester United,33,,,,,False,,,,,,,,,,,,,,,,,,,,,,,,,,,,,,
303016,2024,Manchester United,33,,,,,False,,,,,,,,,,,,,,,,,,,,,,,,,,,,,,
303017,2024,Manchester United,33,,,,,False,,,,,,,,,,,,,,,,,,,,,,,,,,,,,,
303019,2022,Wolves,39,0.0,0.0,0.0,,False,0.0,0.0,1.0,,,0.0,0.0,,,,,,,,,,,,,,,,0.0,0.0,0.0,,,0.0,0.0,
303019,2023,Wolves,39,7.0,1.0,180.0,6.628571,False,6.0,1.0,19.0,3.0,2.0,0.0,0.0,,,42.0,2.0,,5.0,1.0,1.0,29.0,11.0,,,,3.0,5.0,1.0,0.0,0.0,,,0.0,0.0,
303019,2024,Wolves,39,0.0,0.0,0.0,,False,0.0,0.0,0.0,,,0.0,,,,,,,,,,,,,,,,,0.0,0.0,0.0,,,,,
303322,2024,Wolves,39,13.0,7.0,65.0,6.25,False,6.0,,,,,,0.0,0.0,,46.0,,,,,2.0,6.0,2.0,,,,1.0,,0.0,,0.0,,,0.0,0.0,
303460,2022,Southampton,41,2.0,0.0,24.0,6.2,False,2.0,0.0,2.0,,,0.0,0.0,,,6.0,,,,,1.0,7.0,1.0,1.0,,,,,0.0,0.0,0.0,,,0.0,0.0,
303460,2024,Southampton,41,,,,,False,,,,,,,,,,,,,,,,,,,,,,,,,,,,,,
303462,2022,Southampton,41,1.0,0.0,6.0,6.2,False,1.0,0.0,2.0,,,0.0,0.0,,,5.0,,,,,,3.0,,1.0,,,,,0.0,0.0,0.0,,,0.0,0.0,
303467,2024,Leicester,46,11.0,6.0,575.0,7.055555,False,5.0,1.0,5.0,11.0,5.0,0.0,0.0,2.0,,158.0,6.0,,21.0,,4.0,154.0,84.0,57.0,29.0,,20.0,11.0,0.0,0.0,0.0,,,0.0,0.0,
303667,2023,Chelsea,49,0.0,0.0,0.0,,False,0.0,0.0,2.0,,,0.0,0.0,,,,,,,,,,,,,,,,0.0,0.0,0.0,,,0.0,0.0,0.0
303667,2024,Chelsea,49,0.0,0.0,0.0,,False,0.0,0.0,0.0,,,0.0,,,,,,,,,,,,,,,,,0.0,0.0,0.0,,,,,
304161,2023,Sheffield Utd,62,19.0,12.0,391.0,6.35,False,7.0,,,1.0,1.0,,0.0,,,67.0,4.0,,4.0,1.0,1.0,69.0,15.0,20.0,5.0,,4.0,10.0,0.0,,0.0,,,0.0,0.0,
304316,2024,Leicester,46,0.0,0.0,0.0,,False,0.0,0.0,1.0,,,0.0,0.0,,,,,,,,,,,,,,,,0.0,0.0,0.0,,,0.0,0.0,
304317,2024,Southampton,41,33.0,20.0,1872.0,6.712121,False,13.0,12.0,14.0,20.0,9.0,2.0,0.0,0.0,,585.0,20.0,,34.0,5.0,8.0,303.0,139.0,89.0,45.0,,50.0,30.0,6.0,0.0,0.0,,,0.0,0.0,
304317,2025,Everton,45,14.0,4.0,371.0,6.52,False,10.0,3.0,26.0,1.0,,0.0,0.0,0.0,,102.0,4.0,86.0,7.0,1.0,6.0,79.0,33.0,27.0,13.0,,11.0,11.0,2.0,0.0,0.0,,,0.0,0.0,
304318,2024,Southampton,41,,,,,False,,,,,,,,,,,,,,,,,,,,,,,,,,,,,,
304319,2023,Crystal Palace,52,0.0,0.0,0.0,,False,0.0,0.0,3.0,,,0.0,0.0,,,,,,,,,,,,,,,,0.0,0.0,0.0,,,0.0,0.0,
304319,2024,Crystal Palace,52,,,,,False,,,,,,,,,,,,,,,,,,,,,,,,,,,,,,
304320,2022,Crystal Palace,52,1.0,0.0,0.0,,False,1.0,0.0,4.0,,,0.0,0.0,,,3.0,,,,,,,,,,,,,0.0,0.0,0.0,,,0.0,0.0,
304320,2023,Crystal Palace,52,9.0,0.0,147.0,6.5125,False,9.0,0.0,24.0,,,0.0,0.0,,,51.0,,,10.0,,,28.0,14.0,3.0,1.0,,,2.0,1.0,0.0,0.0,,,0.0,0.0,
304320,2024,Crystal Palace,52,0.0,0.0,0.0,,False,0.0,0.0,0.0,,,0.0,,,,,,,,,,,,,,,,,0.0,0.0,0.0,,,,,
304322,2024,Leicester,46,,,,,False,,,,,,,,,,,,,,,,,,,,,,,,,,,,,,
304853,2023,Bournemouth,35,25.0,18.0,1017.0,6.743478,False,7.0,,,10.0,4.0,1.0,0.0,1.0,,432.0,22.0,,24.0,4.0,12.0,165.0,76.0,33.0,13.0,,25.0,20.0,3.0,,0.0,,,0.0,0.0,
304853,2024,Bournemouth,35,21.0,15.0,751.0,6.731578,False,6.0,,,11.0,7.0,,0.0,0.0,,332.0,12.0,,27.0,4.0,10.0,134.0,66.0,19.0,6.0,,26.0,17.0,3.0,,0.0,,,0.0,0.0,
304853,2025,Bournemouth,35,32.0,29.0,2410.0,7.02,False,3.0,14.0,3.0,27.0,11.0,3.0,0.0,1.0,,1154.0,22.0,84.0,50.0,14.0,32.0,281.0,158.0,48.0,26.0,,52.0,36.0,3.0,0.0,0.0,,1.0,0.0,0.0,
305730,2022,Brighton,51,3.0,1.0,8.0,6.7,False,2.0,,,,,,0.0,,,3.0,,,1.0,,,1.0,1.0,,,,,,0.0,,0.0,,,0.0,0.0,
305730,2022,Brighton,51,3.0,1.0,8.0,6.7,False,2.0,,,,,,0.0,,,3.0,,,1.0,,,1.0,1.0,,,,,,0.0,,0.0,,,0.0,0.0,
305730,2023,Brighton,51,16.0,12.0,869.0,6.925,False,4.0,,,13.0,8.0,3.0,0.0,,,434.0,8.0,,14.0,2.0,14.0,57.0,24.0,4.0,,,3.0,11.0,1.0,,0.0,,,0.0,0.0,
305730,2024,Brighton,51,26.0,23.0,1854.0,6.9,False,3.0,,,14.0,10.0,5.0,0.0,2.0,,943.0,17.0,,27.0,3.0,16.0,118.0,58.0,10.0,2.0,,9.0,18.0,5.0,,0.0,,,0.0,0.0,
305730,2025,Brighton,51,21.0,14.0,1254.0,6.59,False,7.0,10.0,9.0,18.0,8.0,1.0,0.0,3.0,,500.0,12.0,82.0,16.0,5.0,6.0,101.0,37.0,8.0,3.0,,8.0,28.0,0.0,0.0,0.0,,,0.0,0.0,
305732,2022,Leicester,46,,,,,False,,,,,,,,,,,,,,,,,,,,,,,,,,,,,,
305732,2024,Leicester,46,0.0,0.0,0.0,,False,0.0,0.0,1.0,,,0.0,0.0,,,,,,,,,,,,,,,,0.0,0.0,0.0,,,0.0,0.0,
305733,2022,Leicester,46,0.0,0.0,0.0,,False,0.0,0.0,0.0,,,0.0,,,,,,,,,,,,,,,,,0.0,0.0,0.0,,,,,
305733,2024,Leicester,46,1.0,0.0,0.0,,False,1.0,0.0,3.0,,,0.0,0.0,0.0,,1.0,,,,,,,,,,,,,0.0,0.0,0.0,,,0.0,0.0,
305735,2023,Brighton,51,0.0,0.0,0.0,,False,0.0,0.0,1.0,,,0.0,0.0,,,,,,,,,,,,,,,,0.0,0.0,0.0,,,0.0,0.0,
305735,2024,Brighton,51,0.0,0.0,0.0,,False,0.0,0.0,0.0,,,0.0,,,,,,,,,,,,,,,,,0.0,0.0,0.0,,,,,
305736,2024,Aston Villa,66,0.0,0.0,0.0,,False,0.0,0.0,0.0,,,0.0,,,,,,,,,,,,,,,,,0.0,0.0,0.0,,,,,
305834,2023,Nottingham Forest,65,1.0,0.0,7.0,,False,1.0,0.0,6.0,,,0.0,0.0,,,,,,,,,,,,,,,,0.0,0.0,0.0,,,0.0,0.0,
305834,2023,Chelsea,49,0.0,0.0,0.0,,False,0.0,0.0,1.0,,,0.0,0.0,,,,,,,,,,,,,,,,0.0,0.0,0.0,,,0.0,0.0,
305834,2024,Chelsea,49,,,,,False,,,,,,,,,,,,,,,,,,,,,,,,,,,,,,
305834,2025,Chelsea,49,24.0,11.0,1095.0,6.8,False,13.0,8.0,20.0,8.0,1.0,0.0,0.0,0.0,,683.0,8.0,89.0,29.0,6.0,19.0,107.0,65.0,5.0,2.0,,20.0,12.0,4.0,0.0,0.0,,,0.0,0.0,
306263,2024,Chelsea,49,0.0,0.0,0.0,,False,0.0,0.0,0.0,,,0.0,,,,,,,,,,,,,,,,,0.0,0.0,0.0,,,,,
307123,2022,Manchester City,50,0.0,0.0,0.0,,False,0.0,0.0,1.0,,,0.0,0.0,,,,,,,,,,,,,,,,0.0,0.0,0.0,,,0.0,0.0,
307123,2024,Manchester City,50,9.0,6.0,527.0,6.955555,False,3.0,2.0,24.0,6.0,3.0,2.0,0.0,0.0,,306.0,4.0,,9.0,1.0,4.0,68.0,28.0,15.0,9.0,,4.0,6.0,0.0,0.0,0.0,,,0.0,0.0,
307123,2025,Manchester City,50,29.0,24.0,2198.0,6.88,False,5.0,7.0,6.0,23.0,11.0,5.0,0.0,3.0,,1112.0,20.0,86.0,65.0,7.0,17.0,283.0,138.0,51.0,20.0,,13.0,35.0,4.0,0.0,0.0,,,0.0,0.0,
308678,2025,Chelsea,49,1.0,0.0,8.0,7.2,False,1.0,0.0,5.0,,,0.0,0.0,0.0,,6.0,,100.0,3.0,,,8.0,4.0,,,,1.0,2.0,1.0,0.0,0.0,,,0.0,0.0,
308843,2022,Aston Villa,66,0.0,0.0,0.0,,False,0.0,0.0,3.0,,,0.0,0.0,,,,,,,,,,,,,,,,0.0,0.0,0.0,,,0.0,0.0,
308843,2023,Aston Villa,66,,,,,False,,,,,,,,,,,,,,,,,,,,,,,,,,,,,,
308843,2024,Aston Villa,66,0.0,0.0,0.0,,False,0.0,0.0,0.0,,,0.0,,,,,,,,,,,,,,,,,0.0,0.0,0.0,,,,,
308843,2025,Aston Villa,66,0.0,0.0,,,False,0.0,0.0,1.0,,,0.0,0.0,0.0,,,,,,,,,,,,,,,0.0,0.0,0.0,,,0.0,0.0,
308867,2023,Crystal Palace,52,0.0,0.0,0.0,,False,0.0,0.0,0.0,,,0.0,,,,,,,,,,,,,,,,,0.0,0.0,0.0,,,,,
308867,2024,Crystal Palace,52,0.0,0.0,0.0,,False,0.0,0.0,0.0,,,0.0,,,,,,,,,,,,,,,,,0.0,0.0,0.0,,,,,
309501,2022,Arsenal,42,0.0,0.0,0.0,,False,0.0,0.0,5.0,,,0.0,0.0,,,,,,,,,,,,,,,,0.0,0.0,0.0,,,0.0,0.0,
309501,2023,Arsenal,42,0.0,0.0,0.0,,False,0.0,0.0,0.0,,,0.0,,,,,,,,,,,,,,,,,0.0,0.0,0.0,,,,,
309501,2024,Arsenal,42,,,,,False,,,,,,,,,,,,,,,,,,,,,,,,,,,,,,
309501,2024,Brighton,51,0.0,0.0,0.0,,False,0.0,0.0,0.0,,,0.0,,,,,,,,,,,,,,,,,0.0,0.0,0.0,,,,,
309505,2022,Arsenal,42,0.0,0.0,0.0,,False,0.0,0.0,8.0,,,0.0,0.0,,,,,,,,,,,,,,,,0.0,0.0,0.0,,,0.0,0.0,
309505,2023,Arsenal,42,0.0,0.0,0.0,,False,0.0,0.0,8.0,,,0.0,0.0,,,,,,,,,,,,,,,,0.0,0.0,0.0,,,0.0,0.0,
309505,2024,Arsenal,42,,,,,False,,,,,,,,,,,,,,,,,,,,,,,,,,,,,,
309506,2024,Arsenal,42,0.0,0.0,0.0,,False,0.0,0.0,0.0,,,0.0,,,,,,,,,,,,,,,,,0.0,0.0,0.0,,,,,
309507,2023,Arsenal,42,0.0,0.0,0.0,,False,0.0,0.0,1.0,,,0.0,0.0,,,,,,,,,,,,,,,,0.0,0.0,0.0,,,0.0,0.0,
310186,2023,Liverpool,40,0.0,0.0,0.0,,False,0.0,0.0,2.0,,,0.0,0.0,,,,,,,,,,,,,,,,0.0,0.0,0.0,,,0.0,0.0,
310186,2024,Liverpool,40,,,,,False,,,,,,,,,,,,,,,,,,,,,,,,,,,,,,
310187,2022,Liverpool,40,11.0,6.0,527.0,6.654545,False,5.0,6.0,15.0,4.0,3.0,1.0,0.0,,,253.0,4.0,,9.0,,9.0,75.0,34.0,11.0,7.0,,9.0,7.0,2.0,0.0,0.0,,,0.0,0.0,
310187,2023,Liverpool,40,1.0,0.0,26.0,6.2,False,1.0,0.0,7.0,,,0.0,0.0,,,10.0,,,4.0,,,9.0,6.0,,,,2.0,1.0,0.0,0.0,0.0,,,0.0,0.0,
310187,2024,Liverpool,40,0.0,0.0,0.0,,False,0.0,0.0,0.0,,,0.0,,,,,,,,,,,,,,,,,0.0,0.0,0.0,,,,,
310529,2024,West Ham,48,,,,,False,,,,,,,,,,,,,,,,,,,,,,,,,,,,,,
310531,2023,Tottenham,47,,,,,False,,,,,,,,,,,,,,,,,,,,,,,,,,,,,,
310531,2024,Tottenham,47,0.0,0.0,0.0,,False,0.0,0.0,0.0,,,0.0,,,,,,,,,,,,,,,,,0.0,0.0,0.0,,,,,
310531,2025,Tottenham,47,0.0,0.0,,,False,0.0,0.0,2.0,,,0.0,0.0,0.0,,,,,,,,,,,,,,,0.0,0.0,0.0,,,0.0,0.0,
311157,2023,Crystal Palace,52,19.0,11.0,238.0,6.59,False,8.0,,,6.0,2.0,,0.0,1.0,,65.0,6.0,,3.0,,1.0,43.0,10.0,13.0,4.0,,2.0,6.0,1.0,,0.0,,,0.0,0.0,
311157,2024,Crystal Palace,52,11.0,6.0,52.0,7.033333,False,5.0,,,6.0,3.0,1.0,0.0,0.0,,14.0,,,2.0,1.0,1.0,5.0,3.0,,,,,,0.0,,0.0,,,0.0,0.0,
311334,2022,Brighton,51,13.0,6.0,563.0,6.530769,False,7.0,5.0,13.0,7.0,3.0,1.0,0.0,1.0,,186.0,6.0,,2.0,2.0,4.0,63.0,18.0,16.0,7.0,,7.0,9.0,2.0,0.0,0.0,,,0.0,0.0,
311334,2023,Brighton,51,27.0,17.0,1367.0,6.688888,False,10.0,16.0,16.0,14.0,9.0,3.0,0.0,1.0,,469.0,18.0,,42.0,3.0,8.0,246.0,107.0,46.0,18.0,,41.0,34.0,7.0,0.0,0.0,,,0.0,0.0,
311334,2024,Leicester,46,31.0,14.0,1515.0,6.829032,False,17.0,8.0,20.0,27.0,12.0,5.0,0.0,2.0,,515.0,25.0,,53.0,6.0,12.0,341.0,134.0,78.0,28.0,,35.0,37.0,8.0,0.0,0.0,,,0.0,0.0,
311334,2024,Brighton,51,0.0,0.0,0.0,6.829032,False,0.0,0.0,0.0,27.0,12.0,0.0,0.0,2.0,,515.0,25.0,,53.0,6.0,12.0,341.0,134.0,78.0,28.0,,35.0,37.0,0.0,0.0,0.0,,,0.0,0.0,
311334,2025,Chelsea,49,1.0,1.0,45.0,6.5,False,0.0,1.0,4.0,,,0.0,0.0,0.0,,22.0,2.0,90.0,1.0,,,2.0,1.0,1.0,,,,,0.0,0.0,0.0,,,0.0,0.0,
311334,2025,Leeds,63,2.0,0.0,29.0,6.25,False,2.0,0.0,4.0,,,0.0,0.0,0.0,,8.0,,50.0,,,1.0,5.0,1.0,1.0,,,,1.0,1.0,0.0,0.0,,,0.0,0.0,
311344,2023,Tottenham,47,8.0,0.0,42.0,6.483333,False,8.0,0.0,13.0,1.0,1.0,1.0,0.0,,,10.0,,,1.0,,,9.0,4.0,2.0,1.0,,1.0,,1.0,0.0,0.0,,,0.0,0.0,
311344,2024,Tottenham,47,0.0,0.0,0.0,,False,0.0,0.0,0.0,,,0.0,,,,,,,,,,,,,,,,,0.0,0.0,0.0,,,,,
311520,2022,Arsenal,42,1.0,0.0,0.0,,False,1.0,0.0,15.0,,,0.0,0.0,,,3.0,,,,,,,,,,,,,0.0,0.0,0.0,,,0.0,0.0,
311520,2023,Arsenal,42,0.0,0.0,0.0,,False,0.0,0.0,0.0,,,0.0,,,,,,,,,,,,,,,,,0.0,0.0,0.0,,,,,
311520,2024,Arsenal,42,0.0,0.0,0.0,,False,0.0,0.0,0.0,,,0.0,,,,,,,,,,,,,,,,,0.0,0.0,0.0,,,,,
311543,2025,Sunderland,746,5.0,3.0,264.0,6.4,False,2.0,3.0,2.0,3.0,2.0,0.0,0.0,0.0,,41.0,2.0,68.0,7.0,,2.0,43.0,16.0,12.0,5.0,,2.0,7.0,0.0,0.0,0.0,,,0.0,0.0,
311817,2022,Tottenham,47,0.0,0.0,0.0,,False,0.0,0.0,0.0,,,0.0,,,,,,,,,,,,,,,,,0.0,0.0,0.0,,,,,
311817,2023,Tottenham,47,0.0,0.0,0.0,,False,0.0,0.0,10.0,,,0.0,0.0,,,,,,,,,,,,,,,,0.0,0.0,0.0,,,0.0,0.0,
311817,2024,Tottenham,47,1.0,0.0,13.0,6.7,False,1.0,0.0,4.0,,,0.0,0.0,0.0,,16.0,,,,,,,,,,,,,0.0,0.0,0.0,,,0.0,0.0,
312118,2022,Aston Villa,66,0.0,0.0,0.0,,False,0.0,0.0,0.0,,,0.0,,,,,,,,,,,,,,,,,0.0,0.0,0.0,,,,,
312118,2023,Aston Villa,66,0.0,0.0,0.0,,False,0.0,0.0,0.0,,,0.0,,,,,,,,,,,,,,,,,0.0,0.0,0.0,,,,,
312118,2024,Aston Villa,66,0.0,0.0,0.0,,False,0.0,0.0,0.0,,,0.0,,,,,,,,,,,,,,,,,0.0,0.0,0.0,,,,,
312256,2023,Sheffield Utd,62,2.0,0.0,9.0,6.2,False,2.0,,,,,,0.0,,,1.0,,,,,,,,,,,,,0.0,,0.0,,,0.0,0.0,
312260,2022,Aston Villa,66,0.0,0.0,0.0,,False,0.0,0.0,5.0,,,0.0,0.0,,,,,,,,,,,,,,,,0.0,0.0,0.0,,,0.0,0.0,
312260,2023,Aston Villa,66,0.0,0.0,0.0,,False,0.0,0.0,1.0,,,0.0,0.0,,,,,,,,,,,,,,,,0.0,0.0,0.0,,,0.0,0.0,
312260,2024,Aston Villa,66,0.0,0.0,0.0,,False,0.0,0.0,3.0,,,0.0,0.0,,,,,,,,,,,,,,,,0.0,0.0,0.0,,,0.0,0.0,
313059,2022,Leeds,63,3.0,0.0,23.0,6.2,False,3.0,0.0,8.0,1.0,1.0,0.0,0.0,,,3.0,,,,,,4.0,,1.0,,,,,0.0,0.0,0.0,,,0.0,0.0,
313229,2024,Arsenal,42,0.0,0.0,0.0,,False,0.0,0.0,4.0,,,0.0,0.0,,,,,,,,,,,,,,,,0.0,0.0,0.0,,,0.0,0.0,
313236,2022,Arsenal,42,1.0,1.0,1.0,,False,0.0,,,,,,0.0,,,,,,,,,,,,,,,,0.0,,0.0,,,0.0,0.0,
313236,2023,Arsenal,42,2.0,1.0,13.0,6.9,False,1.0,,,,,,0.0,,,18.0,1.0,,,,,3.0,2.0,,,,1.0,1.0,0.0,,0.0,,,0.0,0.0,
313236,2024,Arsenal,42,36.0,22.0,946.0,6.915384,False,14.0,,,12.0,9.0,4.0,0.0,2.0,,364.0,16.0,,11.0,2.0,2.0,123.0,57.0,56.0,37.0,,5.0,9.0,1.0,,0.0,,,0.0,0.0,
313236,2025,Arsenal,42,6.0,0.0,175.0,6.78,False,6.0,0.0,17.0,4.0,,0.0,0.0,0.0,,87.0,1.0,90.0,1.0,,,19.0,5.0,8.0,3.0,,,2.0,0.0,0.0,0.0,,,0.0,0.0,
313245,2022,Arsenal,42,,,,,False,,,,,,,,,,,,,,,,,,,,,,,,,,,,,,
313245,2023,Arsenal,42,0.0,0.0,0.0,,False,0.0,0.0,1.0,,,0.0,0.0,,,,,,,,,,,,,,,,0.0,0.0,0.0,,,0.0,0.0,
313245,2024,Arsenal,42,23.0,15.0,1370.0,6.77826,False,8.0,7.0,17.0,1.0,1.0,1.0,0.0,0.0,,667.0,8.0,,22.0,1.0,7.0,132.0,92.0,21.0,12.0,,47.0,11.0,3.0,0.0,2.0,,,0.0,0.0,
313245,2025,Arsenal,42,15.0,2.0,426.0,6.54,False,13.0,1.0,29.0,1.0,,0.0,0.0,0.0,,196.0,3.0,88.0,6.0,,3.0,46.0,23.0,9.0,8.0,,6.0,7.0,3.0,0.0,0.0,,,0.0,0.0,
313636,2022,Crystal Palace,52,0.0,0.0,0.0,,False,0.0,0.0,0.0,,,0.0,,,,,,,,,,,,,,,,,0.0,0.0,0.0,,,,,
313671,2023,Newcastle,34,,,,,False,,,,,,,,,,,,,,,,,,,,,,,,,,,,,,
313671,2024,Newcastle,34,,,,,False,,,,,,,,,,,,,,,,,,,,,,,,,,,,,,
313925,2023,Newcastle,34,,,,,False,,,,,,,,,,,,,,,,,,,,,,,,,,,,,,
314661,2023,Liverpool,40,2.0,0.0,7.0,6.45,False,2.0,0.0,6.0,,,0.0,0.0,,,7.0,,,,,,4.0,,,,,,2.0,1.0,0.0,0.0,,,0.0,0.0,
314661,2024,Liverpool,40,1.0,0.0,10.0,6.3,False,1.0,0.0,2.0,,,0.0,0.0,0.0,,1.0,,,,,,2.0,,,,,,,0.0,0.0,0.0,,,0.0,0.0,
315237,2023,Sheffield Utd,62,21.0,9.0,781.0,6.465,False,12.0,8.0,21.0,15.0,8.0,0.0,0.0,,,90.0,1.0,,2.0,1.0,2.0,153.0,41.0,15.0,3.0,,12.0,15.0,4.0,0.0,0.0,,,0.0,0.0,
315237,2023,Newcastle,34,30.0,21.0,804.0,6.465,False,9.0,,,15.0,8.0,,0.0,,,90.0,1.0,,2.0,1.0,2.0,153.0,41.0,15.0,3.0,,12.0,15.0,4.0,,0.0,,,0.0,0.0,
315237,2024,Newcastle,34,38.0,19.0,168.0,6.558333,False,19.0,,,3.0,1.0,1.0,0.0,0.0,,25.0,2.0,,2.0,,4.0,29.0,12.0,6.0,3.0,,1.0,4.0,0.0,,0.0,,,0.0,0.0,
315237,2025,Newcastle,34,18.0,2.0,417.0,6.58,False,16.0,1.0,18.0,7.0,6.0,3.0,0.0,0.0,,46.0,1.0,80.0,3.0,1.0,1.0,61.0,20.0,8.0,4.0,,7.0,16.0,0.0,0.0,0.0,,,0.0,0.0,
315767,2024,West Ham,48,,,,,False,,,,,,,,,,,,,,,,,,,,,,,,,,,,,,
316516,2024,Estudiantes L.P.,450,0.0,0.0,0.0,,False,0.0,0.0,0.0,,,0.0,,,,,,,,,,,,,,,,,0.0,0.0,0.0,,,,,
318056,2023,Newcastle,34,2.0,0.0,11.0,6.45,False,2.0,0.0,19.0,,,0.0,0.0,,,17.0,,,1.0,,1.0,4.0,1.0,,,,,2.0,0.0,0.0,0.0,,,0.0,0.0,
318056,2024,Newcastle,34,0.0,0.0,0.0,,False,0.0,0.0,4.0,,,0.0,0.0,,,,,,,,,,,,,,,,0.0,0.0,0.0,,,0.0,0.0,
318056,2025,Newcastle,34,1.0,0.0,1.0,,False,1.0,0.0,20.0,,,0.0,0.0,0.0,,1.0,,100.0,,,,,,,,,,,0.0,0.0,0.0,,,0.0,0.0,
319517,2025,Brentford,55,1.0,1.0,45.0,6.6,False,0.0,1.0,3.0,,,0.0,0.0,0.0,,11.0,,72.0,3.0,,,6.0,5.0,,,,,,0.0,0.0,0.0,,,0.0,0.0,
319572,2023,Brighton,51,6.0,3.0,305.0,6.6,False,3.0,1.0,7.0,2.0,2.0,0.0,0.0,0.0,,187.0,4.0,,11.0,,4.0,47.0,24.0,9.0,5.0,,7.0,7.0,1.0,0.0,0.0,,,0.0,0.0,
319572,2024,Brighton,51,0.0,0.0,0.0,,False,0.0,0.0,1.0,,,0.0,0.0,,,,,,,,,,,,,,,,0.0,0.0,0.0,,,0.0,0.0,
322304,2024,Newcastle,34,,,,,False,,,,,,,,,,,,,,,,,,,,,,,,,,,,,,
322305,2024,Southampton,41,0.0,0.0,0.0,,False,0.0,0.0,1.0,,,0.0,0.0,,,,,,,,,,,,,,,,0.0,0.0,0.0,,,0.0,0.0,
323449,2023,Burnley,44,15.0,13.0,1055.0,6.515384,False,2.0,,,5.0,3.0,1.0,0.0,,,598.0,2.0,,12.0,6.0,12.0,79.0,33.0,5.0,3.0,,4.0,6.0,1.0,,0.0,,,0.0,0.0,
325686,2022,Vitesse,200,0.0,0.0,0.0,,False,0.0,0.0,0.0,,,0.0,,,,,,,,,,,,,,,,,0.0,0.0,0.0,,,,,
325851,2024,Nottingham Forest,65,,,,,False,,,,,,,,,,,,,,,,,,,,,,,,,,,,,,
325967,2022,Nottingham Forest,65,0.0,0.0,0.0,,False,0.0,0.0,3.0,,,0.0,0.0,,,,,,,,,,,,,,,,0.0,0.0,0.0,,,0.0,0.0,
325967,2023,Nottingham Forest,65,0.0,0.0,0.0,,False,0.0,0.0,0.0,,,0.0,,,,,,,,,,,,,,,,,0.0,0.0,0.0,,,,,
326176,2025,West Ham,48,21.0,11.0,987.0,6.72,False,10.0,9.0,17.0,5.0,2.0,1.0,0.0,0.0,,396.0,5.0,80.0,40.0,4.0,17.0,129.0,73.0,8.0,5.0,,17.0,17.0,4.0,0.0,0.0,,1.0,0.0,0.0,
326763,2024,Ipswich,57,0.0,0.0,0.0,,False,0.0,0.0,0.0,,,0.0,,,,,,,,,,,,,,,,,0.0,0.0,0.0,,,,,
327602,2023,Nottingham Forest,65,0.0,0.0,0.0,,False,0.0,0.0,1.0,,,0.0,0.0,,,,,,,,,,,,,,,,0.0,0.0,0.0,,,0.0,0.0,
327602,2024,Nottingham Forest,65,0.0,0.0,0.0,,False,0.0,0.0,0.0,,,0.0,,,,,,,,,,,,,,,,,0.0,0.0,0.0,,,,,
327604,2023,Nottingham Forest,65,0.0,0.0,0.0,,False,0.0,0.0,2.0,,,0.0,0.0,,,,,,,,,,,,,,,,0.0,0.0,0.0,,,0.0,0.0,
327604,2024,Nottingham Forest,65,0.0,0.0,0.0,,False,0.0,0.0,0.0,,,0.0,,,,,,,,,,,,,,,,,0.0,0.0,0.0,,,,,
327609,2023,Nottingham Forest,65,0.0,0.0,0.0,,False,0.0,0.0,1.0,,,0.0,0.0,,,,,,,,,,,,,,,,0.0,0.0,0.0,,,0.0,0.0,
327609,2024,Nottingham Forest,65,0.0,0.0,0.0,,False,0.0,0.0,0.0,,,0.0,,,,,,,,,,,,,,,,,0.0,0.0,0.0,,,,,
327631,2025,Sunderland,746,15.0,13.0,1192.0,6.78,False,2.0,6.0,2.0,18.0,7.0,2.0,0.0,1.0,,355.0,3.0,81.0,13.0,,3.0,98.0,46.0,17.0,4.0,,21.0,16.0,4.0,0.0,0.0,1.0,,1.0,0.0,
327726,2024,Brentford,55,,,,,False,,,,,,,,,,,,,,,,,,,,,,,,,,,,,,
327726,2025,Brentford,55,0.0,0.0,,,False,0.0,0.0,1.0,,,0.0,0.0,0.0,,,,,,,,,,,,,,,0.0,0.0,0.0,,,0.0,0.0,
327728,2023,Fulham,36,,,,,False,,,,,,,,,,,,,,,,,,,,,,,,,,,,,,
327730,2022,West Ham,48,0.0,0.0,0.0,,False,0.0,0.0,0.0,,,0.0,,,,,,,,,,,,,,,,,0.0,0.0,0.0,,,,,
327730,2023,West Ham,48,0.0,0.0,0.0,,False,0.0,0.0,5.0,,,0.0,0.0,,,,,,,,,,,,,,,,0.0,0.0,0.0,,,0.0,0.0,
327730,2024,West Ham,48,15.0,7.0,662.0,6.7,False,8.0,5.0,14.0,1.0,,0.0,0.0,0.0,,322.0,2.0,,21.0,2.0,11.0,59.0,32.0,7.0,2.0,,3.0,5.0,1.0,0.0,0.0,,,0.0,0.0,
327730,2025,West Ham,48,12.0,9.0,657.0,6.58,False,3.0,5.0,15.0,3.0,,0.0,0.0,0.0,,270.0,4.0,80.0,29.0,1.0,13.0,72.0,45.0,9.0,2.0,,7.0,6.0,1.0,0.0,0.0,1.0,,0.0,0.0,
327733,2024,Chelsea,49,0.0,0.0,0.0,,False,0.0,0.0,1.0,,,0.0,0.0,,,,,,,,,,,,,,,,0.0,0.0,0.0,,,0.0,0.0,
327736,2022,Fulham,36,0.0,0.0,0.0,,False,0.0,0.0,1.0,,,0.0,0.0,,,,,,,,,,,,,,,,0.0,0.0,0.0,,,0.0,0.0,
327738,2023,Fulham,36,0.0,0.0,0.0,,False,0.0,0.0,5.0,,,0.0,0.0,,,,,,,,,,,,,,,,0.0,0.0,0.0,,,0.0,0.0,
327738,2024,Fulham,36,0.0,0.0,0.0,,False,0.0,0.0,0.0,,,0.0,,,,,,,,,,,,,,,,,0.0,0.0,0.0,,,,,
327748,2023,Chelsea,49,0.0,0.0,0.0,,False,0.0,0.0,0.0,,,0.0,,,,,,,,,,,,,,,,,0.0,0.0,0.0,,,,,
327748,2024,Chelsea,49,,,,,False,,,,,,,,,,,,,,,,,,,,,,,,,,,,,,
327749,2024,Ipswich,57,0.0,0.0,0.0,,False,0.0,0.0,5.0,,,0.0,0.0,,,,,,,,,,,,,,,,0.0,0.0,0.0,,,0.0,0.0,
328076,2024,Brighton,51,0.0,0.0,0.0,,False,0.0,0.0,5.0,,,0.0,0.0,,,,,,,,,,,,,,,,0.0,0.0,0.0,,,0.0,0.0,
328076,2025,Brighton,51,0.0,0.0,,,False,0.0,0.0,1.0,,,0.0,0.0,0.0,,,,,,,,,,,,,,,0.0,0.0,0.0,,,0.0,0.0,
328081,2025,Liverpool,40,0.0,0.0,,,False,0.0,0.0,4.0,,,0.0,0.0,0.0,,,,,,,,,,,,,,,0.0,0.0,0.0,,,0.0,0.0,
328089,2022,Leeds,63,0.0,0.0,0.0,,False,0.0,0.0,6.0,,,0.0,0.0,,,,,,,,,,,,,,,,0.0,0.0,0.0,,,0.0,0.0,
328089,2024,Tottenham,47,28.0,19.0,1746.0,6.532142,False,9.0,3.0,19.0,1.0,1.0,0.0,0.0,0.0,,1079.0,3.0,,16.0,11.0,19.0,99.0,45.0,12.0,7.0,,11.0,17.0,1.0,0.0,0.0,,,0.0,0.0,
328089,2025,Tottenham,47,22.0,18.0,1459.0,6.59,False,4.0,9.0,11.0,7.0,4.0,2.0,0.0,2.0,,529.0,8.0,83.0,11.0,4.0,17.0,82.0,28.0,14.0,6.0,,2.0,11.0,5.0,0.0,0.0,,,0.0,0.0,
328093,2022,Everton,45,0.0,0.0,0.0,,False,0.0,0.0,1.0,,,0.0,0.0,,,,,,,,,,,,,,,,0.0,0.0,0.0,,,0.0,0.0,
328093,2023,Chelsea,49,0.0,0.0,0.0,,False,0.0,0.0,1.0,,,0.0,0.0,,,,,,,,,,,,,,,,0.0,0.0,0.0,,,0.0,0.0,
328093,2024,Chelsea,49,0.0,0.0,0.0,,False,0.0,0.0,2.0,,,0.0,0.0,,,,,,,,,,,,,,,,0.0,0.0,0.0,,,0.0,0.0,
328095,2023,Brighton,51,0.0,0.0,0.0,,False,0.0,0.0,2.0,,,0.0,0.0,,,,,,,,,,,,,,,,0.0,0.0,0.0,,,0.0,0.0,
328095,2024,Brighton,51,,,,,False,,,,,,,,,,,,,,,,,,,,,,,,,,,,,,
328096,2024,Manchester City,50,,,,,False,,,,,,,,,,,,,,,,,,,,,,,,,,,,,,
328096,2024,Nottingham Forest,65,,,,,False,,,,,,,,,,,,,,,,,,,,,,,,,,,,,,
328097,2023,Manchester City,50,0.0,0.0,0.0,,False,0.0,0.0,6.0,,,0.0,0.0,,,,,,,,,,,,,,,,0.0,0.0,0.0,,,0.0,0.0,
328097,2024,Manchester City,50,0.0,0.0,0.0,,False,0.0,0.0,0.0,,,0.0,,,,,,,,,,,,,,,,,0.0,0.0,0.0,,,,,
328098,2023,Manchester United,33,0.0,0.0,0.0,,False,0.0,0.0,7.0,,,0.0,0.0,,,,,,,,,,,,,,,,0.0,0.0,0.0,,,0.0,0.0,
328098,2024,Manchester United,33,0.0,0.0,0.0,,False,0.0,0.0,0.0,,,0.0,,,,,,,,,,,,,,,,,0.0,0.0,0.0,,,,,
328101,2022,Manchester United,33,,,,,False,,,,,,,,,,,,,,,,,,,,,,,,,,,,,,
328101,2024,Manchester United,33,8.0,6.0,166.0,6.95,False,2.0,,,,,,0.0,0.0,,122.0,,55.0,5.0,,1.0,21.0,15.0,1.0,1.0,,2.0,,0.0,,0.0,,,0.0,0.0,
328101,2025,Manchester United,33,1.0,0.0,10.0,6.7,False,1.0,0.0,11.0,,,0.0,0.0,0.0,,1.0,,,,,,,,,,,,,0.0,0.0,0.0,,,0.0,0.0,
328104,2023,Newcastle,34,9.0,3.0,24.0,6.2,False,6.0,,,,,,0.0,,,3.0,,,,,,2.0,,,,,,,0.0,,0.0,,,0.0,0.0,
328104,2024,Newcastle,34,0.0,0.0,0.0,,False,0.0,0.0,0.0,,,0.0,,,,,,,,,,,,,,,,,0.0,0.0,0.0,,,,,
328105,2022,Newcastle,34,4.0,2.0,14.0,6.9,False,2.0,,,1.0,,,0.0,,,6.0,,,,,,,,,,,,,0.0,,0.0,,,0.0,0.0,
328105,2023,Newcastle,34,18.0,15.0,1205.0,6.823529,False,3.0,,,6.0,3.0,1.0,0.0,3.0,,524.0,12.0,,33.0,3.0,8.0,110.0,58.0,16.0,8.0,,6.0,5.0,1.0,,0.0,,,0.0,0.0,
328105,2024,Newcastle,34,26.0,14.0,324.0,6.616666,False,12.0,,,2.0,2.0,1.0,0.0,0.0,,190.0,1.0,,14.0,1.0,2.0,41.0,22.0,2.0,1.0,,1.0,3.0,0.0,,0.0,,,0.0,0.0,
328105,2025,Newcastle,34,20.0,12.0,1224.0,6.96,False,8.0,2.0,13.0,8.0,4.0,1.0,0.0,4.0,,707.0,15.0,90.0,25.0,2.0,17.0,110.0,74.0,13.0,12.0,,4.0,4.0,0.0,0.0,0.0,,,0.0,0.0,
328107,2023,Liverpool,40,0.0,0.0,0.0,,False,0.0,0.0,3.0,,,0.0,0.0,,,,,,,,,,,,,,,,0.0,0.0,0.0,,,0.0,0.0,
328107,2024,Liverpool,40,0.0,0.0,0.0,,False,0.0,0.0,0.0,,,0.0,,,,,,,,,,,,,,,,,0.0,0.0,0.0,,,,,
328115,2024,Everton,45,0.0,0.0,0.0,,False,0.0,0.0,7.0,,,0.0,0.0,,,,,,,,,,,,,,,,0.0,0.0,0.0,,,0.0,0.0,
328118,2023,Wolves,39,0.0,0.0,0.0,,False,0.0,0.0,1.0,,,0.0,0.0,,,,,,,,,,,,,,,,0.0,0.0,0.0,,,0.0,0.0,
328118,2024,Wolves,39,0.0,0.0,0.0,,False,0.0,0.0,0.0,,,0.0,,,,,,,,,,,,,,,,,0.0,0.0,0.0,,,,,
328120,2024,Manchester City,50,,,,,False,,,,,,,,,,,,,,,,,,,,,,,,,,,,,,
328126,2023,Sheffield Utd,62,0.0,0.0,0.0,,False,0.0,0.0,6.0,,,0.0,0.0,,,,,,,,,,,,,,,,0.0,0.0,0.0,,,0.0,0.0,0.0
328225,2024,Brighton,51,28.0,19.0,698.0,6.845,False,9.0,,,10.0,5.0,1.0,0.0,4.0,,212.0,23.0,,16.0,,2.0,96.0,44.0,25.0,13.0,,12.0,7.0,0.0,,0.0,,,0.0,0.0,
328225,2025,Brighton,51,18.0,8.0,740.0,6.61,False,10.0,8.0,11.0,12.0,6.0,1.0,0.0,1.0,,247.0,16.0,78.0,14.0,,2.0,125.0,56.0,53.0,20.0,,14.0,11.0,2.0,0.0,0.0,,,0.0,0.0,
328273,2025,Burnley,44,0.0,0.0,,,False,0.0,0.0,32.0,,,0.0,0.0,0.0,,,,,,,,,,,,,,,0.0,0.0,0.0,,,0.0,0.0,
328808,2022,Crystal Palace,52,3.0,0.0,31.0,6.3,False,3.0,0.0,17.0,,,0.0,0.0,,,7.0,,,1.0,,,8.0,4.0,5.0,2.0,,1.0,,0.0,0.0,0.0,,,0.0,0.0,
328808,2023,Crystal Palace,52,0.0,0.0,0.0,,False,0.0,0.0,10.0,,,0.0,0.0,,,,,,,,,,,,,,,,0.0,0.0,0.0,,,0.0,0.0,
328808,2024,Crystal Palace,52,0.0,0.0,0.0,,False,0.0,0.0,0.0,,,0.0,,,,,,,,,,,,,,,,,0.0,0.0,0.0,,,,,
329344,2024,Nottingham Forest,65,0.0,0.0,0.0,,False,0.0,0.0,0.0,,,0.0,,,,,,,,,,,,,,,,,0.0,0.0,0.0,,,,,
329347,2023,Aston Villa,66,2.0,0.0,35.0,6.3,False,2.0,0.0,12.0,,,0.0,0.0,0.0,,7.0,,,1.0,,,3.0,1.0,,,,,,0.0,0.0,0.0,,,0.0,0.0,
329347,2024,Aston Villa,66,,,,,False,,,,,,,,,,,,,,,,,,,,,,,,,,,,,,
329347,2024,Chelsea,49,0.0,0.0,0.0,,False,0.0,0.0,0.0,,,0.0,,,,,,,,,,,,,,,,,0.0,0.0,0.0,,,,,
329357,2023,Nottingham Forest,65,,,,,False,,,,,,,,,,,,,,,,,,,,,,,,,,,,,,
329357,2024,Nottingham Forest,65,0.0,0.0,0.0,,False,0.0,0.0,7.0,,,0.0,0.0,,,,,,,,,,,,,,,,0.0,0.0,0.0,,,0.0,0.0,
329357,2025,Nottingham Forest,65,2.0,1.0,121.0,6.45,False,1.0,1.0,12.0,,,0.0,0.0,0.0,,46.0,,69.0,2.0,1.0,1.0,16.0,10.0,3.0,1.0,,1.0,2.0,0.0,0.0,0.0,,,0.0,0.0,
329358,2023,Nottingham Forest,65,,,,,False,,,,,,,,,,,,,,,,,,,,,,,,,,,,,,
329362,2023,Nottingham Forest,65,,,,,False,,,,,,,,,,,,,,,,,,,,,,,,,,,,,,
329369,2024,Brighton,51,,,,,False,,,,,,,,,,,,,,,,,,,,,,,,,,,,,,
329369,2025,Brighton,51,6.0,0.0,73.0,6.44,False,6.0,0.0,11.0,1.0,1.0,0.0,0.0,0.0,,19.0,,73.0,1.0,,,6.0,1.0,1.0,,,,3.0,1.0,0.0,0.0,,,0.0,0.0,
330238,2025,Burnley,44,16.0,12.0,1111.0,6.56,False,4.0,0.0,16.0,7.0,1.0,0.0,0.0,0.0,,443.0,16.0,83.0,24.0,5.0,16.0,95.0,41.0,18.0,11.0,,3.0,11.0,0.0,0.0,1.0,,,0.0,0.0,
330412,2023,Everton,45,18.0,1.0,192.0,6.607692,False,17.0,1.0,35.0,5.0,2.0,0.0,0.0,0.0,,58.0,4.0,,3.0,1.0,1.0,72.0,25.0,10.0,3.0,,4.0,11.0,3.0,0.0,0.0,,,0.0,0.0,
330412,2024,Everton,45,4.0,0.0,41.0,6.466666,False,4.0,0.0,14.0,1.0,1.0,0.0,0.0,0.0,,10.0,,,,,,8.0,4.0,1.0,1.0,,1.0,1.0,1.0,0.0,0.0,,,0.0,0.0,
330412,2025,Everton,45,0.0,0.0,,,False,0.0,0.0,2.0,,,0.0,0.0,0.0,,,,,,,,,,,,,,,0.0,0.0,0.0,,,0.0,0.0,
330437,2025,Bournemouth,35,28.0,23.0,2060.0,6.78,False,5.0,14.0,6.0,12.0,4.0,1.0,0.0,0.0,,746.0,12.0,80.0,57.0,11.0,24.0,234.0,118.0,62.0,32.0,,17.0,28.0,9.0,0.0,0.0,,1.0,0.0,0.0,
330636,2023,Manchester United,33,,,,,False,,,,,,,,,,,,,,,,,,,,,,,,,,,,,,
330636,2024,Manchester United,33,,,,,False,,,,,,,,,,,,,,,,,,,,,,,,,,,,,,
330640,2025,Sunderland,746,0.0,0.0,,,False,0.0,0.0,13.0,,,0.0,0.0,0.0,,,,,,,,,,,,,,,0.0,0.0,0.0,,,0.0,0.0,
330982,2022,Southampton,41,0.0,0.0,0.0,,False,0.0,0.0,1.0,,,0.0,0.0,,,,,,,,,,,,,,,,0.0,0.0,0.0,,,0.0,0.0,
330986,2023,Chelsea,49,,,,,False,,,,,,,,,,,,,,,,,,,,,,,,,,,,,,
330986,2024,Chelsea,49,,,,,False,,,,,,,,,,,,,,,,,,,,,,,,,,,,,,
330986,2024,Leicester,46,2.0,1.0,1.0,,False,1.0,,,,,,0.0,0.0,,,,,,,,,,,,,,,0.0,,0.0,,,0.0,0.0,
331009,2022,Tottenham,47,0.0,0.0,0.0,,False,0.0,0.0,0.0,,,0.0,,,,,,,,,,,,,,,,,0.0,0.0,0.0,,,,,
331009,2023,Tottenham,47,0.0,0.0,0.0,,False,0.0,0.0,0.0,,,0.0,,,,,,,,,,,,,,,,,0.0,0.0,0.0,,,,,
331563,2023,Chelsea,49,2.0,0.0,7.0,6.2,False,2.0,0.0,3.0,,,0.0,0.0,,,4.0,,,,,,,,,,,,,0.0,0.0,0.0,,,0.0,0.0,
331563,2024,Chelsea,49,0.0,0.0,0.0,,False,0.0,0.0,0.0,,,0.0,,,,,,,,,,,,,,,,,0.0,0.0,0.0,,,,,
333682,2025,Arsenal,42,15.0,6.0,692.0,6.97,False,9.0,3.0,19.0,,,0.0,0.0,0.0,,452.0,3.0,91.0,23.0,5.0,8.0,68.0,38.0,1.0,,,3.0,8.0,2.0,0.0,0.0,,,0.0,0.0,
334035,2022,Southampton,41,1.0,0.0,3.0,6.9,False,1.0,0.0,1.0,,,0.0,0.0,,,6.0,1.0,,,,,6.0,3.0,4.0,3.0,,,,0.0,0.0,0.0,,,0.0,0.0,
334035,2024,Southampton,41,2.0,0.0,26.0,6.5,False,2.0,0.0,9.0,,,0.0,0.0,0.0,,7.0,1.0,,1.0,,,10.0,3.0,3.0,,,2.0,1.0,1.0,0.0,0.0,,,0.0,0.0,
334037,2023,Chelsea,49,0.0,0.0,0.0,,False,0.0,0.0,3.0,,,0.0,0.0,,,,,,,,,,,,,,,,0.0,0.0,0.0,,,0.0,0.0,
334037,2024,Chelsea,49,8.0,1.0,177.0,6.757142,False,7.0,1.0,18.0,2.0,1.0,1.0,0.0,1.0,,49.0,6.0,,2.0,,2.0,14.0,5.0,5.0,3.0,,,3.0,1.0,0.0,0.0,,,0.0,0.0,
334037,2025,Chelsea,49,4.0,0.0,151.0,6.6,False,4.0,0.0,8.0,3.0,2.0,0.0,0.0,0.0,,23.0,,86.0,2.0,,,17.0,5.0,3.0,1.0,,1.0,6.0,2.0,0.0,0.0,,,0.0,0.0,
334037,2025,Everton,45,6.0,1.0,129.0,6.32,False,5.0,1.0,6.0,4.0,2.0,0.0,0.0,0.0,,53.0,,73.0,1.0,,1.0,12.0,3.0,4.0,2.0,,,2.0,0.0,0.0,0.0,,,0.0,0.0,
334042,2024,Chelsea,49,0.0,0.0,0.0,,False,0.0,0.0,0.0,,,0.0,,,,,,,,,,,,,,,,,0.0,0.0,0.0,,,,,
334725,2022,Bournemouth,35,0.0,0.0,0.0,,False,0.0,0.0,4.0,,,0.0,0.0,,,,,,,,,,,,,,,,0.0,0.0,0.0,,,0.0,0.0,
334725,2023,Bournemouth,35,1.0,0.0,0.0,,False,1.0,0.0,5.0,,,0.0,0.0,,,1.0,,,,,,1.0,,,,,,,0.0,0.0,0.0,,,0.0,0.0,
334725,2024,Bournemouth,35,0.0,0.0,0.0,,False,0.0,0.0,1.0,,,0.0,0.0,,,,,,,,,,,,,,,,0.0,0.0,0.0,,,0.0,0.0,
334725,2025,Bournemouth,35,0.0,0.0,,,False,0.0,0.0,2.0,,,0.0,0.0,0.0,,,,,,,,,,,,,,,0.0,0.0,0.0,,,0.0,0.0,
334729,2022,Liverpool,40,6.0,2.0,12.0,6.3,False,4.0,,,,,,0.0,,,1.0,,,,,,2.0,,1.0,,,,1.0,0.0,,0.0,,,0.0,0.0,
334729,2023,Liverpool,40,11.0,4.0,103.0,6.35,False,7.0,,,1.0,,,0.0,,,49.0,,,2.0,2.0,1.0,21.0,5.0,3.0,,,3.0,4.0,0.0,,0.0,,,0.0,0.0,
334729,2024,Liverpool,40,0.0,0.0,0.0,,False,0.0,0.0,0.0,,,0.0,,,,,,,,,,,,,,,,,0.0,0.0,0.0,,,,,
334734,2022,Leeds,63,0.0,0.0,0.0,,False,0.0,0.0,0.0,,,0.0,,,,,,,,,,,,,,,,,0.0,0.0,0.0,,,,,
335056,2023,Chelsea,49,0.0,0.0,0.0,,False,0.0,0.0,1.0,,,0.0,0.0,,,,,,,,,,,,,,,,0.0,0.0,0.0,,,0.0,0.0,
335056,2024,Chelsea,49,0.0,0.0,0.0,,False,0.0,0.0,0.0,,,0.0,,,,,,,,,,,,,,,,,0.0,0.0,0.0,,,,,
335116,2022,Fulham,36,0.0,0.0,0.0,,False,0.0,0.0,1.0,,,0.0,0.0,,,,,,,,,,,,,,,,0.0,0.0,0.0,,,0.0,0.0,
335116,2023,Fulham,36,0.0,0.0,0.0,,False,0.0,0.0,2.0,,,0.0,0.0,,,,,,,,,,,,,,,,0.0,0.0,0.0,,,0.0,0.0,
335116,2024,Fulham,36,,,,,False,,,,,,,,,,,,,,,,,,,,,,,,,,,,,,
335813,2023,Luton,1359,0.0,0.0,0.0,,False,0.0,0.0,2.0,,,0.0,0.0,,,,,,,,,,,,,,,,0.0,0.0,0.0,,,0.0,0.0,
336240,2023,Brighton,51,0.0,0.0,0.0,,False,0.0,0.0,1.0,,,0.0,0.0,,,,,,,,,,,,,,,,0.0,0.0,0.0,,,0.0,0.0,
336240,2024,Brighton,51,,,,,False,,,,,,,,,,,,,,,,,,,,,,,,,,,,,,
336564,2023,Burnley,44,33.0,30.0,2118.0,6.914285,False,3.0,,,33.0,14.0,3.0,0.0,2.0,,545.0,31.0,,17.0,2.0,6.0,216.0,97.0,102.0,53.0,,19.0,9.0,3.0,,0.0,,,0.0,0.0,
336564,2024,Tottenham,47,16.0,12.0,849.0,6.546666,False,4.0,,,8.0,4.0,1.0,0.0,0.0,,245.0,6.0,,14.0,,4.0,82.0,33.0,29.0,12.0,,3.0,2.0,0.0,,0.0,,,0.0,0.0,
336564,2025,Tottenham,47,24.0,10.0,990.0,6.61,False,14.0,9.0,16.0,18.0,8.0,0.0,0.0,2.0,,325.0,20.0,84.0,9.0,,1.0,103.0,48.0,42.0,24.0,,10.0,2.0,0.0,0.0,0.0,,,0.0,0.0,
336578,2025,Burnley,44,1.0,0.0,9.0,6.5,False,1.0,0.0,2.0,,,0.0,0.0,0.0,,4.0,,100.0,,,,4.0,1.0,1.0,,,1.0,1.0,0.0,0.0,0.0,,,0.0,0.0,
336585,2024,Southampton,41,36.0,34.0,2922.0,6.944444,False,2.0,15.0,2.0,22.0,14.0,2.0,0.0,4.0,,1233.0,34.0,,89.0,8.0,28.0,383.0,207.0,96.0,48.0,,55.0,46.0,8.0,0.0,0.0,,,0.0,0.0,
336585,2025,West Ham,48,30.0,29.0,2484.0,7.14,False,1.0,12.0,1.0,14.0,5.0,3.0,0.0,3.0,,1243.0,32.0,87.0,83.0,11.0,30.0,294.0,160.0,37.0,23.0,,40.0,44.0,7.0,0.0,0.0,,,0.0,0.0,
336599,2023,Brighton,51,5.0,0.0,35.0,6.45,False,5.0,0.0,14.0,,,0.0,0.0,,,19.0,1.0,,,,,5.0,1.0,1.0,1.0,,,2.0,1.0,0.0,0.0,,,0.0,0.0,
336599,2024,Brighton,51,,,,,False,,,,,,,,,,,,,,,,,,,,,,,,,,,,,,
336659,2025,Sunderland,746,24.0,14.0,1335.0,6.64,False,10.0,13.0,12.0,18.0,9.0,4.0,0.0,1.0,,336.0,12.0,81.0,9.0,1.0,2.0,78.0,26.0,31.0,15.0,,1.0,4.0,0.0,0.0,0.0,,,0.0,0.0,
336671,2024,Chelsea,49,7.0,1.0,176.0,6.585714,False,6.0,0.0,19.0,3.0,1.0,0.0,0.0,0.0,,132.0,,,9.0,1.0,1.0,35.0,16.0,5.0,3.0,,1.0,6.0,2.0,0.0,0.0,,,0.0,0.0,
337593,2025,Tottenham,47,0.0,0.0,,,False,0.0,0.0,1.0,,,0.0,0.0,0.0,,,,,,,,,,,,,,,0.0,0.0,0.0,,,0.0,0.0,
337929,2022,Tottenham,47,2.0,1.0,1.0,,False,1.0,,,,,,0.0,,,1.0,,,,,1.0,,,,,,,,0.0,,0.0,,,0.0,0.0,
337929,2023,Tottenham,47,,,,,False,,,,,,,,,,,,,,,,,,,,,,,,,,,,,,
337929,2024,Tottenham,47,,,,,False,,,,,,,,,,,,,,,,,,,,,,,,,,,,,,
337932,2024,West Ham,48,,,,,False,,,,,,,,,,,,,,,,,,,,,,,,,,,,,,
337932,2025,West Ham,48,0.0,0.0,,,False,0.0,0.0,1.0,,,0.0,0.0,0.0,,,,,,,,,,,,,,,0.0,0.0,0.0,,,0.0,0.0,
337933,2024,Arsenal,42,0.0,0.0,0.0,,False,0.0,0.0,0.0,,,0.0,,,,,,,,,,,,,,,,,0.0,0.0,0.0,,,,,
337934,2024,Newcastle,34,0.0,0.0,0.0,,False,0.0,0.0,1.0,,,0.0,0.0,,,,,,,,,,,,,,,,0.0,0.0,0.0,,,0.0,0.0,
337934,2025,Newcastle,34,0.0,0.0,,,False,0.0,0.0,11.0,,,0.0,0.0,0.0,,,,,,,,,,,,,,,0.0,0.0,0.0,,,0.0,0.0,
337936,2024,Manchester City,50,,,,,False,,,,,,,,,,,,,,,,,,,,,,,,,,,,,,
337941,2024,Manchester City,50,,,,,False,,,,,,,,,,,,,,,,,,,,,,,,,,,,,,
338856,2023,Wolves,39,0.0,0.0,0.0,,False,0.0,0.0,5.0,,,0.0,0.0,,,,,,,,,,,,,,,,0.0,0.0,0.0,,,0.0,0.0,
338856,2024,Wolves,39,,,,,False,,,,,,,,,,,,,,,,,,,,,,,,,,,,,,
339138,2022,Nottingham Forest,65,0.0,0.0,0.0,,False,0.0,0.0,1.0,,,0.0,0.0,,,,,,,,,,,,,,,,0.0,0.0,0.0,,,0.0,0.0,
339138,2024,Nottingham Forest,65,,,,,False,,,,,,,,,,,,,,,,,,,,,,,,,,,,,,
339175,2024,Arsenal,42,0.0,0.0,0.0,,False,0.0,0.0,0.0,,,0.0,,,,,,,,,,,,,,,,,0.0,0.0,0.0,,,,,
339201,2025,Sunderland,746,14.0,9.0,651.0,6.56,False,5.0,7.0,21.0,6.0,1.0,0.0,0.0,0.0,,173.0,8.0,68.0,12.0,1.0,3.0,57.0,28.0,8.0,4.0,,8.0,7.0,1.0,0.0,0.0,,,0.0,0.0,
340135,2023,Brighton,51,3.0,1.0,62.0,6.4,False,2.0,1.0,10.0,1.0,,0.0,0.0,,,16.0,,,1.0,1.0,,7.0,2.0,,,,,1.0,1.0,0.0,0.0,,,0.0,0.0,
340135,2024,Brighton,51,0.0,0.0,0.0,,False,0.0,0.0,1.0,,,0.0,0.0,,,,,,,,,,,,,,,,0.0,0.0,0.0,,,0.0,0.0,
340136,2023,Crystal Palace,52,0.0,0.0,0.0,,False,0.0,0.0,5.0,,,0.0,0.0,,,,,,,,,,,,,,,,0.0,0.0,0.0,,,0.0,0.0,
340136,2024,Crystal Palace,52,0.0,0.0,0.0,,False,0.0,0.0,8.0,,,0.0,0.0,,,,,,,,,,,,,,,,0.0,0.0,0.0,,,0.0,0.0,
340246,2024,Liverpool,40,0.0,0.0,0.0,,False,0.0,0.0,0.0,,,0.0,,,,,,,,,,,,,,,,,0.0,0.0,0.0,,,,,
340573,2024,Leicester,46,32.0,27.0,2194.0,6.8875,False,5.0,19.0,8.0,19.0,7.0,2.0,0.0,3.0,,956.0,42.0,,51.0,4.0,6.0,247.0,117.0,57.0,34.0,,13.0,30.0,4.0,0.0,0.0,,,0.0,0.0,
340919,2023,Newcastle,34,,,,,False,,,,,,,,,,,,,,,,,,,,,,,,,,,,,,
340919,2024,Newcastle,34,,,,,False,,,,,,,,,,,,,,,,,,,,,,,,,,,,,,
341641,2023,Nottingham Forest,65,4.0,0.0,13.0,6.566666,False,4.0,0.0,12.0,,,0.0,0.0,0.0,,8.0,,,,,1.0,7.0,2.0,1.0,,,,1.0,0.0,0.0,0.0,,,0.0,0.0,
341641,2024,Nottingham Forest,65,,,,,False,,,,,,,,,,,,,,,,,,,,,,,,,,,,,,
341642,2025,Chelsea,49,17.0,7.0,747.0,6.49,False,10.0,4.0,22.0,4.0,,0.0,0.0,0.0,,482.0,7.0,91.0,24.0,4.0,11.0,84.0,41.0,10.0,4.0,,1.0,12.0,4.0,0.0,0.0,,,0.0,0.0,
342022,2024,Brentford,55,12.0,6.0,527.0,6.890909,False,6.0,5.0,7.0,2.0,,0.0,0.0,1.0,,173.0,8.0,,17.0,,7.0,65.0,38.0,17.0,9.0,,3.0,8.0,2.0,0.0,0.0,,,0.0,0.0,
342022,2025,Brentford,55,31.0,31.0,2724.0,6.9,False,0.0,6.0,0.0,4.0,2.0,1.0,0.0,1.0,,976.0,31.0,84.0,59.0,11.0,34.0,315.0,185.0,88.0,46.0,,43.0,22.0,6.0,0.0,0.0,,2.0,0.0,0.0,
342054,2022,Vitesse,200,0.0,0.0,0.0,,False,0.0,0.0,0.0,,,0.0,,,,,,,,,,,,,,,,,0.0,0.0,0.0,,,,,
342063,2025,Brighton,51,5.0,2.0,201.0,6.7,False,3.0,1.0,20.0,,,0.0,0.0,0.0,,114.0,,88.0,2.0,2.0,1.0,27.0,13.0,1.0,1.0,,,4.0,2.0,0.0,0.0,,,0.0,0.0,
342191,2023,Brighton,51,,,,,False,,,,,,,,,,,,,,,,,,,,,,,,,,,,,,
342191,2024,Brighton,51,,,,,False,,,,,,,,,,,,,,,,,,,,,,,,,,,,,,
342243,2024,Arsenal,42,0.0,0.0,0.0,,False,0.0,0.0,3.0,,,0.0,0.0,,,,,,,,,,,,,,,,0.0,0.0,0.0,,,0.0,0.0,0.0
342320,2024,Aston Villa,66,5.0,0.0,121.0,6.52,False,5.0,0.0,16.0,,,0.0,0.0,0.0,,41.0,,,7.0,,,12.0,9.0,2.0,1.0,,1.0,,0.0,0.0,0.0,,,0.0,0.0,
342467,2025,Liverpool,40,0.0,0.0,,,False,0.0,0.0,1.0,,,0.0,0.0,0.0,,,,,,,,,,,,,,,0.0,0.0,0.0,,,0.0,0.0,
342660,2023,Sheffield Utd,62,0.0,0.0,0.0,6.858333,False,0.0,0.0,0.0,1.0,1.0,0.0,0.0,0.0,,426.0,11.0,,23.0,7.0,15.0,108.0,61.0,23.0,17.0,,12.0,10.0,0.0,0.0,0.0,,,0.0,0.0,
342970,2024,Manchester United,33,21.0,18.0,1169.0,6.657142,False,3.0,,,3.0,1.0,,0.0,0.0,,757.0,2.0,,29.0,3.0,18.0,86.0,49.0,4.0,2.0,,2.0,9.0,5.0,,0.0,,,0.0,0.0,
342970,2025,Manchester United,33,29.0,18.0,1714.0,6.69,False,11.0,9.0,14.0,8.0,3.0,0.0,0.0,0.0,,982.0,4.0,88.0,31.0,10.0,30.0,146.0,82.0,3.0,2.0,,5.0,16.0,1.0,0.0,0.0,,1.0,0.0,0.0,
343209,2024,Brighton,51,0.0,0.0,0.0,,False,0.0,0.0,8.0,,,0.0,0.0,,,,,,,,,,,,,,,,0.0,0.0,0.0,,,0.0,0.0,
343311,2025,Brighton,51,9.0,1.0,164.0,6.58,False,8.0,1.0,10.0,3.0,1.0,1.0,0.0,1.0,,24.0,6.0,70.0,3.0,1.0,,23.0,5.0,2.0,1.0,,1.0,4.0,0.0,0.0,0.0,,,0.0,0.0,
343576,2022,Liverpool,40,2.0,0.0,24.0,6.3,False,2.0,0.0,4.0,,,0.0,0.0,,,14.0,,,3.0,,,8.0,4.0,4.0,,,1.0,1.0,0.0,0.0,0.0,,,0.0,0.0,
343576,2023,Liverpool,40,1.0,0.0,13.0,6.2,False,1.0,0.0,9.0,,,0.0,0.0,,,4.0,,,,,,,,,,,,,0.0,0.0,0.0,,,0.0,0.0,
343576,2024,Liverpool,40,0.0,0.0,0.0,,False,0.0,0.0,0.0,,,0.0,,,,,,,,,,,,,,,,,0.0,0.0,0.0,,,,,
343576,2025,Bournemouth,35,5.0,0.0,67.0,6.44,False,5.0,0.0,13.0,,,0.0,0.0,1.0,,27.0,1.0,74.0,2.0,,1.0,14.0,4.0,5.0,,,1.0,3.0,0.0,0.0,0.0,,,0.0,0.0,
343684,2025,Everton,45,32.0,19.0,1678.0,6.48,False,13.0,17.0,13.0,25.0,10.0,6.0,0.0,0.0,,316.0,10.0,60.0,3.0,2.0,5.0,341.0,129.0,26.0,8.0,,7.0,38.0,3.0,0.0,0.0,,,0.0,0.0,
344229,2024,Manchester United,33,0.0,0.0,0.0,,False,0.0,0.0,2.0,,,0.0,0.0,,,,,,,,,,,,,,,,0.0,0.0,0.0,,,0.0,0.0,
344229,2025,Manchester United,33,0.0,0.0,,,False,0.0,0.0,2.0,,,0.0,0.0,0.0,,,,,,,,,,,,,,,0.0,0.0,0.0,,,0.0,0.0,
344233,2024,Newcastle,34,,,,,False,,,,,,,,,,,,,,,,,,,,,,,,,,,,,,
344247,2024,Tottenham,47,,,,,False,,,,,,,,,,,,,,,,,,,,,,,,,,,,,,
344707,2023,West Ham,48,0.0,0.0,0.0,,False,0.0,0.0,1.0,,,0.0,0.0,,,,,,,,,,,,,,,,0.0,0.0,0.0,,,0.0,0.0,
344707,2024,West Ham,48,0.0,0.0,0.0,,False,0.0,0.0,0.0,,,0.0,,,,,,,,,,,,,,,,,0.0,0.0,0.0,,,,,
344707,2025,West Ham,48,2.0,0.0,58.0,6.35,False,2.0,0.0,6.0,1.0,,0.0,0.0,0.0,,4.0,,50.0,,,2.0,8.0,2.0,2.0,1.0,,,,0.0,0.0,0.0,,,0.0,0.0,
344908,2022,Crystal Palace,52,,,,,False,,,,,,,,,,,,,,,,,,,,,,,,,,,,,,
345107,2024,Manchester City,50,,,,,False,,,,,,,,,,,,,,,,,,,,,,,,,,,,,,
347066,2022,Bournemouth,35,0.0,0.0,0.0,,False,0.0,0.0,3.0,,,0.0,0.0,,,,,,,,,,,,,,,,0.0,0.0,0.0,,,0.0,0.0,
347066,2023,Bournemouth,35,0.0,0.0,0.0,,False,0.0,0.0,0.0,,,0.0,,,,,,,,,,,,,,,,,0.0,0.0,0.0,,,,,
347305,2024,Manchester City,50,,,,,False,,,,,,,,,,,,,,,,,,,,,,,,,,,,,,
347316,2024,Tottenham,47,27.0,11.0,1202.0,6.726923,False,16.0,5.0,23.0,7.0,2.0,0.0,0.0,1.0,,688.0,12.0,,39.0,8.0,23.0,166.0,86.0,41.0,21.0,,17.0,20.0,3.0,0.0,0.0,,,0.0,0.0,
347316,2025,Tottenham,47,19.0,11.0,928.0,6.58,False,8.0,11.0,11.0,10.0,5.0,1.0,0.0,2.0,,289.0,4.0,82.0,20.0,2.0,2.0,103.0,44.0,22.0,14.0,,6.0,23.0,2.0,0.0,0.0,,,0.0,0.0,
348263,2024,Ipswich,57,,,,,False,,,,,,,,,,,,,,,,,,,,,,,,,,,,,,
348818,2024,Arsenal,42,0.0,0.0,0.0,,False,0.0,0.0,1.0,,,0.0,0.0,,,,,,,,,,,,,,,,0.0,0.0,0.0,,,0.0,0.0,
349288,2023,Brentford,55,0.0,0.0,0.0,,False,0.0,0.0,2.0,,,0.0,0.0,,,,,,,,,,,,,,,,0.0,0.0,0.0,,,0.0,0.0,0.0
349288,2024,Brentford,55,,,,,False,,,,,,,,,,,,,,,,,,,,,,,,,,,,,,
349384,2023,Tottenham,47,0.0,0.0,0.0,,False,0.0,0.0,1.0,,,0.0,0.0,,,,,,,,,,,,,,,,0.0,0.0,0.0,,,0.0,0.0,
349384,2024,Tottenham,47,0.0,0.0,0.0,,False,0.0,0.0,0.0,,,0.0,,,,,,,,,,,,,,,,,0.0,0.0,0.0,,,,,
349595,2022,Vitesse,200,0.0,0.0,0.0,,False,0.0,0.0,0.0,,,0.0,,,,,,,,,,,,,,,,,0.0,0.0,0.0,,,,,
349799,2025,Sunderland,746,19.0,8.0,769.0,6.58,False,11.0,7.0,24.0,8.0,6.0,2.0,0.0,0.0,,85.0,4.0,65.0,5.0,1.0,1.0,122.0,42.0,32.0,11.0,,11.0,6.0,0.0,0.0,0.0,,,0.0,0.0,
349987,2023,Newcastle,34,,,,,False,,,,,,,,,,,,,,,,,,,,,,,,,,,,,,
349987,2024,Newcastle,34,0.0,0.0,0.0,,False,0.0,0.0,0.0,,,0.0,,,,,,,,,,,,,,,,,0.0,0.0,0.0,,,,,
350590,2022,Bournemouth,35,,,,,False,,,,,,,,,,,,,,,,,,,,,,,,,,,,,,
350625,2024,Southampton,41,,,,,False,,,,,,,,,,,,,,,,,,,,,,,,,,,,,,
350625,2024,Brentford,55,1.0,0.0,4.0,6.2,False,1.0,0.0,14.0,,,0.0,0.0,0.0,,3.0,,,,,,,,,,,,,0.0,0.0,0.0,,,0.0,0.0,
350626,2024,Leicester,46,0.0,0.0,0.0,,False,0.0,0.0,0.0,,,0.0,,,,,,,,,,,,,,,,,0.0,0.0,0.0,,,,,
350627,2022,Crystal Palace,52,,,,,False,,,,,,,,,,,,,,,,,,,,,,,,,,,,,,
351344,2025,Leeds,63,0.0,0.0,,,False,0.0,0.0,1.0,,,0.0,0.0,0.0,,,,,,,,,,,,,,,0.0,0.0,0.0,,,0.0,0.0,
352210,2023,Newcastle,34,,,,,False,,,,,,,,,,,,,,,,,,,,,,,,,,,,,,
352210,2024,Newcastle,34,,,,,False,,,,,,,,,,,,,,,,,,,,,,,,,,,,,,
354581,2024,Southampton,41,,,,,False,,,,,,,,,,,,,,,,,,,,,,,,,,,,,,
356041,2023,Brighton,51,34.0,26.0,1362.0,6.748148,False,8.0,,,15.0,5.0,,0.0,0.0,,772.0,8.0,,40.0,7.0,18.0,192.0,102.0,17.0,11.0,,27.0,40.0,7.0,,0.0,,,0.0,0.0,
356041,2024,Brighton,51,36.0,33.0,2670.0,6.982352,False,3.0,,,26.0,11.0,3.0,0.0,1.0,,1300.0,22.0,,79.0,11.0,46.0,359.0,199.0,53.0,33.0,,48.0,40.0,8.0,,1.0,,,0.0,0.0,
356041,2025,Brighton,51,26.0,19.0,1318.0,6.54,False,7.0,17.0,7.0,9.0,1.0,0.0,0.0,0.0,,561.0,4.0,85.0,28.0,3.0,25.0,146.0,70.0,17.0,9.0,,16.0,26.0,5.0,0.0,0.0,,1.0,0.0,0.0,
356237,2023,Brentford,55,0.0,0.0,0.0,,False,0.0,0.0,8.0,,,0.0,0.0,,,,,,,,,,,,,,,,0.0,0.0,0.0,,,0.0,0.0,
356237,2024,Brentford,55,3.0,0.0,27.0,6.2,False,3.0,0.0,15.0,,,0.0,0.0,0.0,,28.0,,,,,,2.0,,,,,,1.0,0.0,0.0,0.0,,,0.0,0.0,
357047,2022,Vitesse,200,0.0,0.0,0.0,,False,0.0,0.0,0.0,,,0.0,,,,,,,,,,,,,,,,,0.0,0.0,0.0,,,,,
357060,2024,Aston Villa,66,0.0,0.0,0.0,,False,0.0,0.0,0.0,,,0.0,,,,,,,,,,,,,,,,,0.0,0.0,0.0,,,,,
358666,2024,Southampton,41,0.0,0.0,0.0,,False,0.0,0.0,0.0,,,0.0,,,,,,,,,,,,,,,,,0.0,0.0,0.0,,,,,
358969,2025,West Ham,48,0.0,0.0,,,False,0.0,0.0,1.0,,,0.0,0.0,0.0,,,,,,,,,,,,,,,0.0,0.0,0.0,,,0.0,0.0,
359117,2024,Chelsea,49,2.0,1.0,1.0,,False,1.0,,,1.0,1.0,,0.0,0.0,,,,,,,,1.0,1.0,,,,,,0.0,,0.0,,,0.0,0.0,
359386,2022,Fulham,36,0.0,0.0,0.0,,False,0.0,0.0,1.0,,,0.0,0.0,,,,,,,,,,,,,,,,0.0,0.0,0.0,,,0.0,0.0,
359386,2023,Fulham,36,,,,,False,,,,,,,,,,,,,,,,,,,,,,,,,,,,,,
359386,2024,Fulham,36,2.0,0.0,21.0,6.6,False,2.0,0.0,9.0,,,0.0,0.0,0.0,,14.0,1.0,,,,1.0,6.0,1.0,4.0,1.0,,,1.0,0.0,0.0,0.0,,,0.0,0.0,
359603,2023,Burnley,44,15.0,13.0,983.0,6.64,False,2.0,13.0,2.0,17.0,5.0,1.0,0.0,1.0,,246.0,11.0,,7.0,,2.0,161.0,55.0,72.0,33.0,,13.0,18.0,0.0,0.0,0.0,,,0.0,0.0,
359842,2024,Brighton,51,0.0,0.0,0.0,,False,0.0,0.0,3.0,,,0.0,0.0,,,,,,,,,,,,,,,,0.0,0.0,0.0,,,0.0,0.0,
359842,2025,Brighton,51,1.0,0.0,1.0,,False,1.0,0.0,5.0,,,0.0,0.0,0.0,,,,,,,,,,,,,,,0.0,0.0,0.0,,,0.0,0.0,
359942,2024,Bournemouth,35,0.0,0.0,0.0,,False,0.0,0.0,8.0,,,0.0,0.0,,,,,,,,,,,,,,,,0.0,0.0,0.0,,,0.0,0.0,
360010,2023,Luton,1359,0.0,0.0,0.0,,False,0.0,0.0,1.0,,,0.0,0.0,,,,,,,,,,,,,,,,0.0,0.0,0.0,,,0.0,0.0,
360011,2024,Chelsea,49,0.0,0.0,0.0,,False,0.0,0.0,0.0,,,0.0,,,,,,,,,,,,,,,,,0.0,0.0,0.0,,,,,
360114,2024,Manchester City,50,11.0,9.0,504.0,6.733333,False,2.0,,,,,,0.0,0.0,,391.0,2.0,59.0,5.0,4.0,3.0,25.0,14.0,2.0,,,3.0,3.0,1.0,,0.0,,,0.0,0.0,
360114,2025,Manchester City,50,16.0,10.0,979.0,6.89,False,6.0,3.0,15.0,3.0,,0.0,0.0,0.0,,705.0,4.0,91.0,21.0,4.0,22.0,66.0,36.0,6.0,4.0,,5.0,11.0,2.0,0.0,0.0,,,0.0,0.0,
360268,2024,Aston Villa,66,0.0,0.0,0.0,,False,0.0,0.0,7.0,,,0.0,0.0,,,,,,,,,,,,,,,,0.0,0.0,0.0,,,0.0,0.0,
360268,2025,Aston Villa,66,1.0,0.0,8.0,6.7,False,1.0,0.0,9.0,,,0.0,0.0,0.0,,7.0,,85.0,,,,2.0,1.0,1.0,,,1.0,,0.0,0.0,0.0,,,0.0,0.0,
360269,2024,Aston Villa,66,0.0,0.0,0.0,,False,0.0,0.0,0.0,,,0.0,,,,,,,,,,,,,,,,,0.0,0.0,0.0,,,,,
360269,2025,Aston Villa,66,0.0,0.0,,,False,0.0,0.0,0.0,,,0.0,0.0,0.0,,,,,,,,,,,,,,,0.0,0.0,0.0,,,0.0,0.0,
361388,2023,Burnley,44,,,,,False,,,,,,,,,,,,,,,,,,,,,,,,,,,,,,
361388,2025,Burnley,44,0.0,0.0,,,False,0.0,0.0,1.0,,,0.0,0.0,0.0,,,,,,,,,,,,,,,0.0,0.0,0.0,,,0.0,0.0,
361485,2025,Bournemouth,35,5.0,1.0,108.0,6.38,False,4.0,1.0,9.0,1.0,,0.0,0.0,0.0,,25.0,3.0,84.0,1.0,,2.0,11.0,3.0,3.0,,,2.0,1.0,1.0,0.0,0.0,,,0.0,0.0,
361497,2024,Bournemouth,35,38.0,31.0,2422.0,7.229032,False,7.0,,,12.0,4.0,3.0,0.0,2.0,,1601.0,15.0,42.0,36.0,29.0,51.0,206.0,116.0,5.0,2.0,,10.0,31.0,10.0,,0.0,,,0.0,0.0,
361675,2023,Manchester City,50,,,,,False,,,,,,,,,,,,,,,,,,,,,,,,,,,,,,
361675,2024,Manchester City,50,,,,,False,,,,,,,,,,,,,,,,,,,,,,,,,,,,,,
361676,2024,Everton,45,0.0,0.0,0.0,,False,0.0,0.0,1.0,,,0.0,0.0,,,,,,,,,,,,,,,,0.0,0.0,0.0,,,0.0,0.0,
361679,2024,Everton,45,0.0,0.0,0.0,,False,0.0,0.0,2.0,,,0.0,0.0,,,,,,,,,,,,,,,,0.0,0.0,0.0,,,0.0,0.0,
361734,2024,Tottenham,47,0.0,0.0,0.0,,False,0.0,0.0,5.0,,,0.0,0.0,,,,,,,,,,,,,,,,0.0,0.0,0.0,,,0.0,0.0,
361735,2025,Tottenham,47,1.0,0.0,1.0,,False,1.0,0.0,7.0,,,0.0,0.0,0.0,,,,,,,,,,,,,,,0.0,0.0,0.0,,,0.0,0.0,
361736,2023,Tottenham,47,,,,,False,,,,,,,,,,,,,,,,,,,,,,,,,,,,,,
361736,2024,Tottenham,47,,,,,False,,,,,,,,,,,,,,,,,,,,,,,,,,,,,,
362270,2023,Manchester United,33,3.0,0.0,12.0,6.2,False,3.0,0.0,5.0,,,0.0,0.0,,,,,,1.0,,2.0,6.0,1.0,,,,,3.0,0.0,0.0,0.0,,,0.0,0.0,
362270,2024,Manchester United,33,0.0,0.0,0.0,,False,0.0,0.0,5.0,,,0.0,0.0,,,,,,,,,,,,,,,,0.0,0.0,0.0,,,0.0,0.0,
362711,2025,Nottingham Forest,65,3.0,2.0,214.0,6.6,False,1.0,0.0,15.0,,,0.0,0.0,0.0,,100.0,,76.0,4.0,1.0,3.0,9.0,7.0,1.0,1.0,,1.0,,0.0,0.0,0.0,,,0.0,0.0,
362766,2025,Sunderland,746,0.0,0.0,,,False,0.0,0.0,1.0,,,0.0,0.0,0.0,,,,,,,,,,,,,,,0.0,0.0,0.0,,,0.0,0.0,
363333,2024,Bournemouth,35,13.0,6.0,24.0,6.5,False,7.0,,,,,,0.0,0.0,,13.0,,,1.0,,,2.0,2.0,,,,1.0,,0.0,,0.0,,,0.0,0.0,
363333,2025,Bournemouth,35,3.0,0.0,34.0,6.4,False,3.0,0.0,17.0,,,0.0,0.0,0.0,,23.0,,86.0,1.0,,,6.0,3.0,,,,2.0,2.0,0.0,0.0,0.0,,,0.0,0.0,
363695,2023,Nottingham Forest,65,32.0,32.0,2793.0,6.84375,False,0.0,,,16.0,6.0,,0.0,2.0,,1445.0,7.0,,50.0,24.0,37.0,235.0,116.0,35.0,21.0,,7.0,38.0,5.0,,0.0,,,0.0,0.0,
363695,2024,Nottingham Forest,65,36.0,36.0,3191.0,7.183333,False,0.0,,,20.0,6.0,2.0,0.0,0.0,,1415.0,13.0,,53.0,45.0,35.0,218.0,130.0,36.0,27.0,,6.0,27.0,6.0,,0.0,,,0.0,0.0,
363695,2025,Nottingham Forest,65,24.0,24.0,2096.0,7.0,False,0.0,2.0,1.0,6.0,4.0,1.0,0.0,0.0,,1098.0,8.0,83.0,32.0,24.0,33.0,132.0,70.0,14.0,9.0,,7.0,23.0,5.0,0.0,0.0,,,0.0,0.0,
363974,2023,Crystal Palace,52,,,,,False,,,,,,,,,,,,,,,,,,,,,,,,,,,,,,
363974,2024,Crystal Palace,52,0.0,0.0,0.0,,False,0.0,0.0,1.0,,,0.0,0.0,,,,,,,,,,,,,,,,0.0,0.0,0.0,,,0.0,0.0,
363974,2025,Crystal Palace,52,0.0,0.0,,,False,0.0,0.0,0.0,,,0.0,0.0,0.0,,,,,,,,,,,,,,,0.0,0.0,0.0,,,0.0,0.0,
364048,2023,Chelsea,49,,,,,False,,,,,,,,,,,,,,,,,,,,,,,,,,,,,,
364048,2024,Chelsea,49,0.0,0.0,0.0,,False,0.0,0.0,0.0,,,0.0,,,,,,,,,,,,,,,,,0.0,0.0,0.0,,,,,
364566,2025,Aston Villa,66,2.0,0.0,25.0,6.7,False,2.0,0.0,11.0,,,0.0,0.0,0.0,,17.0,,100.0,,,,1.0,,,,,,1.0,0.0,0.0,0.0,,,0.0,0.0,
364809,2022,Vitesse,200,0.0,0.0,0.0,,False,0.0,0.0,0.0,,,0.0,,,,,,,,,,,,,,,,,0.0,0.0,0.0,,,,,
364980,2024,Brentford,55,,,,,False,,,,,,,,,,,,,,,,,,,,,,,,,,,,,,
364980,2025,Brentford,55,0.0,0.0,,,False,0.0,0.0,1.0,,,0.0,0.0,0.0,,,,,,,,,,,,,,,0.0,0.0,0.0,,,0.0,0.0,
365331,2025,Sunderland,746,27.0,27.0,2385.0,6.79,False,0.0,5.0,0.0,8.0,4.0,0.0,0.0,0.0,,906.0,12.0,84.0,41.0,10.0,31.0,189.0,101.0,37.0,22.0,,30.0,25.0,7.0,0.0,0.0,,,0.0,0.0,
365660,2023,Chelsea,49,0.0,0.0,0.0,,False,0.0,0.0,4.0,,,0.0,0.0,,,,,,,,,,,,,,,,0.0,0.0,0.0,,,0.0,0.0,
365660,2024,Chelsea,49,0.0,0.0,0.0,,False,0.0,0.0,0.0,,,0.0,,,,,,,,,,,,,,,,,0.0,0.0,0.0,,,,,
365664,2024,Manchester United,33,,,,,False,,,,,,,,,,,,,,,,,,,,,,,,,,,,,,
365988,2023,Newcastle,34,,,,,False,,,,,,,,,,,,,,,,,,,,,,,,,,,,,,
365988,2024,Newcastle,34,,,,,False,,,,,,,,,,,,,,,,,,,,,,,,,,,,,,
366629,2024,Ipswich,57,0.0,0.0,0.0,,False,0.0,0.0,0.0,,,0.0,,,,,,,,,,,,,,,,,0.0,0.0,0.0,,,,,
366735,2023,Chelsea,49,4.0,1.0,12.0,7.0,False,3.0,,,,,,0.0,,,1.0,,,,3.0,,1.0,,,,,,,0.0,,0.0,,,0.0,0.0,
366735,2024,Chelsea,49,23.0,12.0,181.0,6.325,False,11.0,,,2.0,,,0.0,0.0,,123.0,,,2.0,,1.0,11.0,5.0,1.0,1.0,,1.0,,1.0,,0.0,,,0.0,0.0,
366735,2025,Chelsea,49,13.0,7.0,598.0,6.57,False,6.0,6.0,22.0,2.0,2.0,1.0,0.0,0.0,,443.0,2.0,92.0,10.0,2.0,10.0,55.0,35.0,13.0,10.0,,5.0,2.0,1.0,0.0,0.0,,,0.0,0.0,
367634,2024,Crystal Palace,52,2.0,0.0,4.0,6.7,False,2.0,0.0,12.0,1.0,,0.0,0.0,0.0,,2.0,1.0,,2.0,,,5.0,2.0,1.0,,,,,0.0,0.0,0.0,,,0.0,0.0,
368030,2025,Bournemouth,35,27.0,15.0,1253.0,6.75,False,12.0,15.0,17.0,25.0,17.0,10.0,0.0,0.0,,337.0,19.0,73.0,8.0,,8.0,109.0,33.0,28.0,9.0,,9.0,18.0,4.0,0.0,0.0,,,1.0,0.0,
373615,2023,Sheffield Utd,62,1.0,0.0,7.0,6.3,False,1.0,0.0,4.0,,,0.0,0.0,,,1.0,,,,,,,,,,,,,0.0,0.0,0.0,,,0.0,0.0,
375915,2025,Burnley,44,18.0,18.0,1585.0,6.47,False,0.0,4.0,7.0,6.0,3.0,0.0,0.0,4.0,,629.0,19.0,76.0,36.0,3.0,23.0,101.0,52.0,10.0,3.0,,3.0,10.0,1.0,0.0,0.0,,,0.0,0.0,
376039,2024,Aston Villa,66,,,,,False,,,,,,,,,,,,,,,,,,,,,,,,,,,,,,
378868,2022,Fulham,36,0.0,0.0,0.0,,False,0.0,0.0,0.0,,,0.0,,,,,,,,,,,,,,,,,0.0,0.0,0.0,,,,,
378981,2023,Manchester United,33,,,,,False,,,,,,,,,,,,,,,,,,,,,,,,,,,,,,
378981,2024,Manchester United,33,0.0,0.0,0.0,,False,0.0,0.0,6.0,,,0.0,0.0,,,,,,,,,,,,,,,,0.0,0.0,0.0,,,0.0,0.0,0.0
379150,2023,Sheffield Utd,62,20.0,12.0,942.0,6.51,False,8.0,12.0,19.0,6.0,2.0,0.0,0.0,0.0,,248.0,3.0,,22.0,1.0,14.0,121.0,54.0,23.0,12.0,,9.0,11.0,1.0,0.0,0.0,,,0.0,0.0,
379618,2024,Brighton,51,0.0,0.0,0.0,,False,0.0,0.0,3.0,,,0.0,0.0,,,,,,,,,,,,,,,,0.0,0.0,0.0,,,0.0,0.0,
379626,2023,Luton,1359,0.0,0.0,0.0,,False,0.0,0.0,0.0,,,0.0,,,,,,,,,,,,,,,,,0.0,0.0,0.0,,,,,
379627,2023,Luton,1359,2.0,0.0,5.0,6.2,False,2.0,0.0,16.0,,,0.0,0.0,,,4.0,,,1.0,,,1.0,1.0,,,,,,0.0,0.0,0.0,,,0.0,0.0,
379678,2025,Wolves,39,0.0,0.0,,,False,0.0,0.0,2.0,,,0.0,0.0,0.0,,,,,,,,,,,,,,,0.0,0.0,0.0,,,0.0,0.0,
380492,2024,Nottingham Forest,65,9.0,6.0,28.0,6.2,False,3.0,,,,,,0.0,0.0,,5.0,,,2.0,,1.0,7.0,2.0,1.0,,,,,0.0,,0.0,,,0.0,0.0,
380653,2023,Wolves,39,4.0,2.0,175.0,6.533333,False,2.0,,,1.0,,,0.0,,,22.0,,,2.0,1.0,,17.0,6.0,,,,2.0,2.0,0.0,,0.0,,,0.0,0.0,
380653,2024,Wolves,39,0.0,0.0,0.0,,False,0.0,0.0,0.0,,,0.0,,,,,,,,,,,,,,,,,0.0,0.0,0.0,,,,,
380657,2024,Liverpool,40,0.0,0.0,0.0,,False,0.0,0.0,0.0,,,0.0,,,,,,,,,,,,,,,,,0.0,0.0,0.0,,,,,
380679,2024,Crystal Palace,52,27.0,15.0,19.0,6.5,False,12.0,,,,,,0.0,0.0,,4.0,,,2.0,,,5.0,2.0,,,,,,0.0,,0.0,,,0.0,0.0,
380680,2024,Crystal Palace,52,,,,,False,,,,,,,,,,,,,,,,,,,,,,,,,,,,,,
380681,2025,Manchester City,50,2.0,0.0,25.0,6.55,False,2.0,0.0,11.0,,,0.0,0.0,0.0,,19.0,2.0,94.0,,,,6.0,,,,,,1.0,0.0,0.0,0.0,,,0.0,0.0,
380688,2025,Tottenham,47,0.0,0.0,,,False,0.0,0.0,1.0,,,0.0,0.0,0.0,,,,,,,,,,,,,,,0.0,0.0,0.0,,,0.0,0.0,
380689,2024,Tottenham,47,0.0,0.0,0.0,,False,0.0,0.0,14.0,,,0.0,0.0,,,,,,,,,,,,,,,,0.0,0.0,0.0,,,0.0,0.0,
380689,2025,Tottenham,47,1.0,0.0,14.0,6.7,False,1.0,0.0,8.0,,,0.0,0.0,0.0,,8.0,,100.0,,,,,,,,,,,0.0,0.0,0.0,,,0.0,0.0,
380690,2023,Tottenham,47,2.0,0.0,2.0,6.25,False,2.0,0.0,5.0,,,0.0,0.0,0.0,,5.0,,,,,,1.0,,1.0,,,,1.0,0.0,0.0,0.0,,,0.0,0.0,
380690,2024,Tottenham,47,10.0,3.0,362.0,6.44,False,7.0,3.0,15.0,2.0,1.0,0.0,0.0,1.0,,78.0,3.0,,2.0,,1.0,45.0,12.0,16.0,2.0,,7.0,3.0,0.0,0.0,0.0,,,0.0,0.0,
380691,2024,Southampton,41,4.0,1.0,135.0,6.75,False,3.0,1.0,4.0,1.0,1.0,0.0,0.0,0.0,,33.0,3.0,,4.0,,,26.0,11.0,11.0,6.0,,1.0,3.0,0.0,0.0,0.0,,,0.0,0.0,
380696,2024,Arsenal,42,0.0,0.0,0.0,,False,0.0,0.0,3.0,,,0.0,0.0,,,,,,,,,,,,,,,,0.0,0.0,0.0,,,0.0,0.0,
380697,2024,Arsenal,42,0.0,0.0,0.0,,False,0.0,0.0,4.0,,,0.0,0.0,,,,,,,,,,,,,,,,0.0,0.0,0.0,,,0.0,0.0,
380702,2024,Crystal Palace,52,,,,,False,,,,,,,,,,,,,,,,,,,,,,,,,,,,,,
380703,2025,Crystal Palace,52,0.0,0.0,,,False,0.0,0.0,8.0,,,0.0,0.0,0.0,,,,,,,,,,,,,,,0.0,0.0,0.0,,,0.0,0.0,
380715,2024,Aston Villa,66,0.0,0.0,0.0,,False,0.0,0.0,1.0,,,0.0,0.0,,,,,,,,,,,,,,,,0.0,0.0,0.0,,,0.0,0.0,
380715,2025,Aston Villa,66,0.0,0.0,,,False,0.0,0.0,1.0,,,0.0,0.0,0.0,,,,,,,,,,,,,,,0.0,0.0,0.0,,,0.0,0.0,
381014,2025,Sunderland,746,0.0,0.0,,,False,0.0,0.0,1.0,,,0.0,0.0,0.0,,,,,,,,,,,,,,,0.0,0.0,0.0,,,0.0,0.0,
382160,2022,Bournemouth,35,0.0,0.0,0.0,,False,0.0,0.0,3.0,,,0.0,0.0,,,,,,,,,,,,,,,,0.0,0.0,0.0,,,0.0,0.0,
382160,2023,Bournemouth,35,0.0,0.0,0.0,,False,0.0,0.0,0.0,,,0.0,,,,,,,,,,,,,,,,,0.0,0.0,0.0,,,,,
382160,2024,Bournemouth,35,0.0,0.0,0.0,,False,0.0,0.0,0.0,,,0.0,0.0,,,,,,,,,,,,,,,,0.0,0.0,0.0,,,0.0,0.0,
382163,2022,Bournemouth,35,1.0,0.0,8.0,6.3,False,1.0,0.0,1.0,,,0.0,0.0,,,3.0,,,,,,,,,,,,,0.0,0.0,0.0,,,0.0,0.0,
382166,2022,Bournemouth,35,0.0,0.0,0.0,,False,0.0,0.0,6.0,,,0.0,0.0,,,,,,,,,,,,,,,,0.0,0.0,0.0,,,0.0,0.0,0.0
382166,2023,Bournemouth,35,0.0,0.0,0.0,,False,0.0,0.0,0.0,,,0.0,,,,,,,,,,,,,,,,,0.0,0.0,0.0,,,,,
382166,2024,Bournemouth,35,,,,,False,,,,,,,,,,,,,,,,,,,,,,,,,,,,,,
382167,2022,Bournemouth,35,0.0,0.0,0.0,,False,0.0,0.0,0.0,,,0.0,,,,,,,,,,,,,,,,,0.0,0.0,0.0,,,,,
382167,2023,Bournemouth,35,,,,,False,,,,,,,,,,,,,,,,,,,,,,,,,,,,,,
382170,2022,Bournemouth,35,0.0,0.0,0.0,,False,0.0,0.0,1.0,,,0.0,0.0,,,,,,,,,,,,,,,,0.0,0.0,0.0,,,0.0,0.0,
382170,2023,Bournemouth,35,0.0,0.0,0.0,,False,0.0,0.0,7.0,,,0.0,0.0,,,,,,,,,,,,,,,,0.0,0.0,0.0,,,0.0,0.0,
382170,2024,Bournemouth,35,0.0,0.0,0.0,,False,0.0,0.0,14.0,,,0.0,0.0,,,,,,,,,,,,,,,,0.0,0.0,0.0,,,0.0,0.0,
382344,2024,Newcastle,34,,,,,False,,,,,,,,,,,,,,,,,,,,,,,,,,,,,,
382345,2024,Newcastle,34,,,,,False,,,,,,,,,,,,,,,,,,,,,,,,,,,,,,
382355,2023,Manchester City,50,0.0,0.0,0.0,,False,0.0,0.0,1.0,,,0.0,0.0,,,,,,,,,,,,,,,,0.0,0.0,0.0,,,0.0,0.0,
382355,2024,Manchester City,50,0.0,0.0,0.0,,False,0.0,0.0,5.0,,,0.0,0.0,,,,,,,,,,,,,,,,0.0,0.0,0.0,,,0.0,0.0,
382358,2024,Manchester City,50,,,,,False,,,,,,,,,,,,,,,,,,,,,,,,,,,,,,
382358,2025,Manchester City,50,0.0,0.0,,,False,0.0,0.0,5.0,,,0.0,0.0,0.0,,,,,,,,,,,,,,,0.0,0.0,0.0,,,0.0,0.0,
382452,2024,Manchester United,33,12.0,11.0,842.0,6.9,False,1.0,,,8.0,2.0,,0.0,0.0,,389.0,12.0,,31.0,,4.0,125.0,77.0,9.0,3.0,,28.0,17.0,3.0,,1.0,,,0.0,0.0,
382452,2025,Manchester United,33,22.0,14.0,1349.0,6.9,False,8.0,4.0,9.0,16.0,8.0,3.0,0.0,3.0,,468.0,24.0,75.0,47.0,3.0,14.0,253.0,140.0,35.0,10.0,,42.0,19.0,5.0,0.0,0.0,,,0.0,0.0,
382925,2022,Brentford,55,0.0,0.0,0.0,,False,0.0,0.0,6.0,,,0.0,0.0,,,,,,,,,,,,,,,,0.0,0.0,0.0,,,0.0,0.0,
382925,2023,Brentford,55,0.0,0.0,0.0,,False,0.0,0.0,0.0,,,0.0,0.0,,,,,,,,,,,,,,,,0.0,0.0,0.0,,,0.0,0.0,
382925,2024,Brentford,55,1.0,0.0,3.0,6.7,False,1.0,0.0,12.0,,,0.0,0.0,0.0,,6.0,,,1.0,,,1.0,1.0,,,,,,0.0,0.0,0.0,,,0.0,0.0,
382930,2022,Bournemouth,35,0.0,0.0,0.0,,False,0.0,0.0,0.0,,,0.0,,,,,,,,,,,,,,,,,0.0,0.0,0.0,,,,,
382930,2023,Bournemouth,35,,,,,False,,,,,,,,,,,,,,,,,,,,,,,,,,,,,,
383685,2024,Newcastle,34,,,,,False,,,,,,,,,,,,,,,,,,,,,,,,,,,,,,
383685,2024,Brighton,51,33.0,26.0,1855.0,6.953125,False,7.0,,,27.0,16.0,6.0,0.0,4.0,,444.0,29.0,,48.0,,11.0,277.0,122.0,90.0,46.0,,11.0,21.0,6.0,,0.0,,,0.0,0.0,
383685,2025,Brighton,51,28.0,21.0,1917.0,6.82,False,7.0,13.0,9.0,23.0,10.0,2.0,0.0,4.0,,498.0,40.0,66.0,41.0,,15.0,280.0,133.0,105.0,57.0,,20.0,26.0,2.0,0.0,0.0,1.0,,0.0,0.0,
383770,2024,Manchester United,33,0.0,0.0,0.0,,False,0.0,0.0,5.0,,,0.0,0.0,,,,,,,,,,,,,,,,0.0,0.0,0.0,,,0.0,0.0,
383770,2025,Manchester United,33,3.0,0.0,107.0,6.57,False,3.0,0.0,7.0,1.0,,0.0,0.0,0.0,,45.0,2.0,82.0,5.0,1.0,1.0,18.0,7.0,1.0,,,1.0,2.0,0.0,0.0,0.0,,,0.0,0.0,
384585,2023,Newcastle,34,0.0,0.0,0.0,,False,0.0,0.0,1.0,,,0.0,0.0,,,,,,,,,,,,,,,,0.0,0.0,0.0,,,0.0,0.0,
384585,2024,Newcastle,34,0.0,0.0,0.0,,False,0.0,0.0,0.0,,,0.0,,,,,,,,,,,,,,,,,0.0,0.0,0.0,,,,,
384981,2023,Fulham,36,,,,,False,,,,,,,,,,,,,,,,,,,,,,,,,,,,,,
384981,2024,Fulham,36,0.0,0.0,0.0,,False,0.0,0.0,1.0,,,0.0,0.0,,,,,,,,,,,,,,,,0.0,0.0,0.0,,,0.0,0.0,
384981,2025,Fulham,36,0.0,0.0,,,False,0.0,0.0,5.0,,,0.0,0.0,0.0,,,,,,,,,,,,,,,0.0,0.0,0.0,,,0.0,0.0,
385726,2023,Wolves,39,5.0,3.0,8.0,6.7,False,2.0,,,,,,0.0,,,6.0,,,,,,2.0,1.0,,,,1.0,,0.0,,0.0,,,0.0,0.0,
385726,2024,Wolves,39,0.0,0.0,0.0,,False,0.0,0.0,0.0,,,0.0,,,,,,,,,,,,,,,,,0.0,0.0,0.0,,,,,
385726,2025,Wolves,39,0.0,0.0,,,False,0.0,0.0,4.0,,,0.0,0.0,0.0,,,,,,,,,,,,,,,0.0,0.0,0.0,,,0.0,0.0,
386307,2023,Sheffield Utd,62,,,,,False,,,,,,,,,,,,,,,,,,,,,,,,,,,,,,
387521,2025,Tottenham,47,0.0,0.0,,,False,0.0,0.0,2.0,,,0.0,0.0,0.0,,,,,,,,,,,,,,,0.0,0.0,0.0,,,0.0,0.0,
388013,2024,Aston Villa,66,16.0,11.0,325.0,6.457142,False,5.0,,,1.0,,,0.0,0.0,,158.0,3.0,,9.0,,2.0,43.0,14.0,17.0,5.0,,,1.0,0.0,,0.0,,,0.0,0.0,
388013,2025,Aston Villa,66,5.0,0.0,60.0,6.48,False,5.0,0.0,12.0,,,0.0,0.0,0.0,,25.0,,100.0,1.0,,,4.0,1.0,1.0,,,,,0.0,0.0,0.0,,,0.0,0.0,
388509,2024,Brentford,55,,,,,False,,,,,,,,,,,,,,,,,,,,,,,,,,,,,,
388510,2024,Brentford,55,0.0,0.0,0.0,,False,0.0,0.0,6.0,,,0.0,0.0,,,,,,,,,,,,,,,,0.0,0.0,0.0,,,0.0,0.0,
388777,2024,Wolves,39,0.0,0.0,0.0,,False,0.0,0.0,5.0,,,0.0,0.0,,,,,,,,,,,,,,,,0.0,0.0,0.0,,,0.0,0.0,
389031,2024,Manchester United,33,0.0,0.0,0.0,,False,0.0,0.0,1.0,,,0.0,0.0,,,,,,,,,,,,,,,,0.0,0.0,0.0,,,0.0,0.0,
389032,2024,Liverpool,40,0.0,0.0,0.0,,False,0.0,0.0,0.0,,,0.0,,,,,,,,,,,,,,,,,0.0,0.0,0.0,,,,,
389032,2025,Liverpool,40,0.0,0.0,,,False,0.0,0.0,5.0,,,0.0,0.0,0.0,,,,,,,,,,,,,,,0.0,0.0,0.0,,,0.0,0.0,
389034,2025,Manchester City,50,0.0,0.0,,,False,0.0,0.0,1.0,,,0.0,0.0,0.0,,,,,,,,,,,,,,,0.0,0.0,0.0,,,0.0,0.0,
389035,2024,Manchester City,50,,,,,False,,,,,,,,,,,,,,,,,,,,,,,,,,,,,,
389302,2024,Wolves,39,0.0,0.0,0.0,,False,0.0,0.0,1.0,,,0.0,0.0,,,,,,,,,,,,,,,,0.0,0.0,0.0,,,0.0,0.0,
389302,2025,Wolves,39,0.0,0.0,25.0,7.2,False,0.0,0.0,0.0,2.0,1.0,1.0,0.0,0.0,,7.0,,71.0,1.0,,,6.0,3.0,3.0,2.0,,,,0.0,0.0,0.0,,,0.0,0.0,
389309,2024,Manchester United,33,7.0,1.0,159.0,6.45,False,6.0,0.0,10.0,2.0,1.0,0.0,0.0,0.0,,24.0,,,2.0,,,16.0,6.0,3.0,1.0,,1.0,3.0,1.0,0.0,0.0,,,0.0,0.0,
389309,2025,Manchester United,33,0.0,0.0,,,False,0.0,0.0,1.0,,,0.0,0.0,0.0,,,,,,,,,,,,,,,0.0,0.0,0.0,,,0.0,0.0,
389315,2023,Fulham,36,0.0,0.0,0.0,,False,0.0,0.0,2.0,,,0.0,0.0,,,,,,,,,,,,,,,,0.0,0.0,0.0,,,0.0,0.0,
389315,2024,Fulham,36,23.0,12.0,145.0,6.75,False,11.0,,,1.0,,,0.0,0.0,,62.0,3.0,,7.0,,1.0,32.0,14.0,8.0,4.0,,2.0,3.0,0.0,,0.0,,,0.0,0.0,
389315,2025,Fulham,36,26.0,15.0,1192.0,6.59,False,11.0,15.0,14.0,19.0,10.0,1.0,0.0,2.0,,299.0,12.0,78.0,24.0,4.0,3.0,131.0,66.0,33.0,15.0,,24.0,11.0,3.0,0.0,0.0,,,0.0,0.0,
389579,2024,Brentford,55,0.0,0.0,0.0,,False,0.0,0.0,1.0,,,0.0,0.0,,,,,,,,,,,,,,,,0.0,0.0,0.0,,,0.0,0.0,0.0
390052,2024,Ipswich,57,0.0,0.0,0.0,,False,0.0,0.0,0.0,,,0.0,,,,,,,,,,,,,,,,,0.0,0.0,0.0,,,,,
390769,2022,Bournemouth,35,0.0,0.0,0.0,,False,0.0,0.0,1.0,,,0.0,0.0,,,,,,,,,,,,,,,,0.0,0.0,0.0,,,0.0,0.0,
390769,2023,Bournemouth,35,0.0,0.0,0.0,,False,0.0,0.0,4.0,,,0.0,0.0,,,,,,,,,,,,,,,,0.0,0.0,0.0,,,0.0,0.0,
391822,2025,Wolves,39,9.0,2.0,236.0,6.49,False,7.0,2.0,18.0,2.0,1.0,0.0,0.0,1.0,,103.0,3.0,72.0,1.0,,,32.0,10.0,7.0,3.0,,4.0,6.0,1.0,0.0,0.0,,,0.0,0.0,
392270,2024,Chelsea,49,3.0,0.0,71.0,6.466666,False,3.0,0.0,13.0,,,0.0,0.0,0.0,,16.0,1.0,,1.0,,,3.0,1.0,1.0,,,,,0.0,0.0,0.0,,,0.0,0.0,
392270,2025,Sunderland,746,2.0,0.0,23.0,6.25,False,2.0,0.0,3.0,1.0,,0.0,0.0,0.0,,5.0,,60.0,,,,5.0,1.0,,,,,,0.0,0.0,0.0,,,0.0,0.0,
392270,2025,Chelsea,49,7.0,1.0,235.0,6.33,False,6.0,1.0,22.0,10.0,2.0,0.0,0.0,1.0,,25.0,3.0,68.0,,,,27.0,7.0,4.0,1.0,,2.0,9.0,1.0,0.0,0.0,,,0.0,0.0,
392482,2025,Brighton,51,16.0,2.0,319.0,6.67,False,14.0,2.0,21.0,12.0,6.0,2.0,0.0,1.0,,97.0,6.0,73.0,11.0,,1.0,93.0,41.0,23.0,8.0,,7.0,6.0,2.0,0.0,0.0,,,0.0,0.0,
392607,2024,Tottenham,47,0.0,0.0,0.0,,False,0.0,0.0,1.0,,,0.0,0.0,,,,,,,,,,,,,,,,0.0,0.0,0.0,,,0.0,0.0,
392610,2024,Brighton,51,5.0,2.0,14.0,6.7,False,3.0,,,,,,0.0,0.0,,9.0,,,1.0,,,2.0,1.0,,,,,,0.0,,0.0,,,0.0,0.0,
392610,2025,Brighton,51,3.0,1.0,93.0,6.27,False,2.0,1.0,6.0,,,0.0,0.0,0.0,,34.0,,85.0,1.0,,,14.0,5.0,3.0,2.0,,,,0.0,0.0,0.0,,,0.0,0.0,
392636,2023,Sheffield Utd,62,0.0,0.0,0.0,,False,0.0,0.0,0.0,,,0.0,,,,,,,,,,,,,,,,,0.0,0.0,0.0,,,,,
393193,2025,Brentford,55,0.0,0.0,,,False,0.0,0.0,8.0,,,0.0,0.0,0.0,,,,,,,,,,,,,,,0.0,0.0,0.0,,,0.0,0.0,
393195,2022,Tottenham,47,0.0,0.0,0.0,,False,0.0,0.0,0.0,,,0.0,,,,,,,,,,,,,,,,,0.0,0.0,0.0,,,,,
393195,2024,Tottenham,47,3.0,0.0,8.0,6.2,False,3.0,0.0,15.0,,,0.0,0.0,0.0,,1.0,,,,,,2.0,,,,,,2.0,0.0,0.0,0.0,,,0.0,0.0,
393311,2024,Brentford,55,,,,,False,,,,,,,,,,,,,,,,,,,,,,,,,,,,,,
394165,2024,Newcastle,34,0.0,0.0,0.0,,False,0.0,0.0,7.0,,,0.0,0.0,,,,,,,,,,,,,,,,0.0,0.0,0.0,,,0.0,0.0,
394165,2025,Newcastle,34,0.0,0.0,,,False,0.0,0.0,11.0,,,0.0,0.0,0.0,,,,,,,,,,,,,,,0.0,0.0,0.0,,,0.0,0.0,
394167,2023,Chelsea,49,0.0,0.0,0.0,,False,0.0,0.0,1.0,,,0.0,0.0,,,,,,,,,,,,,,,,0.0,0.0,0.0,,,0.0,0.0,
394167,2024,Chelsea,49,,,,,False,,,,,,,,,,,,,,,,,,,,,,,,,,,,,,
394501,2024,Everton,45,0.0,0.0,0.0,,False,0.0,0.0,0.0,,,0.0,,,,,,,,,,,,,,,,,0.0,0.0,0.0,,,,,
394710,2023,Bournemouth,35,0.0,0.0,0.0,,False,0.0,0.0,3.0,,,0.0,0.0,,,,,,,,,,,,,,,,0.0,0.0,0.0,,,0.0,0.0,0.0
394710,2024,Bournemouth,35,0.0,0.0,0.0,,False,0.0,0.0,1.0,,,0.0,0.0,,,,,,,,,,,,,,,,0.0,0.0,0.0,,,0.0,0.0,0.0
395209,2023,Sheffield Utd,62,0.0,0.0,0.0,,False,0.0,0.0,2.0,,,0.0,0.0,,,,,,,,,,,,,,,,0.0,0.0,0.0,,,0.0,0.0,
395762,2024,Chelsea,49,1.0,0.0,7.0,6.2,False,1.0,0.0,4.0,,,0.0,0.0,0.0,,7.0,,,,,,1.0,,,,,,,0.0,0.0,0.0,,,0.0,0.0,
395809,2024,Southampton,41,2.0,0.0,12.0,6.55,False,2.0,0.0,2.0,,,0.0,0.0,0.0,,15.0,,,,,2.0,1.0,,,,,,,0.0,0.0,0.0,,,0.0,0.0,
396206,2024,Arsenal,42,,,,,False,,,,,,,,,,,,,,,,,,,,,,,,,,,,,,
396483,2024,Manchester United,33,,,,,False,,,,,,,,,,,,,,,,,,,,,,,,,,,,,,
396729,2024,Manchester United,33,0.0,0.0,0.0,,False,0.0,0.0,0.0,,,0.0,,,,,,,,,,,,,,,,,0.0,0.0,0.0,,,,,
397997,2023,Liverpool,40,0.0,0.0,0.0,,False,0.0,0.0,2.0,,,0.0,0.0,,,,,,,,,,,,,,,,0.0,0.0,0.0,,,0.0,0.0,
397997,2024,Liverpool,40,0.0,0.0,0.0,,False,0.0,0.0,4.0,,,0.0,0.0,,,,,,,,,,,,,,,,0.0,0.0,0.0,,,0.0,0.0,
397997,2025,Liverpool,40,5.0,0.0,29.0,6.5,False,5.0,0.0,23.0,1.0,,0.0,0.0,0.0,,12.0,1.0,91.0,,,,2.0,,1.0,,,,,0.0,0.0,0.0,,,0.0,0.0,
397999,2025,Wolves,39,0.0,0.0,,,False,0.0,0.0,3.0,,,0.0,0.0,0.0,,,,,,,,,,,,,,,0.0,0.0,0.0,,,0.0,0.0,
398000,2024,Chelsea,49,0.0,0.0,0.0,,False,0.0,0.0,1.0,,,0.0,0.0,,,,,,,,,,,,,,,,0.0,0.0,0.0,,,0.0,0.0,
398004,2023,Aston Villa,66,0.0,0.0,0.0,,False,0.0,0.0,3.0,,,0.0,0.0,,,,,,,,,,,,,,,,0.0,0.0,0.0,,,0.0,0.0,0.0
398004,2024,Aston Villa,66,0.0,0.0,0.0,,False,0.0,0.0,0.0,,,0.0,,,,,,,,,,,,,,,,,0.0,0.0,0.0,,,,,
398004,2025,Aston Villa,66,0.0,0.0,,,False,0.0,0.0,4.0,,,0.0,0.0,0.0,,,,,,,,,,,,,,,0.0,0.0,0.0,,,0.0,0.0,
398933,2023,Wolves,39,0.0,0.0,0.0,,False,0.0,0.0,3.0,,,0.0,0.0,,,,,,,,,,,,,,,,0.0,0.0,0.0,,,0.0,0.0,
398933,2024,Wolves,39,0.0,0.0,0.0,,False,0.0,0.0,0.0,,,0.0,,,,,,,,,,,,,,,,,0.0,0.0,0.0,,,,,
400033,2025,Sunderland,746,0.0,0.0,,,False,0.0,0.0,0.0,,,0.0,0.0,0.0,,,,,,,,,,,,,,,0.0,0.0,0.0,,,0.0,0.0,
400339,2023,Sheffield Utd,62,0.0,0.0,0.0,,False,0.0,0.0,1.0,,,0.0,0.0,,,,,,,,,,,,,,,,0.0,0.0,0.0,,,0.0,0.0,
400340,2023,Sheffield Utd,62,0.0,0.0,0.0,,False,0.0,0.0,3.0,,,0.0,0.0,,,,,,,,,,,,,,,,0.0,0.0,0.0,,,0.0,0.0,
400745,2024,Leicester,46,0.0,0.0,0.0,,False,0.0,0.0,0.0,,,0.0,,,,,,,,,,,,,,,,,0.0,0.0,0.0,,,,,
400938,2024,Brentford,55,0.0,0.0,0.0,,False,0.0,0.0,5.0,,,0.0,0.0,,,,,,,,,,,,,,,,0.0,0.0,0.0,,,0.0,0.0,
401098,2024,Wolves,39,0.0,0.0,0.0,,False,0.0,0.0,0.0,,,0.0,,,,,,,,,,,,,,,,,0.0,0.0,0.0,,,,,
401098,2025,Wolves,39,0.0,0.0,,,False,0.0,0.0,5.0,,,0.0,0.0,0.0,,,,,,,,,,,,,,,0.0,0.0,0.0,,,0.0,0.0,
401233,2023,Sheffield Utd,62,0.0,0.0,0.0,,False,0.0,0.0,1.0,,,0.0,0.0,,,,,,,,,,,,,,,,0.0,0.0,0.0,,,0.0,0.0,
401278,2024,West Ham,48,,,,,False,,,,,,,,,,,,,,,,,,,,,,,,,,,,,,
401278,2025,West Ham,48,8.0,0.0,70.0,6.63,False,8.0,0.0,18.0,2.0,,0.0,0.0,0.0,,21.0,1.0,66.0,4.0,,,14.0,6.0,,,,,1.0,1.0,0.0,0.0,,,0.0,0.0,
401389,2024,Newcastle,34,0.0,0.0,0.0,,False,0.0,0.0,0.0,,,0.0,,,,,,,,,,,,,,,,,0.0,0.0,0.0,,,,,
402317,2025,Brentford,55,4.0,0.0,38.0,6.7,False,4.0,0.0,19.0,1.0,1.0,0.0,0.0,0.0,,16.0,1.0,56.0,,,,15.0,8.0,6.0,5.0,,3.0,2.0,0.0,0.0,0.0,,,0.0,0.0,
402329,2023,Arsenal,42,0.0,0.0,0.0,,False,0.0,0.0,0.0,,,0.0,,,,,,,,,,,,,,,,,0.0,0.0,0.0,,,,,
402329,2024,Manchester United,33,4.0,2.0,170.0,,False,2.0,2.0,6.0,,,0.0,0.0,,,,,,,,,,,,,,,,1.0,0.0,0.0,,,0.0,0.0,
402329,2024,Arsenal,42,3.0,2.0,,,False,1.0,,,,,,0.0,,,,,,,,,,,,,,,,0.0,,0.0,,,0.0,0.0,
402329,2025,Manchester United,33,14.0,8.0,668.0,6.83,False,6.0,4.0,24.0,2.0,,0.0,0.0,1.0,,367.0,2.0,90.0,16.0,6.0,1.0,62.0,41.0,4.0,3.0,,5.0,5.0,2.0,0.0,0.0,,,0.0,0.0,
402330,2024,Manchester United,33,0.0,0.0,0.0,,False,0.0,0.0,0.0,,,0.0,,,,,,,,,,,,,,,,,0.0,0.0,0.0,,,,,
402331,2024,Manchester United,33,,,,,False,,,,,,,,,,,,,,,,,,,,,,,,,,,,,,
402432,2024,Bournemouth,35,20.0,9.0,22.0,6.8,False,11.0,,,,,,0.0,0.0,,7.0,,,,,2.0,3.0,2.0,,,,1.0,,0.0,,0.0,,,0.0,0.0,
402432,2025,Bournemouth,35,1.0,0.0,13.0,6.2,False,1.0,0.0,1.0,,,0.0,0.0,0.0,,1.0,,,,,,1.0,,,,,,,0.0,0.0,0.0,,,0.0,0.0,
402434,2024,Bournemouth,35,7.0,4.0,1.0,,False,3.0,,,,,,0.0,0.0,,,,,,,,,,,,,,,0.0,,0.0,,,0.0,0.0,
402434,2025,Bournemouth,35,0.0,0.0,,,False,0.0,0.0,7.0,,,0.0,0.0,0.0,,,,,,,,,,,,,,,0.0,0.0,0.0,,,0.0,0.0,
402504,2024,Wolves,39,,,,,False,,,,,,,,,,,,,,,,,,,,,,,,,,,,,,
402524,2023,Newcastle,34,,,,,False,,,,,,,,,,,,,,,,,,,,,,,,,,,,,,
402524,2024,Newcastle,34,,,,,False,,,,,,,,,,,,,,,,,,,,,,,,,,,,,,
402640,2024,Crystal Palace,52,15.0,8.0,146.0,6.8,False,7.0,,,1.0,1.0,1.0,0.0,1.0,,42.0,3.0,,9.0,,1.0,27.0,17.0,6.0,2.0,,3.0,2.0,0.0,,0.0,,,0.0,0.0,
402640,2025,Crystal Palace,52,4.0,0.0,55.0,6.6,False,4.0,0.0,15.0,,,0.0,0.0,0.0,,20.0,,65.0,2.0,,,15.0,6.0,2.0,1.0,,2.0,2.0,0.0,0.0,0.0,,,0.0,0.0,
403064,2023,Manchester United,33,0.0,0.0,0.0,,False,0.0,0.0,6.0,,,0.0,0.0,,,,,,,,,,,,,,,,0.0,0.0,0.0,,,0.0,0.0,
403064,2024,Manchester United,33,13.0,10.0,346.0,6.46,False,3.0,,,2.0,,,0.0,0.0,,143.0,1.0,,6.0,1.0,2.0,43.0,20.0,7.0,3.0,,4.0,2.0,0.0,,0.0,,,0.0,0.0,
403065,2023,Luton,1359,0.0,0.0,0.0,,False,0.0,0.0,4.0,,,0.0,0.0,,,,,,,,,,,,,,,,0.0,0.0,0.0,,,0.0,0.0,
403554,2025,Crystal Palace,52,14.0,0.0,193.0,6.45,False,14.0,0.0,25.0,4.0,2.0,0.0,0.0,0.0,,59.0,,59.0,1.0,,,48.0,16.0,4.0,,,7.0,4.0,0.0,0.0,0.0,1.0,,0.0,0.0,
404017,2024,Manchester United,33,,,,,False,,,,,,,,,,,,,,,,,,,,,,,,,,,,,,
404021,2023,Crystal Palace,52,,,,,False,,,,,,,,,,,,,,,,,,,,,,,,,,,,,,
404574,2023,West Ham,48,,,,,False,,,,,,,,,,,,,,,,,,,,,,,,,,,,,,
404574,2024,West Ham,48,12.0,1.0,140.0,6.608333,False,11.0,1.0,33.0,2.0,1.0,0.0,0.0,0.0,,58.0,3.0,,1.0,,3.0,25.0,14.0,11.0,7.0,,4.0,,0.0,0.0,0.0,,,0.0,0.0,
404574,2025,West Ham,48,5.0,1.0,121.0,6.42,False,4.0,1.0,7.0,1.0,,0.0,0.0,0.0,,30.0,1.0,90.0,1.0,,,14.0,3.0,6.0,2.0,,,,0.0,0.0,0.0,,,0.0,0.0,
404656,2024,Manchester City,50,2.0,1.0,95.0,6.2,False,1.0,0.0,9.0,,,0.0,0.0,0.0,,114.0,,53.0,1.0,1.0,,7.0,3.0,,,,1.0,,1.0,0.0,0.0,,,0.0,0.0,
404769,2024,Manchester United,33,0.0,0.0,0.0,,False,0.0,0.0,0.0,,,0.0,,,,,,,,,,,,,,,,,0.0,0.0,0.0,,,,,
404769,2025,Manchester United,33,1.0,0.0,15.0,6.3,False,1.0,0.0,4.0,,,0.0,0.0,0.0,,5.0,1.0,100.0,,,,1.0,,1.0,,,,,0.0,0.0,0.0,,,0.0,0.0,
405360,2024,Everton,45,3.0,0.0,45.0,6.3,False,3.0,0.0,23.0,1.0,,0.0,0.0,0.0,,13.0,1.0,,,,,11.0,3.0,1.0,1.0,,2.0,2.0,1.0,0.0,0.0,,,0.0,0.0,
405360,2025,Everton,45,11.0,6.0,508.0,6.69,False,5.0,5.0,9.0,4.0,2.0,0.0,0.0,0.0,,183.0,4.0,79.0,13.0,1.0,4.0,64.0,35.0,8.0,2.0,,15.0,6.0,0.0,0.0,0.0,,,0.0,0.0,
405530,2024,West Ham,48,0.0,0.0,0.0,,False,0.0,0.0,1.0,,,0.0,0.0,,,,,,,,,,,,,,,,0.0,0.0,0.0,,,0.0,0.0,
405530,2025,West Ham,48,0.0,0.0,15.0,6.3,False,0.0,0.0,0.0,,,0.0,0.0,0.0,,1.0,,,,,1.0,,,,,,,,0.0,0.0,0.0,,,0.0,0.0,
406098,2024,Manchester United,33,0.0,0.0,0.0,,False,0.0,0.0,0.0,,,0.0,,,,,,,,,,,,,,,,,0.0,0.0,0.0,,,,,
406303,2024,Chelsea,49,,,,,False,,,,,,,,,,,,,,,,,,,,,,,,,,,,,,
406507,2023,Luton,1359,19.0,9.0,75.0,5.9,False,10.0,,,,,,0.0,0.0,,34.0,,,,,,4.0,,,,,,1.0,1.0,,0.0,,,0.0,0.0,
406508,2023,Luton,1359,0.0,0.0,0.0,,False,0.0,0.0,9.0,,,0.0,0.0,,,,,,,,,,,,,,,,0.0,0.0,0.0,,,0.0,0.0,
407026,2024,Manchester United,33,,,,,False,,,,,,,,,,,,,,,,,,,,,,,,,,,,,,
407032,2023,Liverpool,40,0.0,0.0,0.0,,False,0.0,0.0,1.0,,,0.0,0.0,,,,,,,,,,,,,,,,0.0,0.0,0.0,,,0.0,0.0,
407032,2024,Liverpool,40,0.0,0.0,0.0,,False,0.0,0.0,1.0,,,0.0,0.0,,,,,,,,,,,,,,,,0.0,0.0,0.0,,,0.0,0.0,
407032,2025,Liverpool,40,0.0,0.0,,,False,0.0,0.0,1.0,,,0.0,0.0,0.0,,,,,,,,,,,,,,,0.0,0.0,0.0,,,0.0,0.0,
407033,2024,Arsenal,42,0.0,0.0,0.0,,False,0.0,0.0,9.0,,,0.0,0.0,,,,,,,,,,,,,,,,0.0,0.0,0.0,,,0.0,0.0,
407806,2025,Bournemouth,35,9.0,8.0,696.0,6.87,False,1.0,6.0,1.0,7.0,4.0,2.0,0.0,1.0,,205.0,11.0,79.0,7.0,,3.0,79.0,35.0,19.0,8.0,,5.0,5.0,1.0,0.0,0.0,,1.0,0.0,0.0,
408221,2023,Brentford,55,0.0,0.0,0.0,,False,0.0,0.0,2.0,,,0.0,0.0,,,,,,,,,,,,,,,,0.0,0.0,0.0,,,0.0,0.0,
408221,2024,Brentford,55,0.0,0.0,0.0,,False,0.0,0.0,2.0,,,0.0,0.0,,,,,,,,,,,,,,,,0.0,0.0,0.0,,,0.0,0.0,
408893,2023,Wolves,39,0.0,0.0,0.0,,False,0.0,0.0,5.0,,,0.0,0.0,,,,,,,,,,,,,,,,0.0,0.0,0.0,,,0.0,0.0,
408893,2024,Wolves,39,0.0,0.0,0.0,,False,0.0,0.0,1.0,,,0.0,0.0,,,,,,,,,,,,,,,,0.0,0.0,0.0,,,0.0,0.0,
409047,2025,Liverpool,40,0.0,0.0,,,False,0.0,0.0,1.0,,,0.0,0.0,0.0,,,,,,,,,,,,,,,0.0,0.0,0.0,,,0.0,0.0,
409303,2025,West Ham,48,26.0,24.0,2187.0,6.68,False,2.0,5.0,2.0,10.0,2.0,0.0,0.0,5.0,,796.0,17.0,73.0,33.0,11.0,29.0,204.0,106.0,36.0,17.0,,18.0,22.0,4.0,0.0,0.0,,1.0,0.0,0.0,
410125,2024,Brighton,51,0.0,0.0,0.0,,False,0.0,0.0,0.0,,,0.0,,,,,,,,,,,,,,,,,0.0,0.0,0.0,,,,,
411808,2023,Chelsea,49,,,,,False,,,,,,,,,,,,,,,,,,,,,,,,,,,,,,
411808,2024,Chelsea,49,,,,,False,,,,,,,,,,,,,,,,,,,,,,,,,,,,,,
412086,2024,Brighton,51,0.0,0.0,0.0,,False,0.0,0.0,1.0,,,0.0,0.0,,,,,,,,,,,,,,,,0.0,0.0,0.0,,,0.0,0.0,
412086,2025,Brighton,51,0.0,0.0,,,False,0.0,0.0,1.0,,,0.0,0.0,0.0,,,,,,,,,,,,,,,0.0,0.0,0.0,,,0.0,0.0,
412152,2024,Southampton,41,0.0,0.0,0.0,,False,0.0,0.0,1.0,,,0.0,0.0,,,,,,,,,,,,,,,,0.0,0.0,0.0,,,0.0,0.0,
412719,2025,Bournemouth,35,7.0,4.0,375.0,6.78,False,3.0,0.0,18.0,1.0,,0.0,0.0,0.0,,190.0,1.0,84.0,5.0,5.0,4.0,36.0,17.0,1.0,1.0,,,,0.0,0.0,0.0,,,0.0,0.0,
412736,2023,Swansea,76,0.0,0.0,0.0,,False,0.0,0.0,0.0,,,0.0,,,,,,,,,,,,,,,,,0.0,0.0,0.0,,,,,
412759,2025,Crystal Palace,52,14.0,8.0,807.0,6.94,False,6.0,2.0,19.0,4.0,,0.0,0.0,0.0,,472.0,2.0,87.0,25.0,11.0,7.0,90.0,53.0,2.0,1.0,,3.0,9.0,2.0,0.0,0.0,,1.0,0.0,0.0,
413034,2025,Everton,45,0.0,0.0,,,False,0.0,0.0,1.0,,,0.0,0.0,0.0,,,,,,,,,,,,,,,0.0,0.0,0.0,,,0.0,0.0,
414359,2024,Manchester City,50,1.0,0.0,0.0,,False,1.0,0.0,9.0,,,0.0,0.0,0.0,,2.0,,,,,,1.0,1.0,1.0,1.0,,,,0.0,0.0,0.0,,,0.0,0.0,
414385,2024,Manchester City,50,1.0,1.0,11.0,6.2,False,0.0,,,,,,0.0,0.0,,3.0,,,1.0,,,2.0,1.0,,,,,,0.0,,0.0,,,0.0,0.0,
414455,2025,Tottenham,47,4.0,2.0,144.0,6.35,False,2.0,2.0,6.0,1.0,1.0,0.0,0.0,0.0,,27.0,3.0,92.0,,,2.0,12.0,2.0,2.0,,,2.0,3.0,1.0,0.0,0.0,,,0.0,0.0,
415001,2023,Chelsea,49,2.0,0.0,11.0,6.5,False,2.0,0.0,19.0,1.0,,0.0,0.0,,,1.0,,,1.0,,,4.0,1.0,1.0,,,,,0.0,0.0,0.0,,,0.0,0.0,
415001,2024,Chelsea,49,0.0,0.0,0.0,,False,0.0,0.0,0.0,,,0.0,,,,,,,,,,,,,,,,,0.0,0.0,0.0,,,,,
416250,2025,Aston Villa,66,0.0,0.0,,,False,0.0,0.0,1.0,,,0.0,0.0,0.0,,,,,,,,,,,,,,,0.0,0.0,0.0,,,0.0,0.0,
416697,2024,Arsenal,42,0.0,0.0,0.0,,False,0.0,0.0,1.0,,,0.0,0.0,,,,,,,,,,,,,,,,0.0,0.0,0.0,,,0.0,0.0,0.0
417310,2024,Leicester,46,2.0,2.0,1.0,,False,0.0,,,,,,0.0,0.0,,5.0,,,1.0,,,3.0,1.0,1.0,,,,,0.0,,0.0,,,0.0,0.0,
418210,2024,Manchester United,33,0.0,0.0,0.0,,False,0.0,0.0,3.0,,,0.0,0.0,,,,,,,,,,,,,,,,0.0,0.0,0.0,,,0.0,0.0,
418942,2025,Tottenham,47,0.0,0.0,,,False,0.0,0.0,2.0,,,0.0,0.0,0.0,,,,,,,,,,,,,,,0.0,0.0,0.0,,,0.0,0.0,
422780,2024,Chelsea,49,0.0,0.0,0.0,,False,0.0,0.0,2.0,,,0.0,0.0,,,,,,,,,,,,,,,,0.0,0.0,0.0,,,0.0,0.0,
423708,2024,Tottenham,47,0.0,0.0,0.0,,False,0.0,0.0,2.0,,,0.0,0.0,,,,,,,,,,,,,,,,0.0,0.0,0.0,,,0.0,0.0,
423714,2025,Newcastle,34,0.0,0.0,,,False,0.0,0.0,1.0,,,0.0,0.0,0.0,,,,,,,,,,,,,,,0.0,0.0,0.0,,,0.0,0.0,
423803,2024,Southampton,41,,,,,False,,,,,,,,,,,,,,,,,,,,,,,,,,,,,,
425733,2025,Chelsea,49,21.0,11.0,836.0,6.73,False,10.0,11.0,13.0,15.0,7.0,2.0,0.0,2.0,,268.0,16.0,81.0,11.0,,4.0,149.0,52.0,70.0,29.0,,9.0,12.0,4.0,0.0,0.0,1.0,,0.0,0.0,
427736,2024,Brentford,55,7.0,4.0,11.0,6.9,False,3.0,,,,,,0.0,0.0,,1.0,,,3.0,,,3.0,3.0,,,,,,0.0,,0.0,,,0.0,0.0,
427736,2025,Brentford,55,0.0,0.0,,,False,0.0,0.0,2.0,,,0.0,0.0,0.0,,,,,,,,,,,,,,,0.0,0.0,0.0,,,0.0,0.0,
428076,2025,Sunderland,746,0.0,0.0,,,False,0.0,0.0,2.0,,,0.0,0.0,0.0,,,,,,,,,,,,,,,0.0,0.0,0.0,,,0.0,0.0,
430734,2023,Brentford,55,0.0,0.0,0.0,,False,0.0,0.0,1.0,,,0.0,0.0,,,,,,,,,,,,,,,,0.0,0.0,0.0,,,0.0,0.0,
430734,2024,Brentford,55,10.0,5.0,72.0,6.36,False,5.0,,,1.0,,,0.0,0.0,,35.0,,,4.0,,,28.0,10.0,2.0,,,1.0,3.0,0.0,,0.0,,,0.0,0.0,
430734,2025,Brentford,55,0.0,0.0,,,False,0.0,0.0,3.0,,,0.0,0.0,0.0,,,,,,,,,,,,,,,0.0,0.0,0.0,,,0.0,0.0,
430827,2023,Brentford,55,0.0,0.0,0.0,,False,0.0,0.0,1.0,,,0.0,0.0,,,,,,,,,,,,,,,,0.0,0.0,0.0,,,0.0,0.0,
430827,2024,Brentford,55,0.0,0.0,0.0,,False,0.0,0.0,4.0,,,0.0,0.0,,,,,,,,,,,,,,,,0.0,0.0,0.0,,,0.0,0.0,
430827,2025,Brentford,55,0.0,0.0,,,False,0.0,0.0,2.0,,,0.0,0.0,0.0,,,,,,,,,,,,,,,0.0,0.0,0.0,,,0.0,0.0,
431119,2024,Ipswich,57,0.0,0.0,0.0,,False,0.0,0.0,0.0,,,0.0,,,,,,,,,,,,,,,,,0.0,0.0,0.0,,,,,
431921,2025,Everton,45,0.0,0.0,,,False,0.0,0.0,22.0,,,0.0,0.0,0.0,,,,,,,,,,,,,,,0.0,0.0,0.0,,,0.0,0.0,
434180,2024,Aston Villa,66,0.0,0.0,0.0,,False,0.0,0.0,0.0,,,0.0,,,,,,,,,,,,,,,,,0.0,0.0,0.0,,,,,
434183,2024,Leicester,46,5.0,3.0,31.0,6.4,False,2.0,,,,,,0.0,0.0,,3.0,,,1.0,,,4.0,1.0,,,,,,0.0,,0.0,,,0.0,0.0,
436443,2025,Fulham,36,5.0,0.0,54.0,6.4,False,5.0,0.0,15.0,,,0.0,0.0,0.0,,11.0,1.0,72.0,,,,10.0,2.0,,,,1.0,3.0,1.0,0.0,0.0,,,0.0,0.0,
436879,2023,Wolves,39,0.0,0.0,0.0,,False,0.0,0.0,0.0,,,0.0,,,,,,,,,,,,,,,,,0.0,0.0,0.0,,,,,
436879,2024,Wolves,39,0.0,0.0,0.0,,False,0.0,0.0,0.0,,,0.0,,,,,,,,,,,,,,,,,0.0,0.0,0.0,,,,,
437557,2024,Manchester City,50,0.0,0.0,0.0,,False,0.0,0.0,1.0,,,0.0,0.0,,,,,,,,,,,,,,,,0.0,0.0,0.0,,,0.0,0.0,0.0
437559,2024,Manchester City,50,,,,,False,,,,,,,,,,,,,,,,,,,,,,,,,,,,,,
440159,2024,Manchester United,33,0.0,0.0,0.0,,False,0.0,0.0,4.0,,,0.0,0.0,,,,,,,,,,,,,,,,0.0,0.0,0.0,,,0.0,0.0,
440159,2025,Manchester United,33,0.0,0.0,,,False,0.0,0.0,2.0,,,0.0,0.0,0.0,,,,,,,,,,,,,,,0.0,0.0,0.0,,,0.0,0.0,
440160,2024,Manchester United,33,,,,,False,,,,,,,,,,,,,,,,,,,,,,,,,,,,,,
441032,2024,Ipswich,57,,,,,False,,,,,,,,,,,,,,,,,,,,,,,,,,,,,,
441198,2023,Luton,1359,,,,,False,,,,,,,,,,,,,,,,,,,,,,,,,,,,,,
441200,2023,Luton,1359,0.0,0.0,0.0,,False,0.0,0.0,2.0,,,0.0,0.0,,,,,,,,,,,,,,,,0.0,0.0,0.0,,,0.0,0.0,
442044,2025,Arsenal,42,4.0,0.0,88.0,6.83,False,4.0,0.0,11.0,4.0,1.0,1.0,0.0,0.0,,25.0,3.0,88.0,2.0,,,25.0,10.0,11.0,3.0,,5.0,1.0,0.0,0.0,0.0,1.0,,0.0,0.0,
442048,2025,Manchester City,50,0.0,0.0,,,False,0.0,0.0,6.0,,,0.0,0.0,0.0,,,,,,,,,,,,,,,0.0,0.0,0.0,,,0.0,0.0,
443634,2025,Leeds,63,0.0,0.0,,,False,0.0,0.0,1.0,,,0.0,0.0,0.0,,,,,,,,,,,,,,,0.0,0.0,0.0,,,0.0,0.0,
444291,2025,Leeds,63,0.0,0.0,,,False,0.0,0.0,0.0,,,0.0,0.0,0.0,,,,,,,,,,,,,,,0.0,0.0,0.0,,,0.0,0.0,
445918,2023,Sheffield Utd,62,0.0,0.0,0.0,,False,0.0,0.0,2.0,,,0.0,0.0,,,,,,,,,,,,,,,,0.0,0.0,0.0,,,0.0,0.0,
448969,2024,Manchester City,50,,,,,False,,,,,,,,,,,,,,,,,,,,,,,,,,,,,,
448969,2025,Manchester City,50,0.0,0.0,,,False,0.0,0.0,5.0,,,0.0,0.0,0.0,,,,,,,,,,,,,,,0.0,0.0,0.0,,,0.0,0.0,
449224,2024,Bournemouth,35,0.0,0.0,0.0,,False,0.0,0.0,2.0,,,0.0,0.0,,,,,,,,,,,,,,,,0.0,0.0,0.0,,,0.0,0.0,
449245,2024,Wolves,39,21.0,12.0,70.0,6.85,False,9.0,,,1.0,1.0,,0.0,0.0,,26.0,2.0,,1.0,,2.0,11.0,3.0,3.0,1.0,,1.0,1.0,0.0,,0.0,,,0.0,0.0,
449245,2025,Wolves,39,3.0,0.0,10.0,6.6,False,3.0,0.0,12.0,,,0.0,0.0,0.0,,4.0,,75.0,,,,1.0,,,,,,,0.0,0.0,0.0,,,0.0,0.0,
451583,2024,Manchester City,50,0.0,0.0,0.0,,False,0.0,0.0,0.0,,,0.0,,,,,,,,,,,,,,,,,0.0,0.0,0.0,,,,,
452685,2024,Liverpool,40,0.0,0.0,0.0,,False,0.0,0.0,0.0,,,0.0,,,,,,,,,,,,,,,,,0.0,0.0,0.0,,,,,
452685,2025,Liverpool,40,14.0,2.0,319.0,7.09,False,12.0,2.0,29.0,7.0,6.0,2.0,0.0,0.0,,130.0,11.0,84.0,2.0,1.0,1.0,49.0,29.0,29.0,21.0,,6.0,3.0,0.0,0.0,0.0,,,0.0,0.0,
453101,2024,Aston Villa,66,0.0,0.0,0.0,,False,0.0,0.0,0.0,,,0.0,,,,,,,,,,,,,,,,,0.0,0.0,0.0,,,,,
453101,2025,Aston Villa,66,1.0,0.0,16.0,6.5,False,1.0,0.0,3.0,,,0.0,0.0,0.0,,5.0,,60.0,,,,3.0,1.0,1.0,,,1.0,,0.0,0.0,0.0,,,0.0,0.0,
454935,2024,Chelsea,49,0.0,0.0,0.0,,False,0.0,0.0,0.0,,,0.0,,,,,,,,,,,,,,,,,0.0,0.0,0.0,,,,,
454935,2025,Chelsea,49,0.0,0.0,,,False,0.0,0.0,1.0,,,0.0,0.0,0.0,,,,,,,,,,,,,,,0.0,0.0,0.0,,,0.0,0.0,
455009,2024,Ipswich,57,0.0,0.0,0.0,,False,0.0,0.0,1.0,,,0.0,0.0,,,,,,,,,,,,,,,,0.0,0.0,0.0,,,0.0,0.0,
455010,2023,Aston Villa,66,0.0,0.0,0.0,,False,0.0,0.0,1.0,,,0.0,0.0,,,,,,,,,,,,,,,,0.0,0.0,0.0,,,0.0,0.0,0.0
455010,2024,Aston Villa,66,,,,,False,,,,,,,,,,,,,,,,,,,,,,,,,,,,,,
456129,2023,Luton,1359,0.0,0.0,0.0,,False,0.0,0.0,2.0,,,0.0,0.0,,,,,,,,,,,,,,,,0.0,0.0,0.0,,,0.0,0.0,
456206,2024,Wolves,39,5.0,1.0,1.0,,False,4.0,,,,,,0.0,0.0,,5.0,,,,,,1.0,1.0,,,,,,0.0,,0.0,,,0.0,0.0,
456206,2025,Wolves,39,21.0,14.0,1320.0,6.82,False,7.0,3.0,7.0,24.0,12.0,2.0,0.0,1.0,,297.0,15.0,77.0,17.0,1.0,4.0,199.0,81.0,57.0,20.0,,37.0,21.0,0.0,0.0,0.0,2.0,,0.0,0.0,
456637,2025,Burnley,44,0.0,0.0,,,False,0.0,0.0,2.0,,,0.0,0.0,0.0,,,,,,,,,,,,,,,0.0,0.0,0.0,,,0.0,0.0,
457731,2025,Arsenal,42,0.0,0.0,,,False,0.0,0.0,2.0,,,0.0,0.0,0.0,,,,,,,,,,,,,,,0.0,0.0,0.0,,,0.0,0.0,
459203,2024,Tottenham,47,0.0,0.0,0.0,,False,0.0,0.0,6.0,,,0.0,0.0,,,,,,,,,,,,,,,,0.0,0.0,0.0,,,0.0,0.0,
460853,2024,Leicester,46,7.0,3.0,118.0,6.585714,False,4.0,,,2.0,1.0,,0.0,0.0,,25.0,1.0,,2.0,2.0,,15.0,9.0,5.0,2.0,,5.0,,0.0,,0.0,,,0.0,0.0,
464004,2025,Aston Villa,66,3.0,0.0,56.0,6.53,False,3.0,0.0,3.0,1.0,,0.0,0.0,0.0,,17.0,,82.0,,,1.0,3.0,3.0,2.0,2.0,,1.0,,0.0,0.0,0.0,,,0.0,0.0,
465310,2024,Tottenham,47,0.0,0.0,0.0,,False,0.0,0.0,1.0,,,0.0,0.0,,,,,,,,,,,,,,,,0.0,0.0,0.0,,,0.0,0.0,
465310,2025,Tottenham,47,0.0,0.0,,,False,0.0,0.0,6.0,,,0.0,0.0,0.0,,,,,,,,,,,,,,,0.0,0.0,0.0,,,0.0,0.0,
467839,2025,Tottenham,47,1.0,0.0,10.0,6.6,False,1.0,0.0,6.0,,,0.0,0.0,0.0,,5.0,,80.0,,,,1.0,1.0,,,,,,0.0,0.0,0.0,,,0.0,0.0,
475598,2025,Manchester United,33,0.0,0.0,,,False,0.0,0.0,3.0,,,0.0,0.0,0.0,,,,,,,,,,,,,,,0.0,0.0,0.0,,,0.0,0.0,
482888,2024,Chelsea,49,0.0,0.0,0.0,,False,0.0,0.0,0.0,,,0.0,,,,,,,,,,,,,,,,,0.0,0.0,0.0,,,,,
482903,2025,Arsenal,42,0.0,0.0,,,False,0.0,0.0,3.0,,,0.0,0.0,0.0,,,,,,,,,,,,,,,0.0,0.0,0.0,,,0.0,0.0,
482915,2025,Aston Villa,66,0.0,0.0,,,False,0.0,0.0,2.0,,,0.0,0.0,0.0,,,,,,,,,,,,,,,0.0,0.0,0.0,,,0.0,0.0,
503414,2025,Burnley,44,0.0,0.0,,,False,0.0,0.0,1.0,,,0.0,0.0,0.0,,,,,,,,,,,,,,,0.0,0.0,0.0,,,0.0,0.0,
510473,2024,Pisa,801,0.0,0.0,0.0,,False,0.0,0.0,0.0,,,0.0,,,,,,,,,,,,,,,,,0.0,0.0,0.0,,,,,
513316,2025,Brentford,55,0.0,0.0,,,False,0.0,0.0,7.0,,,0.0,0.0,0.0,,,,,,,,,,,,,,,0.0,0.0,0.0,,,0.0,0.0,
546654,2025,Everton,45,0.0,0.0,,,False,0.0,0.0,1.0,,,0.0,0.0,0.0,,,,,,,,,,,,,,,0.0,0.0,0.0,,,0.0,0.0,
546703,2025,Aston Villa,66,0.0,0.0,,,False,0.0,0.0,2.0,,,0.0,0.0,0.0,,,,,,,,,,,,,,,0.0,0.0,0.0,,,0.0,0.0,
553065,2025,West Ham,48,6.0,0.0,119.0,6.7,False,6.0,0.0,14.0,,,0.0,0.0,0.0,,80.0,2.0,85.0,,,,6.0,4.0,1.0,1.0,,,,0.0,0.0,0.0,,,0.0,0.0,
553958,2025,Brighton,51,1.0,0.0,1.0,,False,1.0,0.0,7.0,,,0.0,0.0,0.0,,,,,,,,,,,,,,,0.0,0.0,0.0,,,0.0,0.0,
554280,2025,Sunderland,746,1.0,1.0,39.0,6.6,False,0.0,1.0,0.0,,,0.0,0.0,0.0,,2.0,,100.0,1.0,,,8.0,4.0,3.0,2.0,,1.0,,0.0,0.0,0.0,,,0.0,0.0,
557335,2025,Fulham,36,0.0,0.0,,,False,0.0,0.0,5.0,,,0.0,0.0,0.0,,,,,,,,,,,,,,,0.0,0.0,0.0,,,0.0,0.0,
557387,2025,Burnley,44,0.0,0.0,,,False,0.0,0.0,1.0,,,0.0,0.0,0.0,,,,,,,,,,,,,,,0.0,0.0,0.0,,,0.0,0.0,
557413,2025,Crystal Palace,52,2.0,0.0,25.0,6.4,False,2.0,0.0,6.0,,,0.0,0.0,0.0,,11.0,,72.0,1.0,,,3.0,1.0,1.0,,,,1.0,0.0,0.0,0.0,,,0.0,0.0,
557414,2025,Crystal Palace,52,0.0,0.0,,,False,0.0,0.0,4.0,,,0.0,0.0,0.0,,,,,,,,,,,,,,,0.0,0.0,0.0,,,0.0,0.0,
557460,2025,Manchester United,33,1.0,0.0,1.0,,False,1.0,0.0,10.0,,,0.0,0.0,0.0,,7.0,,100.0,,,,,,,,,,,0.0,0.0,0.0,,,0.0,0.0,
557462,2025,Manchester United,33,2.0,0.0,23.0,6.7,False,2.0,0.0,11.0,3.0,1.0,0.0,0.0,0.0,,3.0,,100.0,1.0,,,3.0,2.0,1.0,1.0,,,,0.0,0.0,0.0,,,0.0,0.0,
557475,2025,Crystal Palace,52,0.0,0.0,,,False,0.0,0.0,2.0,,,0.0,0.0,0.0,,,,,,,,,,,,,,,0.0,0.0,0.0,,,0.0,0.0,
557488,2025,Sunderland,746,0.0,0.0,,,False,0.0,0.0,7.0,,,0.0,0.0,0.0,,,,,,,,,,,,,,,0.0,0.0,0.0,,,0.0,0.0,
557506,2025,Aston Villa,66,0.0,0.0,,,False,0.0,0.0,1.0,,,0.0,0.0,0.0,,,,,,,,,,,,,,,0.0,0.0,0.0,,,0.0,0.0,
557541,2025,West Ham,48,0.0,0.0,,,False,0.0,0.0,4.0,,,0.0,0.0,0.0,,,,,,,,,,,,,,,0.0,0.0,0.0,,,0.0,0.0,
557584,2025,Crystal Palace,52,0.0,0.0,,,False,0.0,0.0,1.0,,,0.0,0.0,0.0,,,,,,,,,,,,,,,0.0,0.0,0.0,,,0.0,0.0,
567998,2025,Newcastle,34,0.0,0.0,,,False,0.0,0.0,2.0,,,0.0,0.0,0.0,,,,,,,,,,,,,,,0.0,0.0,0.0,,,0.0,0.0,
573755,2025,Bournemouth,35,0.0,0.0,,,False,0.0,0.0,1.0,,,0.0,0.0,0.0,,,,,,,,,,,,,,,0.0,0.0,0.0,,,0.0,0.0,
577002,2025,Brentford,55,0.0,0.0,,,False,0.0,0.0,2.0,,,0.0,0.0,0.0,,,,,,,,,,,,,,,0.0,0.0,0.0,,,0.0,0.0,
613795,2025,Wolves,39,0.0,0.0,,,False,0.0,0.0,1.0,,,0.0,0.0,0.0,,,,,,,,,,,,,,,0.0,0.0,0.0,,,0.0,0.0,
624708,2025,Brentford,55,0.0,0.0,,,False,0.0,0.0,5.0,,,0.0,0.0,0.0,,,,,,,,,,,,,,,0.0,0.0,0.0,,,0.0,0.0,
626383,2025,Bournemouth,35,0.0,0.0,,,False,0.0,0.0,2.0,,,0.0,0.0,0.0,,,,,,,,,,,,,,,0.0,0.0,0.0,,,0.0,0.0,
